Battery Capacity (kWh),Energy Consumed (kWh),Charging Duration (hours),Charging Rate (kW),Charging Cost (USD),State of Charge (Start %),State of Charge (End %),Distance Driven (since last charge) (km),Temperature (°C),Vehicle Age (years),Vehicle Model_bmw i3,Vehicle Model_chevy bolt,Vehicle Model_hyundai kona,Vehicle Model_nissan leaf,Vehicle Model_tesla model 3,Charging Station Location_chicago,Charging Station Location_houston,Charging Station Location_los angeles,Charging Station Location_new york,Charging Station Location_san francisco,Time of Day_afternoon,Time of Day_evening,Time of Day_morning,Time of Day_night,Day of Week_friday,Day of Week_monday,Day of Week_saturday,Day of Week_sunday,Day of Week_thursday,Day of Week_tuesday,Day of Week_wednesday,Charger Type_dc fast charger,Charger Type_level 1,Charger Type_level 2,User Type_casual driver,User Type_commuter,User Type_long-distance traveler
108.46300741284072,60.71234573492677,0.5913634253585007,36.3891805669814,13.087716791774506,29.371575979140047,86.11996244457839,293.6021106383279,27.947953055800944,2.0,True,False,False,False,False,False,True,False,False,False,False,True,False,False,False,False,False,False,False,True,False,True,False,False,False,True,False
100.0,12.339275203733752,3.133652052688084,30.677734939714437,21.12844792913739,10.115777641679946,84.66434362786444,112.11280368218186,14.311025660377789,3.0,False,False,True,False,False,False,False,False,False,True,False,False,True,False,False,True,False,False,False,False,False,False,True,False,True,False,False
75.0,19.128875700115476,2.4526527258367823,27.513592558773237,35.66727042356739,6.854604444398554,69.91761524016282,71.79925292594801,21.00200183614421,2.0,False,True,False,False,False,False,False,False,False,True,False,False,True,False,False,False,False,False,True,False,False,False,False,True,False,True,False
50.0,79.45782398845503,1.266430804620451,32.882869757386224,13.036238833914622,83.12000296074223,99.62432763119423,199.5777845163286,38.316313160363435,1.0,False,False,True,False,False,False,True,False,False,False,False,True,False,False,False,False,True,False,False,False,False,False,True,False,False,False,True
50.0,19.62910416772725,2.0197650865894614,10.215712071204608,10.161471171031415,54.25894969116981,63.743786036169695,203.66184655799864,-7.834199027249213,1.0,False,False,True,False,False,False,False,True,False,False,False,False,True,False,False,False,True,False,False,False,False,False,True,False,False,False,True
50.0,43.18113714248533,1.1676401541014236,14.33452277611833,36.90034077796173,75.21774833696946,71.98228757123687,143.68004610728445,-5.274217796522686,0.0,False,False,False,True,False,False,False,False,False,True,False,True,False,False,False,False,True,False,False,False,False,True,False,False,False,False,True
85.0,36.862139988267536,3.5396190263161467,26.185187860033516,22.21422517569784,60.75178075976676,70.79609690147149,81.33800890802773,27.5513346806664,4.0,False,True,False,False,False,False,True,False,False,False,False,True,False,False,True,False,False,False,False,False,False,False,False,True,False,True,False
75.0,51.46761685839947,2.6553964456130235,26.7029077655282,9.796821321322032,56.201703032995454,63.786815331776616,116.54316578116932,-4.41745966595273,0.0,False,True,False,False,False,False,False,True,False,False,True,False,False,False,False,True,False,False,False,False,False,False,False,True,False,False,True
62.0,43.59237228216989,1.724203599132774,14.294922926661108,32.465005072088225,33.46620026326066,92.96142090358896,208.25974249443672,22.51670642679634,4.0,False,True,False,False,False,False,False,True,False,False,False,True,False,False,False,False,False,False,False,False,True,False,True,False,False,True,False
50.0,78.86860745126785,2.0268746909843576,11.76099971515701,21.312302451155745,27.399454625609152,70.05338137780706,54.00630919992556,27.51201936462591,2.830381306943589,False,False,True,False,False,True,False,False,False,False,False,False,True,False,False,False,False,False,False,False,True,True,False,False,False,True,False
50.0,18.206197477378716,2.6486354477276968,10.310701112892176,38.221230704051806,76.08656557040186,82.2655816267944,64.63464374887128,0.5004335643954789,3.0,True,False,False,False,False,False,False,True,False,False,False,False,False,True,False,False,False,False,True,False,False,True,False,False,True,False,False
85.0,22.564929484106763,2.0578886215204486,4.46482262892762,14.0508613520737,14.618902372078484,85.85749415419053,194.76380668173775,34.26261127319235,0.0,False,True,False,False,False,False,False,False,False,True,False,True,False,False,False,False,False,True,False,False,False,True,False,False,False,False,True
100.0,34.256452908516025,3.065584752022803,5.523688619042968,10.972135997218215,19.20544694977322,51.62648272929986,249.12759651542487,23.662965362338845,0.0,False,False,True,False,False,False,False,False,False,True,True,False,False,False,False,True,False,False,False,False,False,False,False,True,True,False,False
75.0,16.56106432522506,3.5909657181461028,19.769098717557156,37.44185660286842,25.775415389763285,69.2012290988145,159.2316102189639,34.11034863859677,7.0,False,False,False,True,False,False,True,False,False,False,False,False,True,False,True,False,False,False,False,False,False,False,False,True,False,True,False
85.0,12.927545290947553,3.4218093378407497,24.211150117119175,18.552815677456245,71.68354383511853,63.70663794066834,155.36060543681995,39.50544568765913,4.0,True,False,False,False,False,False,True,False,False,False,True,False,False,False,False,True,False,False,False,False,False,False,True,False,True,False,False
100.0,27.354317884610715,2.703286127534274,11.112498841670842,33.093492711055774,10.677153729384765,72.40347015226732,247.6594369214761,-8.30213689912669,1.5352340877952697,False,False,False,True,False,False,False,True,False,False,False,True,False,False,False,True,False,False,False,False,False,True,False,False,False,False,True
97.681812229825,24.726937680708804,3.4586802787724484,49.40273861566977,17.49480846107398,67.59197091077596,89.94222936485875,237.3064209427689,4.41532961880046,7.0,True,False,False,False,False,False,False,False,True,False,False,True,False,False,False,False,False,False,True,False,False,True,False,False,False,True,False
50.0,23.824040473705303,0.8482182678183041,6.614280124746195,6.430589211997161,57.59519511951953,74.96195034708379,22.00682916343814,18.405709050259357,6.0,False,False,True,False,False,True,False,False,False,False,False,True,False,False,True,False,False,False,False,False,False,False,False,True,True,False,False
100.0,42.63801819167288,0.8075321582617996,20.49084604597367,25.0787937101842,55.51705087402344,52.7134886858277,280.8620709755801,37.430356532255,0.0,False,False,False,False,True,False,False,False,True,False,False,True,False,False,False,False,True,False,False,False,False,False,True,False,False,False,True
50.0,48.48248430757049,2.5809253540076567,45.29143534649799,7.090844200594135,12.754877571721774,116.0956568894014,243.25576946966927,9.202409891916812,3.0,True,False,False,False,False,False,False,True,False,False,False,False,True,False,False,False,False,False,False,False,True,False,False,True,False,False,True
50.0,50.27906667357191,3.16887289218907,30.489960233968674,28.872894608008124,16.545512365179043,77.93632713949575,15.420444595980063,33.980310103059054,3.0,False,False,False,True,False,False,False,True,False,False,False,False,False,True,False,False,False,False,False,True,False,False,False,True,True,False,False
62.0,59.1350316162392,2.9317614950957465,25.603799331857445,34.85323440188442,71.5303121297424,75.97435158703122,219.62635692143417,-2.755069331695,5.0,False,False,True,False,False,False,False,False,True,False,False,True,False,False,False,False,False,True,False,False,False,False,True,False,False,True,False
75.0,49.19642958971384,2.5628173042684104,19.194882837079632,14.856131218606723,49.02423910950519,64.48187393759193,298.18812231836336,39.95893731677202,4.257936702758294,True,False,False,False,False,True,False,False,False,False,True,False,False,False,False,False,True,False,False,False,False,True,False,False,False,False,True
100.0,68.44712632026376,2.0714292092234388,49.71030696901287,38.406061696059425,19.23313912730544,74.00615088095063,280.91546822652094,3.580839953900103,5.0,False,False,False,False,True,False,False,False,True,False,False,False,True,False,True,False,False,False,False,False,False,True,False,False,False,True,False
100.0,27.60438468247694,0.9571376601264636,11.238538626794044,24.03753468851581,65.48688658113335,65.35209627449626,173.47152650529225,35.977821918048456,4.0,False,False,False,False,True,False,True,False,False,False,False,False,True,False,False,False,False,False,False,False,True,False,True,False,False,False,True
75.0,40.178003499947216,3.604173535372615,12.31861479590845,38.76319382514176,80.34408372714871,79.99556313119572,82.75461394014503,21.53684396835515,1.0,False,True,False,False,False,False,False,False,False,True,False,False,True,False,False,False,True,False,False,False,False,True,False,False,False,True,False
75.0,43.487751224792326,3.652540335433942,36.18237188372349,27.44831088430594,88.74847907153811,87.82402899882813,80.91266512306521,29.872209873061493,0.3612151658030595,False,True,False,False,False,False,True,False,False,False,True,False,False,False,False,False,False,False,True,False,False,False,True,False,False,True,False
50.0,10.338517723856468,1.547713717696371,45.7767311942711,9.855826892937216,98.3327953116332,94.50485176968456,162.6865443608225,5.504758728380647,0.0,False,False,False,True,False,False,False,False,False,True,False,False,False,True,False,False,False,True,False,False,False,False,True,False,False,False,True
75.0,31.684484586574477,2.4396779381538938,48.64872319079225,25.617103995808733,34.72763909597674,54.40205038521579,152.25986699080715,20.37856231027433,3.0,True,False,False,False,False,False,False,True,False,False,True,False,False,False,True,False,False,False,False,False,False,False,False,True,True,False,False
75.0,56.59325685914933,3.153257254972797,45.81173100244055,33.13209178024766,29.207671702279008,85.00810624066354,186.15573210131024,12.333415373869066,0.0,True,False,False,False,False,True,False,False,False,False,True,False,False,False,True,False,False,False,False,False,False,True,False,False,True,False,False
100.0,19.473800595427143,1.435532787267766,7.043936342279247,36.945272915195176,31.320786979519863,78.05665281794616,152.25986699080715,8.352906076534808,2.0,False,True,False,False,False,False,False,False,True,False,True,False,False,False,False,False,False,False,False,False,True,True,False,False,True,False,False
100.0,38.289199335542705,2.0076640542660726,12.064391459035129,17.011782945517666,75.6447784790562,65.61730718592959,238.90931096310857,2.273162900972052,6.0,True,False,False,False,False,True,False,False,False,False,False,True,False,False,False,False,False,False,False,False,True,False,True,False,False,True,False
100.0,16.136238725396332,1.306927271746284,21.517815048554308,26.438194237490425,23.603991432132744,88.2000728013921,35.50388319357353,39.38401391534167,1.0,True,False,False,False,False,False,False,False,True,False,False,True,False,False,False,True,False,False,False,False,False,False,False,True,True,False,False
62.0,60.06708508895625,0.9991001884039166,7.651570046980447,18.034390040505443,22.881466625938913,51.43427868199236,46.35755886056615,13.991597483206988,1.0,False,False,False,False,True,False,True,False,False,False,True,False,False,False,False,True,False,False,False,False,False,False,False,True,True,False,False
75.0,57.72437946101146,1.8735815970397776,4.48564710517362,35.50300017025295,41.87247964240577,79.64797277486439,157.61465400806637,28.429807376567297,1.8091728675018728,False,True,False,False,False,False,True,False,False,False,True,False,False,False,True,False,False,False,False,False,False,True,False,False,False,False,True
75.0,37.374516060783755,2.8916769844807484,18.865801960923783,29.86624992587584,24.492208584397694,73.38017572592224,76.20353921863803,59.75723970375255,4.0,False,False,True,False,False,False,False,False,True,False,False,True,False,False,False,False,False,False,False,True,False,False,True,False,False,True,False
75.0,39.940563619980615,3.4700034335371615,28.62519932675557,15.85532743055342,85.85755579960261,50.403654740892144,102.43030218211146,31.46130901681466,1.0,False,True,False,False,False,True,False,False,False,False,False,True,False,False,False,False,False,False,True,False,False,True,False,False,True,False,False
75.0,73.38661952275571,1.0404523051899732,38.45083190087793,15.882703983823514,49.27538752823665,94.59708190417813,42.09574394400221,33.92957037271362,6.0,False,False,True,False,False,False,False,False,True,False,False,False,False,True,False,False,False,False,False,False,True,True,False,False,False,False,True
85.0,61.52075986084904,1.2804107080349374,12.510248962442,26.50571298106416,87.98462138000619,79.3884433831648,141.24375349788664,5.761050673536548,7.0,False,False,False,False,True,False,False,True,False,False,True,False,False,False,False,True,False,False,False,False,False,False,False,True,False,True,False
100.0,68.17785003637414,3.2424460582484915,23.31161908295264,8.498571936835022,17.040420024456118,56.07865100803714,130.37601376208403,-3.191455365646359,2.0,False,False,False,True,False,False,True,False,False,False,False,False,True,False,False,False,False,False,True,False,False,False,False,True,False,False,True
79.7992037611215,67.51805822343026,1.9623405401552507,6.897878329777162,29.222361949491813,80.86258863357027,62.52531776559165,119.63099233488512,35.233158486596466,1.9692327223243995,True,False,False,False,False,False,False,True,False,False,False,False,False,True,False,False,False,True,False,False,False,False,False,True,True,False,False
100.0,39.398742356080696,2.3977153605176023,20.460364868950172,26.619717748813553,28.252298260726327,96.287092238838,111.01653950164392,19.78108389153856,2.941663235080507,False,False,False,False,True,False,True,False,False,False,False,False,True,False,False,False,True,False,False,False,False,False,False,True,False,True,False
85.0,12.049319706245154,1.373881357931789,29.468944357780007,32.04209859904496,36.636852158024986,66.97610432369274,83.24522142563875,39.41613092437325,4.0,True,False,False,False,False,False,True,False,False,False,False,False,False,True,False,False,True,False,False,False,False,False,True,False,False,True,False
48.796482639735174,77.0536063752363,3.0302026852302735,8.388039538136447,6.364629693637992,15.144122471302746,84.3423268685863,144.01398119262163,22.069470800563764,1.0,False,False,False,True,False,False,False,False,False,True,True,False,False,False,True,False,False,False,False,False,False,True,False,False,True,False,False
75.0,42.69140537961698,3.296056589144087,5.114613366354828,30.037968888364997,15.220938965012722,126.38332876842395,49.384266364222384,32.01457653994244,3.680052855954801,False,False,False,True,False,False,False,True,False,False,False,False,True,False,False,False,False,False,False,False,True,False,False,True,False,False,True
62.0,46.80719594482398,3.877992452581901,16.91833198373123,10.608875787751984,49.29876550655081,90.97067522699976,210.17109719106028,-0.0390790306437483,1.0,False,False,False,False,True,False,False,True,False,False,False,True,False,False,False,False,True,False,False,False,False,True,False,False,False,True,False
75.0,67.47546614008147,2.1051170788531968,49.60079964847686,19.030700212720895,63.035941874368895,81.75095350359373,97.4539049287794,3.194124642496231,5.0,False,False,False,True,False,False,False,False,False,True,False,False,False,True,False,False,False,True,False,False,False,False,True,False,False,True,False
62.0,30.710934027103814,1.6336686079712066,6.35266144526304,18.131831711875755,76.12005335845825,76.68243090588436,18.934515488450756,27.895176779200867,0.0,False,False,True,False,False,True,False,False,False,False,False,False,True,False,False,False,False,False,False,False,True,False,False,True,False,True,False
85.0,42.69140537961698,1.743435263200667,14.149666187068805,13.112873665958404,77.80942281830983,87.94811448093188,212.94034180826677,-4.446670670320875,1.0,False,False,False,True,False,False,False,True,False,False,False,False,False,True,False,True,False,False,False,False,False,False,True,False,True,False,False
100.0,8.713190575944605,2.2095428234972503,49.275345589419594,9.644101413904608,27.196196012553663,86.89391764029943,170.47505412270155,5.37807958403098,6.0,True,False,False,False,False,False,False,False,True,False,True,False,False,False,False,False,True,False,False,False,False,False,False,True,False,False,True
85.0,9.06588081544948,0.5123781829612861,40.17800199145749,24.501893310078895,13.873858113381532,93.62842306259267,226.2193631647091,30.69198380180764,2.6163324827383008,True,False,False,False,False,False,False,False,False,True,False,False,True,False,False,False,False,False,False,True,False,True,False,False,True,False,False
50.0,58.73397361690925,1.88926151834522,13.175727296302622,28.102310057172495,83.86192690828396,71.37448250923295,57.38072425225101,1.9411051564848716,3.0,True,False,False,False,False,False,False,True,False,False,False,False,True,False,False,False,True,False,False,False,False,False,True,False,False,True,False
50.0,65.98624912728606,3.3138023577161824,46.27844331315938,18.84961040539716,17.38966714207173,73.4380396237612,234.99666157294837,-7.719425911074026,0.0,True,False,False,False,False,True,False,False,False,False,False,False,True,False,False,False,False,False,False,False,True,False,False,True,False,False,True
62.0,74.99970643372605,1.9113031543827852,35.92512612379792,34.08661865816688,87.28930579942039,80.41641729522466,51.82835201742095,17.805383646122152,5.0,False,False,True,False,False,False,False,True,False,False,False,False,False,True,False,False,False,False,False,True,False,True,False,False,False,False,True
100.0,17.769436409407696,3.3140797633169585,34.45824193725993,9.798498137959154,27.697492486196495,70.51026724863107,166.3114629994677,19.703359179359488,4.0,False,True,False,False,False,False,True,False,False,False,False,True,False,False,False,False,False,False,True,False,False,True,False,False,True,False,False
76.87610037599295,50.26893407436542,1.6783584198879236,36.303372348344666,38.94193996256931,13.48827068689701,82.69521185847714,133.99209364319893,3.0428293410416227,0.0,False,False,False,False,True,False,False,False,True,False,False,True,False,False,False,False,True,False,False,False,False,True,False,False,True,False,False
69.88407424915135,76.45046498743068,3.873449980578508,11.339063162639302,30.192234438786446,63.67446343632872,55.389776083986256,191.93791499432749,10.424645029884408,2.0,True,False,False,False,False,False,False,False,False,True,False,True,False,False,False,False,False,False,False,False,True,False,False,True,False,True,False
62.0,77.86372676031044,0.9179022472670976,47.15400980350787,28.30319111612704,56.91742176324378,57.46568225034442,129.3894111090679,38.46677944602198,3.0,False,False,False,True,False,False,True,False,False,False,True,False,False,False,False,False,True,False,False,False,False,True,False,False,True,False,False
100.0,21.89299267514347,1.285283896923329,25.37395430520664,8.637821690612405,80.22553380560572,64.66736188293022,148.41561166314776,5.073167724155329,7.0,True,False,False,False,False,True,False,False,False,False,False,False,True,False,False,False,True,False,False,False,False,True,False,False,True,False,False
100.0,71.28000416235402,2.413754936898993,40.61639923013172,6.744728812226459,26.156597950855193,89.92458852765273,140.46521317115082,33.05773080632935,5.0,False,False,False,True,False,False,True,False,False,False,False,True,False,False,False,False,False,False,False,False,True,False,False,True,True,False,False
62.0,21.827688177386452,2.082100007126398,26.507123221525298,36.06804149617966,33.255985091753644,51.50113226723436,48.044387156223145,38.65644395728205,7.0,False,False,False,True,False,False,True,False,False,False,False,True,False,False,False,False,False,False,False,True,False,False,True,False,True,False,False
75.0,62.723162291274086,2.1178933499543517,30.9970269340748,30.04444235282833,82.84418006572773,72.83328568716698,282.94232177358236,32.852732623649764,7.0,True,False,False,False,False,True,False,False,False,False,False,False,True,False,False,True,False,False,False,False,False,True,False,False,True,False,False
124.31591138552656,46.1951370011332,0.6505075790560018,47.877523557605265,30.86418085784876,53.00518532661712,59.90164627311141,25.02725725569419,6.17125670947679,1.0,False,False,True,False,False,False,True,False,False,False,True,False,False,False,False,False,False,True,False,False,False,False,False,True,False,True,False
100.0,29.34565985727085,2.482090675316866,6.871184621235036,24.64975872994209,85.33141901899155,67.47790562555141,127.02180106032571,34.06193919136979,0.0,False,False,False,True,False,False,False,False,False,True,False,False,False,True,False,False,True,False,False,False,False,False,True,False,False,False,True
50.0,76.93342189972203,2.1234202003251825,34.17685550275657,34.22830190454739,27.1746153338806,92.14463369734484,295.8937220745894,7.9416880917232575,2.5918513275137545,False,False,False,True,False,False,False,True,False,False,False,False,False,True,True,False,False,False,False,False,False,True,False,False,True,False,False
62.0,59.25460166411963,1.2796206959579637,25.603799331857445,12.220438303566691,77.03697398688679,91.82927487145972,167.29757277309406,35.27145068625696,7.0,True,False,False,False,False,False,True,False,False,False,False,False,False,True,False,False,False,False,True,False,False,False,False,True,False,False,True
100.0,37.06292777850246,1.6090994326029475,15.230062587672052,37.87533457659361,7.520444726979813,67.79787265012489,98.14598101957088,16.483705935041975,2.0,False,False,False,True,False,False,False,False,False,True,False,False,True,False,False,False,False,False,False,False,True,False,False,True,False,False,True
85.0,67.69516175123809,0.8575824648349768,32.97506874142168,13.775619212920864,22.48839981099202,86.77766611416524,81.28450037675881,-7.332648303750763,6.0,False,False,False,True,False,False,False,True,False,False,True,False,False,False,False,False,True,False,False,False,False,True,False,False,True,False,False
75.0,16.41401693253662,1.702974822474663,25.603799331857445,21.667786643873225,36.950283611109775,77.13616493524884,188.47148981831265,18.53871081800196,7.0,True,False,False,False,False,False,False,True,False,False,False,False,True,False,False,False,False,True,False,False,False,False,True,False,True,False,False
50.0,67.00568214318923,3.608030961009233,4.092360865180499,14.42396639096435,57.677660751028775,57.11286224854077,276.3684303122313,-2.7249027658978378,4.122767456931069,True,False,False,False,False,False,True,False,False,False,False,False,False,True,False,True,False,False,False,False,False,False,True,False,False,False,True
75.0,70.61729259484447,3.2801429687726915,26.07041362744592,15.470777907245134,86.22602519571817,57.969655423091886,23.003998749296237,34.847907975386214,2.7713464837060098,False,False,False,False,True,False,False,False,False,True,False,True,False,False,False,False,False,False,False,False,True,False,True,False,False,True,False
75.0,61.13047583037784,0.947277208902377,23.281804960483075,37.14898172847161,34.89904374917877,92.355661174546,58.85531551787028,7.662649708995332,1.0,False,False,True,False,False,False,True,False,False,False,False,True,False,False,False,False,True,False,False,False,False,True,False,False,False,False,True
85.0,22.88203842151127,1.5694707135750048,29.98922250219449,10.709582024361996,15.67448546968074,96.59770241767578,98.47402709278698,19.213164486767734,3.0,False,False,True,False,False,True,False,False,False,False,False,True,False,False,False,False,False,False,True,False,False,True,False,False,False,True,False
59.832726512242694,12.894887186031896,0.5815047780490367,40.884098898228984,15.197334165353636,31.549182203883916,97.46254098173988,183.1712811493433,28.637604322914584,2.0,False,False,False,True,False,False,False,True,False,False,False,False,False,True,True,False,False,False,False,False,False,False,True,False,False,False,True
85.0,69.16916705566726,2.285242161327478,5.557358509328086,20.76646440802641,41.089044871443264,74.39951852877809,276.57481915586186,20.014324466284243,4.0,False,False,True,False,False,False,True,False,False,False,True,False,False,False,False,False,False,False,False,False,True,False,True,False,True,False,False
50.0,42.69140537961698,3.520690375905822,9.56924507314763,24.79072323320694,51.281403473410386,93.19846283246213,171.89615323236094,-5.275727979646041,4.0,False,False,False,True,False,False,False,True,False,False,False,False,False,True,False,False,True,False,False,False,False,False,True,False,False,True,False
100.0,49.2788373994772,3.865136106678535,49.41151925702685,39.93168076046508,86.32698824285714,75.50151044016273,246.3443697107785,30.082058806726685,0.0,False,False,False,False,True,False,False,False,False,True,False,False,True,False,False,False,False,False,False,True,False,False,True,False,False,False,True
75.0,31.218889683829406,3.340997592022919,30.02591267156402,17.60489531315022,39.517616762842984,71.27176463552543,242.48556290631953,39.83142977123109,3.0,True,False,False,False,False,False,False,False,True,False,True,False,False,False,False,True,False,False,False,False,False,False,False,True,False,True,False
100.0,30.651699818598622,1.0288186666188504,28.522353335495257,39.322054380129146,38.12132999285809,81.19721083979802,12.149516678078117,-4.932743443178868,1.0,True,False,False,False,False,False,True,False,False,False,False,True,False,False,True,False,False,False,False,False,False,True,False,False,True,False,False
75.0,59.9864767329939,3.729365399834844,23.417921150036506,15.683016562744246,88.09676846371462,96.1305685919979,281.763740323611,15.060622448535312,0.0,True,False,False,False,False,False,True,False,False,False,True,False,False,False,False,False,False,False,False,False,True,False,True,False,False,True,False
48.0506947257829,51.67374779364138,0.6917553642371982,46.59567841482084,18.01181177893121,55.07217407784221,62.93578010941694,222.2746666893461,2.5542438030517296,7.0,False,False,True,False,False,False,False,True,False,False,True,False,False,False,False,False,True,False,False,False,False,False,False,True,True,False,False
50.0,35.9072426531086,2.7255608456585247,25.601620872044332,19.2835226965972,48.887624255601864,43.05075612226932,93.85786768644309,33.076751459606555,6.0,False,False,False,False,True,False,False,False,False,True,False,False,False,True,True,False,False,False,False,False,False,False,True,False,True,False,False
85.0,41.60783353260332,0.8070687454194462,25.603799331857445,29.532932865621344,54.997649082294174,97.26161624347915,94.645250164602,17.737387789603858,3.0,False,False,True,False,False,True,False,False,False,False,True,False,False,False,False,False,False,False,False,True,False,False,True,False,False,True,False
62.0,32.83295683246542,3.4086383448749484,44.492366139662046,39.67482338466678,26.654722048049937,63.71062691853387,279.8982720475401,5.803389498206,1.0,False,False,True,False,False,False,False,False,False,True,False,False,False,True,False,False,False,False,False,False,True,False,False,True,True,False,False
50.0,57.92445004054599,1.261117292569857,12.538161906875358,19.81732290839241,49.87203405296153,54.26143302124691,64.13545483676491,1.8254496871976091,1.0,False,False,False,False,True,False,True,False,False,False,False,False,True,False,True,False,False,False,False,False,False,False,True,False,True,False,False
100.0,21.656164115674237,1.8944268875741128,32.95451081519971,18.02550998683417,78.43462826424621,97.7254403635819,170.55772537142218,10.401511433472187,3.0,False,False,False,False,True,True,False,False,False,False,True,False,False,False,False,False,False,False,False,False,True,False,True,False,True,False,False
62.0,41.01058174547109,3.3669557754635044,45.320109597695435,18.06652173487606,73.62283683904118,83.05427335844938,103.7883061403116,-4.572249344016912,3.0,False,False,False,False,True,False,False,False,False,True,True,False,False,False,False,False,False,False,False,False,True,False,False,True,False,True,False
62.0,79.81869447094793,2.6064796291623145,13.009732230851895,35.97131697104875,86.11175650087344,69.39563151935643,274.02065391535655,10.69221008986976,2.0,False,False,False,False,True,False,False,False,True,False,True,False,False,False,True,False,False,False,False,False,False,False,False,True,True,False,False
85.0,33.07294950547435,1.4696595869919784,30.34474844582327,15.55083822587802,105.03222404185644,83.02347311843918,164.68289235141916,-6.514431826571196,1.0,True,False,False,False,False,False,False,True,False,False,False,True,False,False,False,False,False,False,False,False,True,False,False,True,False,False,True
75.0,27.84315247164263,2.543139660740745,17.00464384697846,12.278331917423372,47.99218334647701,85.86518688525221,79.354979042724,7.516861653406636,7.0,False,True,False,False,False,False,False,False,False,True,False,False,False,True,False,False,False,False,False,True,False,False,False,True,True,False,False
50.0,28.440773917754164,1.0796586545757096,42.42512683318396,13.779804175546838,13.667240803504384,96.3460346157945,398.3647747436511,27.813135549380647,0.0,False,True,False,False,False,False,False,False,False,True,False,False,False,True,True,False,False,False,False,False,False,False,False,True,False,False,True
62.0,68.57302471319414,2.9303906461796965,5.4546927018545635,15.889414479213295,50.31669101477427,93.89345034552564,191.45599448624304,37.89979105281139,4.0,False,False,False,False,True,False,False,False,True,False,False,True,False,False,False,False,True,False,False,False,False,False,True,False,False,True,False
85.0,65.431016913359,0.929486553755634,20.272698935130492,10.395657972388529,76.46681163744769,75.84995702645678,71.43600424010651,30.199709557192065,6.0,False,True,False,False,False,False,True,False,False,False,False,False,False,True,False,False,False,True,False,False,False,True,False,False,False,False,True
75.0,71.61568949106118,3.5150120063589623,31.271844526976924,21.263560509313127,51.794505043999976,64.55436324971151,16.681445822961763,-1.7198500093383,3.0,False,True,False,False,False,False,False,True,False,False,False,False,True,False,True,False,False,False,False,False,False,False,False,True,True,False,False
85.0,7.930901450146639,2.3423957855284567,44.12212998806049,33.81843011264206,42.73907176379696,72.96602310099009,55.67750505100865,16.808358267905795,7.0,False,False,False,False,True,False,False,False,False,True,False,True,False,False,False,False,False,False,False,True,False,True,False,False,True,False,False
24.599922148424582,42.69140537961698,1.382497912326283,32.43654897645034,38.05802231508733,48.32735368393833,85.0674221187275,152.25986699080715,23.398468358721537,5.0,False,True,False,False,False,True,False,False,False,False,False,False,False,True,False,False,False,False,False,True,False,False,True,False,True,False,False
75.0,55.72920335411825,3.8290118099189465,21.723067323519977,38.093717509092535,63.40496814289373,68.34785563762274,74.05219273087201,34.663455770884916,0.0,False,False,True,False,False,False,False,False,False,True,False,False,True,False,False,False,False,False,False,True,False,False,False,True,True,False,False
85.0,31.046574961450595,0.6902816245406431,28.004859152178906,6.254545331359625,47.1578609567738,66.19348839519058,152.25986699080715,15.627395920888151,7.0,False,False,False,True,False,False,False,True,False,False,False,False,False,True,False,False,True,False,False,False,False,True,False,False,True,False,False
62.0,15.91756323749268,3.348390650345465,17.551626214972885,9.531208380836189,80.19872330540268,73.21652206981314,117.79183997954787,15.435807030838417,0.9252766613340968,False,False,False,True,False,False,False,False,False,True,False,True,False,False,False,False,True,False,False,False,False,True,False,False,True,False,False
100.0,50.90348235510272,3.6213171012978576,25.603799331857445,28.33888703339029,54.44920445667424,60.55781887703402,10.441929226166076,30.044882883320888,7.0,False,False,False,False,True,False,False,False,True,False,False,False,False,True,False,False,False,True,False,False,False,True,False,False,False,True,False
77.29894528855995,71.47764853216556,0.6525822262740804,25.603799331857445,11.363775646021429,27.575010034358534,53.788025246062965,197.645675922734,28.97677092966469,3.0,True,False,False,False,False,False,False,False,False,True,False,False,True,False,False,False,False,True,False,False,False,True,False,False,True,False,False
100.0,74.15366015953305,4.123064395584728,31.277429485665618,26.00015639782484,12.95698801764483,52.98996709630494,91.38484095029033,35.79315361674979,0.0,False,False,False,False,True,False,False,False,False,True,False,False,True,False,False,False,False,False,False,False,True,True,False,False,False,False,True
75.0,46.77551047348464,3.1185084418609943,32.080052394592826,18.58840410649021,77.52375722942914,56.731410370149234,246.22285126975876,27.26694562215317,4.0,True,False,False,False,False,True,False,False,False,False,False,False,True,False,False,False,False,False,False,False,True,False,False,True,False,False,True
95.15365777022429,8.469643800499997,1.9561781679786927,16.0193428037057,31.238397573685155,84.39953459357244,73.56686201603071,297.552447455548,22.171767696967564,1.0,False,False,False,True,False,False,False,False,True,False,False,False,False,True,False,False,False,False,True,False,False,False,False,True,False,False,True
85.0,61.697438669843606,2.5255130370658327,30.7839968181946,22.48712027124098,84.2736568755141,57.22115431322493,208.6484695678,28.312156710460712,6.0,False,False,False,False,True,False,False,False,True,False,False,True,False,False,False,False,False,True,False,False,False,False,False,True,False,True,False
62.0,41.264155052372864,3.6044547433316194,29.081690927779928,29.01626914537352,64.41936676135445,73.23718921497326,268.51527775257875,19.63653156666094,6.0,False,False,True,False,False,False,False,False,False,True,False,False,False,True,False,False,False,True,False,False,False,True,False,False,False,False,True
85.0,6.503953233800639,1.487800086413389,35.93476782027548,35.24185936463465,67.51829977415198,57.34995235816769,204.7682813822981,35.95974294747681,6.0,False,True,False,False,False,True,False,False,False,False,True,False,False,False,False,False,False,False,False,False,True,True,False,False,False,False,True
136.41543451440273,65.89318362199285,3.1462506357761653,24.832132237509622,11.037673144471253,27.38119597524401,64.70149352773214,74.92331106392334,13.419629558552458,6.0,True,False,False,False,False,False,False,False,False,True,False,True,False,False,False,False,False,False,False,True,False,False,True,False,False,False,True
50.0,13.262909019022482,3.0690152270986157,47.67047064050836,32.909305411937936,24.998949637776327,90.02000106419143,220.6738557070498,31.873334471117047,3.0,False,True,False,False,False,False,False,False,False,True,True,False,False,False,False,False,False,False,True,False,False,True,False,False,False,True,False
85.0,42.69140537961698,3.292576516552016,49.87870861231868,13.283975908874291,59.84918721302196,56.29416194781305,137.13725689509238,0.034127145054283,5.0,False,True,False,False,False,False,False,True,False,False,False,False,False,True,False,False,False,True,False,False,False,False,True,False,False,False,True
62.0,27.425950970700956,0.9111517909550064,32.16501549428347,19.78138635678612,74.64716691235185,23.899850979861696,216.0702778231307,-4.153203087466903,5.0,False,False,False,False,True,False,False,True,False,False,False,True,False,False,False,False,False,False,False,True,False,False,True,False,False,False,True
100.0,7.358446629421065,2.4307933707665974,11.480485862632262,13.786796355374287,77.48990308717126,71.62801502596717,166.67396698644544,-7.811348601849324,5.0,False,True,False,False,False,True,False,False,False,False,True,False,False,False,False,True,False,False,False,False,False,False,False,True,False,True,False
100.0,36.13726899530781,2.4493464545125736,36.3770757935734,7.870917869946003,48.61219346503014,95.83119935657344,48.11698069126825,32.30733828974979,1.0,False,False,True,False,False,False,True,False,False,False,False,False,False,True,False,False,False,True,False,False,False,True,False,False,True,False,False
85.0,29.16952953646135,1.837402025783315,28.504564541418848,9.16414808014515,64.06837901017158,83.78854260869758,241.99817066158312,42.739661052588374,5.0,False,True,False,False,False,False,False,True,False,False,False,True,False,False,False,False,True,False,False,False,False,True,False,False,False,False,True
85.0,43.4453789766191,1.4058899107283944,25.603799331857445,34.67514514166657,55.705620124482785,52.80830822724293,38.19901103771869,19.86952895203637,5.0,False,False,False,False,True,False,True,False,False,False,False,False,True,False,True,False,False,False,False,False,False,False,True,False,True,False,False
100.0,26.8691096120868,2.463684938333577,12.051836628241116,17.54159529161413,28.17984729471636,54.56240134495012,289.5682377266553,7.791379352167198,3.0,False,False,True,False,False,False,False,False,True,False,False,False,True,False,False,True,False,False,False,False,False,False,True,False,False,False,True
85.0,17.933479173039434,2.7822095659811867,25.584168415819892,25.49744244234459,29.951321951186408,76.87588684727461,104.39786671394216,38.36358111720883,7.0,False,False,False,True,False,False,False,True,False,False,False,False,True,False,False,False,True,False,False,False,False,True,False,False,False,True,False
50.0,60.47162634897462,3.1882589503371697,25.603799331857445,15.885705152555932,74.53957947778017,79.3651156631053,84.37563038980312,32.8361785835511,2.0,False,True,False,False,False,False,False,True,False,False,True,False,False,False,False,False,True,False,False,False,False,False,True,False,True,False,False
50.0,17.704737472368393,3.4625715408341557,19.713679937800947,19.91512428981757,47.80623479100282,79.3715143442941,258.64567065665085,-9.34537521505764,7.0,False,False,False,False,True,True,False,False,False,False,True,False,False,False,False,False,False,False,False,True,False,True,False,False,False,True,False
63.09631665342351,47.71409590115245,1.1768393082458872,25.603799331857445,15.35252653215444,49.537602623606446,57.93745966356943,214.4674793692331,34.27808118668334,1.0,False,False,False,True,False,False,True,False,False,False,False,False,False,True,False,False,False,False,False,False,True,True,False,False,True,False,False
85.0,71.18526462073517,1.4256525513794889,10.299799723961698,5.138664199481509,36.884083700047405,73.96777838001219,276.22249249798386,-4.808919737189906,6.0,False,False,False,True,False,False,False,True,False,False,False,False,True,False,True,False,False,False,False,False,False,False,True,False,False,True,False
75.0,39.64439031543013,1.9257418407030744,13.798289110981957,6.965265890858126,20.417448539505855,57.50198821454384,152.25986699080715,22.572011579091168,6.0,True,False,False,False,False,False,False,True,False,False,True,False,False,False,False,False,False,False,False,False,True,False,False,True,True,False,False
62.0,24.84871287490711,3.3183683043720347,32.23574667839979,19.91298422854465,60.66782801513298,53.92638457958917,260.7073136359905,11.203464841549469,3.0,False,False,True,False,False,True,False,False,False,False,False,False,True,False,False,False,False,False,False,False,True,True,False,False,True,False,False
50.0,7.515940355911836,3.4168695993661142,10.62138589036472,34.76080833534694,61.762801965366975,83.20780147452034,126.5918374849966,9.79124268086425,6.0,False,True,False,False,False,True,False,False,False,False,False,False,False,True,False,False,False,True,False,False,False,False,True,False,True,False,False
75.0,64.41904928508166,3.1900131034328947,24.621651183384863,28.99874330581624,49.17384524132495,62.34186035083323,230.49427175789185,25.32047569840328,2.0,False,False,False,False,True,False,True,False,False,False,False,True,False,False,True,False,False,False,False,False,False,False,True,False,False,False,True
85.0,6.189015903017523,1.2918547116648724,19.715350490851208,20.863113043750012,34.60022195707441,101.67609865354004,275.741904170877,5.7273564896736655,1.0,True,False,False,False,False,False,False,False,True,False,True,False,False,False,True,False,False,False,False,False,False,False,True,False,True,False,False
100.0,37.787903717013286,3.623898268861632,35.9959370444312,29.117601695244772,88.0387594680304,61.07474261644202,66.00213032071531,-0.3253394685460726,1.0,False,False,True,False,False,False,False,False,True,False,True,False,False,False,False,True,False,False,False,False,False,True,False,False,True,False,False
85.0,9.15123419135714,2.578732446114916,34.04604092712868,27.666128147617115,71.45097036918969,50.01990928459148,223.09734895995055,-1.09233343769354,1.750299407238911,True,False,False,False,False,False,False,False,False,True,False,True,False,False,False,False,False,False,False,True,False,True,False,False,False,False,True
93.27378066607174,15.660564019843829,3.14065016250783,7.702187849236843,32.136662930622435,30.88322666455972,51.48089291088871,202.14155176693657,29.539063440210768,2.0,False,False,True,False,False,False,False,True,False,False,True,False,False,False,False,False,False,False,False,False,True,True,False,False,False,False,True
50.0,35.55367093393553,3.5367541151919997,45.85569719639171,23.36793048019756,85.49045253068678,74.66057197859945,275.57427410790336,26.133406798103643,4.0,False,False,True,False,False,False,True,False,False,False,False,False,False,True,False,False,False,False,False,True,False,False,True,False,False,True,False
100.0,47.52745876259207,3.804899638759779,14.328175525274112,31.09859147083224,59.93299647263002,81.18398204407661,139.38372692333525,18.979822937317028,3.0,False,True,False,False,False,False,False,True,False,False,True,False,False,False,False,False,False,False,False,True,False,False,False,True,False,True,False
100.0,36.616568616352566,3.3580146467574785,27.32114693970443,11.584869228221294,66.55511783374999,56.23715390685432,69.23387008131701,24.523038772909203,7.0,False,False,True,False,False,False,True,False,False,False,True,False,False,False,False,False,False,True,False,False,False,False,False,True,False,False,True
50.0,65.48719595789339,2.0662813799021897,37.57728956063927,31.14502051485556,42.8353512271293,83.70937054043276,102.23907267794996,17.522727671566376,6.0,True,False,False,False,False,False,True,False,False,False,False,True,False,False,False,False,False,False,True,False,False,True,False,False,False,False,True
85.0,33.88719708294054,3.625604853300888,18.604260903972325,24.46832039951016,40.14074746609202,63.34760037685963,267.8436816447363,-4.160747932993171,2.778246565868397,False,False,True,False,False,False,True,False,False,False,False,False,False,True,False,True,False,False,False,False,False,True,False,False,False,False,True
48.46959856054178,47.29002739188249,3.294730867342969,15.408979759429108,46.27027201372587,28.20501289429486,50.64036663152135,277.49342012825457,7.122847043805255,7.0,False,True,False,False,False,False,False,True,False,False,False,False,True,False,False,False,False,False,False,False,True,True,False,False,False,False,True
100.0,48.48756787108178,0.5639379356338684,16.75976742648834,7.600448838257698,35.889037420116495,90.8523127201585,103.91165064214256,0.5341116925185432,7.0,False,True,False,False,False,True,False,False,False,False,False,False,True,False,False,False,True,False,False,False,False,False,False,True,False,False,True
75.0,15.010165946159637,0.6486756832113033,13.762568583983876,13.72612322820337,84.23618039725056,77.85782098101181,220.20056239884673,19.98563673169685,6.0,True,False,False,False,False,False,False,True,False,False,False,True,False,False,True,False,False,False,False,False,False,False,False,True,False,True,False
85.0,30.06513890238722,1.2674299555740305,35.87112112811267,35.03863444597721,13.948323455933185,93.59847436377936,122.76475966549545,33.018171296489285,1.0,False,False,False,True,False,False,True,False,False,False,False,False,False,True,True,False,False,False,False,False,False,True,False,False,False,False,True
85.0,74.10645011572457,2.9654194045690128,32.29091083148934,25.66318431642069,33.43975255292256,86.90439983944351,179.58852665574395,14.12322245819798,4.0,False,False,False,True,False,False,False,False,False,True,False,True,False,False,False,False,False,False,False,True,False,False,True,False,False,False,True
62.0,66.15159678916712,3.062344294379421,50.170585945493926,36.2987122525585,75.48580234398966,56.12136492778178,46.81290396293951,32.292746117918185,1.0,False,False,True,False,False,False,False,False,True,False,False,True,False,False,False,True,False,False,False,False,False,False,False,True,False,True,False
100.0,47.37743937319623,1.2995270359925628,48.1603346331429,28.11485498505232,23.63676231573029,68.05817011355497,152.25986699080715,8.51163039714243,4.0,False,False,False,False,True,False,True,False,False,False,False,False,True,False,False,True,False,False,False,False,False,True,False,False,True,False,False
62.0,45.99296137212069,2.845705702692192,30.603528099327633,23.613280309353357,34.86960937739784,77.63659352947695,108.66064519821856,3.849914000702734,6.0,False,False,True,False,False,False,False,False,False,True,False,False,False,True,False,False,False,False,False,False,True,False,False,True,False,True,False
75.0,48.28787199679971,2.0735530968912244,34.388042437016395,30.236758806054713,61.8669056122019,92.68815020624268,208.75457770103313,-8.036309429298335,6.0,True,False,False,False,False,True,False,False,False,False,False,False,False,True,False,False,False,False,False,False,True,False,True,False,False,True,False
50.0,78.69341922441535,2.8560625647309243,36.56255636850435,7.639601311112014,38.190620728517224,82.43448922749442,17.241597203507894,12.737924554170815,7.0,True,False,False,False,False,False,True,False,False,False,False,True,False,False,False,False,False,False,False,True,False,False,True,False,False,False,True
93.09486955069778,68.03002486170053,1.5169722905210936,16.395516801190116,18.969875801989456,50.70024741009175,60.745990617404885,148.08643232831258,34.79282128606109,0.0,True,False,False,False,False,False,False,False,False,True,False,False,True,False,False,False,False,False,False,True,False,False,False,True,True,False,False
85.0,40.24838259933458,3.635489899529857,33.732264264339975,17.2431150816409,45.02731340187831,77.80287971223682,28.45468192760388,38.96813600946469,6.0,True,False,False,False,False,False,True,False,False,False,False,False,False,True,False,False,False,False,False,True,False,True,False,False,False,True,False
100.0,74.28073484499863,1.0613444684528497,41.34180124259758,12.886505421507136,66.00513379945605,82.71272303828141,35.47986919070103,4.761855467358831,7.0,True,False,False,False,False,False,False,True,False,False,False,True,False,False,False,False,False,False,True,False,False,False,False,True,True,False,False
85.0,42.69140537961698,3.8843298731684666,38.870129190378194,20.261989068125345,20.218355153539143,99.52824374458474,246.41021206902943,7.464952137455482,1.0,False,True,False,False,False,False,False,False,False,True,True,False,False,False,False,True,False,False,False,False,False,True,False,False,False,True,False
50.0,74.94807969154884,2.0192284141917014,43.62020158698581,31.584446122739152,72.33754266978394,62.454642722835686,127.91083055401364,12.264703196884788,5.0,False,False,False,True,False,False,False,True,False,False,False,False,True,False,False,False,False,False,False,True,False,False,False,True,False,False,True
100.0,52.884130298910776,1.2769826575664145,35.525961628694056,7.953494180330694,30.59535960979457,76.02826980706824,186.8140685808714,19.18928092352464,0.0,True,False,False,False,False,False,False,True,False,False,False,False,False,True,False,False,False,True,False,False,False,False,True,False,False,True,False
50.0,34.96988837156509,2.4966027035075133,19.6515444967108,16.52800213755549,36.732618067770495,69.40761440444862,249.05983759905172,9.598491187054968,4.0,False,False,False,False,True,False,False,False,False,True,False,False,False,True,False,True,False,False,False,False,False,False,False,True,False,True,False
85.0,55.917563167265556,2.5532165954055572,6.638807142566019,25.571872480695895,46.86961641870514,67.95937767082825,179.0935734839093,15.16931484091992,6.0,False,False,False,False,True,False,False,False,True,False,False,False,False,True,False,False,True,False,False,False,False,True,False,False,False,True,False
62.0,76.59801205371735,3.32083538932119,31.59720483051509,19.341141040008477,69.31359126903999,92.69136039163782,290.9884769869868,31.248892630001492,3.0,False,False,False,False,True,False,False,False,False,True,False,False,True,False,True,False,False,False,False,False,False,True,False,False,True,False,False
100.0,20.25597516487363,1.3517035922154306,3.0234852824803093,31.88608393393438,79.64988507290505,88.23701957020575,32.00803709196611,36.54506397911559,0.0,False,False,False,False,True,False,False,False,True,False,False,True,False,False,True,False,False,False,False,False,False,False,True,False,True,False,False
50.0,56.06879094629386,3.2543625444489317,28.16853365416375,7.964297405534403,75.63146823991906,55.822737792930155,219.43189705655263,7.109435812188849,4.0,False,True,False,False,False,False,True,False,False,False,True,False,False,False,False,True,False,False,False,False,False,True,False,False,False,False,True
62.0,65.04979561439833,3.436820245282369,22.559451806131793,20.797679632033113,83.5872819190941,80.0421189827712,188.07817672254873,25.34429384752454,3.0,False,False,False,False,True,False,True,False,False,False,False,False,False,True,False,False,True,False,False,False,False,True,False,False,True,False,False
85.0,42.69140537961698,2.719106374117618,9.952338390426377,11.75449370757777,20.15540252711544,87.84398762403399,81.38711340929943,37.84252106086522,3.0,True,False,False,False,False,False,False,False,False,True,False,False,True,False,True,False,False,False,False,False,False,False,True,False,True,False,False
50.8706170770115,23.57128153810389,0.8419612388537623,49.783719033865715,21.99640804730698,51.0715257268038,79.00243296681866,267.3473926242877,-3.0896176819195844,3.0,False,False,True,False,False,False,True,False,False,False,False,False,False,True,True,False,False,False,False,False,False,True,False,False,True,False,False
62.0,42.69140537961698,1.992542783523512,21.740189778197777,8.610343126829836,45.19283551297715,52.93614671871657,56.90417362243817,38.5866480011926,3.0,False,False,False,False,True,True,False,False,False,False,False,True,False,False,True,False,False,False,False,False,False,True,False,False,False,False,True
100.0,41.08911136063269,5.2203593752244375,7.854182226306737,37.370595903195635,10.714395070146608,64.15980029037753,35.4390247539194,-2.5608008235031585,6.644424525023004,False,True,False,False,False,False,False,True,False,False,True,False,False,False,False,False,False,False,False,False,True,False,False,True,False,False,True
58.01213069644658,48.99847458311938,3.7364814721594968,2.5609434336711026,15.92953470474863,15.600515432835518,98.00224205841444,85.0972668232422,15.56371033278488,6.0,False,True,False,False,False,False,False,True,False,False,False,False,False,True,False,False,True,False,False,False,False,False,False,True,False,False,True
85.0,10.2776080929522,2.3616183518068494,45.68669179564876,7.053679429922485,27.840014483078228,52.20550797473095,39.27594025704913,35.09405876525552,1.8034882416338545,False,False,False,False,True,False,False,False,True,False,False,False,True,False,False,False,False,False,False,False,True,False,False,True,False,False,True
85.0,45.57396766460627,3.2658556656540156,11.089826996423842,34.02915242344273,45.70606019537613,87.23241204777877,217.58992772592953,-9.09046835864223,1.0,False,False,True,False,False,False,True,False,False,False,False,True,False,False,False,True,False,False,False,False,False,False,False,True,False,True,False
62.0,69.1055463943984,3.275193659758267,22.986215537833935,9.357435457424016,58.58472327585143,62.96258203508435,101.37507173794312,1.4966651775801347,1.0,False,False,False,False,True,False,False,False,True,False,True,False,False,False,False,True,False,False,False,False,False,False,False,True,False,False,True
102.94949428309206,37.76450274178449,3.397770136981499,32.73315159147063,26.220411528647283,74.68253406178292,64.64710567138641,156.41701742038052,2.224393527991906,6.0,False,True,False,False,False,False,False,True,False,False,False,False,True,False,False,False,False,False,True,False,False,False,False,True,False,False,True
85.0,14.495687027174723,2.546129258443054,21.24491493482296,30.87446728481199,30.75797031727749,56.511397317926814,119.35663296927396,-5.598798540488655,0.6749470227894747,False,False,False,True,False,False,False,True,False,False,False,False,False,True,False,False,False,False,False,False,True,False,False,True,False,True,False
75.0,54.64087910335184,3.249662139065254,19.709488492511113,18.843860672639877,27.017063596143707,85.53675893440291,130.55196295061603,12.629501276977535,5.0,True,False,False,False,False,False,True,False,False,False,False,False,True,False,False,True,False,False,False,False,False,False,True,False,False,True,False
75.0,67.89119052685948,3.0072916928991527,9.68468697592609,11.33027693232195,64.31430157283006,77.58261619096179,32.89268076447516,16.317675470507673,6.0,False,True,False,False,False,True,False,False,False,False,True,False,False,False,False,False,False,False,False,False,True,False,False,True,True,False,False
100.0,22.742594390832505,1.030563727656758,29.635980652736865,8.22905361534547,76.22513954753002,85.77858051012342,280.97792751849477,-2.910447928547496,4.0,False,False,False,False,True,True,False,False,False,False,False,True,False,False,False,False,False,False,True,False,False,True,False,False,True,False,False
85.0,56.01783153828373,1.0409740232745897,37.85307847614943,14.577098745750815,18.037296920680053,61.93129743563027,14.723649268668742,11.492756176546411,7.0,True,False,False,False,False,False,True,False,False,False,False,True,False,False,False,True,False,False,False,False,False,False,True,False,False,False,True
85.0,127.75747441174424,0.9845492206293912,9.286497700383908,20.34244787321107,27.64544589095541,90.29992272783537,103.95782513502562,18.405333154548053,1.0,False,False,False,False,True,False,True,False,False,False,False,False,False,True,False,True,False,False,False,False,False,False,False,True,True,False,False
100.0,13.87716708884735,0.5212915882023574,9.913419024012205,26.91381758017875,40.79935581886867,71.37903684865236,136.27861262043376,24.759622240779493,5.0,False,False,False,False,True,False,False,False,True,False,False,False,False,True,False,True,False,False,False,False,False,False,False,True,False,True,False
75.0,42.69140537961698,3.473821821725668,32.59959954238724,37.20674099184738,68.79319057276534,75.66889916419906,62.412851429860915,27.90141336477093,7.0,False,False,False,True,False,False,True,False,False,False,False,False,False,True,False,True,False,False,False,False,False,True,False,False,True,False,False
100.0,47.824367849448386,2.0468743813136925,6.082778486824532,35.98941824714308,61.57804690727161,97.96189523417006,90.11434022451289,7.166868100746985,2.0,True,False,False,False,False,True,False,False,False,False,False,False,False,True,False,False,False,False,False,True,False,False,True,False,True,False,False
50.0,71.14274635725945,1.7251361548508353,14.829910982037749,37.01632786110325,73.16017408923142,75.75484663014795,150.27002206227104,17.424867055261124,5.0,True,False,False,False,False,False,True,False,False,False,True,False,False,False,False,False,True,False,False,False,False,True,False,False,False,False,True
85.0,6.08863208957066,3.284946614350205,4.86831209228205,9.194135634723237,14.453311424346262,61.79033242153907,54.81602107095647,6.170556621368309,2.0,False,False,False,True,False,False,False,False,True,False,False,False,False,True,False,False,True,False,False,False,False,True,False,False,False,True,False
50.0,33.098691426112154,2.1821725676582537,16.68689597092782,36.52395919006641,79.50472573051596,53.57201503044119,174.4298990075216,-7.868909513351654,7.690884188241246,False,True,False,False,False,False,False,False,True,False,False,False,True,False,False,False,False,False,False,False,True,False,True,False,False,True,False
95.69778086899464,78.83314651875263,2.921583661643124,8.424644632127169,23.304729691666346,12.48227539344258,78.60859386438283,118.69508311078516,4.7608097846417365,0.0,False,False,False,False,True,False,False,False,True,False,True,False,False,False,False,False,False,False,False,False,True,True,False,False,True,False,False
100.0,63.23651609867501,0.8358451423130647,5.255799991325633,39.69535324151392,31.109190083193596,50.163546266562506,132.9596225238148,30.790815038255943,2.0,False,False,True,False,False,False,False,False,True,False,True,False,False,False,False,False,False,False,False,False,True,False,True,False,True,False,False
50.0,50.161380878417674,3.984418263508884,29.087280550451776,8.85476100282171,62.13327965500456,95.39612687084605,42.3760557461259,18.459977606948577,7.0,False,False,False,False,True,False,False,False,False,True,False,False,False,True,False,False,False,False,True,False,False,True,False,False,True,False,False
50.0,21.820506368142897,0.8566172610118857,66.91455448179275,13.099598265236915,78.27386156073143,76.89957102666605,240.7952117834277,10.336000341653476,5.0,False,False,False,False,True,False,True,False,False,False,True,False,False,False,False,False,False,True,False,False,False,False,True,False,False,False,True
50.0,61.00032235899777,3.0265248396325015,5.720465260145438,20.416377584249975,44.94524692565111,66.19582006310851,232.32103894174472,27.544791084808317,6.0,False,True,False,False,False,False,False,True,False,False,False,False,True,False,False,False,False,False,False,True,False,False,False,True,True,False,False
62.0,47.3146093849059,0.9689769691243776,10.16337295016612,25.92447734982421,40.48798796741036,98.82353364240996,260.6613918475854,23.72798354443762,5.0,False,False,False,False,True,False,True,False,False,False,True,False,False,False,False,False,False,True,False,False,False,False,True,False,True,False,False
62.0,33.78434419301355,1.3501018281867616,48.76808403617098,22.901237351463113,86.09789965116842,60.262717131547085,59.09157048745929,58.10524584392989,5.0,False,False,False,True,False,False,False,False,False,True,True,False,False,False,False,False,False,False,False,False,True,True,False,False,False,False,True
62.0,47.841043221109814,1.6133875984291093,36.249550210746555,11.345953332431115,61.582018715827985,55.66092887509634,258.70299390699824,31.422924496983995,6.0,False,False,False,True,False,False,False,False,True,False,False,False,True,False,False,False,False,False,False,False,True,True,False,False,False,True,False
50.0,10.640152157210183,3.0806034583458395,19.167160983415208,6.499435839088151,66.57606983592258,69.15765779890351,81.3072735238919,20.623514072810465,6.0,True,False,False,False,False,False,False,False,False,True,False,False,True,False,False,True,False,False,False,False,False,False,False,True,False,False,True
102.83943000886534,72.2378188219246,3.4982855553220924,14.435905055127744,24.32684779791282,83.20627214536134,83.20544452415145,131.28616502411475,3.8602092828471406,2.0,False,False,True,False,False,True,False,False,False,False,True,False,False,False,False,False,False,True,False,False,False,False,False,True,True,False,False
85.0,36.15792621947456,3.1018270774146552,46.32809897435823,37.206419105466765,12.666303598100477,86.88327763624466,87.12429821035957,28.730037319439177,2.0,False,False,False,False,True,True,False,False,False,False,False,True,False,False,False,True,False,False,False,False,False,False,False,True,True,False,False
50.0,63.62653233247981,2.0400221150977345,9.986771923019903,35.02872011996518,41.006080032057206,71.25331650755305,152.25986699080715,5.098606887092302,1.0,False,False,False,False,True,False,True,False,False,False,True,False,False,False,False,False,False,True,False,False,False,False,True,False,False,True,False
50.0,8.349591228417406,2.3126750622410013,47.48218948900026,19.75286860317101,43.32205190716476,62.97068755428872,311.63040806348147,3.0496907704113987,5.0,False,True,False,False,False,False,True,False,False,False,False,False,True,False,False,False,False,True,False,False,False,False,True,False,False,False,True
100.0,65.83154346501938,3.705617221578461,7.253633663105521,7.45384274535088,82.15451672743453,58.357343749655485,65.28637656297002,-7.430016353044407,0.0,False,False,False,True,False,False,False,True,False,False,False,False,True,False,False,True,False,False,False,False,False,False,True,False,True,False,False
100.0,55.18877391493572,1.4145057611789325,25.603799331857445,23.68340999904207,121.35241370668749,68.12881245845041,249.04941432468289,30.699279333866116,0.0,False,False,True,False,False,False,False,True,False,False,False,False,True,False,False,False,False,False,False,False,True,False,True,False,False,True,False
85.0,55.97943470013186,1.106862482944654,13.79927221343662,31.52986270848626,2.3259589947386745,71.03902179038346,67.87474828378124,11.442580470841843,5.0,True,False,False,False,False,True,False,False,False,False,False,True,False,False,False,True,False,False,False,False,False,False,True,False,True,False,False
62.0,38.50773758511891,0.9764775412267896,15.809921563951589,38.188529965592856,37.91329561411469,57.53677417403917,252.97342956956808,21.38432172230572,3.0,False,False,False,True,False,False,False,False,True,False,False,False,True,False,False,False,False,False,False,False,True,True,False,False,False,True,False
85.0,13.105812024979125,0.5690623348394185,14.554415345938793,28.93465228460907,12.044342771950358,91.06953924455011,201.5628074107787,1.85665782275348,7.0,True,False,False,False,False,False,False,False,False,True,False,False,False,True,False,False,False,True,False,False,False,True,False,False,True,False,False
75.0,7.81642400450342,3.457199297563886,5.0981215744126835,32.271706903198776,70.54794124013175,50.10285103642811,50.3088063995774,29.88259210872053,6.0,False,True,False,False,False,False,False,True,False,False,False,False,False,True,False,False,False,False,True,False,False,True,False,False,True,False,False
50.0,52.509808942682945,2.76432358740617,17.12970237970592,43.15651392509583,30.475116614130098,90.93210942692164,152.25751528544956,-7.432249212044663,0.0,False,True,False,False,False,False,False,True,False,False,False,True,False,False,False,False,False,False,True,False,False,False,True,False,False,True,False
85.0,12.128018048871455,0.9802518418740852,32.09970635847218,31.071893918945783,47.72203883616639,62.35988112699489,212.5522238689407,-1.2061704606006334,3.0,False,False,False,False,True,False,False,False,True,False,False,False,True,False,True,False,False,False,False,False,False,False,False,True,False,True,False
75.0,28.98835178470727,3.275752116632101,25.603799331857445,8.690730198272519,39.673892812718094,60.73040958658508,195.95558163078329,7.186570885386455,3.0,False,False,True,False,False,False,False,False,True,False,False,False,True,False,False,False,False,False,False,True,False,True,False,False,True,False,False
62.0,13.485195325551771,2.6653684817410275,29.8731055066718,27.322322831147417,82.88645336185421,52.65258829558403,152.25986699080715,-5.680662911301151,1.0,True,False,False,False,False,False,True,False,False,False,False,False,False,True,False,True,False,False,False,False,False,True,False,False,False,True,False
62.0,80.72941928487083,2.8771910937329785,36.78209781352172,12.94572889437292,70.51514965068588,92.974862548274,211.63387445848252,4.741180801072689,4.0,False,False,False,True,False,False,False,False,False,True,False,False,False,True,False,False,True,False,False,False,False,False,True,False,True,False,False
85.0,53.586672861832675,3.445384636919679,6.927506568259337,7.441371986211872,58.07325463341602,92.2658239799593,101.95047923302448,7.377646953805616,6.455612284469378,False,True,False,False,False,False,False,False,True,False,True,False,False,False,False,True,False,False,False,False,False,False,True,False,True,False,False
62.0,72.82858509991425,0.5991352514145969,47.52616641750279,36.357574432815994,81.71875949449374,65.98785609743817,186.72370699503512,-8.817659946490982,2.0,False,False,False,False,True,False,False,True,False,False,False,True,False,False,False,False,False,False,False,True,False,False,True,False,False,False,True
85.0,64.23213303009759,2.8224492184549637,29.92814716211848,5.935357648581118,69.29221386285269,64.34112879801057,268.9329205281117,3.945102536091081,0.0,False,False,False,False,True,False,False,True,False,False,True,False,False,False,False,False,False,True,False,False,False,True,False,False,True,False,False
100.0,17.854873424356434,2.505005630664888,48.38467691618706,38.49605367651061,43.82063366672827,58.45469784758049,268.9717585141519,19.26489439702416,2.0076405888800446,True,False,False,False,False,True,False,False,False,False,False,True,False,False,False,False,False,False,False,True,False,False,False,True,True,False,False
62.0,63.85425613845187,3.887300863600527,37.22881554336963,8.31768400532211,17.58200971130968,74.04968197104762,128.3524660979024,28.166794014649128,3.28111664348826,False,True,False,False,False,False,False,False,True,False,False,False,True,False,False,False,False,True,False,False,False,False,True,False,False,True,False
85.0,70.99471727287802,0.7763584975843215,12.561412323109137,13.170142015527924,72.89524752521268,68.05110317943193,189.3786646114632,4.756515891650823,7.0,False,False,True,False,False,False,True,False,False,False,False,False,True,False,True,False,False,False,False,False,False,False,True,False,False,False,True
85.0,62.24807114091579,3.4320856583121735,18.589472298830444,15.584684463947925,78.60469650901624,99.52158491419787,102.9238174711238,20.808674270657335,6.0,False,True,False,False,False,False,False,False,False,True,False,True,False,False,False,False,False,False,False,True,False,False,False,True,False,True,False
89.03206382512313,78.64289917152071,0.6089750827569935,34.823950999988426,31.44978443865144,74.3486809069066,50.72443430796444,152.25986699080715,21.9585410958577,6.0,True,False,False,False,False,False,True,False,False,False,True,False,False,False,False,False,False,False,False,False,True,False,False,True,False,True,False
85.0,6.961875674256488,2.4227759300549403,22.672767380865302,26.223704452170736,16.340813424043915,78.75846708787853,86.56483570911978,29.56154848251917,1.0,True,False,False,False,False,False,False,True,False,False,False,False,False,True,False,True,False,False,False,False,False,False,False,True,True,False,False
85.0,75.18617180833594,3.623184645772829,53.174782799295336,14.735387089264703,17.16005127164052,64.31018702277949,150.0470023654809,24.92336832058132,5.0,False,True,False,False,False,False,True,False,False,False,False,True,False,False,False,False,False,False,False,True,False,False,True,False,True,False,False
50.0,1.7545202338044217,0.7973944310128724,8.430755655329502,22.724395745775627,27.118106851125184,78.96915418957035,65.88939460451076,25.93608210131172,2.0,True,False,False,False,False,False,False,True,False,False,False,True,False,False,False,False,False,False,False,False,True,False,True,False,True,False,False
81.65318205107059,73.61433544405698,3.665318917813474,3.855782923246637,14.124802364781267,46.807860636393485,86.59530628854822,162.06302022181248,33.860787696770295,7.0,False,True,False,False,False,False,False,True,False,False,False,True,False,False,False,False,False,False,False,True,False,True,False,False,False,True,False
62.0,6.377874090357831,0.9035194095926008,33.84247374666808,27.80226589384772,46.18102100188867,99.01491659931033,169.11197877085093,-2.96053409263979,2.0,False,False,False,True,False,False,False,True,False,False,False,False,True,False,False,False,True,False,False,False,False,True,False,False,False,True,False
62.0,51.16182197500394,1.2866745067137464,15.002975608272422,39.816587305744875,44.271627914052694,90.6684743156528,35.45627590442558,31.917598615028034,1.8880374825335764,False,True,False,False,False,False,False,True,False,False,False,True,False,False,False,False,False,False,False,False,True,True,False,False,True,False,False
75.0,28.22969163134975,1.2186895776866975,23.437410108212937,36.34122452156407,61.787748676456275,65.21596737627195,91.120578890523,24.321458363288237,7.0,False,True,False,False,False,False,False,True,False,False,False,False,True,False,False,False,False,False,True,False,False,True,False,False,False,True,False
62.0,67.9228322505551,3.7045719493020433,41.743558796175094,32.176284256677015,63.5820676829891,89.93768114083636,157.0245513686409,14.333455387594256,5.0,True,False,False,False,False,True,False,False,False,False,False,False,False,True,False,False,False,False,False,False,True,True,False,False,False,False,True
75.0,15.273666673214588,2.8651083930746415,5.370384189809226,7.629495457533647,86.95322411290303,85.1364391530881,113.66850091386252,6.864161791222809,6.0,True,False,False,False,False,False,True,False,False,False,False,False,False,True,True,False,False,False,False,False,False,True,False,False,False,False,True
85.0,50.643736597993126,2.2291425495078623,29.633681436250622,38.2479912410639,31.570698858788976,70.648329638232,195.0011483657776,6.434361447340734,3.0,False,False,False,False,True,True,False,False,False,False,True,False,False,False,False,False,False,True,False,False,False,False,True,False,False,False,True
50.0,52.05474164868848,2.935609251874991,5.231316128591093,24.996145252514456,74.86887756150331,64.3699636659729,153.9736061677818,4.820141443330831,4.0,False,False,False,False,True,True,False,False,False,False,False,False,True,False,False,False,False,False,False,False,True,True,False,False,False,True,False
75.0,57.89799819019454,0.6055648002739363,15.380881327116466,28.13582401987055,58.602148974027074,77.23174936981644,266.68767329950504,15.72519594516674,7.0,False,False,False,True,False,False,False,False,True,False,False,False,False,True,False,False,False,False,False,True,False,False,True,False,False,False,True
75.0,30.900798344474765,0.670877146738795,40.564403928383314,14.437265222737816,24.83449931237853,61.27901236228131,13.013883737820478,33.50586024036359,4.0,False,False,False,False,True,False,False,False,True,False,False,False,False,True,False,False,False,False,True,False,False,False,True,False,True,False,False
46.53791149668031,35.348377133007446,3.133547022568186,5.4971442327042075,12.653463874163384,41.20931818354145,98.92265741071633,219.15322185379577,-8.72042463752484,4.0,False,True,False,False,False,False,False,False,True,False,True,False,False,False,False,False,False,False,True,False,False,False,False,True,True,False,False
75.0,11.92593792090742,2.7490297053158925,49.422736981543714,25.985848179105503,29.33302482996651,88.4323917824992,192.1750239264356,-3.3573743979983828,0.0,True,False,False,False,False,False,False,False,False,True,True,False,False,False,False,False,False,False,False,False,True,False,True,False,True,False,False
62.0,55.464127835726835,0.5844647254239376,20.988032146855495,16.65159816255771,78.79166882079036,55.02318043298529,90.39683722641682,15.922714753612713,3.0,False,False,False,False,True,False,False,False,True,False,True,False,False,False,False,False,False,False,False,True,False,False,True,False,False,False,True
50.0,44.15948700741327,3.9768513921003414,23.75243531899124,5.550200360620744,81.45214550820731,89.29358320332949,33.56494022873299,-5.3327737761469285,7.0,False,False,False,False,True,False,True,False,False,False,False,False,True,False,False,False,False,False,True,False,False,False,True,False,False,False,True
100.0,65.24475504703462,0.8786516820801358,46.96981830114844,24.75285105214664,27.08090944968201,55.747611123683306,95.656561543192,20.42707195075063,4.0,False,False,False,True,False,True,False,False,False,False,False,True,False,False,False,False,True,False,False,False,False,False,False,True,False,True,False
50.0,20.46478094414017,3.6470085095575575,18.59949061237613,7.674183154955661,18.13415171447935,56.11481331797653,62.929956055320496,25.428088214299088,7.0,False,False,False,True,False,False,True,False,False,False,False,False,True,False,False,False,False,False,False,False,True,False,True,False,True,False,False
27.03325783096455,49.186728304534114,1.9125631476780167,32.363055163721626,9.11960717963013,64.42180951726422,99.60357752482555,120.40180324743277,2.803936969439522,5.0,False,True,False,False,False,False,False,False,True,False,True,False,False,False,False,False,False,False,False,False,True,False,False,True,False,True,False
85.0,32.64266713861244,0.5606409011449397,29.199086932973444,5.781509069368416,51.557809348746055,73.55094550093412,183.59406868176197,29.9393328525626,0.0,True,False,False,False,False,False,False,False,False,True,False,True,False,False,False,False,False,True,False,False,False,True,False,False,False,False,True
85.0,66.62370004100543,1.229144212048145,45.5056750420217,22.33792167220327,62.39013910651081,79.43489768071959,286.07209886520354,-0.9762473847444576,0.0,False,False,False,True,False,False,False,False,False,True,False,False,False,True,False,False,False,False,False,False,True,False,True,False,False,True,False
62.0,33.365508790480845,0.6112620234429819,10.19694664940403,35.95601164461796,26.84932307942894,99.63756366259756,244.05278844236477,26.873897328374092,0.0,False,False,False,False,True,True,False,False,False,False,False,False,True,False,False,False,False,False,True,False,False,True,False,False,True,False,False
120.510632768573,68.82528250979368,2.465336095706008,16.93561005158484,33.86154812607529,70.75160734375731,55.33183817144085,139.0348046627528,-1.96611908491008,0.0,True,False,False,False,False,False,True,False,False,False,True,False,False,False,False,True,False,False,False,False,False,False,True,False,False,True,False
75.0,65.89172326762375,0.7389305304942535,36.4930549563118,9.144724290639385,18.871321859533698,65.01723141258057,77.26928192967245,11.729181747951497,5.0,True,False,False,False,False,False,False,True,False,False,True,False,False,False,False,False,False,False,False,True,False,False,False,True,False,True,False
62.0,42.69140537961698,2.1684917614988493,41.52667160468071,9.084707242086369,18.855647655655325,98.32393364522612,139.22221781498155,1.565003653899847,3.0,False,False,False,False,True,False,True,False,False,False,False,True,False,False,True,False,False,False,False,False,False,True,False,False,False,False,True
75.0,12.669821074783703,2.816823552679627,18.718296489912422,32.17861799697764,35.91735462644321,67.07789382329932,296.13166242421204,29.403022298145444,3.0,False,False,False,True,False,False,False,False,True,False,False,False,True,False,True,False,False,False,False,False,False,False,True,False,False,False,True
50.0,25.35411411775736,0.6133138204604283,16.880572186148093,19.33324015410662,72.40240860746698,67.4333705105874,73.38219447318042,2.9761661488567217,0.0,False,False,False,False,True,False,False,True,False,False,False,False,False,True,False,False,False,False,False,True,False,False,True,False,False,False,True
100.0,37.928111661586094,1.7132415118711748,25.603799331857445,36.205450901625895,35.54534803333886,87.9370445474593,69.64107368111117,-1.326875184102846,2.0,True,False,False,False,False,False,False,False,False,True,False,False,False,True,False,True,False,False,False,False,False,False,False,True,False,False,True
75.0,42.69140537961698,0.6885174005928376,30.004410358551556,23.490223679490818,32.64110424647579,60.21991718310399,111.1895587063957,-8.60920022011333,6.0,False,False,True,False,False,True,False,False,False,False,False,True,False,False,False,False,False,True,False,False,False,False,True,False,True,False,False
50.0,31.877190174337137,1.3839409159301177,23.4663558449473,38.28944612935822,68.8236838416409,92.8371241203629,249.7635288631293,38.18867276301532,6.0,False,False,True,False,False,True,False,False,False,False,False,True,False,False,False,False,False,True,False,False,False,True,False,False,True,False,False
50.0,29.582840438091417,3.20387178644321,37.183765395523466,16.67307135359608,24.743941274646534,80.60437845117377,248.9240907783052,5.7985721096451375,5.0,False,True,False,False,False,False,False,False,False,True,False,False,False,True,False,False,False,True,False,False,False,False,False,True,False,True,False
100.0,37.50977747998428,3.518061326092396,6.3417812899680115,23.230268834617416,31.204338559110987,76.03450437720255,203.72896600535708,30.128829937288288,1.0,False,False,False,False,True,False,False,False,True,False,False,True,False,False,False,False,False,True,False,False,False,True,False,False,True,False,False
62.0,7.849721866582429,2.5562635369752575,25.603799331857445,25.950449081204393,89.85040927390602,85.15241978349388,26.36280787105247,39.56907374252949,3.0,False,False,False,False,True,False,False,False,False,True,False,True,False,False,False,False,False,False,False,True,False,True,False,False,False,True,False
100.0,66.52076448264908,0.2066308831427136,15.099483913288104,34.74007813074269,19.505299781211775,63.48592020479546,123.5700602552102,-6.756693664930932,3.969244032327296,False,True,False,False,False,False,False,False,True,False,False,False,True,False,False,False,False,False,False,False,True,False,True,False,False,False,True
100.0,42.69140537961698,2.009360269130969,66.91455448179275,7.892927162643737,82.21735478489595,77.0156633853816,206.7145921284447,27.408689648904428,2.0,False,True,False,False,False,False,False,True,False,False,False,True,False,False,False,False,True,False,False,False,False,False,True,False,False,True,False
62.0,29.84062267463912,3.4738635759039367,14.03909939573777,9.062227772773593,17.26238082837486,53.656511987273035,195.47378637535544,19.17667043576218,7.0,False,True,False,False,False,False,False,False,False,True,True,False,False,False,False,False,False,False,False,True,False,False,False,True,False,True,False
100.0,59.781219876480165,3.83954484305295,28.461752587529453,13.52412910726733,72.52185208494849,69.18586552693499,134.38465833280895,18.12959243719743,6.0,True,False,False,False,False,False,False,False,True,False,True,False,False,False,False,False,False,False,False,True,False,False,False,True,True,False,False
94.82402915199084,76.3581979165499,2.9748362665638908,10.894668580638834,54.8058326242968,80.67885938684184,64.03368551301674,213.49060791189896,36.46750890918337,5.0,False,False,False,False,True,False,False,True,False,False,True,False,False,False,False,False,True,False,False,False,False,False,False,True,False,True,False
100.0,60.41010374511423,1.7089707006187953,48.78868465608588,17.898531567126007,77.00681784966234,82.5309652201098,99.5425833068634,12.8704939724941,2.0,True,False,False,False,False,False,False,False,False,True,False,True,False,False,False,False,False,False,True,False,False,True,False,False,True,False,False
85.0,44.78548903983442,3.4306460183858127,35.39040522700007,36.90895524974596,20.08304245350331,76.26295568732958,283.9026933704645,10.649007273572316,6.0,False,True,False,False,False,True,False,False,False,False,False,False,False,True,True,False,False,False,False,False,False,True,False,False,False,True,False
75.0,22.22767365216008,3.3820778286635074,25.603799331857445,27.52374174000058,30.814653686562757,57.707547332155606,227.54225711573105,0.5105196978449662,1.0,False,False,False,False,True,False,False,False,False,True,True,False,False,False,True,False,False,False,False,False,False,True,False,False,True,False,False
100.0,22.275712407676338,2.3128773289248614,18.209034298086348,24.41374839022287,83.64021009068946,59.25917190505719,114.54068138039771,21.749940963028862,3.0,True,False,False,False,False,False,True,False,False,False,False,False,True,False,False,False,False,False,False,False,True,True,False,False,False,False,True
85.0,29.01396645530415,2.525432775511763,43.00986974325926,12.291979377235393,70.2479743817307,92.49814391459218,199.63810211952105,1.081182964677044,3.0,True,False,False,False,False,False,False,False,False,True,False,True,False,False,False,False,True,False,False,False,False,False,True,False,True,False,False
75.0,61.117528737013195,2.710755712940239,28.40157855499124,20.04094214431461,28.71589130188672,52.96116985862483,172.6673987833455,-3.13350858069093,1.0,False,True,False,False,False,False,True,False,False,False,False,False,False,True,False,False,False,True,False,False,False,False,False,True,False,False,True
62.0,65.55092159002764,3.5756254859207273,12.163397213863936,24.209287058524577,47.91062986753904,97.30684588616212,153.22096912222145,28.694656948924212,3.0,False,False,False,False,True,False,False,True,False,False,False,False,False,True,False,False,False,True,False,False,False,False,True,False,True,False,False
50.0,76.57976765251057,0.6246182928077807,10.566450938160475,36.69399042773479,47.05893885898729,71.88986244683487,33.627512610082235,16.467568637658097,0.0,False,True,False,False,False,False,False,False,False,True,False,True,False,False,False,False,False,False,False,False,True,False,True,False,False,False,True
50.0,37.09360176408391,0.8530870981871089,23.61922632717278,19.54237559378936,53.70511180037988,53.29568233519604,180.1478561199578,14.726961210694782,7.0,False,False,False,False,True,False,False,True,False,False,False,True,False,False,False,False,False,False,True,False,False,True,False,False,False,False,True
100.0,56.35798687093989,3.2109261461579206,25.603799331857445,35.070840181419015,25.435919395008497,68.9325735626183,233.91395835681303,5.855527430630384,0.0,False,False,True,False,False,False,False,True,False,False,False,False,True,False,False,False,False,False,False,False,True,False,False,True,True,False,False
85.0,6.35451648199704,1.0468543998817086,4.1099254234670255,10.033691933756808,47.20053057698689,85.12774934813254,40.66318958677064,-0.2307267692579131,5.0,False,False,False,True,False,False,False,False,True,False,False,True,False,False,False,False,True,False,False,False,False,True,False,False,False,False,True
62.0,60.5227294924313,3.078528492754888,14.16343771987751,22.67035545405996,25.511673150670305,64.2138773845328,219.1154065223597,-8.823314271075386,4.0,False,False,False,True,False,False,False,True,False,False,False,True,False,False,False,False,True,False,False,False,False,True,False,False,False,True,False
50.0,49.62151165856079,3.7314884549610063,28.54955865324943,12.88187848788364,43.90988048725574,98.38860809649242,260.68516578515363,11.257475676219034,6.0,False,False,False,True,False,False,False,True,False,False,False,False,False,True,False,True,False,False,False,False,False,False,False,True,False,True,False
100.0,54.126087254300025,1.2533145623700643,13.61905213687039,31.936115687275652,69.63478802892779,88.99147530915221,175.20621010666332,-9.824642409465277,7.0,False,True,False,False,False,False,False,False,False,True,True,False,False,False,False,False,False,False,True,False,False,False,False,True,False,False,True
45.380218482374545,13.088994842173186,3.2392925386945284,36.475808205118085,36.612367720166375,16.78109281796508,91.514782480147,233.57174087055677,-1.3963983233364257,3.0,False,False,True,False,False,False,False,False,False,True,True,False,False,False,False,False,True,False,False,False,False,False,True,False,False,False,True
75.0,7.424244899456774,1.9106242112713985,15.10098677368136,36.54430877511558,61.36425981247116,59.94103454253771,152.25986699080715,22.18491184921536,5.0,False,False,False,False,True,True,False,False,False,False,False,False,False,True,False,False,True,False,False,False,False,True,False,False,False,False,True
136.41543451440273,47.086336000396706,3.310831015582224,5.130814495751761,31.220198328832527,85.1884767115091,76.40260687177562,35.083629466205295,13.410154828640618,7.0,True,False,False,False,False,False,False,False,True,False,False,True,False,False,False,False,False,False,True,False,False,True,False,False,True,False,False
100.0,42.69140537961698,0.5047879452723788,25.603799331857445,23.5995334142819,48.53777632106408,78.14309336406694,269.4965675176712,-5.887922835563272,6.0,False,False,False,False,True,False,False,True,False,False,False,False,True,False,False,False,False,True,False,False,False,True,False,False,False,True,False
85.0,56.82135247009669,0.8652131466394621,21.269704738274807,15.832813556678106,17.451240723590125,53.8501746253108,263.7448790437271,39.80240624595091,2.0,True,False,False,False,False,False,False,False,True,False,True,False,False,False,False,False,False,False,False,True,False,False,False,True,False,False,True
75.0,36.53187940069507,2.65165086059227,5.092837673638758,32.239952816246024,80.02092861263984,75.52594738649499,97.7257585439812,11.301642472241197,7.0,False,False,False,False,True,False,True,False,False,False,False,True,False,False,False,False,False,True,False,False,False,True,False,False,False,False,True
100.0,58.151062888392886,1.9862538995816736,34.96509713846357,25.39160380117886,17.46097583271432,82.1311377474008,236.8331846408309,35.589301174461674,7.0,False,False,True,False,False,False,False,True,False,False,True,False,False,False,False,False,False,False,False,True,False,True,False,False,True,False,False
12.653948904501569,63.594271533713915,3.333555447833435,28.59630646268833,5.08639760450986,18.284235370776763,63.02512257270325,149.95694947215446,2.79084416712824,4.0,True,False,False,False,False,False,False,False,True,False,False,False,False,True,False,True,False,False,False,False,False,True,False,False,False,True,False
85.0,55.415049767383415,2.314931146241422,30.64392047525133,36.42534261797,88.07089504158922,64.80813651303754,176.932958126598,-8.428028851272648,5.0,False,True,False,False,False,True,False,False,False,False,True,False,False,False,False,False,False,True,False,False,False,True,False,False,False,False,True
50.0,12.919879701960571,3.3808345310347176,9.137049424320672,11.496514174723869,48.08341175551522,71.15874257165281,188.60188052087443,-2.4119193043412395,4.0,False,False,False,False,True,True,False,False,False,False,False,False,False,True,False,False,True,False,False,False,False,False,True,False,False,True,False
75.0,70.24471717977453,3.3727385721051637,31.88182227346866,18.527820191021732,72.54929506897906,91.90178009240871,34.52241141897322,7.136485621670332,4.0,False,False,False,False,True,False,False,True,False,False,False,False,False,True,False,False,False,False,True,False,False,False,False,True,True,False,False
50.0,47.904097938603606,1.161237733936936,22.06190557198344,35.041753477710785,48.97534202307546,75.49040404239132,32.237616796183886,-2.996197814862219,5.0,True,False,False,False,False,False,True,False,False,False,False,False,False,True,False,False,False,False,True,False,False,False,True,False,False,True,False
62.0,59.14827213488981,3.8789004094092063,14.880153191426595,32.074788131830786,40.003893571456075,57.348292050427055,152.25986699080715,-1.864065534475797,3.0,False,True,False,False,False,True,False,False,False,False,False,False,True,False,False,False,False,False,False,True,False,False,False,True,False,False,True
75.0,6.462698570789017,3.465256587160052,5.335241682956592,37.459128650518615,88.22102307710995,91.9433182882198,152.25986699080715,38.41183429848204,4.0,False,True,False,False,False,True,False,False,False,False,False,True,False,False,False,False,False,True,False,False,False,True,False,False,False,False,True
100.0,79.0022597060318,3.893154871495159,26.97742286397169,11.287504381096449,22.533751566678475,93.29783009724342,39.74600722869755,7.684356808228177,3.0,False,False,True,False,False,False,True,False,False,False,False,False,False,True,True,False,False,False,False,False,False,False,False,True,False,True,False
78.38373535705672,19.9168777203513,2.8051787813708304,32.21173098849586,10.47101094196362,43.909979474757165,80.05854643034127,205.64398874700495,10.384842627463474,7.0,False,True,False,False,False,False,False,False,True,False,False,False,False,True,True,False,False,False,False,False,False,False,True,False,True,False,False
62.0,73.22951284506478,3.5163531165106763,23.618123845206853,16.971085913292708,14.078141077494076,60.688775546796165,152.25986699080715,35.833595456858994,5.0,False,True,False,False,False,True,False,False,False,False,True,False,False,False,False,False,True,False,False,False,False,True,False,False,True,False,False
75.0,15.058971703234262,3.2169858240640252,14.767890758738712,15.670141677233,49.868120868150704,82.17964274236235,68.52318394687728,28.05657767890564,1.0,False,True,False,False,False,False,False,False,False,True,False,True,False,False,False,False,False,False,False,True,False,False,True,False,True,False,False
62.0,12.132557803938544,2.6746900749995723,40.19690033842815,34.86909527633074,32.07190535374782,77.49195605753643,92.1158672426987,25.20350172835021,7.0,False,False,False,True,False,True,False,False,False,False,False,False,True,False,False,False,True,False,False,False,False,False,True,False,True,False,False
100.0,30.53308100745638,2.3000050341363685,19.021088745685933,35.1572818174008,52.91050286219491,67.2187408202672,132.6046017612942,2.33111516426541,6.0,False,False,True,False,False,False,False,False,True,False,False,False,True,False,False,False,False,False,False,False,True,False,True,False,False,False,True
50.0,20.3535460696326,2.424679354945065,11.161935288902695,26.165414187154088,109.26579432595442,82.33383444970028,116.18408209840142,2.7703220167012077,1.0,False,False,False,False,True,False,False,False,True,False,True,False,False,False,False,False,False,False,True,False,False,False,False,True,False,True,False
50.0,6.479430984738162,2.1335036284136573,25.603799331857445,37.20859060029821,52.61626456413691,83.35374544109871,77.79797005629807,26.616977601830996,0.0,True,False,False,False,False,False,False,True,False,False,False,False,True,False,False,False,False,True,False,False,False,False,True,False,False,False,True
100.0,14.018823992805098,1.8272416718247204,6.291013587854589,25.543545230385572,58.996115876586,90.81351987157448,22.540477243986953,33.28195603093967,7.51530869035586,False,False,False,False,True,False,False,False,False,True,True,False,False,False,False,False,False,True,False,False,False,False,False,True,False,True,False
85.0,61.83012083767203,1.3995197521599705,49.15968568228321,8.02178413780609,36.846896815054706,92.67951284722466,80.99732070598944,-2.3415542260236695,0.0,False,False,True,False,False,False,False,False,True,False,False,True,False,False,False,False,True,False,False,False,False,False,True,False,False,True,False
75.0,51.62169093377357,1.303555581123807,43.16138737357078,28.15164637395491,22.787479040018432,58.6624943861943,185.95215211232087,7.936964700801351,7.0,True,False,False,False,False,False,True,False,False,False,True,False,False,False,False,True,False,False,False,False,False,False,True,False,True,False,False
100.0,13.319017315610488,0.8912958968406132,21.630106535904492,9.96972720755874,81.55932358998332,126.38332876842395,87.30415654223266,38.77143808328196,7.0,False,False,True,False,False,False,False,False,False,True,True,False,False,False,False,False,False,True,False,False,False,False,False,True,True,False,False
85.0,37.6423038507068,2.6670149761721653,19.59636035921344,27.89822488661171,34.92875322393103,79.45914963060314,152.25986699080715,-9.679928907135151,0.0,False,True,False,False,False,False,False,False,False,True,False,False,False,True,True,False,False,False,False,False,False,False,False,True,False,True,False
75.0,70.62045542020036,0.637026904969773,18.335547457945314,14.738211793244965,25.723471642871232,99.585814595444,188.46379155896125,-4.842996855241946,2.0,True,False,False,False,False,False,True,False,False,False,False,False,True,False,False,False,True,False,False,False,False,False,True,False,False,True,False
75.0,74.49108355632316,2.8590804803775773,32.949711654976355,31.654278544113588,55.66200143730428,52.571622201873645,160.67861854327094,26.307504471636346,5.0,False,True,False,False,False,True,False,False,False,False,False,True,False,False,False,False,False,False,False,False,True,False,True,False,False,True,False
75.0,32.52486104511656,2.2874965043076094,31.5531561687629,10.03602310243687,23.42576752983394,83.74262073596746,294.05825875693694,25.92667701462242,2.0,False,False,False,False,True,False,True,False,False,False,False,True,False,False,False,False,False,False,True,False,False,True,False,False,False,False,True
100.0,78.39905610034737,0.5318848035877057,29.753158714478868,34.301109962055534,49.66021029282839,83.24626253232046,119.78864790850731,-9.296045390619858,1.0,False,False,False,False,True,False,True,False,False,False,False,False,False,True,False,False,False,True,False,False,False,False,True,False,False,True,False
50.0,65.32285347166376,1.2923823850992102,41.877154150910954,17.840509726883596,54.29560688538635,87.54853995015633,32.14595633492419,-9.395365259699592,3.0,True,False,False,False,False,True,False,False,False,False,True,False,False,False,False,False,False,False,False,False,True,False,True,False,False,False,True
62.0,30.63992013217628,1.6293384812840173,46.84858796557754,36.95621233288669,62.17903554933864,53.742442524278154,151.5112088853607,21.080329879354103,3.0,True,False,False,False,False,True,False,False,False,False,False,True,False,False,False,False,True,False,False,False,False,True,False,False,False,True,False
85.0,78.15878931012135,1.548133495316547,7.34702904042674,15.064171728841687,78.17878531385018,80.78249491449304,114.76631518048208,20.8310001306784,4.0,False,False,True,False,False,True,False,False,False,False,False,True,False,False,False,False,False,False,True,False,False,False,True,False,True,False,False
75.0,5.3378360735216495,1.3473103319992674,29.15448171293192,39.5882610449191,16.3556544239116,88.04370260386372,67.71733683557791,29.249086599941627,0.2884081107034522,False,False,True,False,False,True,False,False,False,False,True,False,False,False,False,False,False,False,True,False,False,False,True,False,False,True,False
75.0,29.318815538897795,2.0626726768907844,36.764269762315834,26.74074336964271,54.75318080948295,80.76527145643796,200.52483681776488,6.325563651505092,0.0,False,True,False,False,False,True,False,False,False,False,True,False,False,False,False,False,False,False,False,True,False,False,False,True,False,True,False
75.0,23.993961272428717,3.269542110243809,32.933970559947454,20.65067387235964,87.85226345162022,75.36398822746145,205.17024168903671,5.918020657224009,5.0,True,False,False,False,False,False,True,False,False,False,False,True,False,False,False,False,False,False,False,True,False,False,False,True,False,False,True
100.0,5.6995199544600395,1.0866768976439043,40.48262896138074,16.58424488333184,54.544755368940045,81.03013387969956,221.58355288822713,32.63449014531149,3.0,False,False,False,False,True,False,False,True,False,False,True,False,False,False,False,True,False,False,False,False,False,False,False,True,False,True,False
65.04709890586727,54.52901286506665,0.6431048412173435,41.494238016038736,9.767814595808773,73.36171145435397,73.14283891077369,250.36992822573612,31.24733539355947,0.0,False,False,True,False,False,False,False,True,False,False,False,False,True,False,False,True,False,False,False,False,False,False,True,False,False,False,True
50.0,56.324648784145005,3.354432889112449,14.245986238314003,31.34224898721738,63.932753775970696,87.69917051125832,174.13894213778076,-6.256501931360966,7.0,False,False,True,False,False,False,False,False,True,False,False,True,False,False,False,False,False,True,False,False,False,False,False,True,False,False,True
75.0,42.69140537961698,2.7625070229720112,15.292960589675516,26.575187305228265,75.32264788537638,89.871641082688,197.66783354430208,21.139472375158668,6.0,False,False,False,False,True,False,False,True,False,False,True,False,False,False,False,False,False,False,False,False,True,False,True,False,True,False,False
75.0,65.2254522844251,2.7599862066097303,18.069592332988357,29.435894388359383,45.5068659842013,83.40752160581039,206.9879012630543,4.068853035632117,0.0,False,False,True,False,False,False,False,True,False,False,False,True,False,False,False,False,False,False,False,True,False,True,False,False,True,False,False
100.0,23.540383919797492,2.5925972772690966,3.5081614873934335,23.220087806019023,17.170614248794294,39.31920167051178,192.85689131728176,14.538649316116311,4.0,False,True,False,False,False,False,True,False,False,False,False,True,False,False,False,False,False,False,True,False,False,False,False,True,True,False,False
75.0,18.549702417680702,1.828878540843832,13.855271545417976,16.48379963872817,37.87100088921708,66.16504375021906,46.22369185622132,26.694888257357164,7.0,True,False,False,False,False,True,False,False,False,False,False,False,False,True,False,False,False,False,False,True,False,True,False,False,True,False,False
33.37702357097419,20.763187642544253,2.68656498163465,23.99284957205273,30.691998651557007,27.40042669502671,55.23400520188916,155.2169255876906,8.316822120598246,2.0,False,False,False,False,True,True,False,False,False,False,False,False,True,False,False,False,False,False,True,False,False,False,True,False,False,False,True
85.0,46.45478115373152,3.93657053723412,42.83848279850626,5.06404815023892,12.793089168257392,70.71797256504605,3.824527427420319,26.51176747373154,1.7554439348812885,True,False,False,False,False,False,True,False,False,False,False,False,True,False,False,False,False,False,False,True,False,False,True,False,False,True,False
85.0,49.74934189978176,2.008221975228492,33.70234120475917,18.58598183312089,62.63796602121695,87.47010159296559,177.26981142816254,31.464224787251247,0.0,False,False,True,False,False,False,False,True,False,False,False,False,False,True,False,False,False,False,True,False,False,True,False,False,False,False,True
100.0,66.17491556109752,1.5908913989608646,4.096052506150107,37.05502096460267,57.518557510456134,59.218344208577115,19.842550619791872,12.62900174508787,2.0,False,False,True,False,False,False,True,False,False,False,False,False,False,True,False,False,False,False,False,False,True,True,False,False,True,False,False
85.0,42.69140537961698,2.1398831582549125,12.428454608347144,30.345563222221624,11.309421123206622,61.89683408606989,50.070107726299504,22.772156261728085,1.0,False,False,False,False,True,False,False,False,True,False,False,True,False,False,False,False,False,False,False,True,False,True,False,False,False,True,False
59.794139252441894,49.83823893887459,1.6478234891252015,20.870007767570655,12.24506007473568,41.37761828816223,62.03331148509731,40.84365487671591,-4.843799756853213,5.685366888566936,False,True,False,False,False,True,False,False,False,False,False,False,True,False,True,False,False,False,False,False,False,True,False,False,False,False,True
75.0,50.659847013529514,0.5600308824381494,41.88423157875781,34.023837203216026,79.25660844200286,76.33856416576592,206.66803143002105,14.06007874116784,2.0,False,False,False,True,False,False,False,False,False,True,False,False,False,True,True,False,False,False,False,False,False,False,False,True,False,True,False
62.0,6.885479431723564,3.500201170135869,29.44664264254554,13.151438217973151,62.99501973890689,70.58747645056332,270.3822387599344,4.057993736673463,7.0,False,False,False,False,True,False,False,False,True,False,True,False,False,False,False,False,False,False,True,False,False,True,False,False,False,False,True
75.0,64.76361325790924,0.5433591266631455,31.454058003564615,9.001401096042077,68.68211127506426,63.140043864406955,213.73081476460652,-5.431969444252173,1.0,False,False,False,True,False,False,False,False,True,False,False,True,False,False,False,False,False,False,False,False,True,False,False,True,False,True,False
50.0,55.420912210556,3.6744100257396752,39.08038684912086,11.678020987060137,74.61169023972576,62.05991728356241,204.67136761932085,-9.366179122075463,1.0,False,False,False,True,False,False,True,False,False,False,False,False,True,False,False,False,False,False,True,False,False,True,False,False,False,True,False
85.0,37.77161458127733,4.615782239309852,4.034655716474346,32.356351723069324,52.13244929303641,93.21180849655904,96.84198081577826,1.7308596215155436,7.0,False,True,False,False,False,False,False,True,False,False,False,True,False,False,False,False,False,False,False,False,True,True,False,False,True,False,False
75.0,44.06555274761643,0.7388318908606428,18.136176918025765,37.81041851456051,43.3631967175386,72.85514963212466,261.50598887337225,21.12350581758097,6.0,False,False,False,True,False,True,False,False,False,False,False,True,False,False,False,True,False,False,False,False,False,False,False,True,True,False,False
50.0,76.70996422567768,2.718104326803347,37.73494300980388,9.420847431771923,57.418238339188854,53.71579569179588,189.89795469837304,20.60610628495849,2.0,False,False,False,True,False,False,False,False,False,True,True,False,False,False,False,False,False,False,False,True,False,False,True,False,False,True,False
75.0,6.521023617093562,0.9500538452594568,34.45341482483377,9.83501013445608,80.47386392705907,52.86565232596662,86.1229463663984,1.215773748666768,7.0,False,True,False,False,False,False,False,False,True,False,True,False,False,False,False,False,False,False,False,False,True,False,True,False,False,True,False
85.0,23.019693837419855,2.9097072695904576,23.680039830203164,20.861091013905643,78.10179095216837,68.35401867963807,89.42047869614792,12.01626990739151,3.0,False,False,False,True,False,False,False,False,False,True,False,False,False,True,False,False,False,False,True,False,False,False,True,False,True,False,False
100.0,62.319175551810595,2.9247352724992024,22.41630595649871,7.162452048006953,21.819886273129143,61.29106772673944,22.61948851952616,11.126462848905764,6.0,False,False,False,True,False,False,False,True,False,False,True,False,False,False,False,False,False,True,False,False,False,False,True,False,False,False,True
62.0,64.52243106916856,1.7249913300016642,39.24707457045789,38.17893479405741,31.488931192836873,66.30498502948487,75.831666453641,0.397259806410319,6.0,False,False,False,True,False,False,False,True,False,False,False,False,True,False,False,False,False,True,False,False,False,False,False,True,False,True,False
100.0,52.99672888359278,3.5264988700635578,38.36925513880513,6.452202177004988,10.950912707790694,69.30238832786551,27.930909180515243,14.177763270049578,6.0,False,False,False,False,True,False,False,False,False,True,False,False,False,True,False,True,False,False,False,False,False,False,True,False,False,False,True
75.0,74.73938753754207,0.0953144165458864,44.05048455914645,27.74298694075599,27.62289341973861,61.32518277224479,56.3252273928085,9.990199636985103,3.176061926468777,False,False,False,False,True,True,False,False,False,False,False,False,True,False,False,False,False,True,False,False,False,False,False,True,True,False,False
62.0,17.890527690443513,3.7065221875647,3.660245685624441,25.222700923617165,32.14887452372518,113.21106541250636,152.25986699080715,-4.306189808549535,5.0,False,False,False,False,True,False,False,True,False,False,False,False,True,False,False,False,False,False,True,False,False,False,False,True,False,True,False
100.0,18.848843442027324,2.414714251795192,47.44796509326113,7.321396396832365,84.30767807010035,62.79550482109619,237.0512986252565,-2.876962686979992,1.0,False,True,False,False,False,False,False,False,False,True,False,False,False,True,True,False,False,False,False,False,False,False,False,True,False,False,True
100.0,58.37615445163145,1.8775223705101527,4.6696670367747615,33.85680931892132,15.359167401010394,56.58027747341746,96.86304815594605,16.972016794308892,3.0,False,False,True,False,False,False,False,False,True,False,True,False,False,False,True,False,False,False,False,False,False,False,False,True,True,False,False
62.0,57.819430587681474,2.170471713866323,25.603799331857445,31.9207848743162,66.55433081505481,77.72473780774943,222.66925108491475,34.04479017061414,1.0,False,False,False,True,False,False,False,False,False,True,False,True,False,False,False,False,False,False,False,True,False,False,False,True,False,True,False
85.0,13.3246110441358,1.38201984923984,24.74284750954942,12.388236508175128,52.78624625920918,92.86857199351071,283.9904923578399,35.704863864734804,4.0,False,False,False,True,False,False,False,False,False,True,True,False,False,False,False,False,True,False,False,False,False,True,False,False,False,False,True
85.0,14.503455142567915,2.2408340054324674,37.65992488009884,11.910831368910282,51.14214596336595,99.98660421478364,168.0448614464392,12.24739891359942,3.0,False,True,False,False,False,False,True,False,False,False,False,False,True,False,False,False,False,False,False,True,False,False,False,True,False,True,False
85.0,26.34468459019388,1.9720670095491295,19.951513324304088,17.65021852942759,11.85553123414742,57.08540547671732,216.47155389288085,-2.058775959888321,3.0,False,False,False,True,False,False,False,True,False,False,False,False,True,False,False,False,False,True,False,False,False,False,True,False,False,False,True
12.653948904501569,50.596951312425645,3.4731728239963258,9.860027647642006,27.986543851528875,29.94222930931056,73.7587986463408,211.63468420281276,33.23430131892319,2.0,False,False,False,False,True,True,False,False,False,False,False,False,False,True,False,True,False,False,False,False,False,False,False,True,False,False,True
75.0,42.69140537961698,1.0786355189318966,11.050168940477276,17.585635087197517,71.30305100718603,95.31144685759358,56.54474446768358,19.37429264322314,7.0,False,False,True,False,False,True,False,False,False,False,False,False,True,False,False,False,False,True,False,False,False,False,True,False,False,True,False
62.0,103.81260559148436,3.5254454687342496,16.59138266956989,17.66922822732998,52.796793274706474,89.3517921097638,99.9410054242442,8.330158355627752,3.1001692352509234,True,False,False,False,False,False,True,False,False,False,False,False,False,True,True,False,False,False,False,False,False,False,False,True,True,False,False
62.0,70.39888221837178,0.5515336215146602,20.75090125342945,20.158307658211903,84.36276676677173,62.147600008641334,240.3347991885124,-7.880884645585255,7.0,False,False,False,True,False,True,False,False,False,False,False,False,False,True,False,False,False,False,False,False,True,False,True,False,False,True,False
45.62653203455355,77.17272373807074,1.4091282763590154,17.573025616919114,11.760498614437916,19.94692587515722,95.09672125231026,152.25986699080715,3.498381005989529,4.0,False,False,False,False,True,False,False,False,False,True,True,False,False,False,True,False,False,False,False,False,False,False,False,True,True,False,False
62.0,62.19283345936647,0.5552103642000609,20.452512310927712,19.476994633844892,24.3852455984819,88.82972948026371,277.7232644606139,14.276251340517549,4.0,True,False,False,False,False,False,True,False,False,False,False,False,True,False,False,False,True,False,False,False,False,True,False,False,False,False,True
62.0,71.91146876524706,2.886555302238684,10.552801035266455,21.332342738358008,86.48761305002787,70.89800745335748,140.09757101710082,-4.764488994806529,7.0,False,False,True,False,False,False,False,False,True,False,True,False,False,False,False,False,False,False,False,True,False,False,True,False,False,False,True
62.0,79.97807283663732,0.9198467271186718,25.603799331857445,27.85794776975846,88.1942695265976,62.30655558591127,295.82448366225185,6.247841392473045,7.545586232503917,True,False,False,False,False,False,False,True,False,False,False,True,False,False,False,False,False,False,True,False,False,False,True,False,False,False,True
100.0,5.775919735452496,1.8364567962319551,33.74537926514628,24.985691281650627,25.118016109663355,59.04654073710448,96.33217778289772,37.10118843149111,1.0,False,False,False,False,True,False,False,True,False,False,True,False,False,False,False,False,False,True,False,False,False,False,False,True,True,False,False
50.0,53.81020176075347,0.513006350951944,22.344440296603008,15.791319763690598,52.44295176374061,82.42209464917141,116.73098347986932,-0.0328724734896948,2.0,True,False,False,False,False,False,False,True,False,False,False,False,True,False,False,True,False,False,False,False,False,False,True,False,False,False,True
100.0,38.66237698854864,2.3650578770652744,26.721195372916803,16.315819392880815,68.12187775308132,56.48043704770824,257.88294307386036,29.180536779668387,6.0,False,True,False,False,False,False,False,False,False,True,False,True,False,False,False,False,True,False,False,False,False,False,False,True,False,True,False
50.0,56.69330149715174,2.391852378811275,44.995222235265096,32.990022358476075,46.58776207592858,76.38049503488057,140.3114417006873,25.12730864719061,0.0,True,False,False,False,False,False,False,False,True,False,False,False,True,False,True,False,False,False,False,False,False,True,False,False,False,False,True
85.0,40.161421851143096,2.517973871979124,28.479962126485365,13.37000578755204,35.04453497731117,94.56359194190472,93.99523169765295,13.354387166466346,2.0,False,False,False,True,False,False,True,False,False,False,False,True,False,False,False,False,False,False,False,False,True,True,False,False,True,False,False
62.0,42.51736091943514,0.9297646566647816,39.91263736239426,7.234439776855737,88.94643474449397,63.743344919418114,191.0776829422596,10.333196461649678,4.0,False,False,False,True,False,False,True,False,False,False,False,False,True,False,False,False,True,False,False,False,False,False,False,True,True,False,False
50.0,29.29844560325747,1.8733968578439004,30.979410566232023,37.164698443381525,121.35241370668749,97.05902046746334,296.2236692095064,7.640810712407223,7.0,False,True,False,False,False,False,False,True,False,False,True,False,False,False,False,False,False,False,False,False,True,False,False,True,False,True,False
50.0,67.22515101988213,0.5046012170071925,37.2360143567669,21.014153018823738,38.02384077001244,94.36765550022876,57.59194551494831,12.265243732279334,6.0,False,False,False,False,True,False,False,False,True,False,False,False,True,False,False,False,False,False,False,False,True,True,False,False,False,True,False
85.0,42.69140537961698,2.9168849534044794,17.92601361021918,27.997593159422426,35.80235635820473,95.5617564847798,73.04739192531423,-4.127630920305832,5.0,False,False,False,True,False,False,False,False,True,False,False,False,False,True,False,True,False,False,False,False,False,False,True,False,True,False,False
50.0,76.71844669022504,3.7749093214166902,44.13745109144485,35.85250777915667,10.896089231058816,69.95912479845512,247.40835085814211,27.95543720501519,0.0,False,False,True,False,False,False,False,False,True,False,False,False,False,True,False,False,False,False,False,False,True,False,True,False,True,False,False
62.0,60.96907588597162,2.4969601810931428,6.682750854200964,37.04926024472,75.85725205688395,92.36496167231005,266.82108780235893,20.465566167774167,6.0,False,False,False,True,False,True,False,False,False,False,True,False,False,False,False,False,False,False,False,False,True,False,True,False,False,True,False
62.0,48.324607753974774,2.3116366709448877,19.59383734315731,49.13746988140653,27.014978040990016,55.861029409729085,161.40304885740548,3.4993413766720423,2.0,False,False,False,True,False,True,False,False,False,False,True,False,False,False,True,False,False,False,False,False,False,True,False,False,False,True,False
62.0,65.54082473190631,1.1606546727693638,31.858997698920543,37.48997540777594,25.20190340741227,96.7634420547716,78.61444615533611,0.947645050608024,6.0,False,False,False,False,True,False,False,True,False,False,False,True,False,False,False,True,False,False,False,False,False,False,False,True,False,True,False
100.0,68.74906948767578,0.5546371779020524,10.761670592921948,28.29294039482075,81.2848669802037,66.07649512570205,284.84580003977186,13.789659826810096,3.0,True,False,False,False,False,False,False,False,True,False,True,False,False,False,False,False,False,False,True,False,False,True,False,False,False,True,False
85.0,67.43740257394747,1.8145610590347336,16.09934851847499,14.996368751082128,89.87079040064869,93.90137525264328,36.060236573123994,34.08218775904674,3.0,False,False,False,True,False,False,False,False,True,False,False,False,False,True,False,False,False,False,True,False,False,False,True,False,True,False,False
75.0,10.450657832354688,1.4282962338251743,39.893826100669024,32.560979001782584,82.76444286202731,60.77776334578708,85.92100724905812,20.63494735094825,0.0,False,True,False,False,False,False,True,False,False,False,True,False,False,False,False,False,False,False,False,False,True,False,False,True,False,False,True
100.0,30.80566200277668,1.0378600717476725,18.97988934768992,18.353195110709667,60.727202748946425,61.206551368746865,155.71449022041207,29.11438026886234,5.0,True,False,False,False,False,False,True,False,False,False,False,False,False,True,False,False,True,False,False,False,False,False,False,True,True,False,False
85.0,62.09565922628094,2.477935464885133,30.52868478649712,8.860047394828275,43.886190846537644,81.46898348084524,285.79045868610996,-8.559081242956825,1.0,False,False,True,False,False,False,False,True,False,False,True,False,False,False,False,False,False,False,False,True,False,False,True,False,False,True,False
100.0,28.864060959229153,2.113671385265924,38.34408586043845,37.449519180137635,27.678537866654462,92.57272070890085,107.0000963359066,13.194479356064214,2.0,False,False,False,False,True,False,False,False,True,False,False,False,False,True,False,True,False,False,False,False,False,False,False,True,True,False,False
75.0,33.370542026215475,2.4863752525971208,41.92916859260739,7.409254803081209,58.60908208265877,71.21956042362135,279.5193618635699,15.418433423035204,8.018665733261262,False,False,True,False,False,False,False,True,False,False,False,True,False,False,False,False,False,True,False,False,False,False,True,False,False,True,False
77.60847805142836,73.09045077014305,1.7540479473185384,30.388803808157416,9.59516379366146,29.666501463197683,99.8568507681671,227.7259802260517,2.5942497264893376,7.0,True,False,False,False,False,False,True,False,False,False,False,False,True,False,False,False,False,False,False,True,False,True,False,False,True,False,False
75.0,26.992344080966543,3.548983525567543,46.58137118308024,36.50047332152248,23.69485787229742,56.10531021153972,237.51102046374248,25.109612248202076,1.0,True,False,False,False,False,False,True,False,False,False,False,False,True,False,False,True,False,False,False,False,False,False,False,True,False,True,False
85.0,6.9381938340043,3.2909626809163703,13.2879240552999,16.886330089677223,88.60942030171464,81.44337976475231,230.3190328881203,1.2019821663508825,3.0,True,False,False,False,False,True,False,False,False,False,False,False,False,True,False,True,False,False,False,False,False,False,True,False,False,True,False
50.0,42.29018026674148,2.0122929949822375,37.806096359579605,7.806725650571654,81.1021620402358,92.83360459772088,242.4530430968343,36.82658398230539,10.5423138930715,False,False,True,False,False,False,False,True,False,False,True,False,False,False,True,False,False,False,False,False,False,False,True,False,True,False,False
100.0,30.036118378192803,1.6434822524313395,13.372949045558247,35.95440543142086,14.364249190360638,80.38540836870507,217.91571614184764,34.95455887605409,6.0,True,False,False,False,False,False,False,True,False,False,True,False,False,False,False,False,False,False,False,False,True,True,False,False,False,True,False
62.0,10.386093782293678,1.2425644202586024,47.76649443710824,21.488920709528447,56.66366372880108,73.29028271679678,188.1506523593367,16.830516164835082,0.0,False,False,True,False,False,False,False,False,True,False,False,False,True,False,True,False,False,False,False,False,False,False,False,True,False,False,True
50.0,45.71947918248383,2.872161730269349,47.84255660041194,31.22627600541321,35.421950002135304,88.85354956614376,156.87665110401693,34.297789398053226,7.0,True,False,False,False,False,False,False,False,True,False,False,False,False,True,False,False,True,False,False,False,False,False,False,True,False,True,False
50.0,24.59962969556764,2.0078608677549403,11.820175787578869,29.234418562911937,51.18826307688968,63.46582475528865,263.83317339672374,14.205489919727103,1.0,False,True,False,False,False,True,False,False,False,False,True,False,False,False,False,False,False,True,False,False,False,False,False,True,False,True,False
62.0,23.1470476755872,3.2840921871772863,25.399493636182896,10.997752785342016,76.8199763212987,50.972793140727326,61.04731008834905,15.605058979984308,4.0,True,False,False,False,False,False,False,False,False,True,False,False,True,False,False,False,False,False,False,True,False,False,False,True,False,True,False
85.0,52.71641215020086,0.5628169402063448,6.4225565389893315,34.40206563966865,37.682102722139774,81.9072284186087,225.30420808113757,0.1669976050643421,7.0,False,False,True,False,False,False,False,False,False,True,False,False,False,True,False,False,False,False,False,True,False,True,False,False,False,False,True
100.0,42.69140537961698,2.2737418355380994,46.48898767165858,36.94161943713523,15.265841435051517,60.94892254921191,264.89976900936335,36.568063428865905,4.0,False,False,False,True,False,False,False,False,False,True,False,True,False,False,False,False,False,False,True,False,False,True,False,False,True,False,False
48.63693124756141,68.25299905062542,1.6319957436277532,29.208426798948363,9.459763978515529,85.9024619599349,91.27822446726908,50.413024895600245,37.52882264494277,0.0,True,False,False,False,False,False,False,True,False,False,True,False,False,False,False,False,True,False,False,False,False,False,False,True,False,False,True
85.0,56.42022999086558,0.8288732839363397,25.402852410853516,29.84842868304403,32.61238657309413,65.16007356921413,12.807514731098356,17.596802362332962,4.0,False,False,False,True,False,False,False,True,False,False,True,False,False,False,False,False,False,True,False,False,False,False,True,False,False,False,True
75.0,52.90446366869147,1.5469560347093554,15.572055588337298,18.542883936181408,89.8386106965979,97.49538046654772,36.74369480038644,32.57385369012299,3.0,False,True,False,False,False,False,True,False,False,False,False,False,False,True,False,False,True,False,False,False,False,False,False,True,False,False,True
50.0,28.1635456086215,2.2913223910351843,23.389205345851657,29.76359554553287,72.89998625989823,23.899850979861696,23.47388206048818,15.44621676643309,3.0,False,False,False,False,True,False,False,True,False,False,False,False,True,False,True,False,False,False,False,False,False,False,False,True,True,False,False
100.0,1.356731546885289,1.5712045852380068,16.26758640521298,23.87462359696047,40.92338001382405,83.06868681876806,152.25986699080715,-6.550323205012361,3.0,False,True,False,False,False,False,False,True,False,False,False,False,False,True,True,False,False,False,False,False,False,False,True,False,False,True,False
85.0,8.93042648458991,3.779533948292503,25.603799331857445,0.2343169936142865,86.75148899550561,71.80303060461523,275.0786019144124,1.4197169042826,2.0,True,False,False,False,False,False,False,True,False,False,False,False,True,False,False,False,True,False,False,False,False,False,False,True,False,False,True
75.0,55.78297746472087,1.37679715607362,46.33334189802024,30.47364422787583,29.614363227382576,88.37842811530948,10.879984091847628,14.240494893531343,4.0,False,False,False,True,False,True,False,False,False,False,False,False,False,True,True,False,False,False,False,False,False,False,True,False,False,True,False
85.0,16.67359945711931,1.8092826155087116,32.99482958919536,28.15617085673184,77.48514337130472,88.66543213628108,281.8878021909634,33.7293207659469,6.0,False,False,False,True,False,False,False,True,False,False,False,True,False,False,False,False,False,False,True,False,False,True,False,False,False,False,True
100.0,13.280712325754468,1.7614413222294734,59.14854488775761,13.607430808605434,76.55821189990698,81.58200949625066,257.6075888403542,4.206090638748936,5.0,False,False,True,False,False,False,False,False,True,False,True,False,False,False,False,False,False,True,False,False,False,False,True,False,False,False,True
50.0,7.668660934509698,0.7499042038041743,25.457146678252645,17.361623335996903,86.16194217356585,81.61986322060685,53.307438482507266,27.25894496066993,2.5371585100004292,False,False,False,True,False,False,False,False,True,False,False,False,True,False,False,False,False,True,False,False,False,True,False,False,False,False,True
75.0,42.69140537961698,3.617078160426682,23.223015922709394,17.85819103265846,70.60042407643812,89.35441575561919,71.32019242761334,33.10903959748327,4.0,False,False,True,False,False,False,True,False,False,False,False,True,False,False,True,False,False,False,False,False,False,False,False,True,False,False,True
62.0,64.94285706525936,3.6367947005783794,49.319128854525374,15.321613858374892,49.301060486496944,73.24351852996135,41.762292021485166,12.254928644869278,4.0,False,False,False,False,True,True,False,False,False,False,False,False,False,True,True,False,False,False,False,False,False,False,True,False,False,False,True
100.0,70.06077676219795,3.399748992504942,42.945683367847664,15.242748758849396,95.79218803476924,66.37502517544502,164.02863705100555,38.87241151330905,1.0,True,False,False,False,False,False,False,False,True,False,False,False,True,False,False,False,False,True,False,False,False,False,True,False,False,False,True
85.0,42.69140537961698,1.325136130016742,27.854420426711652,24.654217548100743,10.008818544145797,58.15490030758101,284.5828419798684,22.16544013648148,7.0,False,False,True,False,False,True,False,False,False,False,False,False,True,False,False,False,True,False,False,False,False,False,False,True,True,False,False
100.0,46.55965371578422,1.6657565361852955,35.776000248726106,23.555734536550013,77.27588158438571,95.74723144237556,197.5286464172002,1.6535023008047476,1.5028687879357574,False,False,False,False,True,True,False,False,False,False,False,True,False,False,False,False,False,True,False,False,False,True,False,False,False,True,False
50.0,54.88401335852117,1.8867705056862332,6.98513680525674,6.555981504933964,64.28041814613954,82.38389625223746,127.07132090658584,30.593877927821687,2.817901717243823,False,False,False,True,False,False,True,False,False,False,False,False,False,True,False,False,True,False,False,False,False,False,True,False,False,True,False
50.0,13.726133739305284,5.45248786614729,12.48400854700609,21.09238546448747,82.91258265105539,90.83107621463682,166.7223837788621,6.7863533910958935,2.0,False,False,False,True,False,True,False,False,False,False,False,True,False,False,True,False,False,False,False,False,False,False,True,False,True,False,False
75.0,74.2197558575455,2.8291553779805483,3.5666530370869136,29.16504149708574,55.29384158305011,90.0971146794724,152.25986699080715,3.2051027160505488,4.0,False,False,False,False,True,False,False,True,False,False,False,False,False,True,True,False,False,False,False,False,False,False,False,True,False,False,True
50.0,20.581387676280656,1.536944425840643,37.02662574504806,31.683786704966867,22.542508411280863,84.67236204491557,205.50752200060109,6.7417676444803085,2.0,False,False,False,True,False,True,False,False,False,False,False,True,False,False,False,False,True,False,False,False,False,True,False,False,True,False,False
75.0,36.047577386304056,1.645779959820823,49.85189638729916,7.461577393955386,46.328425858845435,52.15170916533472,57.6589438038869,6.8768972815686915,4.0,False,False,False,False,True,False,True,False,False,False,False,True,False,False,False,False,False,False,False,True,False,False,False,True,True,False,False
62.0,31.73575031358406,1.9619576183751195,11.129872762551232,11.73930093741448,58.968752752506965,81.66823961304,87.27410521974205,-9.56906362005498,3.0,False,False,True,False,False,False,True,False,False,False,False,True,False,False,False,False,False,False,False,False,True,False,True,False,True,False,False
85.0,64.5382469650896,3.970999800756029,17.56016007058113,32.97335649279925,17.189637655147195,57.13538346069592,258.3785312145929,12.326389479259715,7.0,False,False,True,False,False,False,True,False,False,False,False,True,False,False,False,False,False,False,False,True,False,False,False,True,False,True,False
85.0,41.568620254753704,2.534327206990629,27.876882761572915,37.1092260429216,25.52830137336865,73.36154763754071,240.38511602501632,-2.1340703019364877,0.0,False,False,False,False,True,False,False,False,True,False,False,False,False,True,True,False,False,False,False,False,False,False,False,True,True,False,False
75.0,34.375669740166174,3.14574570749033,3.806546848260664,35.35074338161869,41.11182645121117,63.0261598722875,150.83472799252905,18.00012703193646,6.0,False,False,True,False,False,False,False,True,False,False,True,False,False,False,False,True,False,False,False,False,False,True,False,False,False,False,True
60.78928024814476,12.118093232455848,2.854493842703695,7.99703834178368,37.31386508142151,30.06718877773716,90.2070511207323,256.2264580975269,20.98749334177654,2.0,False,False,True,False,False,False,False,False,True,False,False,True,False,False,False,True,False,False,False,False,False,True,False,False,True,False,False
85.0,48.272548285127826,3.649578321999032,43.142319817212005,10.329938311713152,60.60395556948446,71.95417880149918,152.25986699080715,33.54745431599779,4.0,False,False,True,False,False,False,False,False,False,True,False,False,False,True,False,False,False,False,True,False,False,False,False,True,False,True,False
50.0,26.4021039498391,0.9580223408018254,47.75905348319621,10.570566114746608,29.476011117716563,87.34323555672688,247.34030148401197,22.883741256432273,7.0,False,True,False,False,False,False,False,True,False,False,True,False,False,False,False,False,False,False,False,True,False,False,False,True,False,True,False
62.0,54.62699762686274,2.231225791454563,27.773067432070523,37.76303575694542,55.80982585519321,60.03055717875766,246.2943567109018,-4.373660484360055,2.0,True,False,False,False,False,True,False,False,False,False,False,False,True,False,False,False,True,False,False,False,False,False,False,True,False,False,True
75.0,69.44996147928137,1.0662067473464614,49.4167326886436,15.3072450251239,27.56248158524955,63.29227669048761,150.11184678792918,37.899071590588136,7.0,False,False,False,True,False,False,True,False,False,False,False,False,True,False,False,False,False,False,True,False,False,False,True,False,True,False,False
85.0,66.18914418092677,2.5014630992521187,2.535237861846668,13.993197905329668,88.31726131615515,103.06345239975644,69.74003079536826,21.853165886356894,1.0,False,True,False,False,False,False,False,False,False,True,False,True,False,False,False,False,False,False,True,False,False,True,False,False,False,False,True
75.0,13.66384250802366,0.7991338052061846,14.33045702276969,8.275923214432899,62.24698007651001,82.888930350227,209.0906430300939,36.088928883769846,3.0,False,False,True,False,False,False,False,True,False,False,False,False,True,False,False,True,False,False,False,False,False,False,True,False,True,False,False
71.64548706847206,31.810223412630616,3.6741373707183977,32.83733503507112,32.94225606046225,78.60513123193002,55.81019314986585,188.70363552396572,14.48313566125389,3.0,False,False,False,False,True,False,False,False,True,False,False,True,False,False,False,False,False,False,False,True,False,True,False,False,False,False,True
62.0,79.46231190835228,2.895348986072257,25.4125201652172,18.272469514753436,28.461230838653726,49.09641537645538,48.23161874464395,32.538820532000145,3.0,False,False,True,False,False,False,True,False,False,False,False,True,False,False,False,False,False,False,False,False,True,True,False,False,False,False,True
50.0,26.615202038752912,1.3179175040508335,22.743966622605768,29.94315027097961,59.93105266224815,69.52130643027168,193.00361520889265,28.898031697778833,5.0,True,False,False,False,False,False,False,False,True,False,True,False,False,False,False,False,False,True,False,False,False,False,True,False,False,False,True
62.0,42.69140537961698,0.8139778300387087,19.9347997838052,22.615527145706995,45.146440223456025,83.95513809182872,284.7546994724396,28.972606094791317,4.0,False,False,True,False,False,False,False,True,False,False,False,False,True,False,False,False,True,False,False,False,False,False,True,False,False,True,False
100.0,64.40334432867209,1.4631090941590412,35.92852161296851,14.246600039268449,96.11613713747894,57.32059939540834,139.54941601046136,5.967630772540458,7.0,False,False,False,False,True,False,False,True,False,False,False,True,False,False,False,False,False,False,False,True,False,False,False,True,False,True,False
75.0,41.58671280364108,3.3058021698282234,39.75364156728047,35.66015447126628,76.76630833937877,55.041266802686565,53.087758941570144,-3.176426468742463,5.0,True,False,False,False,False,False,False,False,False,True,False,False,True,False,False,False,False,False,True,False,False,True,False,False,True,False,False
75.0,76.4481598100646,2.515123737213468,19.766106813954536,35.76342889522083,81.36186445688712,66.48345027491834,131.78846154559577,18.50519212950868,6.0,False,False,True,False,False,True,False,False,False,False,True,False,False,False,True,False,False,False,False,False,False,True,False,False,False,True,False
100.0,19.898798951085436,1.8496720908513216,33.63605071304322,30.708297411251525,14.367222164095724,93.02253678331718,10.028295172958789,22.189261165233205,7.0,True,False,False,False,False,False,False,False,True,False,False,False,True,False,False,False,False,False,True,False,False,True,False,False,False,False,True
46.876796546450585,25.1008625389698,3.775303416191173,24.434607649353055,30.547396275006015,19.64174718336392,65.46861812315663,289.54203143645157,-8.675996097347834,6.0,False,False,False,True,False,False,False,False,False,True,True,False,False,False,False,False,False,False,False,True,False,False,False,True,False,True,False
50.0,27.04710323077237,1.109637723285248,4.5216315423165945,33.45756611305026,52.03296567632051,105.6169219318498,58.72601728426816,20.56538826962948,3.0,False,False,False,True,False,False,True,False,False,False,True,False,False,False,False,True,False,False,False,False,False,True,False,False,False,True,False
50.0,30.184684241437047,2.9714279747215,40.18246010654073,7.260888622439543,64.15663500524101,65.40054488526368,104.53585323424738,26.17562590446412,0.0,False,False,True,False,False,True,False,False,False,False,True,False,False,False,False,False,False,True,False,False,False,True,False,False,True,False,False
85.0,15.342120681093242,3.3924522509710866,43.49684995974235,30.945514989681904,41.89272736540871,95.37829796681748,172.29357704315214,36.03515006018003,0.0,True,False,False,False,False,False,False,False,False,True,False,True,False,False,False,False,False,False,False,True,False,False,True,False,False,False,True
62.0,45.34396447469323,3.0235736375596303,11.27466652026834,11.656528441856748,78.22201633321833,74.80767196420969,277.64368661968854,37.9722579089503,0.0,False,False,False,False,True,False,False,False,True,False,False,False,False,True,False,False,False,False,False,False,True,False,True,False,False,True,False
50.0,60.26038300407493,3.030396835550412,31.22297313743316,11.46758402759491,51.19126735473256,66.23084709485897,175.9741268815444,6.872874117919974,7.0,False,False,True,False,False,False,False,True,False,False,False,True,False,False,False,False,True,False,False,False,False,False,False,True,False,True,False
100.0,5.650181738384828,0.6399514507924429,11.667438213057288,25.630101905021245,58.40045758268339,65.01799108616504,83.26552535518786,23.05944662777797,6.0,False,False,False,True,False,False,True,False,False,False,False,False,True,False,False,False,True,False,False,False,False,True,False,False,True,False,False
85.0,32.491515817951985,0.7759716069971889,47.25775934357723,7.58756367653548,84.13308475155758,76.1749192144271,143.61035312523487,17.163043466294006,0.0,False,False,False,True,False,False,False,False,True,False,False,True,False,False,True,False,False,False,False,False,False,False,False,True,True,False,False
62.0,61.460674588325745,2.469784373228879,31.65043077258852,10.99170878566838,15.973834415845005,62.9312696243236,57.16364358717763,-9.469038376152003,0.4616615532392187,False,False,True,False,False,True,False,False,False,False,False,True,False,False,True,False,False,False,False,False,False,False,True,False,False,False,True
85.0,41.57891512365271,1.0769985933129254,35.41810599547556,7.26985449231802,45.88552782646099,90.42239600795594,149.93485696789244,21.27698236167987,0.0,True,False,False,False,False,True,False,False,False,False,False,False,False,True,False,False,False,False,True,False,False,True,False,False,True,False,False
100.0,41.60286682113125,1.49511890442402,4.90972210158473,13.571098531694306,61.83041388098421,61.69216277980648,32.04873121482466,18.099397255919133,2.0,False,False,False,True,False,False,False,True,False,False,False,False,True,False,False,False,False,False,False,True,False,True,False,False,False,False,True
85.0,29.697898464844947,3.9196356376575463,32.30310225795641,21.480065597115363,42.99230053892738,50.440450369675816,180.45290646076873,8.199106994886627,4.0,True,False,False,False,False,False,False,True,False,False,True,False,False,False,False,False,True,False,False,False,False,False,False,True,False,False,True
69.44504561307087,72.71574852972469,0.6821324319309614,32.25343212250283,28.119461561042417,28.898519624791028,57.735344093129825,151.6213286334007,4.485795959215874,2.0,False,False,False,True,False,False,True,False,False,False,True,False,False,False,False,True,False,False,False,False,False,True,False,False,False,True,False
85.0,61.92710360384021,0.7984037862290121,25.27459825729891,27.12255886984625,73.65740811728803,93.02610697458002,152.25986699080715,7.685197904873899,3.0,False,False,False,True,False,False,True,False,False,False,False,False,True,False,False,False,False,False,False,False,True,True,False,False,False,True,False
50.0,12.666812834895836,2.3173563103421726,36.15762510493737,30.667609893954157,75.29528502074453,65.45118030280928,199.25939347720364,25.334170387933614,3.0,False,True,False,False,False,False,False,True,False,False,False,True,False,False,False,False,False,False,True,False,False,False,True,False,False,True,False
100.0,78.95506101572013,3.796562675515384,41.30756664038859,26.94412074408073,50.08944938648692,74.78962116495197,91.25991153552684,37.20721923843083,6.0,False,False,False,True,False,False,False,True,False,False,False,False,False,True,False,False,False,False,False,True,False,False,False,True,False,True,False
100.0,64.98220570964298,3.7347586678524105,38.49923631058793,24.817782068372697,67.10984362193446,66.71032209156328,133.72424414712458,1.1741854019925757,2.0,False,False,False,False,True,True,False,False,False,False,False,False,False,True,False,True,False,False,False,False,False,False,True,False,False,True,False
85.0,37.28701875736325,1.9047180148348135,29.148826227508486,10.420681132797322,29.08564191565545,78.12984431226614,46.646749394879045,6.233313953621948,2.0,False,False,True,False,False,False,False,True,False,False,False,False,True,False,False,False,False,False,False,True,False,False,False,True,False,False,True
100.0,72.09484050132289,2.0228182434483353,7.424169715513885,7.964528513846047,32.50685926451319,89.84464823529999,255.11745161753137,-3.311599169989914,3.0,False,False,True,False,False,False,False,False,False,True,False,False,True,False,False,True,False,False,False,False,False,False,True,False,False,True,False
62.0,65.75133335346975,0.8762452298830018,42.51413254693079,20.24363545415362,18.320679124713575,81.15356977414737,80.82729730659933,18.959555818266917,1.0,True,False,False,False,False,False,False,False,True,False,False,True,False,False,False,False,False,True,False,False,False,False,False,True,False,True,False
12.653948904501569,42.86561113214803,2.1935147260171712,33.884619968872244,6.190579209611132,87.89447635185651,67.7784177480529,65.34041015754734,-5.560344629154537,2.0,False,False,False,True,False,False,False,True,False,False,False,False,False,True,False,False,False,False,False,True,False,True,False,False,False,True,False
62.0,33.39817875530706,2.4550069759789315,14.420929224434923,15.413120726098814,23.344139229666805,68.13930114934985,23.106882718779463,27.28334185780242,2.0,False,False,False,False,True,False,True,False,False,False,False,False,True,False,False,False,False,False,False,True,False,True,False,False,False,False,True
62.0,46.5117702649118,2.8093466210082094,10.481223831096187,15.911977559564214,70.98136180299576,94.37776504731777,223.26017562434015,38.45202722070744,5.0,True,False,False,False,False,False,False,False,False,True,False,True,False,False,False,False,False,True,False,False,False,False,False,True,True,False,False
50.0,74.54048485931233,3.5910798729146616,16.935868935365697,28.374687430584363,51.814911293300895,76.07639192771855,31.43841720184454,10.74680104545826,2.0,False,True,False,False,False,False,True,False,False,False,False,True,False,False,False,False,True,False,False,False,False,False,False,True,True,False,False
100.0,53.83827205577136,0.9481929847390816,25.60597779167056,39.90750720326488,65.22042875296964,88.65894891293276,207.67198392828075,4.719933351279762,5.0,True,False,False,False,False,False,False,False,False,True,False,False,True,False,False,False,False,False,True,False,False,False,False,True,False,True,False
12.653948904501569,42.46618717006869,1.3835663186345084,25.603799331857445,5.161757926190234,31.21107229664343,95.21101275635284,51.918511093712134,32.47350300761811,4.0,True,False,False,False,False,False,False,True,False,False,False,False,False,True,False,False,False,False,False,True,False,False,False,True,True,False,False
75.0,42.69140537961698,2.662353479156112,30.7235039038709,23.560260371263578,44.91146075438736,51.96882652189177,249.8080269482205,39.07310557395579,6.0,False,False,False,True,False,False,False,False,True,False,True,False,False,False,False,False,False,False,False,True,False,True,False,False,False,False,True
100.0,76.49931986653537,3.007714521664014,37.44551097801787,31.94888426577516,24.87475155858137,58.71010168215999,59.59145482959687,45.75334767132824,2.0,False,True,False,False,False,False,True,False,False,False,False,True,False,False,False,False,False,False,True,False,False,False,False,True,False,True,False
62.0,5.614874084822165,2.4596015464435803,18.561165291353888,54.8058326242968,42.52683279726473,64.39746848163185,127.33484113475907,5.264035651558466,7.0,True,False,False,False,False,False,False,False,False,True,True,False,False,False,False,False,False,False,True,False,False,True,False,False,False,False,True
50.0,26.46822315749027,1.3772959301454932,15.863349570407047,18.34323149799863,25.363981311683013,23.899850979861696,79.43076812948085,14.938962399475924,5.0,False,False,False,False,True,True,False,False,False,False,False,True,False,False,True,False,False,False,False,False,False,True,False,False,False,False,True
50.0,6.8738855284034415,1.4944755247188948,42.83582803315509,23.71095350298633,60.64343387805784,55.02332896521806,122.6429155562319,38.70574588692664,5.0,False,False,False,False,True,False,False,True,False,False,False,False,False,True,True,False,False,False,False,False,False,False,False,True,False,True,False
67.54202075470891,21.580915527008145,1.2655236873891065,32.631930630337024,29.87794437802515,14.542459140504551,87.11111918933997,124.11936816817752,-5.861573323905558,4.690347029293445,False,False,True,False,False,False,False,False,True,False,True,False,False,False,False,False,True,False,False,False,False,True,False,False,False,False,True
75.0,7.569584209512827,3.27187747187611,40.840401276920545,36.54436531954519,55.749780360748325,53.49480287054351,299.5639341927111,26.733927457809,0.7394107549834095,False,True,False,False,False,False,False,True,False,False,False,False,True,False,False,False,False,False,True,False,False,False,False,True,False,True,False
100.0,49.5455465707554,0.6749395027714313,27.007663464458027,5.384944037466093,48.444748344060486,92.49696553778732,60.587195895566325,36.81082491098743,7.0,False,True,False,False,False,True,False,False,False,False,False,True,False,False,False,False,False,True,False,False,False,True,False,False,False,False,True
85.0,72.83010773877143,1.6078485256928945,45.37916919866272,5.708701644822321,81.62522040570914,52.321356120303,152.25986699080715,31.78229688789351,0.91050431727977,False,False,True,False,False,False,False,False,True,False,False,False,True,False,False,False,False,False,False,False,True,False,False,True,True,False,False
100.0,71.12558827151543,0.8234738515861253,14.167129141388296,11.348579546094816,78.36258956686292,91.25000145077829,50.619867125485854,-1.7144756464186806,5.0,True,False,False,False,False,True,False,False,False,False,False,False,True,False,False,False,True,False,False,False,False,False,False,True,True,False,False
100.0,36.2444170838149,0.6973236695169336,12.830881426012573,9.742134927960404,83.70724478439372,52.58836904710326,125.23368798781787,-7.501413577858543,6.0,False,True,False,False,False,False,False,True,False,False,False,False,False,True,False,True,False,False,False,False,False,False,True,False,True,False,False
127.2802740366814,53.39924325525044,3.430514506704698,49.769765638458786,15.319970944508244,51.05548437559695,50.98469610894102,215.46406232176173,31.619341677485203,6.0,False,False,False,False,True,False,False,False,False,True,False,False,True,False,False,False,False,False,True,False,False,False,True,False,False,False,True
107.43195454576464,5.746444809429853,0.5810295603537152,7.007637736562545,20.652585896274296,60.71131119139218,67.30386447899235,140.00446081941055,16.976171076313854,3.0,False,False,False,False,True,False,False,True,False,False,False,True,False,False,True,False,False,False,False,False,False,False,False,True,False,True,False
62.0,9.737039612310449,3.070307175368709,3.645282258602781,39.66248652039684,75.78098420909689,97.16335944186612,157.8770594586192,13.520221296228211,4.0,False,False,False,True,False,False,False,True,False,False,False,False,True,False,False,False,False,False,False,True,False,False,True,False,True,False,False
85.0,39.46218311483076,1.645409808093363,40.998375341873775,21.672757303621,72.99405914705466,64.45040221704758,53.935749687058546,-1.2608528767847478,2.0,False,True,False,False,False,False,False,True,False,False,False,False,True,False,False,False,False,False,True,False,False,True,False,False,False,True,False
85.0,63.83060874636528,2.4586525201777665,38.13906947158999,6.759900462406749,11.083545913952166,74.4052795934412,295.9873020763941,13.919159881889572,2.044744282084336,True,False,False,False,False,False,True,False,False,False,False,True,False,False,False,False,False,False,True,False,False,False,False,True,True,False,False
85.0,72.94802476319454,3.757952843891181,14.790119300536766,10.521720299391488,38.584757552644014,78.14300037423867,14.891723325678914,34.422203587940146,2.0,False,False,True,False,False,True,False,False,False,False,False,False,True,False,True,False,False,False,False,False,False,False,False,True,True,False,False
62.0,21.097847217832147,3.468062457867462,37.26275518553577,25.5517095163491,66.19996585752617,78.69730898608768,197.84868477952736,-3.5252079868623687,1.0,False,False,True,False,False,True,False,False,False,False,False,False,False,True,True,False,False,False,False,False,False,False,False,True,False,False,True
62.0,58.7914423257815,2.4717227683053737,34.24176571321428,19.215941808503217,63.04816280361352,97.7190613489558,29.975992923414776,-4.1195194040118865,7.0,True,False,False,False,False,True,False,False,False,False,False,True,False,False,False,False,False,False,False,False,True,False,True,False,True,False,False
62.0,65.18392768549774,2.408337111546665,38.57770532755983,33.18646283163397,17.729717562967462,82.79136169634214,254.2166123575022,17.14920107046611,1.0,False,False,False,True,False,False,True,False,False,False,False,False,False,True,False,False,True,False,False,False,False,False,True,False,False,True,False
85.0,72.54995630814713,0.3599172409276058,35.112702584459015,32.06992948545012,61.84883271010331,64.36786853814274,44.417345153318635,9.6879735645313,0.0,False,False,True,False,False,False,False,False,False,True,False,False,True,False,True,False,False,False,False,False,False,True,False,False,False,True,False
100.0,57.556900057978694,3.3415037801842224,13.036283136136436,14.258109348839728,55.28433248688425,93.58373877917836,249.41857849199,24.24837181931027,2.0,False,True,False,False,False,False,False,True,False,False,True,False,False,False,True,False,False,False,False,False,False,False,True,False,True,False,False
52.33224825582724,67.41433642306683,3.043865243332828,48.63021491124283,11.126090103631013,93.24635424330658,69.22633585132662,206.54821347925193,32.355743365128006,6.2389234307050625,False,False,False,True,False,False,False,False,False,True,False,False,False,True,True,False,False,False,False,False,False,False,True,False,False,True,False
75.0,21.030519654584147,2.84441668585701,8.332992518212054,8.848458661676297,16.00498510621164,70.4098916045716,157.67642915027503,35.80057735935224,2.0817594653312215,False,True,False,False,False,False,True,False,False,False,False,False,False,True,False,False,True,False,False,False,False,True,False,False,False,True,False
62.0,16.47214029543078,1.7717153171269555,22.11445681424675,24.10975592868188,90.69939969167524,91.81780236135606,141.28878854232272,39.911736178054056,0.0,False,False,False,False,True,True,False,False,False,False,False,False,True,False,False,False,False,False,False,True,False,False,False,True,False,True,False
50.0,78.30687812670662,2.400157460171667,11.811002501678058,29.76314298714627,18.93648977863772,51.58666808369003,20.62247448548015,4.6909699785736425,1.0,False,False,False,True,False,False,False,True,False,False,True,False,False,False,False,False,False,False,True,False,False,False,False,True,False,True,False
85.0,38.59965910016511,3.9114147215836215,31.47135995232412,22.309866858834983,52.90034739238265,72.17599402379142,116.30253762518768,2.03733962078266,6.0,False,False,True,False,False,False,False,False,True,False,False,True,False,False,False,False,False,False,True,False,False,True,False,False,False,True,False
85.0,26.566509231569366,1.0655562561532388,43.375916432063285,32.626966338713174,13.354201357160642,65.43262383674566,32.84066205433538,37.665443163360855,7.0,False,False,False,True,False,False,False,False,True,False,True,False,False,False,True,False,False,False,False,False,False,False,True,False,True,False,False
100.0,23.022315362065974,2.64563739765335,6.999032822023879,5.056096912147736,62.42090098406074,91.38325835262438,230.79684098303363,4.619965681193786,6.0,False,False,False,True,False,False,False,False,False,True,False,True,False,False,False,False,False,True,False,False,False,True,False,False,False,True,False
85.0,62.04960065177048,1.1777169888307482,31.374967924079545,35.344789431535474,88.13204445267742,58.35691808891281,205.229616253925,11.034156205320189,5.0,False,False,False,True,False,True,False,False,False,False,False,False,True,False,False,False,False,True,False,False,False,True,False,False,False,True,False
85.0,58.091052142740146,2.6494030406185662,7.069653277241604,30.93345702718296,42.03630469453958,99.21085072823868,39.4042422018901,-6.2488619963562,4.0,False,False,False,True,False,False,False,False,True,False,True,False,False,False,False,False,True,False,False,False,False,False,False,True,True,False,False
75.0,63.29716818793051,0.8335445839843811,30.686694797486908,5.541127114661352,37.26698194802374,70.74768658360593,152.25986699080715,7.957659565172058,4.0,False,True,False,False,False,False,False,False,False,True,False,False,True,False,False,False,False,False,False,False,True,False,True,False,False,False,True
39.297422534529126,21.002230102472843,1.8634359746913336,26.2327228750375,33.58178281533068,32.27555920443467,58.86833854431998,216.6864603163302,37.19955857157731,7.0,False,False,False,False,True,False,True,False,False,False,False,False,False,True,True,False,False,False,False,False,False,False,False,True,False,True,False
62.0,36.3229254401527,2.005413957626917,19.413529706676293,32.6201960806905,22.320229882583984,89.40895162500289,254.269483754404,-1.5247863712947982,1.087110727705426,True,False,False,False,False,False,False,False,False,True,True,False,False,False,False,False,True,False,False,False,False,False,False,True,False,False,True
129.52415942251062,65.45087828663634,3.919259958790603,47.4435191653886,11.05758726245597,17.565958896665308,99.9408172627621,117.8599335482961,10.837702741330595,0.0,False,False,False,True,False,False,False,False,False,True,False,True,False,False,False,False,True,False,False,False,False,True,False,False,False,False,True
85.0,46.92333914698138,2.219335715828513,38.70199053243804,16.961006220787354,48.05600170043939,81.16068391004717,129.32515921274717,11.796331097082197,6.0,False,False,True,False,False,False,False,False,False,True,False,False,False,True,False,False,False,False,False,False,True,False,False,True,True,False,False
62.0,45.355066305111706,1.4642780697619835,25.603799331857445,34.75363397380163,86.24033241677763,85.20753539975907,191.27847464502588,29.73598766323549,6.0,False,False,False,True,False,False,False,True,False,False,False,True,False,False,False,False,True,False,False,False,False,False,False,True,False,False,True
75.0,44.72944867558798,1.3547156561578209,36.47363187753644,23.684786375233543,84.84170283715224,62.84957818789046,174.43146191095198,12.80764367381328,0.0,False,False,True,False,False,False,False,False,False,True,False,False,False,True,False,False,False,False,True,False,False,False,False,True,False,False,True
100.0,57.859669994397166,3.1047758548325763,40.17499281083346,36.943770351915546,43.72609898965084,96.35537303727936,129.61277558790152,-7.46238544382611,5.0,False,True,False,False,False,False,False,False,False,True,False,True,False,False,False,False,False,False,False,False,True,False,True,False,False,False,True
85.0,25.892596490424456,2.5747030476463624,23.43530217692562,36.64684726237189,36.57910927172929,44.08637268371391,75.87400701763998,-6.698703624027615,6.0,False,False,True,False,False,False,False,True,False,False,False,True,False,False,False,False,False,False,False,False,True,False,True,False,True,False,False
50.0,65.89861180142826,2.155199155869485,39.459358758943125,10.077642639295354,73.79002998161442,95.2886288860187,161.19607009381224,26.153668674740423,3.0,True,False,False,False,False,False,False,True,False,False,False,False,True,False,False,True,False,False,False,False,False,False,False,True,False,True,False
75.0,34.80201788379793,0.8520497980881836,16.59673017522612,28.327978747958777,64.52432585147629,57.798200960914784,152.25986699080715,14.224294146774383,2.0,False,False,False,False,True,False,True,False,False,False,False,False,False,True,False,False,False,False,False,False,True,True,False,False,True,False,False
12.653948904501569,18.869451407961307,3.9854596060069554,44.01084818756358,13.00840517247886,58.04787058173361,66.32789090836553,185.6466636485599,-9.97026209786713,5.0,False,False,True,False,False,True,False,False,False,False,False,False,True,False,False,False,False,False,False,False,True,True,False,False,True,False,False
78.84320420925265,77.34671417127635,1.8165242448030536,7.85189464136765,37.60901008780434,63.6212275771028,82.11490616846856,152.25986699080715,-5.390181107833149,7.0,False,False,True,False,False,False,False,False,True,False,False,False,True,False,False,False,False,False,False,True,False,False,False,True,True,False,False
100.0,31.73110320047439,2.64898293412186,66.91455448179275,16.74899045179705,39.60719965721378,85.42662634465816,107.6823950190376,-9.30311606449408,1.0,False,False,False,False,True,False,False,False,True,False,False,False,True,False,False,False,False,False,True,False,False,False,True,False,False,True,False
100.0,41.27067550637497,3.4909127560735143,6.792363387650859,27.60932373685189,10.86844432855906,72.77003285819575,244.03178287529255,-8.037420442484514,1.0,True,False,False,False,False,False,False,False,False,True,False,False,True,False,True,False,False,False,False,False,False,True,False,False,False,False,True
75.0,41.95057477332522,1.020998813824791,39.25700470430688,21.597698150736537,89.07810182357422,96.16384199258748,44.225821881158815,11.050774885480116,7.0,False,False,False,True,False,False,True,False,False,False,False,True,False,False,False,True,False,False,False,False,False,True,False,False,False,True,False
85.0,46.412062022825936,0.851404001814604,28.155322376505964,32.592705472440954,19.463911203257716,67.77212935880982,87.22398823104606,-6.860000383855454,5.0,False,False,True,False,False,False,False,False,False,True,False,False,True,False,False,False,False,False,False,False,True,False,True,False,False,False,True
75.0,21.409576368254193,2.688747405717744,24.625701062345183,14.897692184378757,33.347001876837226,84.36688507744745,86.90488109479675,29.298692119115714,7.0,False,False,False,False,True,False,False,False,True,False,False,False,True,False,False,False,False,False,False,True,False,False,True,False,False,True,False
100.0,54.99600399457137,1.2462496848105056,23.093104580170714,36.96799540053725,57.08432709765952,88.92940041903762,11.215519610305956,3.2442471291325976,7.0,False,True,False,False,False,False,False,True,False,False,False,False,True,False,False,False,False,False,False,True,False,True,False,False,True,False,False
100.0,7.739028453603041,2.1044905591572047,36.45383942466944,15.488292335673664,77.5878565014895,99.5840325558417,100.993065560466,-9.7331719540477,6.0,False,False,False,False,True,True,False,False,False,False,False,True,False,False,False,False,True,False,False,False,False,False,False,True,True,False,False
62.0,11.48343148800489,3.621537943128784,21.479901891293174,13.026780016677543,35.535016809907276,91.07521077036716,267.40126313418483,-9.30581701543396,0.0,False,True,False,False,False,False,True,False,False,False,False,False,False,True,True,False,False,False,False,False,False,True,False,False,False,False,True
75.0,39.469966222866766,2.399707257559314,21.76519335517244,7.401232278898721,43.73232054574708,23.899850979861696,73.21338218607342,-2.0946210880551615,3.0,True,False,False,False,False,False,False,True,False,False,False,True,False,False,True,False,False,False,False,False,False,False,True,False,True,False,False
100.0,27.61163115157696,2.1747180096332643,41.06408281007833,5.519114485910332,27.5521263709905,68.84943482879109,95.48346782769497,34.20946138998912,6.0,False,False,False,True,False,True,False,False,False,False,False,True,False,False,False,False,False,True,False,False,False,False,True,False,True,False,False
85.0,15.254170728009932,3.3084640051254612,6.762530033811055,1.6408028431791564,42.74181829169473,88.23131388421965,263.8277791210288,-2.2583171498135663,5.166465086368807,False,False,False,False,True,False,True,False,False,False,False,True,False,False,False,False,False,False,True,False,False,False,True,False,False,True,False
85.0,45.06853330402873,1.7125795757007114,41.033115138608146,7.398448665378677,51.66193909108173,92.05776182737962,76.48391316423336,37.01416735411192,6.0,False,False,True,False,False,False,True,False,False,False,False,False,False,True,False,False,False,True,False,False,False,False,True,False,False,False,True
100.0,10.155212817693824,1.5201044618026391,41.18046160227635,6.571259003104723,28.835198378086417,76.29684375070215,156.08425441646537,7.541240675992974,1.0,True,False,False,False,False,False,False,False,True,False,False,False,True,False,False,False,True,False,False,False,False,False,False,True,False,True,False
75.0,54.99770543084315,3.4786292848725786,34.58457236976521,36.061237324988205,42.69807426210118,60.69092056799536,2.9083692951652194,22.32525036030907,1.0,False,False,False,False,True,False,False,True,False,False,False,False,True,False,False,False,False,False,False,False,True,True,False,False,False,True,False
75.0,64.87047474097292,3.233908961731549,38.98816936527054,5.197590769591839,26.65071179350475,56.36477070018802,90.13480940146296,27.33409428258677,4.0,False,False,True,False,False,False,True,False,False,False,False,False,False,True,False,False,False,False,False,True,False,False,True,False,True,False,False
50.0,25.13233553126914,1.899860256838659,16.20549350507357,32.61585546839829,25.684348116376185,94.52863671218913,127.43001739522587,40.25549685924228,4.0,False,False,False,False,True,False,True,False,False,False,False,False,False,True,False,True,False,False,False,False,False,False,True,False,False,True,False
100.0,14.462719261155256,3.400121467770743,44.04035430259583,18.413272054319847,14.151779294810476,64.60719261026487,55.74477858323473,1.7816978525239922,2.0,False,True,False,False,False,True,False,False,False,False,True,False,False,False,False,False,False,False,True,False,False,False,True,False,False,False,True
100.0,79.41814361458415,2.448882988088648,40.53974347421139,21.02559182603512,41.24381173795679,60.46037412094381,54.66136458981261,-0.3803868203410356,6.0,False,False,False,False,True,False,False,False,True,False,False,False,True,False,False,False,False,False,False,False,True,True,False,False,True,False,False
75.0,44.418453054668134,2.3443707303892207,19.663022523683978,6.18554310775622,22.97712852618256,94.85638958345972,116.420531077901,36.38826993443427,2.0,False,False,False,False,True,False,False,False,False,True,False,True,False,False,False,False,True,False,False,False,False,False,True,False,False,False,True
104.91720077254024,74.02042766018057,2.686048358029112,31.703436019536827,16.62835456572774,37.01027816622928,80.97290503288538,171.66196515906168,17.890667690753563,5.0,False,False,False,False,True,False,False,False,True,False,False,True,False,False,True,False,False,False,False,False,False,True,False,False,False,False,True
85.0,36.50542214391232,2.2555252746725967,11.40879036693086,18.47198201698827,70.62591952243636,79.48964999225626,272.2977116361246,11.102328786021516,5.0,True,False,False,False,False,False,False,False,False,True,False,False,True,False,False,False,True,False,False,False,False,False,False,True,False,False,True
50.0,39.067086785515194,3.869592051198957,16.674739845440627,18.39949875525578,76.15030562077015,88.85898881746061,110.6957634034999,18.617459121913196,5.0,False,False,False,False,True,False,False,True,False,False,False,False,False,True,False,False,False,False,False,False,True,False,True,False,False,False,True
50.0,63.79396886506549,0.780726977348041,25.33774294986998,18.773004704565743,35.17374581690467,92.8971265887208,208.10499278757257,22.736710448285702,2.0,False,False,True,False,False,False,False,True,False,False,True,False,False,False,False,False,True,False,False,False,False,False,False,True,False,True,False
85.0,67.45124177150385,0.8496021129916236,45.01922284159334,28.342279046305563,36.067742431259035,61.52733401108259,277.48917187603246,20.70521874101495,0.0,False,True,False,False,False,False,True,False,False,False,False,True,False,False,True,False,False,False,False,False,False,True,False,False,True,False,False
62.0,56.888515995947614,3.002854685668635,4.866182245217335,28.253769518315583,24.393135728855853,64.47087617102001,153.07364355191757,29.95583091727802,4.0,False,True,False,False,False,False,False,True,False,False,True,False,False,False,False,False,False,False,False,False,True,False,False,True,False,True,False
75.0,21.819378736342376,1.9892515706143985,25.603799331857445,34.257801575049726,77.2186383638102,96.7728077802988,199.5727451903281,38.08420737879896,7.0,False,False,False,False,True,False,True,False,False,False,False,True,False,False,False,True,False,False,False,False,False,False,True,False,True,False,False
62.0,47.01289216755188,1.666889947193717,32.3517607544628,5.890131947667906,27.334576091679416,82.10819943528537,18.72980948047723,15.723862443784828,6.0,True,False,False,False,False,False,False,False,True,False,False,True,False,False,False,False,False,True,False,False,False,False,False,True,False,True,False
75.0,73.61974524719619,3.512410977008963,25.276272098020304,24.753246131106707,36.21438191699346,85.98415765413446,253.84601558086376,36.1588452222002,2.0,True,False,False,False,False,False,False,True,False,False,False,False,True,False,False,False,False,False,True,False,False,False,False,True,True,False,False
85.0,42.69140537961698,1.4921370266885217,35.502603961262636,23.10830642087077,44.34311602407615,55.36454732459735,152.25986699080715,5.844455953107511,3.0,False,False,True,False,False,False,False,False,True,False,False,True,False,False,False,False,True,False,False,False,False,False,False,True,False,False,True
51.40198311559624,41.943586371262185,2.5369563233262555,11.336239337835234,23.053073558291775,18.607075567989952,79.10217892402866,192.78226018843452,-0.3092942770735867,3.0,False,False,False,False,True,False,False,False,True,False,True,False,False,False,True,False,False,False,False,False,False,False,False,True,False,False,True
50.0,37.1629261473043,2.5098001501468183,16.71357046527665,34.2572380165505,43.85212940109913,85.03959004546304,177.96993909111302,26.515870835747123,7.0,False,True,False,False,False,False,False,True,False,False,True,False,False,False,False,True,False,False,False,False,False,False,False,True,False,True,False
75.0,34.66100210237426,3.1763189433023564,20.939420194012936,8.04523685587209,27.062953435914476,96.5732929286612,207.7363874429275,5.413055945134586,2.0,True,False,False,False,False,False,False,False,True,False,False,False,True,False,False,False,False,False,False,True,False,True,False,False,False,True,False
99.53686936635634,42.69140537961698,1.815589987827488,24.304632624345277,28.013446214398726,61.02753439101815,94.5402686850617,33.45416754010873,37.88852119458997,5.0,False,False,False,False,True,False,False,True,False,False,False,True,False,False,False,True,False,False,False,False,False,True,False,False,False,False,True
136.41543451440273,8.891155819549416,2.8843947056540618,48.73579805836498,8.58645932139544,45.45218187639201,52.39898306058275,152.25986699080715,25.214672434636334,4.0,True,False,False,False,False,False,False,True,False,False,True,False,False,False,False,True,False,False,False,False,False,False,True,False,False,True,False
62.0,29.379323254386147,3.713389685661965,9.761640088024611,38.970252931918765,53.306406203657275,57.5164175290219,269.37707955527657,26.351977889667808,7.0,True,False,False,False,False,False,False,True,False,False,False,False,False,True,False,True,False,False,False,False,False,True,False,False,False,True,False
85.0,6.538370226754212,0.4764888584944907,25.603799331857445,38.99101191600969,67.80966999908321,60.7172780031837,91.92419965660582,30.05477882154072,2.0,False,True,False,False,False,False,False,False,False,True,False,False,True,False,True,False,False,False,False,False,False,True,False,False,True,False,False
50.0,70.38996843882086,1.6374716334225594,25.603799331857445,32.261405415372,112.49077610199396,70.28357264398718,188.31022611001245,-7.643437415464851,4.0,False,False,False,True,False,False,False,False,True,False,False,False,False,True,False,False,False,False,False,True,False,False,True,False,True,False,False
62.0,16.080974332847084,3.2688994137050384,36.72813141128639,54.8058326242968,12.688739217031737,82.08507354680322,208.89953672695228,38.07846357748428,0.0,False,False,True,False,False,True,False,False,False,False,True,False,False,False,False,False,False,False,True,False,False,True,False,False,True,False,False
75.0,7.557567403210105,1.5006720163824252,43.23390652289862,28.52468580224395,17.754276035274597,99.07140402400482,22.22200644715266,39.70275936848749,3.0,False,False,True,False,False,False,False,True,False,False,False,False,False,True,False,True,False,False,False,False,False,False,True,False,False,True,False
54.37091028458795,15.807797227472452,0.7272326804294439,7.184034011462772,30.31309028341493,74.0910966639012,67.42246670007289,53.311228992071456,22.803971948451284,7.0,False,True,False,False,False,False,False,False,True,False,False,False,True,False,True,False,False,False,False,False,False,False,True,False,False,False,True
85.0,60.12372287224216,2.96901443494091,30.659343811920305,19.627277197012234,30.09851054515697,86.75793989597003,205.5531188351665,34.63224698985543,6.0,True,False,False,False,False,False,True,False,False,False,False,False,False,True,True,False,False,False,False,False,False,True,False,False,False,False,True
85.0,67.93942571536539,1.2230618926040728,17.89966430419242,0.3070854525009296,46.180880806019246,57.467665544543586,109.00880040885484,5.543129286631091,3.0,False,False,False,False,True,False,False,True,False,False,True,False,False,False,False,False,False,False,True,False,False,False,False,True,False,False,True
50.0,70.04034616527528,2.9342655260543493,32.410287611863005,16.576540052015517,19.340322880931105,87.55060863775552,149.70578317047477,-1.336590181200517,7.0,True,False,False,False,False,False,False,True,False,False,False,False,False,True,False,False,False,True,False,False,False,False,True,False,False,False,True
85.0,68.55546011969274,0.6207460883241752,6.326355675537149,13.365617634727815,19.1958641680648,69.22304946268947,40.61263817128683,-7.031217903445266,0.9177196405838852,False,True,False,False,False,True,False,False,False,False,False,False,False,True,False,False,False,False,False,False,True,False,False,True,True,False,False
75.0,36.56579373074047,1.591615524315486,46.26542306507794,23.289947298874967,58.62796231923209,66.00498834158871,152.25986699080715,6.774915909691412,1.8060796366764589,False,False,True,False,False,False,False,False,False,True,False,False,False,True,False,False,False,False,False,True,False,False,True,False,True,False,False
100.0,20.45364201596675,0.9197906435013752,26.50464266178465,9.318802731363286,57.960786353751544,73.66118680530789,200.1795138076923,7.501798525313916,1.0,True,False,False,False,False,False,False,False,False,True,False,True,False,False,False,False,False,False,False,True,False,True,False,False,False,True,False
100.0,9.716946683936513,2.3680969327218273,43.55543394226943,25.71904075066204,17.34015102606766,75.07974999789877,100.95890850691092,5.937826145838496,4.0,False,False,True,False,False,False,False,True,False,False,True,False,False,False,False,False,True,False,False,False,False,False,False,True,False,False,True
62.0,61.68434321639767,0.6743009901303187,13.412801608882669,29.840734726488986,86.66804504011142,87.83956713726477,277.8175211737991,37.44001253981505,6.0,False,False,False,False,True,False,False,False,True,False,False,False,False,True,False,True,False,False,False,False,False,False,True,False,False,True,False
62.0,28.578878080059383,0.9772797884793448,18.89050926115035,36.55775619079015,25.487878220389383,91.46611949979288,268.4562979471927,17.67509365493429,3.0,False,False,True,False,False,False,True,False,False,False,True,False,False,False,False,False,False,False,False,False,True,True,False,False,False,False,True
62.0,21.13404477845307,3.898518142738747,32.29204570108007,10.727151242021655,44.714215157000595,79.20117923596027,72.353761687005,-1.2121201955981975,5.0,False,False,True,False,False,False,True,False,False,False,False,False,False,True,False,False,False,True,False,False,False,False,False,True,False,False,True
85.0,46.766044261097434,0.8976082931589286,1.4725491393748178,36.69891780197888,18.361941725144952,58.12952778906229,122.10471099931809,6.270019136181286,7.0,False,False,False,True,False,False,False,False,True,False,False,False,True,False,False,False,False,False,False,True,False,True,False,False,False,True,False
87.48862386841733,17.759774553770676,2.7152626249039615,42.822405097963895,29.865253288430424,17.018773150471347,77.27513131934126,175.12476057983207,28.11987387730742,0.0,False,False,False,True,False,False,False,True,False,False,False,False,True,False,False,False,False,True,False,False,False,True,False,False,True,False,False
50.0,79.39006382394219,2.714307815753389,19.137789169043728,21.852678261217125,63.91237041956912,87.44451136593865,152.25986699080715,14.461304343531758,4.0,False,False,False,True,False,False,True,False,False,False,False,False,True,False,False,False,True,False,False,False,False,False,False,True,False,True,False
100.0,21.069157575738828,3.724054728769408,28.509014979393807,37.40768483305845,37.966771991163235,66.651863202737,222.2882898379178,5.922050897982931,7.0,False,False,True,False,False,False,False,False,False,True,False,False,False,True,False,True,False,False,False,False,False,False,True,False,False,True,False
50.0,19.402523927112213,2.052873698794108,5.010837899876794,12.0964044320606,22.70527169388543,51.00979703867647,111.92290341716226,-9.275049108842106,6.0,False,True,False,False,False,False,False,False,True,False,True,False,False,False,False,False,False,False,False,False,True,False,True,False,False,False,True
62.0,42.69140537961698,1.74437377830643,27.831499239229885,36.42301293938108,42.441079777942534,57.45873572271278,63.456248858128504,8.413402193357907,6.0,False,False,True,False,False,True,False,False,False,False,False,False,True,False,True,False,False,False,False,False,False,True,False,False,True,False,False
85.0,44.87005617634201,1.587339770691813,41.419459031249644,34.23881023394986,39.4955529396218,81.20907646730309,63.19030760009094,7.066994360010764,3.0,False,True,False,False,False,False,False,True,False,False,False,True,False,False,False,True,False,False,False,False,False,False,True,False,False,True,False
62.0,46.21171801338653,3.413165992217541,48.97288766046728,28.834861290028357,28.232040603335975,72.28374893287089,36.73723678897388,15.69308559250257,4.0,False,True,False,False,False,False,False,False,True,False,False,False,True,False,False,False,False,False,False,False,True,False,False,True,True,False,False
85.0,42.69140537961698,4.141746358801111,34.692069171764906,32.20611679850356,49.716870276033006,75.84852337134393,152.25986699080715,-8.771230052957904,2.0,False,False,False,True,False,False,True,False,False,False,False,False,True,False,False,False,False,False,True,False,False,False,False,True,True,False,False
62.0,57.03840397041998,2.1878805730584854,43.967390638822295,8.95809011257898,65.23313127161703,89.08926956209135,181.04511627258617,8.223442942415684,5.0,True,False,False,False,False,False,False,True,False,False,False,True,False,False,False,False,False,False,False,True,False,True,False,False,True,False,False
62.0,32.93955896020962,3.2638396197317596,38.70625781494024,29.962687056178257,57.60771498741192,73.13541480508145,29.20698665500389,-3.485828978930491,2.0,False,False,False,False,True,False,False,False,False,True,False,False,True,False,False,False,False,True,False,False,False,True,False,False,True,False,False
75.0,63.023554629150055,1.328228592217343,8.5590068567144,17.57057592595676,42.4281627217739,74.74473036868736,190.2375003773271,-2.815440130297377,9.076121183934156,False,False,False,True,False,False,False,True,False,False,False,False,False,True,False,True,False,False,False,False,False,False,False,True,False,False,True
51.11291392372298,33.013974817380586,2.661667835438844,31.903997531199416,31.923291755496468,51.939978507349934,68.814308755249,20.47193247483592,18.7966227017896,0.0,False,False,False,True,False,False,False,True,False,False,False,False,False,True,False,False,True,False,False,False,False,False,False,True,False,False,True
62.0,56.61749580017371,1.2554286884558712,25.603799331857445,37.141958122178465,57.71564716062911,88.56810415273128,107.00758847163593,28.939877792356477,4.0,True,False,False,False,False,False,False,False,False,True,False,False,True,False,True,False,False,False,False,False,False,True,False,False,False,False,True
50.0,53.17397382318082,0.6265343118945121,19.14919319503228,26.687765755891057,40.51960080375618,70.54702336187589,105.45068675777992,37.891269246397464,2.0,False,False,False,False,True,False,False,False,False,True,True,False,False,False,False,False,True,False,False,False,False,True,False,False,False,False,True
50.0,51.87067063305462,3.860721725152656,28.74682186959425,20.190399395872006,85.33986897849638,72.4190119951639,261.22513034672306,-0.2275496187781902,4.0,False,False,True,False,False,False,False,True,False,False,True,False,False,False,False,False,False,True,False,False,False,False,False,True,False,False,True
100.0,64.30797977990255,2.4726580495940502,33.308467799457084,14.195130618911412,42.861075191260454,96.5701974188098,232.1110226457514,-7.676627701888041,6.0,False,False,True,False,False,False,False,False,False,True,False,False,True,False,False,True,False,False,False,False,False,True,False,False,False,True,False
75.0,4.288320356345183,2.459856158969858,38.84166727900306,41.86809852834974,16.673947376892286,66.46589651251593,107.39690671379375,-8.963939146552088,5.0,False,False,False,True,False,False,False,False,True,False,False,True,False,False,False,False,False,False,False,True,False,False,True,False,True,False,False
85.0,56.72762317734674,2.014009927511727,11.926340207761143,19.14476388897923,37.882243061092254,62.637588623060246,288.1981960891153,10.570690120918144,6.0,False,False,False,False,True,False,False,False,False,True,False,False,False,True,False,False,False,False,False,True,False,False,False,True,False,False,True
75.0,44.90995546867643,0.8939407757793052,16.749235956917815,32.16053904074153,32.675379156299975,97.14443980282022,14.12651758215478,27.186087399037447,6.0,False,False,False,True,False,False,False,False,False,True,False,False,False,True,False,False,False,False,False,False,True,False,False,True,True,False,False
85.0,13.876557599494063,2.1645209340146323,46.7592714538903,9.886443112353827,68.86492830529428,76.92841522505879,192.98821300367177,37.25231990107531,7.0,False,True,False,False,False,False,False,True,False,False,False,False,False,True,False,False,True,False,False,False,False,True,False,False,False,False,True
62.0,39.37124122897048,1.4113755476385768,26.037607462215725,27.082467627446135,85.47480341845245,86.87267358090577,79.7557017327573,27.347052433166567,5.0,False,False,False,True,False,False,False,False,True,False,False,False,True,False,False,False,True,False,False,False,False,True,False,False,False,False,True
46.669530887471986,11.75852247006084,3.0422495619992893,34.72004456356924,13.288627008242782,14.287268227331143,70.94854751913894,272.88033984390114,-5.123045320963795,3.0,False,False,False,True,False,True,False,False,False,False,False,False,False,True,True,False,False,False,False,False,False,False,False,True,False,True,False
100.0,49.8977884122396,2.4015061649972056,44.04748117928701,37.87326034672791,56.776136362878844,72.15227538457333,233.24300716478712,18.00827452726469,2.0,False,False,True,False,False,True,False,False,False,False,False,False,True,False,False,False,False,True,False,False,False,True,False,False,True,False,False
85.0,64.60983161155823,1.2268943338915914,3.991359551432321,37.08082728686741,21.98287036518241,72.93984362354989,116.17711903418054,17.109240531180074,4.0,False,False,True,False,False,False,True,False,False,False,False,False,True,False,False,False,False,False,False,False,True,False,True,False,False,False,True
50.0,12.594888574055725,3.4204799604552063,13.286811651784502,25.13861353191121,70.24667677385645,87.17180458888146,67.62131034729012,34.24765263754184,2.0,False,False,True,False,False,False,False,False,False,True,True,False,False,False,True,False,False,False,False,False,False,True,False,False,False,False,True
75.0,65.5974266945568,1.0268928464258762,5.587311138334597,2.3480751234581474,17.66957397665747,86.32257217342182,152.25986699080715,-9.26753257022055,1.0,False,True,False,False,False,False,False,False,False,True,False,True,False,False,False,True,False,False,False,False,False,False,False,True,False,True,False
50.0,8.11244782892836,1.6524584369903064,37.291553914580305,32.128759997708954,28.369004521577175,94.75699375152328,286.34281820301436,-8.483436369308658,1.9578939066077323,False,False,True,False,False,False,False,False,True,False,False,True,False,False,False,True,False,False,False,False,False,True,False,False,True,False,False
85.0,48.9611152601949,2.967570122040841,28.59951519129401,12.3264901469482,68.68646311087505,85.61471937832445,122.7506886568816,6.6590121495565455,4.0,False,False,False,False,True,True,False,False,False,False,False,True,False,False,False,False,True,False,False,False,False,False,False,True,True,False,False
62.0,34.38288065090023,2.52093306902836,6.558201297307768,22.876376599421903,51.16789790994329,88.32990473257357,108.5921418798638,-9.825102181584937,7.0,True,False,False,False,False,False,True,False,False,False,False,False,False,True,False,False,False,True,False,False,False,False,True,False,False,False,True
50.0,52.55689588098792,1.0389579659710988,37.50238773927163,26.92281538480217,71.54644710597078,74.06468014896535,49.571173995345305,31.52877610316707,1.0,False,False,False,False,True,False,False,False,True,False,True,False,False,False,False,False,False,False,False,False,True,False,False,True,False,True,False
62.0,37.23027566973339,1.3158292480171974,4.302635825621664,24.62547643674416,66.89443080638873,90.57226050462458,207.1659351930572,9.714810900062302,6.0,False,False,False,False,True,False,False,False,False,True,True,False,False,False,False,False,False,True,False,False,False,False,True,False,False,True,False
62.0,54.78487940320012,1.835515716682636,25.603799331857445,30.792272179903335,64.23263517878756,61.686776590427314,204.7097989049075,26.548942168481005,4.0,False,False,True,False,False,True,False,False,False,False,False,False,True,False,False,False,False,False,True,False,False,False,True,False,False,False,True
75.0,37.42669941100735,2.3535244577998764,16.98014038038876,5.466831569207942,94.43594757344395,90.53708519645944,136.9591350117216,15.356177546750448,6.0,True,False,False,False,False,False,True,False,False,False,True,False,False,False,False,False,False,False,False,True,False,False,True,False,True,False,False
85.0,28.079314202327826,0.851949340305673,25.576110372241647,11.336121483160047,25.388197818588495,91.34610764842,145.7988862804015,27.956887340129533,5.0,True,False,False,False,False,False,False,True,False,False,False,False,True,False,False,False,False,True,False,False,False,False,True,False,False,False,True
62.0,79.78776885692933,1.446464436407853,25.603799331857445,15.676626990703951,79.81742730365542,74.12982191395835,286.57276713345254,1.1453232141019924,4.0,True,False,False,False,False,True,False,False,False,False,True,False,False,False,False,False,False,False,False,False,True,False,True,False,True,False,False
85.0,75.62248861139022,1.7472795766236338,16.791473726872688,30.054618552317088,72.63725302405064,68.33086515542429,214.7186173410383,38.10561785008211,2.0,False,True,False,False,False,False,True,False,False,False,False,False,True,False,False,False,False,True,False,False,False,True,False,False,False,True,False
85.0,48.57848684629363,3.589270673368264,1.722296153828387,22.019481879682715,117.65623501960944,91.724539793526,41.579117385750905,28.4532827029553,1.0,False,False,True,False,False,False,False,False,True,False,False,False,False,True,False,False,False,False,False,False,True,False,True,False,False,False,True
50.0,60.63745352964948,1.7538457751294445,7.703067645420777,14.5889271231461,71.58529275501547,56.16768065895357,135.99532137096764,12.168906712780108,0.0,True,False,False,False,False,False,False,True,False,False,True,False,False,False,False,True,False,False,False,False,False,True,False,False,False,False,True
75.0,66.85109294209524,2.5875618711459563,20.271139390382576,38.77129432172354,24.351228207169505,61.21435182464796,297.8937853253713,35.225496991923336,4.0,False,True,False,False,False,False,True,False,False,False,False,True,False,False,False,False,False,False,False,True,False,True,False,False,False,False,True
62.0,32.34799932603372,3.9146817966881247,15.17023591981323,16.523471173362076,71.05173681313087,83.00801293723802,254.04364446976447,11.657679772471806,1.0,False,False,False,True,False,False,True,False,False,False,False,False,True,False,False,False,False,True,False,False,False,True,False,False,True,False,False
47.00766203532009,42.69140537961698,0.9480619802458295,3.581987960763606,19.074290704237576,22.4626438351493,51.02067253425647,27.575222465699976,8.72067919857059,4.0,False,False,False,True,False,False,False,False,False,True,True,False,False,False,False,False,False,True,False,False,False,False,False,True,True,False,False
15.421681476063268,67.70594563751288,3.9208613012288422,13.86051817161326,33.839919385545514,79.21151851502425,57.56582309080227,259.63121909317914,-2.733592900512196,0.0,False,True,False,False,False,True,False,False,False,False,True,False,False,False,False,False,False,True,False,False,False,False,False,True,False,True,False
91.28885270753447,8.383690895109462,2.0002674427255034,40.17788477379544,11.676242695172816,75.61769581932225,76.10522265059508,283.73065488496775,18.406878991218072,3.0,False,True,False,False,False,False,False,False,False,True,False,False,True,False,False,False,False,False,False,False,True,False,True,False,True,False,False
50.0,60.939817877399975,1.8124725073130636,18.879370175817385,30.0556045926098,81.441194681009,66.37170348590195,88.25561781096748,1.8954900233499377,3.898678748629223,False,False,True,False,False,False,False,True,False,False,True,False,False,False,False,False,False,True,False,False,False,True,False,False,True,False,False
100.0,42.69140537961698,0.5636985725286845,21.457692901555095,15.089082188488137,30.14072124145576,85.00767893682871,61.68334147225403,16.339936826956954,2.0,False,False,True,False,False,False,True,False,False,False,False,True,False,False,False,True,False,False,False,False,False,False,False,True,False,False,True
85.0,42.69140537961698,0.4218407426975067,13.140039305787475,19.95380604887038,49.35268117318938,81.13196763513056,55.83574755188287,23.17422825544807,5.0,False,False,False,True,False,False,False,False,False,True,False,False,True,False,False,True,False,False,False,False,False,True,False,False,False,True,False
85.0,7.603711413792093,0.8071934731868609,25.603799331857445,5.584713216904807,38.779269560201854,94.04383182424516,87.85555332964243,0.210771382575384,3.0,True,False,False,False,False,True,False,False,False,False,False,False,True,False,False,False,True,False,False,False,False,False,False,True,False,True,False
85.0,70.536636587169,2.4841473226113617,42.09577517242755,19.807062464081817,87.14823173121326,66.96786044167332,173.21217147947226,30.27475489833003,6.0,False,False,False,True,False,False,False,True,False,False,False,False,True,False,False,False,True,False,False,False,False,True,False,False,False,False,True
100.0,73.31591786048328,2.8969906771262055,23.97348713940437,18.38799785653042,18.39015106792008,80.42568669204886,86.38453002432225,17.738683088849037,1.0,True,False,False,False,False,False,False,False,True,False,False,False,True,False,False,False,False,False,False,False,True,False,False,True,True,False,False
50.0,62.86785794966232,2.923176577184032,15.490027606541537,10.010929748462123,33.809680164077925,61.33586728999249,112.92221694075552,1.901738829206813,4.0,True,False,False,False,False,False,False,False,False,True,False,False,True,False,False,False,False,False,False,False,True,False,True,False,True,False,False
100.0,14.355208491625932,1.7662988795206973,47.80486645935545,35.246592689419245,13.134702560900068,53.73066045094701,274.7990199525856,21.976294160897577,2.0,False,False,True,False,False,False,False,True,False,False,False,True,False,False,False,True,False,False,False,False,False,False,True,False,False,False,True
85.0,74.7896950755514,1.8798623119420803,21.10837172285618,10.342252696579552,16.30623976881609,69.88709284489468,260.0043740481551,32.745897574028064,3.0,False,False,False,False,True,False,False,False,True,False,False,False,True,False,False,False,True,False,False,False,False,False,True,False,False,False,True
75.0,41.980753234068054,1.7321354425638893,14.090858743837904,37.620635296365485,14.258182790042476,60.36416529245368,156.73213771865275,15.617520571994522,4.814970203016184,False,False,False,False,True,False,False,False,False,True,False,True,False,False,False,False,False,True,False,False,False,True,False,False,True,False,False
91.77553027947226,66.82312116249,2.985954969992374,11.89627327539795,22.68582477738005,76.65817666174327,84.90230211496663,108.85225690019809,36.04195930468979,5.0,False,True,False,False,False,False,False,True,False,False,False,True,False,False,False,False,False,True,False,False,False,False,True,False,False,True,False
50.0,47.18840893514874,3.3301281116830976,5.340049724227951,29.793613883827913,17.56487802139744,54.49094700636411,156.46392580325875,5.107230642442021,3.0,False,False,True,False,False,False,False,True,False,False,False,True,False,False,False,False,False,False,False,False,True,False,True,False,False,False,True
100.0,46.29599734888577,2.153857223588153,10.600401685765078,13.904868183459348,72.22602916274909,84.03560603066902,89.60070046131247,9.89320650990976,6.817970665440446,True,False,False,False,False,False,False,False,False,True,False,False,True,False,False,False,False,False,False,True,False,False,False,True,True,False,False
75.0,37.10851773104313,2.9383941173028547,20.080307716207404,20.3548115522384,33.299940358533576,58.815738709345766,32.17691631628233,15.648673640514597,1.8964453073205336,False,False,False,False,True,False,False,True,False,False,False,True,False,False,False,True,False,False,False,False,False,False,False,True,False,False,True
62.0,71.97510217973728,1.057536323648838,23.65002521190977,32.02073544910948,63.10375471060478,63.99918589403212,103.9155587984807,21.52620216393159,5.0,True,False,False,False,False,False,True,False,False,False,False,False,True,False,False,True,False,False,False,False,False,False,False,True,False,True,False
85.0,42.69140537961698,3.735995768903568,22.12840795657647,31.004562598908453,45.02676544775325,62.319256394629825,254.5440878406694,-4.040964038381835,4.0,False,False,False,False,True,False,False,False,False,True,False,True,False,False,False,False,False,False,False,False,True,False,True,False,False,True,False
50.0,45.134038075505366,2.0188481899147668,25.603799331857445,10.676358867519522,51.051321059781294,75.88273060916863,193.90712045321132,2.872382522475686,3.0,False,False,False,False,True,False,False,True,False,False,False,False,True,False,False,False,False,False,False,False,True,False,False,True,True,False,False
85.0,23.920921968262732,2.1458063544955026,25.796602896239076,6.984975882158874,86.84411862438084,89.24746094399288,11.97092257648914,22.170226466953117,4.415774008975135,False,False,False,False,True,False,False,False,True,False,True,False,False,False,False,False,False,False,False,False,True,False,False,True,False,True,False
85.0,40.63092350376829,2.7497394121507943,25.767194138166374,9.165930228007497,31.278431311471454,70.89589429940227,250.2821966735628,17.414579084848018,4.0,False,False,True,False,False,False,False,False,True,False,True,False,False,False,False,False,False,True,False,False,False,False,True,False,False,False,True
62.0,75.40700953728192,3.1544865399763964,17.72970871647675,9.081870690631083,32.02965792973367,101.60527923430952,93.79222804570132,12.45705780248593,0.0,False,False,False,True,False,False,True,False,False,False,False,True,False,False,False,False,False,True,False,False,False,False,False,True,False,True,False
62.0,42.69140537961698,3.3149838274676062,18.86581793926711,31.583421759595048,47.88191719759692,66.77787000210006,55.86446952920233,10.71632154134566,7.0,True,False,False,False,False,False,False,False,False,True,False,False,False,True,False,False,False,False,False,True,False,True,False,False,True,False,False
75.0,36.490277883670345,0.7047543150612254,5.949301763553466,23.36364120539393,64.22809474454678,76.17290419324496,241.98464368309695,36.04862346055762,2.0,False,False,True,False,False,False,False,True,False,False,False,False,False,True,False,True,False,False,False,False,False,False,False,True,False,False,True
85.0,67.56014288077881,2.8112366498993966,8.97054959336193,37.67046404159672,69.3146975661584,96.93664540216876,145.6653928623303,35.8188602256871,7.0,False,False,True,False,False,False,False,True,False,False,True,False,False,False,False,False,False,False,True,False,False,True,False,False,False,True,False
75.0,52.57470179430345,3.265989573804946,4.71158320497076,12.328853901074694,89.10032843307252,82.21819366749506,165.45403485947003,16.54458122590386,5.0,False,False,True,False,False,False,False,False,True,False,False,True,False,False,False,False,False,False,False,True,False,False,False,True,False,True,False
85.0,28.279857147188363,2.6937194091618064,13.226974760476542,24.9637246919867,62.57412042187828,88.35855052582593,190.6843550232037,12.38716532742395,0.0,False,False,True,False,False,False,True,False,False,False,False,True,False,False,False,False,False,False,False,True,False,False,False,True,False,True,False
62.0,28.86912479595657,1.1539207497704678,32.83003788863654,46.05917303279747,81.27280773777099,95.97179380144212,210.27725035738095,30.89722993782202,4.0,False,False,True,False,False,False,False,False,True,False,False,True,False,False,False,False,False,True,False,False,False,True,False,False,True,False,False
85.0,13.116998507416143,3.537873194776532,25.603799331857445,25.799548370977337,5.065719156270278,77.77587129654894,213.7233639633143,32.05495299019442,0.52409502806589,False,True,False,False,False,False,False,False,True,False,False,False,False,True,False,False,True,False,False,False,False,False,True,False,True,False,False
50.0,21.4227595329351,0.7348796153422308,9.18907742881566,28.072895576530428,86.49476539812044,52.98111185901106,74.38130924687583,12.043850042390211,7.0,True,False,False,False,False,False,True,False,False,False,True,False,False,False,False,True,False,False,False,False,False,True,False,False,False,True,False
100.0,45.11780647869832,3.9527047377539137,4.273735085390689,7.070463343804775,13.581959675481777,76.36656023654798,162.80604119894906,-3.858987596285049,0.0,False,False,True,False,False,False,False,False,False,True,False,True,False,False,False,False,False,True,False,False,False,False,True,False,False,False,True
62.0,26.29222408241131,1.778820810872269,3.593327631512293,33.69455231040068,40.476013818815545,69.66797732415742,177.81252667841642,32.06059184530071,2.0,True,False,False,False,False,False,False,True,False,False,True,False,False,False,False,False,False,False,True,False,False,False,False,True,False,True,False
75.0,51.636842344281185,0.7835521249094246,14.606984402944972,13.479666789464092,32.40961572811105,78.63615922559178,277.732606764294,31.302787524423408,0.0,False,True,False,False,False,False,False,False,False,True,True,False,False,False,False,True,False,False,False,False,False,False,True,False,False,False,True
85.0,44.81719081526413,1.0358587667958,12.546861495301147,32.94204561906906,66.40059792966022,88.70306595249613,174.92688876199773,-6.159650195104213,1.658013067443325,False,True,False,False,False,True,False,False,False,False,False,False,True,False,False,False,False,False,False,True,False,False,True,False,False,False,True
50.0,19.362005744810176,2.536249341680839,29.626242800392035,35.25777162955957,47.22523795880807,83.91200043508005,107.74848344345337,0.3746593402422871,7.0,True,False,False,False,False,True,False,False,False,False,False,False,False,True,False,False,False,False,False,False,True,True,False,False,True,False,False
75.0,55.39579143864877,2.253027295813109,31.554096556735363,12.864307212312454,12.98057685502397,61.21899271402144,163.25017153036194,29.71628091352946,6.0,False,False,False,False,True,True,False,False,False,False,True,False,False,False,False,True,False,False,False,False,False,False,True,False,False,True,False
50.0,22.016443610220865,1.2691575992195072,41.19625063945213,35.94010097989639,23.665610919342743,74.89872941823225,236.5735610243411,11.544380927607264,0.0,False,False,False,True,False,False,True,False,False,False,False,False,True,False,False,True,False,False,False,False,False,False,True,False,True,False,False
75.0,67.38186056016852,0.7992102307305,2.63696678953564,25.815182356749375,12.054790024376816,86.4902469957745,233.8834989699705,5.890056032833771,2.0,False,False,False,False,True,False,False,False,True,False,False,False,False,True,False,False,False,False,False,False,True,True,False,False,False,True,False
75.0,68.23834404896303,2.7104371990468517,8.991499198950546,39.68502240326799,30.228181598609112,80.04374460476306,245.31466887785396,11.712169604952358,7.0,False,False,False,False,True,False,False,False,False,True,False,True,False,False,False,False,False,False,True,False,False,False,True,False,False,False,True
62.0,67.13334039157891,1.2341548025396727,27.95671520137067,32.69770059193057,23.50594715611516,76.14600844871192,7.619894391103201,8.087592836673355,4.0,False,False,False,False,True,False,False,True,False,False,False,True,False,False,False,False,False,False,True,False,False,False,True,False,True,False,False
75.0,42.91893733882982,3.1653954182663813,13.104480594253658,22.071556691970493,34.83463935826441,97.25178675418088,129.4031901986671,6.362088419350972,5.0,False,False,True,False,False,True,False,False,False,False,False,False,True,False,False,True,False,False,False,False,False,True,False,False,True,False,False
50.0,42.69140537961698,0.8945285041654976,15.335022668945852,22.67342939573053,63.513114178742214,89.38804186609424,96.0300780971366,28.42298641328152,0.0,False,True,False,False,False,False,False,False,False,True,False,True,False,False,False,False,False,True,False,False,False,True,False,False,True,False,False
62.0,35.327332248586075,1.4716437603646677,44.67299945575187,25.36250422932223,51.41733330420172,73.33529424607988,128.32099334561258,29.212784494288904,3.0,False,False,False,False,True,True,False,False,False,False,False,False,True,False,False,False,False,False,False,False,True,True,False,False,False,False,True
62.0,74.51050318325304,1.589218757649078,7.994911673203704,29.59671412822717,70.43050310785254,95.65922813290568,298.29967593868054,36.383385462428805,1.0,False,True,False,False,False,True,False,False,False,False,False,False,True,False,False,False,True,False,False,False,False,False,True,False,True,False,False
50.0,42.69140537961698,1.0098888456527892,37.57241996661435,17.342541089785524,43.70577587099555,73.82277116126612,73.80774219139828,35.308299865666505,6.0,True,False,False,False,False,False,False,True,False,False,False,True,False,False,False,True,False,False,False,False,False,False,False,True,False,True,False
85.0,49.73870005239731,2.0155172553936804,32.868369584228795,19.584955491591103,85.7276473198578,52.82854414772641,272.1851200948879,7.812917020555137,6.0,False,False,False,True,False,False,True,False,False,False,False,False,False,True,False,False,False,False,False,False,True,True,False,False,False,True,False
12.653948904501569,23.52224181213657,1.8443738513652728,42.38027139821144,0.6713465052444556,74.93082559717652,96.89694699240272,162.18850148381796,13.67513571087282,5.0,True,False,False,False,False,False,False,False,True,False,False,False,True,False,False,False,False,False,False,True,False,True,False,False,False,False,True
100.0,44.95337165292389,1.5923756223747267,34.04003943718871,26.378650513303967,66.85003619045646,61.31395762559154,232.2448941320328,22.59449152426216,5.0,True,False,False,False,False,False,True,False,False,False,False,False,False,True,False,False,True,False,False,False,False,False,True,False,True,False,False
121.2118923533745,66.70523645325736,1.8952201719593704,6.513656892904606,32.285230726225045,56.71797218306136,83.6461815329856,166.62444388661453,32.84721980697499,7.0,False,False,True,False,False,False,False,False,False,True,False,False,False,True,False,False,False,False,False,False,True,False,False,True,False,True,False
62.0,44.062154790555624,2.714331888364399,12.637728429568222,5.449246048885791,74.68318533575786,73.06427881282285,10.898430607673127,3.802174549018837,3.0,False,False,False,True,False,False,True,False,False,False,False,False,True,False,False,False,False,True,False,False,False,False,False,True,True,False,False
100.0,14.0255330182289,2.276768301061686,30.77497307475196,10.79498940368394,87.71511040292735,85.38816818984216,274.27158785342897,9.344345738493068,7.0,True,False,False,False,False,False,False,False,False,True,False,False,False,True,False,True,False,False,False,False,False,False,True,False,False,True,False
85.0,21.76458667261335,2.0100101346312087,20.317417967928417,23.20977594440839,64.87936303535116,59.01954509147424,204.08251867131,20.678423517606525,7.0,True,False,False,False,False,False,False,False,False,True,False,False,True,False,True,False,False,False,False,False,False,True,False,False,False,False,True
50.0,16.554623964548597,5.45248786614729,36.74898063246032,30.017670245323252,69.43228823059195,52.06275801814783,299.26170846893746,-1.6386571488364885,0.0,False,False,False,True,False,False,False,False,True,False,False,True,False,False,False,False,False,False,True,False,False,False,True,False,False,True,False
65.23649825134287,15.474096088332848,0.7877986428506285,8.613364508124336,15.063206952124467,46.07069571420915,58.59052044642799,152.25986699080715,12.602687128795887,5.0,False,False,False,True,False,False,False,True,False,False,False,True,False,False,False,True,False,False,False,False,False,False,False,True,False,True,False
50.0,43.51234710063929,1.1812191146524962,26.13523981227178,6.619677868033717,17.369808651685883,95.17216451077678,141.16813211268564,21.078461325587387,3.0,True,False,False,False,False,False,False,False,True,False,False,True,False,False,False,False,False,False,False,False,True,True,False,False,False,True,False
75.0,38.5981394103895,1.369419618363992,26.562952201212457,45.044269358732905,37.92749853459692,75.10094365242409,298.319221457481,6.161191380180163,6.0,False,False,False,True,False,False,True,False,False,False,False,True,False,False,False,False,True,False,False,False,False,False,False,True,False,False,True
62.0,45.07891731764474,2.400914068190405,25.603799331857445,6.5566109443781215,40.17000798850017,94.603668586739,250.41634858297155,7.33503583628978,5.0,True,False,False,False,False,False,False,False,False,True,False,True,False,False,False,False,True,False,False,False,False,False,False,True,False,True,False
85.0,58.77314551651613,2.746555880784028,12.802289341306434,22.03951080420965,70.8802102208019,72.25262595365619,87.25015523286773,4.700463191367502,6.0,True,False,False,False,False,True,False,False,False,False,False,False,False,True,False,False,False,False,False,False,True,False,False,True,False,False,True
62.0,65.539397780162,1.9651245325256728,5.210684627425631,32.84723522607135,45.97265795541939,51.33001152315027,166.1593670762652,8.90452585554962,6.0,False,False,True,False,False,True,False,False,False,False,False,False,False,True,False,False,False,False,True,False,False,False,False,True,False,False,True
62.0,79.21399696256503,2.604326202856168,20.613804158936112,22.484565355417633,37.49932663104295,96.679708595604,152.25986699080715,-1.2045317001237752,4.0,False,False,False,False,True,False,False,False,False,True,False,False,False,True,False,True,False,False,False,False,False,True,False,False,False,True,False
62.0,62.91943734898983,1.110562981668299,37.24345801158542,38.967048172297254,39.360139370470705,50.60418727572144,268.54743343794433,21.519498317087468,4.0,True,False,False,False,False,False,False,False,True,False,True,False,False,False,False,False,True,False,False,False,False,True,False,False,True,False,False
35.044354421165465,18.39971040043272,2.065520389554198,5.904189492591163,28.02151127591707,36.50968370288002,85.7697373307883,160.4171358204794,15.833470808710103,0.0,False,True,False,False,False,False,False,True,False,False,True,False,False,False,False,False,True,False,False,False,False,True,False,False,False,True,False
62.0,47.492300242260534,3.410300606205229,44.87220045649857,6.153396129012328,62.161130173516035,63.079479800403355,46.772157427623455,-5.253638201447788,7.0,False,False,False,False,True,False,False,False,True,False,False,False,True,False,True,False,False,False,False,False,False,False,True,False,False,False,True
85.0,21.47142841095029,3.1162253455849,47.18975870041258,26.87453275967183,53.35164134135862,86.03135032630132,281.2570146793227,16.60261301916026,4.0,False,False,False,False,True,False,False,False,False,True,True,False,False,False,False,False,False,False,False,True,False,True,False,False,True,False,False
75.0,21.86794779138668,3.3833368265812283,29.88406599854634,40.433053782268175,43.8356488045344,61.372029465728886,229.7015932435815,35.01191454749671,2.0,False,False,False,False,True,False,False,False,False,True,False,True,False,False,True,False,False,False,False,False,False,False,False,True,False,True,False
75.0,78.23764802345093,2.7832118665409835,10.32712933232258,10.553717581788453,76.09869924748591,59.3125092229608,66.63692341792364,30.186703772074473,2.0,False,False,True,False,False,False,False,True,False,False,False,True,False,False,False,False,False,False,False,True,False,False,False,True,False,True,False
62.0,79.75044564145941,3.4334638396187636,25.603799331857445,12.674896170841464,19.733751440310023,69.3314433824692,187.4594569554162,29.394453538783672,3.0,True,False,False,False,False,False,True,False,False,False,False,True,False,False,False,False,True,False,False,False,False,True,False,False,False,True,False
85.0,66.89909636313753,2.7694854642977385,39.324141107074205,17.09197469429383,22.593136047374216,75.40468288713939,227.42716140391553,-4.073387952520587,6.0,False,False,True,False,False,False,True,False,False,False,False,False,True,False,False,False,False,False,False,True,False,True,False,False,False,True,False
62.0,68.06928828300951,1.3211779345219874,34.39817877514721,29.472256292394487,62.06441940214671,82.6938659048567,135.72503239178508,-4.9925236650444536,1.0,True,False,False,False,False,False,False,True,False,False,False,False,True,False,False,True,False,False,False,False,False,False,True,False,False,True,False
50.0,40.05179662487088,1.0397449093656566,26.32801687036438,36.047119660452275,21.780356953491157,92.3319815886202,114.7560838987734,30.28535775941765,2.0,False,False,True,False,False,False,True,False,False,False,False,False,True,False,False,False,True,False,False,False,False,True,False,False,True,False,False
85.0,77.6778219726915,2.875962347601015,36.88376940480415,31.18668658595777,18.74774586385513,92.78183120974892,169.2012300844277,16.71941917567966,5.0,False,False,True,False,False,True,False,False,False,False,False,False,True,False,False,False,True,False,False,False,False,False,True,False,False,True,False
62.0,38.36041212940863,1.2969834264391895,38.34376389041496,10.22554197002394,72.50501027428835,86.30071771574521,281.0252124025229,5.501271668564232,4.0,False,True,False,False,False,False,True,False,False,False,False,False,False,True,False,False,False,False,False,True,False,True,False,False,False,False,True
75.0,6.337534264521747,0.9414062476062164,4.315961671253241,12.547932563551504,44.29225742818147,55.5236463027372,170.92055240618774,26.70894079525074,4.0,False,False,True,False,False,False,True,False,False,False,False,False,True,False,False,False,False,False,False,False,True,False,True,False,False,False,True
100.0,6.978771350415376,2.891860216001961,35.788923541786666,23.11595887064034,23.831531591573373,78.77996734336779,76.9515940823401,27.35537042917752,6.0,False,False,False,True,False,False,True,False,False,False,False,False,True,False,False,False,False,False,False,True,False,True,False,False,True,False,False
62.0,30.549130796547445,3.7469924581485192,31.231512722736436,28.45569021387488,59.65792096193613,75.65430435209912,121.4615969598033,29.50261342460304,7.0,False,True,False,False,False,True,False,False,False,False,True,False,False,False,False,False,False,False,False,True,False,True,False,False,False,False,True
50.0,62.42036136933443,2.500035280187061,29.90830340221348,8.075374255374006,119.0511074773042,50.38374047794385,263.5031195019603,23.667158357363988,0.0,False,False,True,False,False,False,True,False,False,False,False,False,False,True,False,False,False,False,True,False,False,True,False,False,True,False,False
25.57336024448351,34.793159860012636,3.4129161973536832,11.915550358678772,19.58754470487846,12.13162329310939,76.19400124506882,152.25986699080715,33.37442726826608,1.0,False,False,False,False,True,True,False,False,False,False,False,True,False,False,False,False,False,False,True,False,False,False,True,False,False,False,True
41.65658284822922,58.45788451376784,1.0203811604697437,25.603799331857445,37.033515850968875,30.098041544985836,76.8615954584726,73.79130119150985,20.692803471033734,7.0,False,False,False,True,False,False,False,True,False,False,True,False,False,False,False,True,False,False,False,False,False,False,False,True,True,False,False
100.0,50.16265770416625,3.6273550063634543,41.56617601285262,14.254269991958276,54.06032117164506,50.36291188518033,246.83536207622268,6.783882177943273,7.0,False,False,False,True,False,False,False,False,True,False,False,False,True,False,False,True,False,False,False,False,False,False,True,False,False,True,False
100.0,76.06503880500838,3.7243685191469313,5.490322577166959,8.832716318205737,15.221759885479162,83.98306136985278,233.27340676216312,10.675410149056148,1.0,False,False,False,True,False,False,False,True,False,False,False,True,False,False,False,False,False,False,False,False,True,True,False,False,False,False,True
75.0,51.216304722060435,1.84505065646182,18.275261751487932,35.139822358759716,89.52818265685809,56.59526966277224,54.83784076575183,14.461325524500763,5.0,False,True,False,False,False,False,False,False,True,False,False,True,False,False,False,False,False,False,True,False,False,False,False,True,False,False,True
85.0,39.67713381108,3.9446141979027702,5.847147396013394,23.860680564434897,89.27457303572433,83.81584017151073,106.70587653759428,-1.3562252342415224,1.0,False,False,True,False,False,False,False,True,False,False,False,True,False,False,True,False,False,False,False,False,False,False,True,False,True,False,False
50.0,68.2690209195155,1.5334868966903243,15.060556534510896,8.01047724502125,72.327300301089,63.80347684060182,205.70804023988825,11.872445971241746,3.0,False,False,True,False,False,False,False,False,True,False,True,False,False,False,False,True,False,False,False,False,False,False,True,False,True,False,False
62.0,30.550011561630846,2.8343933534187222,8.831573588393466,38.44179324308953,44.70101950340489,95.1456417676959,135.03776920278438,29.81421521116753,7.0,False,False,False,False,True,False,False,False,True,False,False,False,False,True,False,True,False,False,False,False,False,False,False,True,True,False,False
75.0,44.75866737764865,3.489771200380064,19.40437242911404,5.782817803801804,28.44310337367307,98.27285715890731,293.2067592472771,3.858658638525674,5.0,False,False,False,False,True,False,False,False,False,True,False,False,False,True,False,False,False,False,True,False,False,True,False,False,False,False,True
75.0,59.15730847009105,2.866837148550388,19.101417092688408,20.11401485878327,14.433598941002616,54.773365039702355,276.608931979815,34.32752406146333,3.0,False,False,False,True,False,False,False,False,True,False,False,True,False,False,False,False,False,False,True,False,False,False,False,True,True,False,False
100.0,57.145559970831265,2.569753498142236,5.962444720986591,13.627218405167334,82.43318506688816,93.33593640782244,245.0546115322711,38.02009094304093,7.0,False,False,False,False,True,False,False,False,True,False,False,False,True,False,False,False,False,False,False,False,True,True,False,False,False,True,False
75.0,42.69140537961698,2.0733713859091227,38.68805256034166,38.29948700250448,48.45476290779429,82.51481540453399,39.053767256416336,2.055149445331742,3.0,False,True,False,False,False,False,False,False,False,True,False,False,False,True,False,False,False,False,True,False,False,False,False,True,True,False,False
75.0,23.83688010187143,2.85364923342141,12.329512359502848,36.23594103516018,63.198836279094415,73.81270846074626,192.32269501445737,29.028763662192333,2.8254819703558147,False,False,True,False,False,False,True,False,False,False,False,False,False,True,False,False,False,True,False,False,False,False,True,False,False,True,False
47.65326137555467,29.349595038889554,2.5597015729885912,30.32389571921999,13.507211702937916,72.6049992234139,23.899850979861696,95.2684455561382,36.69341868132973,1.0,False,False,False,True,False,False,True,False,False,False,False,False,True,False,False,False,False,False,False,True,False,False,True,False,False,True,False
85.0,47.060925633313786,2.4455488373877685,10.41398710364594,31.57940064104084,63.14412802079429,92.6389090142761,152.05684023287293,-7.163620818557389,6.0,False,False,False,False,True,False,False,False,False,True,True,False,False,False,False,False,True,False,False,False,False,False,True,False,True,False,False
75.0,27.170170812816597,3.3209390614009493,23.824644086480745,9.887290856973978,46.8217530357587,79.21389611788328,163.1287884196002,4.162485470728397,4.0,False,True,False,False,False,True,False,False,False,False,True,False,False,False,True,False,False,False,False,False,False,True,False,False,False,True,False
50.0,48.94232025145676,3.791622315899987,31.171170500929243,10.163701867084717,75.81068442529316,89.15464228804454,112.72952000249526,31.508322982992222,4.0,False,True,False,False,False,False,False,False,True,False,False,False,True,False,False,False,True,False,False,False,False,True,False,False,False,True,False
50.0,19.146538928197337,2.8041515802310166,35.45357670634186,7.523935074061204,56.81778300064369,55.05492161735283,153.05420582204593,24.147802798156853,1.0,False,False,False,False,True,False,False,False,True,False,True,False,False,False,False,False,False,False,False,True,False,False,False,True,False,True,False
75.0,58.19728526882489,1.7620474180588634,6.50874515305308,38.29626240191442,25.84005873762033,83.11743200557254,221.2100281938695,19.90110938909792,5.0,False,False,True,False,False,False,False,False,False,True,False,True,False,False,False,False,False,True,False,False,False,True,False,False,True,False,False
62.0,65.20093720294392,2.952728388415329,22.57264064944385,9.017936694331294,13.909596696565243,77.57887511792278,214.92325852951828,15.032552008091375,7.197041544075574,False,False,False,False,True,False,False,False,False,True,False,False,False,True,False,False,False,True,False,False,False,True,False,False,True,False,False
12.653948904501569,51.14211521001526,1.7809541535098248,21.118030649132415,34.739707312861626,58.189363147862366,69.1577279417634,290.76580556137594,18.38760345641107,2.0,False,False,False,True,False,True,False,False,False,False,True,False,False,False,False,False,False,False,False,True,False,False,False,True,False,True,False
50.0,69.71594630744188,3.783098445775636,10.063093768622078,37.11929536882584,20.432310798427924,79.51998829798639,205.7699162392264,-4.47805197297919,4.0,False,False,False,False,True,False,True,False,False,False,False,True,False,False,False,False,True,False,False,False,False,True,False,False,False,False,True
85.0,41.97718283907795,3.196445552138501,49.308369400939775,19.562816700909146,11.415452890941662,88.49863229758265,260.4855529228803,8.216271168307653,5.0,False,True,False,False,False,False,False,True,False,False,False,True,False,False,False,False,False,False,False,True,False,False,False,True,False,True,False
50.0,69.42235104080157,1.9373668689894512,9.88982074193077,10.834958906592462,29.13398078893268,99.88715307218884,74.04370796256828,37.268214954491775,5.0,False,False,False,False,True,False,True,False,False,False,False,True,False,False,False,True,False,False,False,False,False,True,False,False,True,False,False
50.0,78.98357945200523,2.9040714587756455,37.47917296186442,32.75725727806328,30.855323852249104,89.88889814024591,222.76171800791596,9.568914679552112,0.0,False,False,True,False,False,False,False,False,True,False,False,True,False,False,False,False,False,True,False,False,False,True,False,False,False,True,False
85.0,8.527929006106092,2.9292312619958487,9.812104577010492,17.86108715956673,40.40203633436858,66.02532263428573,99.2324060472996,39.93000319748301,1.0,True,False,False,False,False,False,False,False,False,True,False,True,False,False,False,False,True,False,False,False,False,False,True,False,False,True,False
96.98923662331453,54.860003290031365,1.7409047219251486,38.70203714776589,18.791583931608667,16.504645864265477,126.38332876842395,225.6350477231055,-7.668417861130797,0.0,False,False,False,False,True,True,False,False,False,False,False,False,True,False,False,False,False,False,False,True,False,True,False,False,True,False,False
105.55496694435764,48.50288659256919,3.2569565894463173,43.60970746385774,13.984073654590322,28.208935069265067,64.31222001060793,94.94198697812332,23.88774269762121,4.0,False,False,True,False,False,False,True,False,False,False,False,False,False,True,False,True,False,False,False,False,False,False,False,True,True,False,False
62.0,52.53257448488719,0.7500343405308991,40.99044595574586,17.654317428764656,29.71940200562245,63.899161425123765,62.19603106163954,36.52061298064519,0.0,False,False,True,False,False,True,False,False,False,False,False,False,False,True,False,False,False,False,True,False,False,False,False,True,False,False,True
75.0,45.47118879513778,2.957746789429136,48.011455934007266,7.388725698983668,56.83137688293154,89.62384238551863,289.78798435551073,26.504425571799175,6.0,False,True,False,False,False,False,True,False,False,False,False,False,True,False,False,False,False,True,False,False,False,False,True,False,False,True,False
50.0,34.6802647525039,1.4975626824084889,41.810297408599894,36.02625218643517,79.03092865995887,53.99698887539003,218.29028012352515,37.34587349327117,6.0,False,False,True,False,False,False,False,False,True,False,False,False,True,False,True,False,False,False,False,False,False,False,False,True,False,True,False
50.0,5.356309335174382,3.001369048238973,18.317446064131836,13.64725542763756,79.18647461637062,69.73910331351091,152.25986699080715,27.775403826264785,4.0,False,False,True,False,False,False,False,True,False,False,False,True,False,False,True,False,False,False,False,False,False,False,True,False,False,True,False
100.0,27.282216437981077,0.9998347402393436,24.478005326798822,12.45233588300988,54.573853324395245,74.28770014952136,130.78815463221682,-3.339891179312307,0.0,False,False,True,False,False,True,False,False,False,False,True,False,False,False,False,False,False,False,False,True,False,True,False,False,False,False,True
75.0,11.514718098963709,2.460808920693919,3.8023033275213214,31.186780425230648,18.886157164062443,82.46833405689074,234.87916492055177,-4.093359075721323,3.0,False,False,True,False,False,True,False,False,False,False,False,False,False,True,True,False,False,False,False,False,False,False,True,False,False,False,True
62.0,9.44816711008226,1.465804515944262,40.515709335432035,17.593331704402168,75.62404762261002,93.73758915768624,115.37806159223754,-4.807451278393612,2.8963606640999924,False,False,False,True,False,False,False,True,False,False,True,False,False,False,False,True,False,False,False,False,False,True,False,False,False,True,False
85.0,53.104493654248735,1.8580966641953,12.620547147036431,40.3175304739871,33.6601357810824,52.83378326682362,74.38140222321842,14.121318217820637,6.0,False,False,False,True,False,True,False,False,False,False,False,False,False,True,False,False,False,False,True,False,False,False,False,True,True,False,False
75.0,28.788056755331933,3.191827856187692,33.372714771158726,11.34356700419534,40.830540261989384,61.64756308118157,125.8286099263755,1.3097312422493097,0.0,False,True,False,False,False,True,False,False,False,False,False,True,False,False,False,False,False,False,False,True,False,False,True,False,False,True,False
75.0,51.20692408624951,1.2881060252543053,9.977877021843266,24.57716643900033,67.38758549248693,59.75759842874595,178.11509933838914,12.322504555568166,5.0,False,False,False,False,True,False,True,False,False,False,True,False,False,False,False,False,False,False,False,False,True,False,False,True,False,True,False
101.10298785881888,7.275443511373867,2.6906032551566943,21.06032430839848,34.654040907546545,12.88478096498137,72.4517483132095,66.80027139939963,26.953658531337915,0.0,False,False,True,False,False,False,True,False,False,False,False,False,False,True,False,False,True,False,False,False,False,False,False,True,False,True,False
83.14159588676097,42.69140537961698,3.1365752044065474,49.23385306128027,38.37508852670592,68.84864852016932,86.41348670667381,109.38827191780068,34.414664875502226,4.0,False,False,False,False,True,False,False,True,False,False,False,False,False,True,False,False,False,True,False,False,False,False,False,True,True,False,False
100.0,74.34970162186968,2.228619732721868,18.03449260881751,31.42153777484048,78.78459856129506,61.99533259610632,144.43722189921488,-8.059848673780747,1.0,False,False,False,False,True,False,False,False,True,False,False,True,False,False,True,False,False,False,False,False,False,False,False,True,False,False,True
50.0,79.96222628140413,2.967779748643271,9.807729926080174,13.149916300642058,20.760171808157708,98.43286888943882,278.47568363906424,4.753258010825176,2.0,False,True,False,False,False,True,False,False,False,False,True,False,False,False,True,False,False,False,False,False,False,False,False,True,False,False,True
100.0,57.23283445266599,1.389640351950641,30.94275330829091,5.66399012717631,22.44089942066365,63.15177111448933,36.00389596159371,0.8305829090527883,4.0,False,False,True,False,False,False,False,False,True,False,False,True,False,False,False,False,False,False,False,True,False,False,True,False,False,True,False
62.0,39.22309337436299,3.068545305244945,25.603799331857445,11.95063657727633,14.127521086604636,66.70572559279873,252.9319825548704,36.20147299349721,3.0,False,False,True,False,False,False,False,True,False,False,True,False,False,False,False,False,True,False,False,False,False,False,False,True,False,True,False
100.0,10.420110802780291,1.229348211397581,18.899703255699652,8.942145214401862,54.97882573715829,59.780788575001054,143.56103568738638,21.293106505425005,2.0,True,False,False,False,False,False,False,True,False,False,True,False,False,False,False,False,True,False,False,False,False,False,True,False,False,True,False
85.0,47.19744469005413,1.551271282498898,23.43002274979381,9.9884727910293,74.87748787760317,94.07356949467206,278.9265238402248,28.41994109024357,7.0,False,False,False,False,True,False,True,False,False,False,False,False,False,True,True,False,False,False,False,False,False,False,True,False,True,False,False
75.0,64.450811584597,3.998843750930618,21.47178993172093,31.667822130613803,46.22043610199324,89.43899158085306,231.1922316914763,18.966955539787385,1.0,False,False,False,False,True,True,False,False,False,False,False,False,True,False,True,False,False,False,False,False,False,False,True,False,False,True,False
85.0,37.84729729719263,2.262536220950611,2.8261462517994547,8.330983169593306,55.25180507003179,101.70196154582192,173.23290189326207,24.38193039875923,4.0,False,False,False,True,False,False,False,False,False,True,True,False,False,False,False,False,False,False,False,False,True,False,False,True,True,False,False
61.38144492828766,42.69140537961698,2.50293726102557,41.12611693007159,8.818942546495213,36.34699295575206,78.65787558587593,200.38808819473533,38.24330058005226,0.0,True,False,False,False,False,False,False,True,False,False,True,False,False,False,False,False,True,False,False,False,False,False,False,True,False,True,False
62.0,79.26318452230387,0.6201625989999864,27.64508954769722,27.606621088126865,80.47359963678021,81.06159952378948,108.9552568443528,17.199181245689548,7.0,False,False,False,True,False,True,False,False,False,False,False,True,False,False,False,True,False,False,False,False,False,False,True,False,False,True,False
100.0,38.617101089456675,2.5287380943690696,43.01294385875995,10.40128286283271,70.98523133366572,55.495496987087286,283.14003628659935,34.31814298391609,2.0,False,False,False,True,False,False,False,False,True,False,True,False,False,False,False,False,False,True,False,False,False,False,False,True,False,True,False
62.0,24.401133035107133,1.478023096097471,31.115244479482783,24.134635523601354,65.98351536998533,51.254867774849906,32.039490764758696,23.590289730681064,0.0,False,False,False,True,False,False,True,False,False,False,True,False,False,False,False,False,False,False,False,True,False,False,True,False,False,False,True
75.0,26.179783257937025,3.8059612959350178,25.857794702299618,26.5968547612086,66.53596712230103,81.32643859059355,243.87124463166649,-5.31850140094415,1.0,False,True,False,False,False,False,False,False,True,False,True,False,False,False,False,False,False,False,False,True,False,False,False,True,False,True,False
75.0,42.69140537961698,2.854360526745444,45.45609302548899,22.85367292287481,46.278037482878126,58.47829058329158,151.86656920456252,31.54957073687514,5.0,False,True,False,False,False,False,False,True,False,False,True,False,False,False,False,False,False,False,False,False,True,False,False,True,False,True,False
62.0,28.68467333811884,3.2465728993013476,16.487468098425715,30.52226562304346,13.892462559930523,81.56870399845545,248.0224941305415,2.875158735218239,6.0,False,False,False,True,False,False,False,True,False,False,True,False,False,False,False,False,False,True,False,False,False,False,True,False,False,True,False
62.0,34.72671289756062,2.9597802593630083,24.021573950806896,25.478646503811067,80.99232289671558,94.75959997585818,264.7324232132674,-5.8298332516714595,6.0,True,False,False,False,False,False,False,False,True,False,False,False,True,False,False,False,False,False,False,False,True,False,False,True,False,True,False
100.0,56.65756369693637,0.6132085077161415,21.069771396509864,12.846529275978984,84.61526142274654,88.99562892720596,151.96650872316795,17.367661723808453,0.0,False,False,False,False,True,False,False,True,False,False,False,False,False,True,False,True,False,False,False,False,False,False,True,False,True,False,False
50.0,5.583797770172537,2.8339269826645257,35.82084576495499,35.00912880039168,68.59711303472281,95.58825531366833,125.25857779948792,16.510934643362084,3.0,True,False,False,False,False,True,False,False,False,False,True,False,False,False,False,False,False,False,True,False,False,False,True,False,True,False,False
85.0,9.669665590124442,1.6215747563116645,37.51415163304576,16.716821965769462,48.38561451259521,71.20894956034991,145.13270890073923,-1.9450676176789052,3.6081348728532543,False,False,True,False,False,False,False,True,False,False,False,True,False,False,False,False,False,False,False,True,False,False,False,True,False,True,False
136.41543451440273,42.74479256756108,1.180162501458162,40.205987598054165,14.255748276568443,19.56303215617694,67.79633548104113,119.4883558366469,-4.1726683064720955,4.0,False,True,False,False,False,False,True,False,False,False,False,True,False,False,False,False,True,False,False,False,False,False,False,True,True,False,False
75.0,58.281853729008496,2.280942968456774,32.976500057737226,31.952997736716913,34.459615544112054,84.48778807694728,205.39547022079915,26.126200973392812,5.4897001520247795,False,False,False,False,True,True,False,False,False,False,True,False,False,False,False,False,False,True,False,False,False,False,True,False,False,True,False
50.0,47.888624666783414,4.2283057378742,26.425218969093596,13.426059143998266,82.18039755013481,83.00880488864827,235.8950309401682,36.40880980861047,5.0,False,False,False,False,True,False,False,False,False,True,True,False,False,False,True,False,False,False,False,False,False,False,True,False,False,True,False
62.0,10.55815619752912,3.990952264160988,17.23173869250797,29.843007313741943,64.658324089453,58.68570516038113,37.99444109844923,32.26012676396088,0.0,False,False,True,False,False,False,False,True,False,False,True,False,False,False,False,False,False,True,False,False,False,False,True,False,True,False,False
62.0,12.12848439962642,2.954305533429753,9.582158682023236,38.121241218258966,48.94788600827787,77.67619770811736,81.64473755406577,23.61939627308142,2.0,False,False,True,False,False,False,False,True,False,False,False,False,True,False,False,True,False,False,False,False,False,True,False,False,True,False,False
75.0,45.9092521544369,0.7087385462007003,26.312150401609657,11.234497775213969,40.71611726313112,97.28846478393484,194.2513955234278,28.403851512511956,5.0,False,False,False,True,False,False,True,False,False,False,False,False,False,True,False,False,False,False,False,True,False,False,False,True,False,True,False
75.0,8.115370261050328,1.9781475768604837,25.603799331857445,26.846863527631847,22.18992507323624,99.6280979332727,223.4058066531342,33.691150813162494,0.0,False,True,False,False,False,False,True,False,False,False,False,True,False,False,False,False,True,False,False,False,False,True,False,False,False,False,True
50.0,9.623141257761764,3.944488764646076,34.938865911318366,29.80554365122593,68.59374207434695,61.57800907196332,28.95833542942806,15.402427506836917,0.0,False,True,False,False,False,False,False,False,True,False,False,False,True,False,False,True,False,False,False,False,False,False,True,False,False,True,False
100.0,27.8542104539734,1.8664816416786212,37.68861950326764,37.96070854587784,12.17065798944529,98.07896305795944,89.81454216199296,-1.6555380510473867,6.0,True,False,False,False,False,False,False,False,True,False,False,False,True,False,False,False,False,False,True,False,False,True,False,False,False,True,False
85.0,23.222634384092796,0.6564859609421378,5.406718024307384,30.837150626255113,17.513436634097637,97.23831329500736,214.20091795488923,22.910199504705652,0.0,False,False,False,True,False,False,False,False,True,False,True,False,False,False,False,False,True,False,False,False,False,False,True,False,False,False,True
50.0,21.308572550577523,3.735302162259872,28.04359239194004,39.925345871975026,78.29829103715065,91.71603560211943,198.73381057526652,-5.46532879033326,1.0,False,False,False,True,False,False,True,False,False,False,False,False,False,True,False,False,False,False,False,True,False,True,False,False,True,False,False
50.0,77.45749045486116,3.010517385146997,47.33304581130439,38.256636594908954,63.57208978428879,68.75240394776228,273.6978210236848,-3.0420418163951437,1.0,False,False,False,True,False,False,False,False,True,False,True,False,False,False,False,False,False,True,False,False,False,True,False,False,False,False,True
62.0,32.25299063735733,3.6496256877146847,66.91455448179275,35.48158300718735,45.41422996353133,78.6383229213933,25.05757787305148,-1.9255447355113608,4.0,False,False,False,True,False,False,False,False,True,False,False,True,False,False,True,False,False,False,False,False,False,False,False,True,False,True,False
50.0,17.929285125178676,2.9645416277610583,35.13960562879264,11.483340609236896,87.36946835959859,77.08652146669706,219.14057363218888,-7.5684818042716175,2.0,False,True,False,False,False,False,False,False,False,True,False,False,False,True,False,False,True,False,False,False,False,False,False,True,True,False,False
100.0,77.29578007017075,0.6842951580787797,5.971664972824204,8.431094782973393,52.89673368546667,74.0491279791676,86.4568508507111,-8.892368362555017,5.0,False,True,False,False,False,False,False,False,True,False,True,False,False,False,False,False,False,False,False,True,False,True,False,False,False,False,True
75.0,26.493008140946493,2.11720414560859,7.148790446098545,27.96868973479901,55.394035744017515,56.75239993639017,261.41104964428166,19.67904953364568,5.0,False,False,False,True,False,False,False,True,False,False,False,True,False,False,False,True,False,False,False,False,False,False,True,False,False,False,True
50.0,55.30273056094204,2.5445660594661716,37.34746081473556,24.08202573037472,71.91664638264722,88.37524193738372,106.93964742381894,30.18843916487025,1.0,True,False,False,False,False,False,True,False,False,False,False,False,True,False,False,False,False,False,True,False,False,False,False,True,False,True,False
100.0,10.192259430922377,2.1936622255764453,14.435352434618428,29.61595785137218,14.184548280774854,71.74589400625973,298.9694610309599,-5.392329139958187,3.0,False,False,False,False,True,True,False,False,False,False,False,True,False,False,False,False,True,False,False,False,False,True,False,False,False,False,True
42.22396426286603,62.63400990213397,1.3061013638644594,37.57454771494434,18.484039803719117,69.88302901476676,89.70899824393155,38.61495714773572,1.1954220594389255,1.0,False,False,False,False,True,False,False,False,False,True,False,True,False,False,False,True,False,False,False,False,False,False,True,False,False,True,False
12.653948904501569,36.229412760644024,1.8856890276693925,11.093063212886497,31.09005934380914,43.356673917181936,91.9403167511568,144.45037199616232,17.39682580808664,1.0,True,False,False,False,False,False,True,False,False,False,False,True,False,False,False,True,False,False,False,False,False,False,False,True,True,False,False
62.0,12.350406115320627,1.4995568792791971,44.0476453908667,24.30929723635528,47.07173172848,68.83315695012828,152.25986699080715,15.009867293225184,4.0,False,False,False,True,False,False,True,False,False,False,False,False,False,True,False,False,False,False,False,False,True,True,False,False,False,False,True
75.0,28.248510232660248,2.573551148931767,26.640176850452665,16.52212514810843,53.82003673204953,67.23316373441783,149.00427080858486,16.694086243987016,6.0,False,True,False,False,False,False,False,True,False,False,False,False,True,False,False,True,False,False,False,False,False,False,True,False,True,False,False
62.0,53.18988765045248,1.901457614097896,4.875602271353545,36.92869645022542,59.10391672336647,95.23017417720116,166.98175067619556,37.395109148305515,7.0,False,False,False,False,True,False,False,False,True,False,False,False,False,True,False,False,False,True,False,False,False,False,True,False,True,False,False
62.0,63.97196694472084,1.9815097094694272,41.34889744678012,10.340106053576346,54.84308704413998,99.1304953506278,90.79486285484404,9.192514759905432,0.6898866541271644,False,False,True,False,False,False,False,True,False,False,False,False,True,False,False,False,True,False,False,False,False,True,False,False,False,True,False
75.0,48.66355521084799,1.756271660885669,36.323727747600145,15.39957845343005,49.28268958934411,91.7460321625635,178.12130884759824,21.012405594464532,0.0,False,False,True,False,False,False,False,False,True,False,True,False,False,False,False,False,False,False,True,False,False,False,True,False,False,False,True
75.0,51.16176878981536,1.9245725356677117,14.898359207134598,35.91280515720252,40.35911245487125,79.59600701886347,258.28967829086355,31.563179987120684,10.5423138930715,True,False,False,False,False,False,False,False,True,False,True,False,False,False,True,False,False,False,False,False,False,True,False,False,True,False,False
75.0,68.24465321163233,3.3755705094115314,49.361251101703914,33.36036096937211,57.90799490448934,88.30938417267018,276.3925880192631,14.826203728258427,2.0,False,False,False,True,False,False,True,False,False,False,False,True,False,False,False,False,False,False,False,False,True,False,True,False,False,False,True
62.0,70.3848328268497,1.0466206565434557,20.619603394084866,25.437143248981023,32.45935623541265,75.45762691513535,302.85248972263145,-6.497175362510335,6.0,False,False,False,False,True,False,False,False,True,False,False,True,False,False,False,True,False,False,False,False,False,True,False,False,False,False,True
75.0,56.55292752021,2.621035258115002,4.340098531957683,38.84657688665273,29.26035318542457,88.25311988557496,12.024294092276849,10.511561681861266,6.0,False,False,False,True,False,False,False,False,False,True,False,False,False,True,False,False,True,False,False,False,False,False,False,True,False,False,True
85.0,16.827771594461893,2.7388169441628936,14.511282307810957,11.579766187038956,30.615241986716526,82.46098167708193,199.30177166284437,25.964996849071653,6.0,False,False,False,False,True,False,False,False,False,True,False,False,True,False,False,False,False,True,False,False,False,False,True,False,False,False,True
62.0,76.46827351726323,3.681183965657999,25.603799331857445,37.0583929740194,72.54621701191297,51.915828302066544,270.49493595761044,38.6481000146782,6.0,True,False,False,False,False,False,False,False,False,True,False,False,True,False,False,False,False,True,False,False,False,True,False,False,True,False,False
100.0,6.0651617128073525,3.597765518900319,46.62351208569203,16.178031410568018,19.646897289458796,71.19100274361134,92.40439692859523,27.292127036877663,3.697095409121533,True,False,False,False,False,False,True,False,False,False,False,False,True,False,False,False,False,True,False,False,False,True,False,False,False,False,True
62.0,10.137709442892056,1.582369811687995,36.077844709089504,26.554263704807763,34.89212626163041,99.87119867405448,217.59663464578475,40.816740375598386,1.0,False,False,True,False,False,False,False,True,False,False,False,True,False,False,False,False,False,False,False,True,False,False,True,False,False,True,False
75.0,62.5376105258264,3.111666691610565,24.187852316655015,21.663198645951756,14.823808108603975,69.84305861012679,257.31315515017695,19.149838071432654,5.0,False,False,False,True,False,True,False,False,False,False,False,True,False,False,False,False,False,False,False,False,True,False,False,True,False,True,False
62.0,42.69140537961698,2.36717911894266,31.714702326630785,18.099218357694404,80.99831078490269,84.04691901123175,158.36045105736642,36.39435477368323,6.0,False,False,True,False,False,False,False,False,True,False,False,False,True,False,False,False,False,False,True,False,False,True,False,False,False,False,True
37.32971365145482,16.497212038654055,1.8113551144469375,9.554956967284827,12.189221570993306,50.5319393342964,93.95394941310784,225.2552691628917,31.79654964103584,0.0,False,False,False,True,False,True,False,False,False,False,False,True,False,False,False,False,False,False,False,True,False,False,False,True,False,False,True
94.20058699032565,9.127828166953716,0.9931487332559414,25.603799331857445,8.658388335703481,54.35077646652079,51.270037949732725,191.1482271152946,6.722193793554503,2.0,False,False,True,False,False,False,False,True,False,False,False,False,True,False,False,False,False,False,True,False,False,False,True,False,False,True,False
50.0,43.99985930276914,3.5579821138737,30.244722804448894,24.309186613795244,89.62738532870584,67.70900333990473,138.76599727430497,-6.944281882176863,0.0,False,True,False,False,False,False,False,True,False,False,False,False,False,True,False,False,False,False,False,True,False,False,False,True,False,False,True
62.0,41.76664809903056,4.592690577362033,21.833724028094156,36.70441022498065,42.35837562463637,51.49172570737395,14.592443203376243,38.812689198806495,6.0,False,True,False,False,False,False,True,False,False,False,True,False,False,False,True,False,False,False,False,False,False,False,True,False,True,False,False
100.0,6.695332951941997,2.1336014618088464,4.050226868409404,34.45915335866178,82.33123778658205,23.899850979861696,104.71767727592032,1.625302554804346,5.0,False,True,False,False,False,False,False,False,False,True,False,False,True,False,False,False,False,False,True,False,False,True,False,False,False,False,True
62.0,69.4391779041177,3.659591613822005,16.613387659947108,12.612642335915623,22.712598558458748,50.79879144216912,266.82987663387615,9.994231760286434,5.0,False,True,False,False,False,False,False,False,False,True,False,True,False,False,False,False,False,False,False,True,False,False,False,True,False,False,True
75.0,38.711207157580986,2.9675602434122106,14.53360130974745,14.361848504707996,28.63084090639802,61.657899926830225,260.4883265203245,-6.359400393756955,5.0,False,False,False,False,True,False,False,True,False,False,False,False,False,True,False,False,False,True,False,False,False,False,True,False,True,False,False
81.36841583065208,57.97765788877307,2.8590803131057148,6.499187934882619,14.338233635908136,58.30868499503002,63.86610505130568,114.88329577828593,7.636850332176735,5.0,False,True,False,False,False,False,True,False,False,False,False,True,False,False,False,False,False,False,True,False,False,True,False,False,False,False,True
75.0,74.107522176834,2.2246614839968153,45.69740274799046,14.75800919301738,72.90390528618417,51.69102215864916,177.20888715663634,3.262503247831619,3.0,True,False,False,False,False,False,True,False,False,False,False,True,False,False,False,False,False,False,False,False,True,False,False,True,True,False,False
100.0,40.319061981322655,1.7436069251387414,11.767850572118778,15.100266421622006,31.093089045581024,86.58495949773607,99.18733328029695,0.534567342304225,7.0,True,False,False,False,False,False,False,False,True,False,False,True,False,False,False,False,False,False,True,False,False,False,True,False,True,False,False
50.0,47.19807479360746,2.861382945524818,44.336610351548224,27.385214594698137,65.47847010859027,84.22698702525429,86.60938167662027,4.251871253120745,6.0,False,False,False,False,True,False,False,False,False,True,False,False,True,False,False,False,True,False,False,False,False,False,False,True,False,True,False
100.0,22.515635144477624,3.5555598847937864,35.152484717746816,11.219943743492752,40.13578074348084,59.0683880135405,80.16440861055356,16.336447222789015,6.0,False,True,False,False,False,False,False,True,False,False,False,False,False,True,False,False,False,False,True,False,False,True,False,False,False,True,False
62.0,68.26093768441355,2.4135793179435385,33.64483513585735,17.034410635090282,46.37700488664862,88.38593824106768,152.25986699080715,-9.542573213698136,7.0,False,True,False,False,False,True,False,False,False,False,False,False,True,False,False,False,False,False,False,True,False,True,False,False,False,False,True
50.0,73.5059703623024,1.8359090701214855,30.9314277897324,31.849009641299972,60.77484914937618,63.566581325432146,246.28751484972423,2.3152612211978045,2.0,False,True,False,False,False,False,False,False,False,True,True,False,False,False,False,False,False,False,True,False,False,False,True,False,False,True,False
75.0,73.86936259559798,1.1968001428584762,26.086973082683723,5.64405441380632,80.69801215627292,88.20526202858028,180.45460214898844,21.294590532871357,4.0,False,False,True,False,False,False,False,False,True,False,False,False,True,False,True,False,False,False,False,False,False,False,False,True,False,False,True
50.0,64.37713244013099,2.3148600166084794,15.256569201592624,8.811798668810745,15.586956248765569,98.80776450626408,199.75840075880325,25.40739975553059,3.0,False,False,False,True,False,False,True,False,False,False,True,False,False,False,False,True,False,False,False,False,False,False,False,True,False,False,True
50.0,12.010095267833266,0.7529595951441994,47.90206130269109,35.09170481062701,41.65702959664234,83.15672197368188,133.4464694872657,23.94913864573946,5.0,False,False,True,False,False,False,False,True,False,False,False,False,False,True,False,False,False,False,False,False,True,True,False,False,False,True,False
29.59428888586566,36.226212409732376,3.992427387020465,27.196487830344477,21.932716714540124,80.58328311610703,91.07842504868992,34.03765663214346,23.33398201168771,3.0,False,False,False,True,False,False,False,False,False,True,False,False,False,True,False,False,True,False,False,False,False,False,False,True,False,True,False
100.0,28.84698737447133,3.2937133901037967,11.027648410925542,10.430875448005471,41.58622013245012,89.99519636379434,298.6313760489738,-0.4641229060086598,4.0,False,True,False,False,False,True,False,False,False,False,False,False,True,False,False,False,False,True,False,False,False,False,False,True,False,False,True
85.0,76.58011323732995,2.678096541095572,41.12251368485552,21.316853183296473,31.362587017719612,93.5634261410211,233.21205778242185,14.086676394609956,1.0,False,True,False,False,False,False,False,False,True,False,False,False,True,False,False,False,False,False,False,True,False,False,False,True,False,False,True
50.0,74.13419248313946,2.186374673949691,47.81692135737631,11.349215040076666,71.90426649979851,99.36473574981306,151.0657029904892,18.23757818141412,6.0,False,False,True,False,False,False,False,False,True,False,False,True,False,False,False,False,False,True,False,False,False,False,True,False,False,False,True
100.0,73.80921664182601,2.3698694802298887,10.575938299260526,5.307741456234051,53.17181764242919,92.16041891997818,126.39596261084692,25.044906155295536,4.0,False,False,True,False,False,False,False,False,False,True,True,False,False,False,False,False,False,True,False,False,False,True,False,False,True,False,False
50.0,35.02666957024688,1.7395210907802483,22.02798564744779,28.80826686990889,26.276244042338213,59.19858803719168,208.480534386268,-8.712180412971101,2.0,False,False,False,True,False,True,False,False,False,False,False,True,False,False,False,False,False,False,True,False,False,False,True,False,False,False,True
62.0,42.69140537961698,2.202983392627784,10.60460822442122,15.108539220425374,64.4781938154576,60.64066129807832,172.64181015239632,39.37247799566256,7.0,True,False,False,False,False,False,False,False,True,False,False,True,False,False,False,False,False,False,True,False,False,True,False,False,False,False,True
85.0,35.89954921191294,1.772447028536855,12.511897274758086,20.24627921425605,16.492752871489138,53.08457255348556,150.27721019402796,15.055827451562273,4.0,False,False,False,True,False,False,False,True,False,False,False,False,False,True,False,False,False,False,True,False,False,False,True,False,False,False,True
62.0,48.330182762063146,2.1541462302194883,14.812569888092858,15.3036967301966,56.27459504161595,65.98703032632432,229.18283499002163,18.03247339232625,4.0,False,False,True,False,False,False,False,False,True,False,False,False,True,False,False,False,False,False,False,False,True,False,True,False,False,True,False
75.0,53.71493232990424,1.692367291395563,23.72699960944185,30.143667136126503,15.899923907667324,58.16877869760515,152.25986699080715,-6.369328431579798,7.0,False,False,True,False,False,True,False,False,False,False,False,False,False,True,False,False,True,False,False,False,False,False,True,False,False,True,False
75.0,15.5583755009174,0.7554430886481931,44.4507308475323,28.836485666134458,83.20214244739164,61.221344060441915,243.82844436912612,25.900154834299123,1.0,False,False,False,False,True,False,True,False,False,False,False,False,True,False,False,True,False,False,False,False,False,False,False,True,True,False,False
50.0,40.736704801536966,2.5345254142697695,9.86675920918086,36.57452173026415,33.926486820365405,67.69533120051153,119.09691886890435,13.546928925511413,0.0,False,False,True,False,False,False,True,False,False,False,False,False,False,True,True,False,False,False,False,False,False,True,False,False,False,False,True
62.0,11.579770802296697,3.6160997291222783,9.634031616098616,5.777750426613394,26.10515607453083,71.39910279009044,157.6119289766852,36.03822598164686,1.0,False,False,False,False,True,False,False,False,False,True,False,False,False,True,False,False,True,False,False,False,False,False,True,False,False,False,True
75.0,39.67667007009968,5.45248786614729,43.12040329879288,15.29852516294962,71.93335080549818,57.05150376423807,14.590878771397236,-8.630011423407993,2.0,True,False,False,False,False,True,False,False,False,False,False,False,False,True,True,False,False,False,False,False,False,False,False,True,False,False,True
100.0,5.755335112421237,1.5886586191295695,10.879676124662645,25.17200545435595,65.91461014762105,52.23791778918249,18.710965795562217,11.11428022329816,3.0,False,False,False,True,False,False,False,False,True,False,True,False,False,False,False,False,False,True,False,False,False,False,True,False,False,False,True
50.0,54.48656320200461,1.6095486540281567,25.603799331857445,11.300780740242956,67.90525354588003,54.63726636893636,71.13255184940581,4.670505369432812,1.0,False,False,False,True,False,False,False,False,True,False,False,False,False,True,False,False,True,False,False,False,False,False,False,True,False,False,True
62.0,20.51871405095877,3.6465830452467825,27.173537456201768,13.372001440926574,83.59048180230292,126.38332876842395,286.44000986240627,22.479689206672177,5.0,False,False,False,False,True,False,True,False,False,False,True,False,False,False,False,False,False,False,False,True,False,False,True,False,False,False,True
62.0,13.587964735173609,3.517065236537333,40.8117293500724,37.89794295883204,67.80447254927141,58.52581792723408,103.52119282347734,4.53362309385305,7.0,False,False,False,True,False,False,True,False,False,False,False,False,False,True,False,True,False,False,False,False,False,True,False,False,False,True,False
50.0,19.97640696261344,2.287342908527985,35.90037572075738,22.64215189393975,73.2949349787491,58.58041748737381,299.46404753595044,14.434227239434549,2.0,False,False,True,False,False,False,False,True,False,False,False,False,True,False,False,True,False,False,False,False,False,True,False,False,True,False,False
50.0,73.37136541275711,3.0226327639717203,45.50795122340724,11.868121617666544,62.52618043388769,62.340912792247224,180.45248661608585,7.7234244347131025,4.0,False,True,False,False,False,False,True,False,False,False,True,False,False,False,False,False,False,False,False,False,True,False,True,False,False,True,False
75.0,75.62261390550266,3.738853500138698,37.175570755361626,17.797966111414965,87.24599837813908,76.17440540215456,75.65321700332278,6.211204218618967,6.0,False,False,False,False,True,False,False,True,False,False,False,False,True,False,False,False,True,False,False,False,False,False,True,False,False,True,False
64.77070141320091,15.567795776598764,1.2220213527532722,49.63914436226428,18.54969564281367,54.124440900036355,58.52857766030961,31.59653167187535,35.69778871943199,6.0,False,False,False,True,False,False,False,False,True,False,False,False,True,False,False,False,False,False,True,False,False,False,True,False,False,True,False
50.0,36.63162352131471,0.9743935458179288,17.498632754951903,31.163091386162726,35.9754285280013,56.839656732416486,59.09663915051596,-1.759567562648181,5.0,False,False,False,False,True,False,False,True,False,False,False,False,True,False,False,True,False,False,False,False,False,False,True,False,True,False,False
50.0,6.307290912653444,2.7988263253336125,21.851929962768004,23.87933114479953,89.78556217293968,83.8482742312676,179.09253119002156,10.35659124312551,2.0,False,False,False,False,True,False,False,True,False,False,True,False,False,False,False,False,True,False,False,False,False,False,False,True,False,False,True
50.0,52.183521493408925,2.8801990619921405,37.912464345424,12.995154396354248,12.05856983860598,75.35885803842882,259.568845553276,-2.6640002929463713,3.0,False,True,False,False,False,False,False,False,False,True,False,True,False,False,False,False,False,False,True,False,False,True,False,False,True,False,False
75.0,42.69140537961698,1.7745536936435893,29.837585806361783,36.88590080048155,41.49585704461199,54.94247646333063,38.02248829943296,5.459169954751816,6.0,False,False,True,False,False,False,True,False,False,False,True,False,False,False,False,False,False,False,False,False,True,False,False,True,False,True,False
61.460885466440864,17.218744475121433,0.9575211163253374,47.74613739345097,15.17599522814574,53.671773947954115,76.20126915952576,20.49469516445374,20.018750076215888,1.0,False,False,False,False,True,False,False,True,False,False,False,True,False,False,False,False,False,True,False,False,False,True,False,False,False,True,False
50.0,48.14596961410625,2.8673634929295204,15.521661798949124,31.83906197025877,16.537180562904386,99.98486048295344,33.087139185236886,32.227384127689525,0.0,False,False,False,True,False,False,False,False,True,False,True,False,False,False,False,False,False,True,False,False,False,False,True,False,False,True,False
62.0,25.12116466546159,1.010506969032026,32.09365177234676,14.440838232748982,58.39027846003522,93.64930681962036,272.2871845279422,-6.052887853779801,3.0,True,False,False,False,False,True,False,False,False,False,False,False,False,True,False,False,True,False,False,False,False,True,False,False,False,True,False
85.0,67.90283934003946,0.835318745254099,41.06704109745447,25.570139919014636,45.582325657252866,87.80206968570528,120.3675121015226,25.58518972726768,1.0,False,False,False,False,True,False,False,True,False,False,False,True,False,False,False,False,True,False,False,False,False,False,True,False,False,False,True
85.0,43.254517140810776,3.2107643722436436,19.278035722978235,13.374711200908711,16.42986703126396,85.24212847364188,156.19622550598012,27.8175569749438,1.0,False,False,False,False,True,False,True,False,False,False,False,False,False,True,False,False,False,False,False,True,False,False,True,False,False,True,False
62.0,62.61550758556181,1.815045399718526,19.794649589448294,16.78765405444762,84.03426141510538,92.43627852480974,209.62662184057555,21.453631643088535,3.0,False,True,False,False,False,False,False,False,False,True,False,True,False,False,False,False,True,False,False,False,False,False,False,True,False,True,False
85.0,43.825900117321794,3.1281282303575897,41.83746249782165,54.8058326242968,37.69447403277616,77.12655441859508,29.944440520906667,33.546857129300356,7.0,False,False,True,False,False,False,False,False,True,False,True,False,False,False,False,False,False,False,False,True,False,True,False,False,False,False,True
100.0,31.18702899243123,1.860443342393109,11.581744386043408,17.263731698642403,69.85875931465557,23.899850979861696,18.845805451601464,28.333515050512403,6.0,True,False,False,False,False,False,False,False,False,True,True,False,False,False,False,False,False,False,True,False,False,False,False,True,False,True,False
75.0,74.82644569097782,1.398582211214841,43.13328345657307,26.21871803779052,23.72599550105088,53.81369932194329,238.7435606565687,30.955968944199924,3.043569798496577,False,False,False,True,False,True,False,False,False,False,False,True,False,False,False,False,False,True,False,False,False,False,False,True,False,False,True
85.0,42.69140537961698,1.6833779694089597,9.433507336654076,22.947486589821068,15.000556279076262,66.9246657414314,0.8623613316018139,25.362705253388995,7.0,True,False,False,False,False,False,False,True,False,False,False,False,False,True,False,False,False,False,True,False,False,False,False,True,True,False,False
75.0,78.89524910756762,1.225895512401978,30.74927681610981,7.260289753798142,62.087646453271354,80.77137881661801,73.61394811694834,16.52085958055578,4.0,False,False,False,True,False,False,False,True,False,False,False,False,True,False,False,False,False,True,False,False,False,False,False,True,False,False,True
62.0,10.241885891596077,1.394747102580713,29.216213685823107,34.65331381094593,14.961669635907109,70.51180081437839,295.9150268898221,18.15385475237356,3.0,False,False,True,False,False,False,True,False,False,False,False,True,False,False,False,False,False,True,False,False,False,True,False,False,False,True,False
85.0,5.144893571862889,1.996622706047104,9.230954632347297,21.48947597489341,83.6689673557004,80.51886311775269,66.52104688309612,8.64069859605198,0.0,False,False,False,True,False,False,False,True,False,False,False,True,False,False,False,True,False,False,False,False,False,True,False,False,False,False,True
50.0,59.922814416459936,3.7532164796861327,30.429448129131227,14.117725724108118,41.64275168503707,95.0069584304912,239.15823897118236,7.177322498461926,7.0,False,True,False,False,False,False,False,False,True,False,False,False,False,True,False,False,False,False,False,False,True,False,False,True,False,True,False
62.0,8.353019856414647,3.4304844579467044,34.719681724361955,35.66061843777716,13.142563107472808,97.25962097296544,42.55134218801984,2.819187376633357,7.0,False,True,False,False,False,True,False,False,False,False,False,False,True,False,False,False,False,False,False,True,False,True,False,False,False,True,False
58.36980451713409,40.76283311435537,0.938436579463628,41.33293546359443,24.914504678756114,57.81468020270049,87.2706866811988,196.5140061601193,35.54952433115825,3.0,False,True,False,False,False,False,False,False,False,True,False,True,False,False,False,False,False,True,False,False,False,False,True,False,True,False,False
85.0,18.89056337329201,1.4187837431940964,17.00535033559547,28.242755824472564,54.31147107328103,57.65603262904937,73.25683049364379,32.95043053419288,2.0,False,True,False,False,False,True,False,False,False,False,False,False,True,False,False,True,False,False,False,False,False,True,False,False,False,True,False
50.0,42.79819075847415,2.3427113663379946,33.78877718721532,12.776621167290523,67.94619206512169,57.870204114268205,17.760082882891425,12.918301551871778,3.0,True,False,False,False,False,False,False,True,False,False,False,False,True,False,True,False,False,False,False,False,False,False,False,True,False,True,False
62.0,12.814363147239058,2.588535180640522,27.381994351172008,29.63541951288657,66.46134154461114,68.41309481751257,251.17135317316612,22.61418258510924,1.0,False,False,True,False,False,False,False,False,False,True,True,False,False,False,False,True,False,False,False,False,False,False,True,False,False,True,False
75.0,8.918418777562092,1.556936695800068,16.241963359211958,8.640023654066123,16.990405001559274,55.826641029606314,15.21342604109595,9.113968186390393,1.2086330827192395,False,False,False,True,False,False,True,False,False,False,False,False,False,True,False,False,False,False,True,False,False,False,True,False,False,False,True
62.0,0.1211432950427712,1.4556359151018663,45.58156227106593,37.710554849589386,86.31048768785503,77.19881289799206,66.3639561403343,30.187852800687992,2.0,False,False,False,True,False,True,False,False,False,False,False,True,False,False,True,False,False,False,False,False,False,False,True,False,False,True,False
62.0,10.9113557932088,1.9845446319165592,20.99245325759676,15.135226707550656,85.04682076129231,65.3913894629667,256.5969178469621,31.632811318986633,5.0,False,True,False,False,False,False,False,False,False,True,False,True,False,False,False,True,False,False,False,False,False,False,True,False,False,True,False
75.0,7.8588683891368705,3.3611287057883636,4.830371677364436,36.51188192041881,81.86550346623888,96.13231206914588,284.6536204721152,23.69545557275726,0.0,False,True,False,False,False,False,False,False,False,True,False,False,True,False,False,False,True,False,False,False,False,False,True,False,False,True,False
75.0,70.17135459506048,3.8279458316010713,12.962522175124477,13.921007539612305,11.95265428740866,52.68266543699139,155.72507105533435,1.496106620534535,3.286324572194227,False,False,False,False,True,False,False,False,False,True,False,True,False,False,False,False,False,False,False,False,True,False,False,True,True,False,False
62.0,15.187432130994928,2.734597570509603,13.080022985194764,26.153094791229552,11.88322274236719,59.52963307240878,252.85110656388096,36.99991588152188,2.0,False,False,True,False,False,False,False,False,True,False,False,False,True,False,False,False,False,False,False,True,False,False,False,True,True,False,False
85.0,77.8613161281733,0.7065366457805022,30.14418743877484,37.13040463379047,63.10434295286288,66.61241345662742,20.65567779666782,0.7865344167262283,0.0,True,False,False,False,False,True,False,False,False,False,False,True,False,False,False,False,True,False,False,False,False,False,True,False,False,False,True
62.0,37.189293647002586,1.228841335073204,3.856692166975177,17.774248916406137,49.06955895638808,85.10116940945218,269.1480889624259,19.856611575428744,0.0885982577498181,False,False,False,True,False,False,False,False,False,True,False,False,False,True,True,False,False,False,False,False,False,False,False,True,True,False,False
62.0,25.711923926721692,2.3093277171746265,32.62090777265186,29.45116374090035,37.0929556989178,84.74088765106924,190.28182293406505,8.00517234052586,5.0,False,False,False,False,True,True,False,False,False,False,False,True,False,False,False,False,False,True,False,False,False,True,False,False,True,False,False
50.0,9.086246707562893,2.010057473078036,14.088726040982015,16.94513541759885,50.005700053904,64.8118366437775,278.4282293628509,-8.983604992720508,5.0,False,False,False,False,True,False,False,False,False,True,False,False,True,False,False,False,False,False,False,False,True,False,False,True,False,False,True
75.0,27.00471085893386,3.4414908977515815,46.41136085382428,38.52706303941375,88.18011161914227,61.435256857506374,298.87018569212825,8.774037214793669,2.0,False,False,False,True,False,False,True,False,False,False,False,False,True,False,False,False,False,True,False,False,False,True,False,False,True,False,False
50.0,6.661747206218264,4.110062624376016,10.890131082923729,30.89770568563907,83.28204154815583,65.00624640464159,152.25986699080715,20.515455923408773,6.0,True,False,False,False,False,False,True,False,False,False,False,True,False,False,False,True,False,False,False,False,False,False,False,True,False,True,False
100.0,53.648424429654725,3.4085422116998423,47.29035525269705,14.665039144930637,21.455270566975216,98.16391585359358,292.8722924029989,12.025622631533851,2.0,False,False,False,False,True,False,True,False,False,False,False,True,False,False,False,False,True,False,False,False,False,True,False,False,False,True,False
85.0,40.65621778280107,3.3777839989387672,49.92072559945864,38.447546321972865,73.70841814345455,55.681694487511464,189.5971054867606,8.45374735934292,0.0,False,False,False,False,True,False,False,True,False,False,False,False,True,False,False,False,False,False,True,False,False,True,False,False,False,True,False
100.0,71.16250433532748,1.2026073220933535,44.7448626480689,23.701275045537972,48.963543957597054,92.57237250489908,287.06397976246177,3.706865682142661,3.7340553096703446,False,False,True,False,False,False,False,False,False,True,True,False,False,False,False,False,False,False,True,False,False,False,True,False,True,False,False
85.0,16.111111317085957,1.0610271583729003,22.456705662546888,25.799390711053075,67.71925020552159,53.72387415945178,75.49880921364911,-7.663751387811887,4.0,True,False,False,False,False,False,False,True,False,False,True,False,False,False,False,False,False,False,False,False,True,False,False,True,False,False,True
47.59576449275049,58.91061762118734,2.2832964460179275,23.379598455661355,9.749992695035187,30.45137839196829,52.11796213219462,138.8827900568325,-8.603112050828253,1.0,False,False,False,False,True,True,False,False,False,False,False,True,False,False,False,False,False,False,True,False,False,False,True,False,True,False,False
100.0,8.75167001874184,3.1355357024066897,11.595383272812684,5.043208361101098,53.35718299408809,91.29317175718576,49.68197927195274,4.854309132964509,0.0,True,False,False,False,False,False,False,True,False,False,False,False,False,True,False,False,False,False,False,True,False,True,False,False,False,False,True
100.0,31.888072339650034,1.388571419069791,39.8371740806264,21.14919718434809,23.174795172887475,56.48999004066699,124.72108285311188,15.848155124176898,4.0,False,False,False,True,False,True,False,False,False,False,False,True,False,False,False,False,False,True,False,False,False,False,False,True,False,True,False
50.0,64.04377270020223,0.5304193228924319,46.35165385864999,38.26495023705481,10.960410669496534,99.4443785794044,200.64279131343625,29.876089552488345,0.0,False,True,False,False,False,True,False,False,False,False,False,False,False,True,False,False,False,False,False,False,True,False,False,True,False,False,True
100.0,56.045290258936504,2.4921117691874235,19.01024307896112,13.466370642080678,37.92406568833189,97.56418981426546,152.25986699080715,12.43676471814378,7.0,False,False,False,False,True,True,False,False,False,False,False,True,False,False,False,False,False,False,False,False,True,False,True,False,False,True,False
62.0,10.317872226345198,2.346320613529731,18.571639163452865,25.085855676784018,86.60111714572933,83.44744377580392,87.14078402653271,33.26552620867315,3.0,False,False,True,False,False,False,False,True,False,False,False,False,True,False,False,False,False,False,True,False,False,False,False,True,True,False,False
100.0,72.79850067918807,3.6753647417642448,15.442091209962834,19.06124363256488,85.32324000436734,90.16605635118688,172.5314754441898,24.182121524307966,5.0,False,False,False,True,False,False,False,False,False,True,False,True,False,False,False,False,False,False,False,False,True,False,False,True,True,False,False
85.0,67.88757428323595,1.945335136351206,30.12670190711655,9.410223532178584,32.61214548046976,58.444104327586665,249.5432916448901,16.005488635856537,3.0,True,False,False,False,False,False,False,True,False,False,False,False,False,True,False,True,False,False,False,False,False,False,False,True,False,False,True
75.0,41.24835865229704,2.82761116595746,32.95083718392784,34.56122689160816,18.352147384233092,50.601029508862496,154.34561667139718,3.221734497771365,5.0,False,False,False,True,False,False,False,False,False,True,False,False,False,True,True,False,False,False,False,False,False,True,False,False,True,False,False
100.0,35.024111186545994,0.9186724236081418,32.092788481760344,8.51502670076438,15.989490353813975,91.81341991459188,120.73231381977114,14.619838264589935,4.7894567048392,False,False,False,False,True,False,False,False,False,True,False,True,False,False,False,False,True,False,False,False,False,False,True,False,False,False,True
100.0,54.91320565679101,2.0404564639583023,7.600372847699664,32.21803368412769,40.234728507604245,86.30040219514237,57.95464278230427,2.765501689562982,1.0,True,False,False,False,False,True,False,False,False,False,False,True,False,False,True,False,False,False,False,False,False,True,False,False,True,False,False
75.0,51.02335300165405,3.034842753846944,45.80149944059677,39.1307182970169,50.762355730466226,61.774039782538246,270.61929591044793,11.007994868332403,1.0,False,True,False,False,False,False,False,True,False,False,True,False,False,False,False,False,False,True,False,False,False,False,True,False,True,False,False
12.653948904501569,62.63359253447133,0.6688544309778959,9.038507110178308,17.682306654831375,14.33606470736266,94.93985971345596,288.5503554397001,47.31817615431811,0.0,False,False,False,True,False,False,False,False,False,True,False,True,False,False,False,False,True,False,False,False,False,True,False,False,True,False,False
105.28706772872856,42.69140537961698,1.8514635743950645,8.126977132962137,37.22043016811803,45.283321780522144,23.899850979861696,276.5598512019276,-0.2693344662253594,6.0,False,False,False,False,True,False,True,False,False,False,False,True,False,False,False,False,False,False,True,False,False,True,False,False,False,False,True
62.0,42.222770261485735,2.3234458987794024,35.74897886600845,22.332105309786243,79.82181804427366,51.084442843814465,258.22098538444334,18.580192528884,1.0,False,False,True,False,False,False,False,False,False,True,False,False,True,False,False,False,False,False,False,True,False,True,False,False,False,False,True
136.41543451440273,60.08034819074353,2.0783051276167948,46.15424524259217,17.111067835808612,37.69074850745198,93.80110629341414,221.89677790062672,-10.724769747493202,6.0,True,False,False,False,False,False,True,False,False,False,False,False,False,True,False,False,False,False,False,True,False,True,False,False,False,False,True
100.0,47.20021555132315,4.146497950188242,43.11477983426108,28.559128710330526,36.35120734538151,90.2573686552208,85.60223413230133,37.58491867360899,5.0,False,False,False,True,False,False,False,True,False,False,True,False,False,False,False,False,False,False,True,False,False,False,True,False,True,False,False
50.0,58.55989952016146,2.339015100635245,18.576886876394852,9.835438648338712,52.127874413345054,62.521194392612024,70.4012897330798,-2.2756894738646225,7.0,False,False,False,True,False,False,False,True,False,False,False,False,True,False,False,False,False,True,False,False,False,False,False,True,False,True,False
75.0,18.529060697578466,2.336419694967444,6.3463350749875405,18.266059157609313,49.89280166549236,52.1070778523994,187.58147365293513,38.79052519670133,1.0,False,True,False,False,False,False,False,True,False,False,False,True,False,False,False,False,False,False,True,False,False,False,True,False,False,False,True
75.0,20.026313858630445,1.826933687468276,41.61784215307051,28.408615788605804,20.45340920756221,35.9740790187295,190.80046963864052,25.25712194742985,4.0,False,True,False,False,False,False,False,False,False,True,False,False,False,True,False,False,False,False,False,False,True,False,False,True,False,True,False
75.0,61.12076151907815,0.8631229860137307,25.603799331857445,29.083112306704297,68.06172182116148,73.8683676923296,95.80916358830729,1.5205785309510986,7.0,False,False,True,False,False,False,False,False,True,False,False,True,False,False,False,False,False,False,False,True,False,False,True,False,False,False,True
100.0,47.99575165649026,2.6912705186964616,39.154830349071936,10.675075124888576,54.78679099648707,78.98374139159887,292.69772318223676,17.588065382112188,2.0,False,False,True,False,False,False,False,False,False,True,False,True,False,False,True,False,False,False,False,False,False,False,True,False,False,False,True
100.0,60.70480470905676,3.0724875340310067,8.364823050543798,38.66687047010912,51.670163660648555,69.68809606416363,156.638374982024,50.54394308994467,6.0,False,False,False,False,True,False,False,False,False,True,False,True,False,False,False,False,False,False,True,False,False,False,True,False,False,True,False
50.0,35.84392988591518,0.5841349456705043,8.057717582270522,9.078226155198172,22.809563778884243,94.52158774685414,219.1032925273127,-9.079100594239849,6.808033448075264,False,False,False,False,True,True,False,False,False,False,False,True,False,False,False,False,False,True,False,False,False,False,True,False,False,True,False
75.0,77.26132089921293,2.937547731631452,25.603799331857445,28.104534061396496,52.19891030362686,54.65266515468652,128.62606058066137,18.92055755273905,1.0,False,False,True,False,False,True,False,False,False,False,False,False,False,True,False,False,False,True,False,False,False,True,False,False,True,False,False
75.0,44.87557340248862,1.6791984280701115,9.76614988041083,9.09697606376053,62.89081175346798,65.64834863502412,245.35532264165815,22.966643514524215,4.06268814898258,False,False,True,False,False,False,False,False,False,True,False,False,True,False,True,False,False,False,False,False,False,False,True,False,False,True,False
75.0,61.56734925121615,3.710275407997624,41.31627181654345,8.421126909886086,17.25267949273368,58.878411740482555,279.5167461006761,-2.209581899400622,1.0,True,False,False,False,False,False,True,False,False,False,False,True,False,False,False,False,True,False,False,False,False,False,True,False,False,False,True
50.0,24.797064059890324,3.820788493955309,36.21828322200848,14.313363234334188,20.938466073248676,31.804021005309064,51.63972833826092,23.35039451272079,7.0,False,True,False,False,False,True,False,False,False,False,False,True,False,False,True,False,False,False,False,False,False,False,False,True,False,True,False
62.0,73.07614589143651,5.45248786614729,8.455838521683116,37.44777917652726,36.794524236770215,95.09040687211868,228.31938627264512,-0.4134831628946251,2.0,False,False,False,False,True,False,False,False,False,True,True,False,False,False,False,False,False,True,False,False,False,True,False,False,False,True,False
85.0,6.535781252164842,1.705544571305777,13.422390897899296,14.00199756189555,61.58085721816703,77.78427713953087,152.25986699080715,36.78572730142667,2.0,False,True,False,False,False,False,False,False,True,False,True,False,False,False,False,False,False,False,False,True,False,True,False,False,False,True,False
62.0,22.572882450288343,2.96014748988195,25.291575946285857,22.224804227965933,51.55000841686424,74.1444021005201,49.07601045956073,24.4117939298946,0.0,False,True,False,False,False,False,True,False,False,False,False,False,False,True,False,False,True,False,False,False,False,False,True,False,False,True,False
96.60872071307756,56.51645587863174,3.0031715472877716,47.82948046168555,38.13296108100456,58.10937414504025,83.74438408347368,31.195256286094946,59.75723970375255,0.0,False,False,True,False,False,False,False,True,False,False,False,True,False,False,True,False,False,False,False,False,False,False,True,False,True,False,False
75.0,42.69140537961698,3.095390479316716,5.167601528141622,14.667337143282316,13.243284361819514,59.16642608924414,280.3204931105929,17.78702680696874,1.0,True,False,False,False,False,False,False,False,False,True,False,True,False,False,False,False,False,False,False,False,True,True,False,False,False,False,True
85.0,76.44990710737748,2.272736336714355,20.552317280826657,11.346111662873582,18.761399355388733,62.33419326937786,42.6202888880497,32.60796419574568,3.0,False,False,False,True,False,False,False,False,False,True,False,True,False,False,False,False,False,False,False,False,True,True,False,False,False,False,True
62.0,51.492346382026085,3.911579304355655,35.21951803944553,21.37952635523394,62.122374829200595,81.29379863432871,32.48464488487498,-4.123444524751449,5.0,True,False,False,False,False,False,True,False,False,False,False,False,False,True,False,False,False,False,False,True,False,False,True,False,False,False,True
100.0,55.78259572680235,1.27970949093876,5.5921960583273105,8.048298781340923,50.33758928795222,86.23333848335864,50.905417887353146,15.806771803246086,1.0,True,False,False,False,False,True,False,False,False,False,False,False,False,True,False,False,False,False,False,False,True,False,True,False,True,False,False
62.0,67.77665979862479,5.211612226181517,9.80124301601001,38.000700150372154,79.16930918576188,75.98571454431439,28.58247300664054,-10.659679530110962,2.0,False,True,False,False,False,True,False,False,False,False,False,True,False,False,False,False,False,False,True,False,False,False,True,False,False,True,False
73.85002716229796,37.05562159282365,1.6833729720021182,7.32241853947061,38.645308239932085,34.2183195177556,63.34809700506103,23.61819796352825,5.664612657982779,7.0,True,False,False,False,False,True,False,False,False,False,False,True,False,False,False,False,True,False,False,False,False,False,False,True,False,False,True
50.0,40.271295219742754,2.7769424258428383,7.675572872388004,14.402442656017609,25.041372284286226,23.899850979861696,202.21393040238056,7.701936714946803,3.0,False,False,False,False,True,False,False,True,False,False,False,False,False,True,False,False,False,False,False,True,False,True,False,False,False,False,True
75.0,44.76974192287614,0.640695419402568,20.59023557865744,29.60976805245256,64.11014685239297,90.55214709137564,168.5338077245869,24.258156107045014,2.0,False,True,False,False,False,False,True,False,False,False,False,True,False,False,False,False,True,False,False,False,False,False,False,True,False,True,False
75.0,38.2137648106408,1.888628240298606,35.89219701227775,22.234546494499146,88.25641630399335,73.26212814178669,239.29101175136364,3.05617342337616,6.0,False,False,False,False,True,False,True,False,False,False,False,False,True,False,False,False,False,True,False,False,False,True,False,False,False,False,True
53.97365865790932,65.12042574597822,2.426058377025857,12.309725069846412,14.956140552953626,10.427706320315131,107.09396797433892,256.20769311899585,16.403827328389546,7.0,False,False,False,True,False,True,False,False,False,False,False,False,True,False,True,False,False,False,False,False,False,True,False,False,False,True,False
50.0,64.0000211656222,3.4456218108047656,30.22669452502872,29.527946154531342,25.461538152253187,89.74197873860788,220.63757565584783,38.351675429586535,0.0,False,True,False,False,False,True,False,False,False,False,False,False,False,True,False,False,False,False,True,False,False,True,False,False,True,False,False
85.0,5.01388964715821,1.0123391282300591,46.87510964459352,24.114408332912703,12.62370186996878,93.11447872975644,139.93870040625902,1.6027160845373398,1.0,False,False,False,True,False,False,False,False,True,False,False,False,True,False,False,False,False,False,False,True,False,True,False,False,False,False,True
85.0,49.9789258332708,1.436500394823773,25.603799331857445,34.37326518398169,60.07923726088285,76.74284348323063,152.25986699080715,2.010076292697491,3.0,False,True,False,False,False,False,False,False,True,False,True,False,False,False,True,False,False,False,False,False,False,True,False,False,False,False,True
100.0,42.69140537961698,0.5952087805041649,25.603799331857445,21.59110538291221,56.45990210455845,119.98230891128314,110.21958993639556,4.13935812356989,0.0,False,False,True,False,False,False,False,False,False,True,False,True,False,False,True,False,False,False,False,False,False,False,True,False,False,True,False
62.0,74.93688348332599,1.5045108692821951,14.434749406529797,38.30264742123059,58.89235921810404,55.65778913768597,21.99550223759907,27.275239235826135,4.0,True,False,False,False,False,False,False,False,False,True,True,False,False,False,True,False,False,False,False,False,False,False,False,True,True,False,False
75.0,40.257196883863706,1.4415487593554557,17.9473945941715,18.66412192940177,28.841329486807112,85.27530270966454,61.05376918138752,31.602356878363913,6.0,False,False,True,False,False,False,True,False,False,False,True,False,False,False,True,False,False,False,False,False,False,False,False,True,False,False,True
62.0,51.20288962549678,1.4470566363634036,45.19091647032926,39.19681508089824,75.55734011955374,56.56750423592851,129.48975674563343,15.648404225046924,0.0,False,False,False,True,False,False,True,False,False,False,True,False,False,False,True,False,False,False,False,False,False,True,False,False,False,True,False
85.0,54.884964513779416,3.036137884500907,15.014209056333913,31.993283331624745,88.5078973669725,94.47219864187504,139.54353300381808,2.5905175226939665,5.0,True,False,False,False,False,False,False,True,False,False,False,False,True,False,False,False,False,False,False,True,False,False,False,True,True,False,False
85.0,50.61599542846814,3.7607004619470383,34.85455500887653,28.050831341596496,21.383919740695426,58.16782558568132,152.25986699080715,-7.012450425157643,0.0,False,True,False,False,False,False,False,True,False,False,False,True,False,False,False,False,False,False,False,False,True,False,False,True,False,True,False
100.0,55.655332785147046,1.6789749892738182,30.404829816531535,31.644249842874565,11.012541616949,59.81651119957803,179.43171434764614,16.052798431611368,2.0,True,False,False,False,False,False,False,False,True,False,False,True,False,False,True,False,False,False,False,False,False,False,True,False,False,False,True
85.0,48.75767260331637,2.516886532810073,34.48123071791808,11.650644172041137,18.65763388539243,51.64785974327156,182.12407671444495,30.578947222541615,5.0,False,False,False,False,True,False,False,False,False,True,False,False,False,True,False,False,False,True,False,False,False,True,False,False,False,False,True
85.0,72.95818104852783,2.917826685071239,29.990454827284875,20.51806391936266,40.21207606713552,62.26959799670035,256.2701112846916,12.987388532512288,3.0,True,False,False,False,False,False,False,False,True,False,True,False,False,False,False,False,False,True,False,False,False,False,True,False,False,False,True
62.0,58.11274413766781,2.5722250771422086,43.477302403000174,36.43538613690158,74.63709318690526,59.827313210903824,293.12024763177186,24.13446895480823,3.0,False,False,False,False,True,False,False,False,True,False,False,False,True,False,False,False,False,False,True,False,False,False,False,True,False,True,False
62.0,56.52037667500273,2.296980267769662,12.888588103956373,9.434171311681736,31.16795633197735,68.26436301399724,114.189579473058,19.103153183928203,1.0,True,False,False,False,False,False,False,False,False,True,True,False,False,False,False,False,False,False,False,True,False,True,False,False,True,False,False
100.0,42.69140537961698,2.619786451375589,47.98132123679881,20.98159616899028,42.915421334432864,93.84743084012484,244.8637198519477,8.96417652241557,0.0,False,False,False,False,True,False,False,True,False,False,True,False,False,False,False,True,False,False,False,False,False,True,False,False,False,False,True
26.13651024680693,28.780491407276823,0.7713119842754502,7.446768633950693,27.521259044426937,27.239475603277555,94.99744371190305,162.46593548437778,5.291260872920947,7.0,False,False,False,True,False,False,False,False,False,True,False,True,False,False,False,False,False,False,False,False,True,True,False,False,False,False,True
50.0,9.04773210705438,1.967714478740673,40.91079821026635,25.269917524970374,86.31805712644342,82.64673078507658,286.8427865836956,37.03618549441143,3.0,False,False,True,False,False,True,False,False,False,False,False,False,False,True,False,False,False,False,True,False,False,True,False,False,False,True,False
62.0,51.08539266561558,0.9497561025934448,25.838487850720153,7.1813925834427055,44.70187213283778,82.62853909687317,121.43529271974012,16.953094518284065,0.0,False,True,False,False,False,True,False,False,False,False,False,False,True,False,False,False,False,True,False,False,False,True,False,False,False,False,True
62.0,36.26259614170952,2.0123601409406984,38.14908200155225,35.146115866971094,58.31902030658071,67.00704755875644,85.38239413894216,-0.4950766029761606,1.0,True,False,False,False,False,True,False,False,False,False,False,True,False,False,True,False,False,False,False,False,False,True,False,False,False,True,False
62.0,77.45420995738992,3.308261928438673,29.413406694147984,5.691471521503251,80.65255109296433,90.08739343768669,238.8650097724857,2.2490551695889742,4.0,False,False,True,False,False,False,True,False,False,False,True,False,False,False,False,False,False,False,False,True,False,False,True,False,False,False,True
62.0,68.21934425725472,0.8864503813605564,14.884354058498058,17.267073791696944,38.03890271184613,62.46309786457429,221.3783240343404,1.8150805157682728,4.0,False,True,False,False,False,False,False,True,False,False,False,True,False,False,False,False,False,False,False,True,False,False,True,False,True,False,False
100.0,57.67538255763964,2.8795712052808087,46.31316024594766,33.674170165271015,67.45954159581203,64.97948545666355,124.07864607817878,3.2616477040008895,0.0,False,True,False,False,False,False,False,True,False,False,True,False,False,False,True,False,False,False,False,False,False,False,False,True,False,False,True
88.86922406551787,20.17078858180017,2.4504515660490873,40.42078195542164,37.25540969211843,31.556926298671403,97.82793195403904,96.25331245523712,2.844132917910557,2.0,False,False,False,False,True,False,True,False,False,False,False,False,True,False,False,False,False,True,False,False,False,True,False,False,False,True,False
100.0,78.16770975170616,2.1284750020420256,48.99622283601657,37.74488597681351,37.68136593844876,72.0489313914754,214.62100237996177,-4.1366317228707175,1.0,False,False,False,True,False,False,False,False,True,False,False,True,False,False,False,False,False,False,True,False,False,True,False,False,False,False,True
85.0,76.95348907902107,3.44323713106448,36.810730035560326,35.72732642816646,66.79198381822985,76.5041067060289,36.39737625161223,9.262327033861766,7.0,False,False,False,True,False,True,False,False,False,False,False,True,False,False,False,False,False,False,False,True,False,False,True,False,False,True,False
50.0,62.74942109140281,2.0733241040849606,15.836202414689543,33.00898377565577,102.57582675375237,80.98016602086427,152.25986699080715,8.273267247544666,1.0,False,False,True,False,False,True,False,False,False,False,False,True,False,False,False,False,True,False,False,False,False,False,False,True,False,True,False
85.0,47.63041181980813,1.5496956696697346,26.012469410984444,18.48377514266727,18.16488828155385,114.5256472494268,59.9940988219604,24.21840758397903,3.0,False,False,False,True,False,False,False,False,True,False,False,True,False,False,False,False,False,True,False,False,False,False,False,True,False,True,False
100.0,51.737131530843484,1.3552852998469738,26.691946660730032,16.051864572880966,42.492679191266,93.29904644891742,252.93675896839335,15.612401539347978,3.0,True,False,False,False,False,False,False,False,False,True,False,True,False,False,False,False,False,True,False,False,False,True,False,False,True,False,False
75.0,41.88651470928026,3.7411159409730614,23.022124692445743,26.35535793646985,59.31521139741232,94.75305519244928,88.91725661150893,7.809076958418935,3.0,False,False,False,True,False,False,False,False,False,True,False,False,True,False,False,False,False,False,False,False,True,False,False,True,True,False,False
85.0,71.95569072472664,1.6557431785415109,39.21578542752447,26.30986375777708,30.700917810684565,98.23729456819592,263.0610040864517,12.970249709301845,7.0,False,False,True,False,False,False,False,True,False,False,False,False,False,True,False,False,False,False,True,False,False,False,False,True,False,False,True
100.0,39.93276466234457,2.7059188482942824,49.1166092730102,20.716565418626857,43.60824251245972,54.32016802359381,327.39309338387187,8.663582494800384,5.0,False,False,False,True,False,False,True,False,False,False,False,False,True,False,False,False,False,True,False,False,False,True,False,False,False,True,False
85.0,30.576281983940227,1.0137325257252732,49.46138235507399,22.337139629641076,12.8658870056468,85.47800524874069,260.142973509451,19.092544204723293,6.0,True,False,False,False,False,False,False,True,False,False,False,True,False,False,True,False,False,False,False,False,False,True,False,False,True,False,False
75.0,73.60654260034698,1.3757248751243405,26.087892105535474,25.480781527617165,65.81804152135467,65.5549593407624,152.25986699080715,-0.7790336602996408,1.0,False,False,False,False,True,False,False,False,False,True,True,False,False,False,False,False,False,True,False,False,False,True,False,False,False,True,False
100.0,14.10985781803456,0.936721070866911,26.39988395239894,13.57133390931867,38.21620398289632,95.64518241721714,152.25986699080715,25.19276228244422,6.0,False,False,True,False,False,False,False,False,True,False,True,False,False,False,False,False,False,False,True,False,False,False,True,False,False,False,True
50.0,38.957609713355055,2.4309666340833225,28.438346866072735,10.636616260855636,73.10677228201467,70.33537354858956,77.42028800252723,-0.2312055283323637,6.0,False,False,False,False,True,False,False,True,False,False,False,True,False,False,False,False,True,False,False,False,False,True,False,False,False,True,False
62.0,60.71815399652918,2.1941605658613272,18.49490674734526,20.472697570361422,35.26718110379237,59.63373277625455,84.02663481881574,2.3943156992031227,0.0,False,False,False,False,True,True,False,False,False,False,False,False,False,True,False,False,False,True,False,False,False,False,False,True,True,False,False
50.0,79.2780822184147,3.89478023656482,21.280008595542856,38.07334631378182,69.27315689897446,57.638337196602976,11.601228736577331,38.0265408626295,2.0,False,False,False,False,True,True,False,False,False,False,False,True,False,False,False,False,False,False,True,False,False,False,True,False,True,False,False
100.0,30.27520935029439,1.7947550160654286,9.896086973422094,15.670379741260618,89.5689211273288,60.29772795991465,214.47331364964387,31.55436684655272,4.0,False,True,False,False,False,False,False,False,True,False,False,False,True,False,False,False,False,True,False,False,False,False,False,True,False,True,False
50.0,42.69140537961698,1.6315936975983292,25.603799331857445,13.488216890754178,60.8980693945304,80.18544351402166,191.68757529190873,-5.793674798830086,2.0,False,True,False,False,False,False,False,False,False,True,False,False,False,True,False,True,False,False,False,False,False,False,True,False,False,True,False
85.0,50.92256838738107,2.7450650696414844,43.40930150579623,30.00753823987476,15.914269190929192,82.3447958446385,120.88478365972466,12.462636502589325,4.0,False,False,False,False,True,True,False,False,False,False,False,False,False,True,True,False,False,False,False,False,False,True,False,False,False,True,False
100.0,58.92443565485458,2.201157760691302,33.527215373664504,18.007183440046177,40.21147092624306,58.32742248927915,95.64435151967814,4.837412072025576,2.0,False,False,True,False,False,True,False,False,False,False,False,False,True,False,False,False,False,False,False,False,True,False,False,True,False,True,False
50.0,6.268235994227531,5.45248786614729,25.603799331857445,7.738396235199668,65.99350198707378,126.38332876842395,151.07981113467872,25.068744940906804,1.0,True,False,False,False,False,False,True,False,False,False,False,False,False,True,True,False,False,False,False,False,False,False,True,False,False,True,False
85.0,13.089183211513587,0.7499796988190511,31.907713854552647,26.60432004967749,54.2607349729544,53.80469865249152,272.1976953092468,14.51824632185706,4.0,True,False,False,False,False,False,False,True,False,False,False,True,False,False,False,True,False,False,False,False,False,False,False,True,False,True,False
50.0,31.102261453118967,0.9938422875012384,40.14362962979752,19.3632431386136,55.59176313362416,99.5051397056067,10.93101298458777,13.781809865463828,0.0,False,False,False,True,False,False,False,False,False,True,False,True,False,False,True,False,False,False,False,False,False,True,False,False,False,False,True
43.71913702406909,42.69140537961698,2.304197182855523,21.688537892491848,8.598943959363353,46.199988065598475,85.30835216125931,152.25986699080715,26.44073486906366,2.0,False,False,True,False,False,False,False,True,False,False,True,False,False,False,True,False,False,False,False,False,False,False,True,False,False,False,True
75.0,27.694411449808683,1.4021806040177809,47.32624673908941,7.234004135673027,27.04373974177269,65.83029628276724,32.83172854820101,19.265184430729654,6.0,False,True,False,False,False,False,False,False,False,True,False,False,True,False,False,False,False,False,False,False,True,False,False,True,True,False,False
100.0,50.51448558506963,2.22872925907341,19.086494735500263,11.060199641520292,12.870374543107925,50.66155353918523,121.0998380635724,29.292791812955898,2.0,False,False,False,False,True,True,False,False,False,False,False,False,False,True,False,True,False,False,False,False,False,False,True,False,False,True,False
62.0,20.846377817745335,1.4997710475131931,26.5778147612731,15.767656361659448,61.833523772810935,85.03607836550964,139.37076700591442,-2.376886289788956,4.0,False,False,False,True,False,False,True,False,False,False,False,False,False,True,True,False,False,False,False,False,False,True,False,False,False,False,True
100.0,45.61965970987572,0.9138336150419216,36.526791648593296,36.95058450417622,55.564613174233735,94.0011014205332,152.25986699080715,33.50184840988644,6.0,True,False,False,False,False,False,False,True,False,False,False,False,False,True,False,False,True,False,False,False,False,False,True,False,False,True,False
58.33515981855699,39.6867657804195,1.4029154025306867,4.3193301269317,13.117933872178368,37.05047750954196,86.27388445512443,103.75151953046056,4.3384480282762965,6.0,False,True,False,False,False,True,False,False,False,False,False,True,False,False,False,False,False,True,False,False,False,False,True,False,True,False,False
50.0,6.818019426679227,3.0616646965456114,17.694894017570398,22.366507703609265,21.389779502801332,50.8557292936082,244.39085485363128,37.48726740198843,3.0,False,True,False,False,False,False,False,False,False,True,False,False,True,False,True,False,False,False,False,False,False,False,False,True,False,False,True
50.0,55.17152825512059,2.285793895197182,8.403361701935179,10.730059345530702,40.12482652499342,67.16138764176819,186.4198892325448,34.58604378699818,7.0,False,False,False,False,True,False,False,True,False,False,False,True,False,False,False,False,False,False,False,True,False,False,True,False,False,True,False
101.02319923832744,152.23875799921288,0.7102980502795601,36.09228626089304,32.58754884880764,13.795797988804017,58.93209952927897,145.1617040451426,39.54195635879396,5.0,True,False,False,False,False,False,False,True,False,False,False,False,False,True,True,False,False,False,False,False,False,True,False,False,False,True,False
85.0,60.28854286251064,1.853153432143082,51.3635932476184,34.58591234655366,78.95924905423048,69.48237539840879,113.35805771013356,41.891306890445605,4.0,False,False,True,False,False,True,False,False,False,False,False,True,False,False,False,False,False,False,False,False,True,False,False,True,False,True,False
76.33659054812139,16.376371083048106,0.8639844960966747,33.30056555155114,13.795874560304217,70.55175016871056,76.77538776743103,193.3986937353374,3.32494483529693,0.3556527874409498,False,True,False,False,False,False,False,True,False,False,False,False,False,True,False,False,False,False,False,True,False,False,True,False,False,True,False
50.0,37.610115032737085,3.4417237794551143,21.067668668395044,32.77849498569771,30.602836019246674,101.90518140943736,14.91695623231132,38.34082129198921,1.0,False,False,False,False,True,False,True,False,False,False,False,False,False,True,False,False,True,False,False,False,False,True,False,False,False,True,False
100.0,38.00957724097448,2.83023631240392,6.590228457006733,7.7791034285937855,48.294420336013985,98.25239498716788,233.16995576223033,-4.148661344077772,1.0,False,False,True,False,False,False,True,False,False,False,False,True,False,False,False,False,False,True,False,False,False,True,False,False,False,True,False
75.0,51.89127939896392,1.8541792518952216,29.900892186844303,13.04850845074449,15.751627241160556,57.05048211192729,74.53081530847757,33.35723142905603,3.0,True,False,False,False,False,True,False,False,False,False,False,False,False,True,False,False,True,False,False,False,False,False,True,False,True,False,False
62.0,9.889982502961283,1.6137816723307057,40.44087745654424,19.353985912180505,14.647732319215194,62.33236181674138,20.019436571690058,19.95036063508279,0.0,False,True,False,False,False,False,False,False,False,True,False,True,False,False,False,False,True,False,False,False,False,False,True,False,False,True,False
75.0,73.62743176033132,0.9623444060505908,40.53583769714743,27.402114974165823,25.597117129896727,50.35637514143106,152.25986699080715,19.801343926460056,2.7971650528027068,False,False,True,False,False,True,False,False,False,False,True,False,False,False,False,True,False,False,False,False,False,False,False,True,False,True,False
62.0,10.336644191193582,3.7142891016254302,25.603799331857445,31.68579535950141,32.98603195247169,84.16649567791455,47.535445644345366,5.194911284624943,7.0,False,False,True,False,False,False,True,False,False,False,False,True,False,False,False,False,True,False,False,False,False,True,False,False,False,False,True
62.0,69.10595990230438,1.2571513955819476,27.381349198927023,20.792355014014845,20.5692515503208,63.35465060540821,217.30594161275468,41.34107902225962,7.0,False,False,True,False,False,False,False,False,True,False,True,False,False,False,False,False,False,False,True,False,False,True,False,False,False,True,False
75.0,18.30737391871987,5.45248786614729,23.91551161182956,31.24650919317708,14.150088479759331,82.19616739046829,226.7294724486238,13.584474481065872,7.0,False,True,False,False,False,False,False,False,True,False,True,False,False,False,False,False,False,False,False,False,True,True,False,False,False,True,False
75.0,41.74488149336455,2.60786075221863,11.144567690649613,16.293182827406923,26.09080885412256,66.72274076075291,166.76531932006355,19.75721265194322,6.0,False,True,False,False,False,False,False,True,False,False,False,True,False,False,False,True,False,False,False,False,False,False,True,False,False,False,True
100.0,42.69140537961698,2.1030833718675623,25.33533275179487,37.422703929630394,67.26932864514069,91.48475324664274,102.6479083101982,18.682073252002333,5.749537058412387,False,False,False,True,False,False,False,True,False,False,False,False,True,False,False,False,False,False,False,True,False,False,True,False,False,False,True
75.0,39.152310092112536,1.3156156867258408,9.938104195050748,29.70099611691263,14.671390433943747,60.1161429061504,232.77720198468097,32.05147860509171,4.0,True,False,False,False,False,False,False,False,True,False,False,False,True,False,False,False,False,False,True,False,False,False,True,False,False,True,False
75.0,37.1185672622842,0.563718560861195,8.690646595879642,15.122031062185169,39.79613148030942,91.68222793303246,18.941504107479027,-0.5426394244535891,5.404853321424032,False,False,False,False,True,False,True,False,False,False,False,True,False,False,False,True,False,False,False,False,False,False,False,True,True,False,False
100.0,35.34544122101473,2.1133442993961395,20.00393210023944,54.8058326242968,21.960265246418267,69.3035164553931,81.97014674442858,-7.257652153666562,2.0,False,False,True,False,False,False,False,True,False,False,False,True,False,False,False,False,False,False,False,False,True,True,False,False,False,False,True
62.0,18.034377951520995,2.756993573439943,20.384304408344132,19.455948907103483,58.41071225322672,126.38332876842395,245.7398507830535,4.269933069114865,5.0,False,False,False,True,False,True,False,False,False,False,False,False,False,True,False,False,False,False,False,True,False,True,False,False,False,False,True
136.41543451440273,42.69140537961698,2.3983788749393984,13.47677065538978,40.21015484624773,33.28839244217399,62.64665894029709,144.8154901077229,-3.736883532256732,0.0,False,False,False,False,True,True,False,False,False,False,False,False,False,True,False,False,False,False,False,False,True,False,True,False,False,True,False
50.0,45.6603131979625,2.505972271289247,40.67941803976215,31.626641565435182,67.9052419126301,65.23658770368718,168.81408681033815,22.739546013745937,6.0,False,False,False,True,False,False,True,False,False,False,False,True,False,False,False,False,False,False,False,False,True,False,False,True,False,False,True
75.0,37.97418005443737,1.7436765227430318,4.275219135924531,12.13245940893069,35.798300297564126,64.90655620413222,299.75987819900564,18.32971351190968,1.0,False,True,False,False,False,False,False,True,False,False,False,False,True,False,False,False,False,False,False,True,False,False,False,True,False,True,False
75.0,45.393753939065256,2.0897210921916995,10.274728630596702,32.85775433190241,87.41341613137504,87.13199165729654,92.5778132938034,6.020441252612322,3.0,False,False,True,False,False,True,False,False,False,False,False,False,False,True,False,False,True,False,False,False,False,False,False,True,True,False,False
50.0,29.98141610704047,0.6619795782123663,7.851718359790319,24.37855645878638,45.772273935480634,71.41642377003204,96.1252348519423,-0.6363455823008923,6.0,False,False,False,False,True,False,False,True,False,False,False,False,False,True,True,False,False,False,False,False,False,False,False,True,True,False,False
62.0,6.006718634009571,2.335712156570332,35.128246837314904,30.035348165011246,23.705260306623856,58.83172596149558,191.86788286860224,4.788927799468437,7.0,False,False,False,False,True,False,False,True,False,False,False,False,True,False,False,False,False,False,False,False,True,False,False,True,False,True,False
50.0,6.623592694043594,2.700212559659974,19.75648055679933,26.554517455414754,24.963613093594255,68.640672558889,174.81861111455189,28.617521055662166,7.0,False,False,False,False,True,True,False,False,False,False,False,True,False,False,False,False,True,False,False,False,False,False,True,False,True,False,False
100.0,11.431328818332826,1.9374828856616837,66.91455448179275,16.138987217159222,12.42991030172564,91.4909780419121,166.55459643473677,21.34994476159788,0.0,False,False,False,False,True,False,False,False,True,False,False,False,True,False,False,False,False,True,False,False,False,False,True,False,False,True,False
12.653948904501569,78.93551157563188,2.757861218052766,16.976051559877522,7.87439836183326,21.52681288411701,54.85928878100147,135.60921147891702,-9.442146080548932,2.061484459120092,False,False,False,False,True,True,False,False,False,False,True,False,False,False,False,False,False,False,False,True,False,False,True,False,False,False,True
50.0,58.74152298342496,2.91425796993607,19.94270234661768,20.60863905916641,19.42640522822153,59.51725759017592,46.37042315883061,-0.0042983103351286,6.0,False,False,False,True,False,False,True,False,False,False,False,False,False,True,False,False,False,False,False,False,True,True,False,False,False,False,True
62.0,68.8333119385666,1.6235470537502177,25.603799331857445,39.377760333145325,19.288553588390727,58.56785095073142,137.23497188517604,32.800882837541785,6.0,False,False,True,False,False,False,False,False,False,True,False,False,False,True,True,False,False,False,False,False,False,False,False,True,False,True,False
75.0,59.21757555858335,1.6027506934963118,41.42637793106033,33.59882883172399,42.29926372011892,56.840099035157095,222.9641230412516,20.42209326152622,7.0,False,True,False,False,False,True,False,False,False,False,False,False,False,True,False,False,False,True,False,False,False,False,False,True,False,True,False
75.0,40.85727641136661,2.539533442160372,6.498801921119486,35.751666949674274,13.959547122719016,64.56353579175058,33.990276159224905,3.3129340256379187,1.0,False,True,False,False,False,False,False,True,False,False,False,False,True,False,False,False,False,False,False,True,False,True,False,False,False,False,True
62.0,56.069640248262715,3.590900004760119,47.96329395566978,37.30963117692004,38.2703909545761,40.62863808269988,219.2441197239257,-5.191914818453904,4.0,False,True,False,False,False,False,False,True,False,False,False,False,True,False,False,True,False,False,False,False,False,False,False,True,False,True,False
62.0,78.23675255331868,3.816622733917169,16.394166206151134,17.72838397030106,75.67577259639745,85.2949905553163,46.83751016977072,37.87978079650087,6.0,False,True,False,False,False,True,False,False,False,False,False,True,False,False,False,True,False,False,False,False,False,False,False,True,False,False,True
50.0,17.47337751568118,0.8345780770594409,25.79263544269118,13.853349796674976,64.00404985170908,93.61414444510086,167.68945879128847,9.462508078784246,5.0,False,False,False,True,False,False,False,False,False,True,False,False,False,True,False,False,True,False,False,False,False,False,False,True,False,True,False
75.0,26.22106760279984,1.1138600482698042,29.5358934103807,33.15126795019424,45.5548487819631,63.62752663271483,30.1575860269307,35.50986903982761,0.0,True,False,False,False,False,True,False,False,False,False,True,False,False,False,False,True,False,False,False,False,False,False,False,True,False,False,True
50.0,70.09733350116187,3.6169290206931297,11.681362395611878,15.918250321503562,55.56943740686081,60.11586883096487,165.1411875837907,-5.445961361465914,4.794491816502947,False,False,True,False,False,False,False,False,False,True,False,True,False,False,False,False,False,False,True,False,False,False,False,True,True,False,False
100.0,55.40858450740993,3.843501686006378,29.5983026669443,33.46392328926646,16.38207402475386,86.67837613254692,125.62406000098647,5.184691378606797,7.0,False,False,False,False,True,False,False,False,False,True,False,False,True,False,False,False,False,False,False,False,True,False,True,False,True,False,False
62.0,33.47231506142258,3.2985827797971496,43.48176399161749,33.63724165215696,76.46236262295349,81.41249704737655,27.77005155169898,8.656254905347547,6.0,True,False,False,False,False,False,True,False,False,False,True,False,False,False,False,False,False,False,False,False,True,False,False,True,False,False,True
50.0,53.57520170906194,0.8343746327657573,27.328398363692767,37.02202643795431,18.334245800640552,83.75053463404171,273.1191120294941,5.5696590408757665,0.0,False,True,False,False,False,False,False,True,False,False,False,True,False,False,False,False,False,False,False,True,False,False,True,False,False,False,True
94.35817416504028,11.28842885033608,2.3928429886885234,6.335184959518231,16.38510149928975,81.4838864423626,83.17300490648739,184.147163551874,23.15629505274995,4.0,True,False,False,False,False,False,False,True,False,False,False,False,True,False,False,False,False,False,True,False,False,False,True,False,False,False,True
85.0,6.269100759870733,1.081960289337379,14.86299534511134,11.243078221696017,12.439951171830508,64.03943994628295,195.20100122016925,2.8825596212513496,2.6476551202687344,False,False,True,False,False,False,False,False,False,True,True,False,False,False,False,False,False,False,False,False,True,False,True,False,False,False,True
75.0,42.95272026706106,1.614998982232772,9.873961584874488,16.52504408440148,61.348862301041585,77.18551316805166,40.74108231865663,3.73369637524237,2.0,False,False,False,False,True,False,False,True,False,False,False,True,False,False,False,False,False,False,False,True,False,False,True,False,False,False,True
75.0,43.24493715557364,3.1965323284374243,13.109736836228274,26.873723098262555,27.776033046086788,52.49968087524582,187.42725560551787,20.0042055952085,7.0,False,False,False,False,True,False,False,False,True,False,True,False,False,False,True,False,False,False,False,False,False,True,False,False,True,False,False
136.41543451440273,12.442167206200743,2.9226290674030975,41.66867825242623,18.795466304688105,35.46639266915101,85.90345513485525,168.21674482779994,-9.113062954570749,5.0,False,False,True,False,False,False,False,False,False,True,False,False,True,False,False,False,False,False,False,False,True,False,True,False,False,False,True
100.0,29.18339676386404,3.0992111138460023,5.365145089951124,31.66548968838087,59.86044199141078,58.86552427138545,247.43028988542977,9.01565552177644,3.2208180799938284,False,False,True,False,False,False,False,True,False,False,False,True,False,False,False,False,True,False,False,False,False,True,False,False,False,True,False
100.0,74.18267082528274,1.0668374057648584,19.43713227241471,22.261768034475413,76.20017926413267,93.64562570817117,119.34136062711848,26.653568508375912,6.377300138861433,False,True,False,False,False,False,False,False,True,False,False,False,True,False,False,False,False,False,False,False,True,True,False,False,True,False,False
100.0,72.08924276832295,2.496163491704368,7.494575511011551,20.2886237220764,22.9005078019988,94.2082551923395,87.67871773454391,3.9270317882741193,4.0,False,False,False,False,True,False,True,False,False,False,False,False,False,True,True,False,False,False,False,False,False,False,True,False,False,False,True
75.0,25.32972426052728,1.7427239865770945,29.146260753872603,16.592928070323723,17.39679727382058,70.36785122188101,32.91297835998529,6.316303249641685,3.0,True,False,False,False,False,False,False,True,False,False,False,False,False,True,True,False,False,False,False,False,False,False,False,True,False,True,False
85.0,58.50930203255331,1.6089128439711164,19.89667188726539,30.093659552004752,74.91089788703967,80.2270613305852,111.4645266619131,21.77882686872875,4.0,False,False,False,True,False,False,False,False,True,False,True,False,False,False,False,False,False,False,False,False,True,False,False,True,True,False,False
85.0,76.57770216711769,1.80959882757053,28.359489354784053,9.014286224017404,68.52902554506932,65.88306142647487,196.799994992825,28.21004844258821,2.0,False,False,False,True,False,True,False,False,False,False,False,False,False,True,True,False,False,False,False,False,False,False,True,False,False,True,False
75.0,32.02408532686721,1.2878208260813808,37.868282872163995,22.47283042066307,70.42719826843793,87.6675011896267,105.95721261750602,-2.484196543850139,5.0,False,False,True,False,False,True,False,False,False,False,False,False,True,False,False,False,False,False,False,True,False,False,True,False,False,False,True
100.0,63.43204575363278,2.7468779364385645,18.59404896023581,19.849165227000125,81.91585484648354,90.06007049634754,152.25986699080715,-0.6996883533243974,6.0,False,True,False,False,False,False,False,False,True,False,True,False,False,False,False,False,False,False,False,False,True,True,False,False,False,True,False
78.20507692637582,8.259211353059325,0.9277405425487856,39.03935628043056,14.439526783598932,65.25148905116008,98.51217259520983,152.25986699080715,-3.200317458207632,4.0,False,False,False,True,False,False,False,False,False,True,False,True,False,False,False,False,False,False,False,False,True,True,False,False,False,True,False
62.0,65.03081468702587,2.243740903492853,38.775620008365,22.15968713182359,61.33155976729762,66.03455228463187,185.22048698015993,-4.851715656125184,3.0,False,False,False,False,True,False,False,False,False,True,False,False,True,False,False,True,False,False,False,False,False,False,False,True,True,False,False
85.0,39.18998751353248,2.7285229579773715,19.260045839091497,27.6294122920058,16.99015327254326,86.17556795149068,85.42717691725181,32.8255992419043,5.0,False,False,True,False,False,False,False,True,False,False,False,True,False,False,False,False,True,False,False,False,False,True,False,False,False,True,False
100.0,79.3573768668566,3.365992362670763,12.795542776205028,17.50476255364154,28.92874740727782,89.16066921831944,222.15898643906215,24.910424822617003,7.0,True,False,False,False,False,True,False,False,False,False,False,True,False,False,False,False,False,False,False,False,True,True,False,False,False,True,False
62.0,76.66382798129307,4.189681044262882,14.225154049615949,37.128669324547474,35.73213906423297,84.32791319860702,284.28529630185744,26.596317875349683,0.0,False,False,True,False,False,False,False,False,False,True,False,True,False,False,False,False,False,True,False,False,False,False,True,False,True,False,False
50.0,54.31762293384593,3.678719663093883,34.08989660984318,34.422503067062436,11.573007198070542,82.60183016968261,119.0242607820041,-4.1972690598795905,5.0,True,False,False,False,False,False,False,False,False,True,False,True,False,False,False,True,False,False,False,False,False,True,False,False,False,False,True
50.0,31.55147285240084,3.3335345579495015,38.110180903896584,36.80516248052186,78.97978953798717,89.77926783910603,152.25986699080715,46.801341729157656,3.0,False,False,True,False,False,True,False,False,False,False,False,False,True,False,True,False,False,False,False,False,False,True,False,False,False,True,False
50.0,45.81366156734756,3.4441791955691783,17.354640600950866,7.400772164276352,68.4341184931085,86.79517154359726,235.8378260434116,28.43121149441489,0.0,False,False,True,False,False,False,True,False,False,False,False,False,False,True,False,False,True,False,False,False,False,True,False,False,False,False,True
100.0,60.38629791395793,3.4602596335154057,8.658326061789474,25.99392992747087,64.07772203130133,83.38433428849228,225.1572217966942,22.613483451255014,6.0,False,False,True,False,False,False,False,False,False,True,False,False,True,False,False,False,True,False,False,False,False,False,False,True,True,False,False
100.0,32.598880789009,2.386367417747474,41.21937464677459,38.587407411795574,59.28849653623039,75.733176937099,240.3066830315123,37.06659942025867,6.0,True,False,False,False,False,False,False,False,True,False,False,False,False,True,True,False,False,False,False,False,False,False,True,False,False,False,True
100.0,0.0457718422773702,2.0430838416650303,5.44374481066405,29.969667131523508,60.18022304149606,84.29906796466211,272.91776838023407,-0.1350580050764129,4.0,True,False,False,False,False,False,False,True,False,False,False,True,False,False,False,False,False,False,False,True,False,False,False,True,False,True,False
101.8798726801754,53.39896875032125,3.2439420776713943,40.57558754811164,21.941859170327252,33.82915897800707,95.04055604726486,145.84906823716315,27.89850262303308,4.186588285182931,False,False,True,False,False,False,False,False,False,True,False,False,False,True,False,True,False,False,False,False,False,False,True,False,False,True,False
62.0,73.45257577678328,3.64455936950464,15.4157930600366,14.8890202283604,17.428986745060058,87.44489783039378,183.9880528860176,37.30680829588688,4.0,False,False,False,True,False,False,False,False,False,True,False,True,False,False,False,False,False,False,False,False,True,False,True,False,False,False,True
62.0,75.52338506958138,3.3269171700461,24.890919200595857,10.102581232719707,82.54484839850262,70.70118042446026,125.5393819263934,0.5816117003472154,2.0,False,True,False,False,False,False,True,False,False,False,True,False,False,False,False,True,False,False,False,False,False,True,False,False,False,False,True
75.0,42.69140537961698,2.5545905867681693,47.55153798633232,30.975700196976454,11.928988763826078,96.68803418939208,293.29145985965573,-7.7860553694441315,2.0,False,True,False,False,False,False,False,False,True,False,False,True,False,False,True,False,False,False,False,False,False,False,False,True,False,True,False
50.0,65.03863434488625,3.4585083780704537,25.89338081006577,6.8227295042298035,20.322311747125468,72.49386583777576,229.8469319667132,20.2279378845906,7.0,False,True,False,False,False,False,False,True,False,False,False,False,False,True,True,False,False,False,False,False,False,False,False,True,True,False,False
85.0,63.991170227375775,3.2737059775809283,42.39327710410479,34.008504654913,38.32835573102603,77.07377878168418,191.76655201724884,21.30411003123327,6.0,True,False,False,False,False,False,False,False,False,True,True,False,False,False,False,False,False,True,False,False,False,True,False,False,False,True,False
104.000273060206,65.93421330641783,3.3034505396965756,38.53754360884597,11.902069959786164,19.680300050248473,54.407086555155765,38.46487944542493,-9.603661066589568,7.0,True,False,False,False,False,False,False,True,False,False,True,False,False,False,False,False,False,False,False,True,False,False,False,True,False,True,False
75.0,26.756919871306092,0.1653938787380431,6.239252739553471,9.580137321363118,66.7905157286936,91.0452914350937,77.15463655728422,23.120492617638803,2.0,False,False,False,True,False,True,False,False,False,False,False,True,False,False,False,False,True,False,False,False,False,False,True,False,False,False,True
62.0,8.823831028083502,3.394938347975785,25.603799331857445,22.208705251796097,48.18912195073626,50.21731519038062,78.59818077189941,7.671514914494146,2.0,False,True,False,False,False,False,False,False,False,True,False,False,True,False,False,False,True,False,False,False,False,False,True,False,False,True,False
100.0,73.78086491491091,3.8052322921511257,46.80571252211528,13.465962679397563,87.3185327229395,50.13370089419836,16.726747849968987,36.6709655813608,6.0,False,True,False,False,False,False,False,False,False,True,False,False,False,True,True,False,False,False,False,False,False,False,True,False,False,False,True
62.0,26.510946858011508,3.1485867738246953,28.53131850003748,10.128403692347904,65.58060133714983,76.29116197989212,292.32106847912405,14.418684135818658,0.0,False,False,True,False,False,True,False,False,False,False,True,False,False,False,False,True,False,False,False,False,False,True,False,False,True,False,False
100.0,77.63851676623986,3.577530942531314,8.125454971256818,33.52441775674893,23.244547367871434,94.69156133251312,67.03337523282886,-3.3862931111228143,7.0,True,False,False,False,False,False,True,False,False,False,False,False,True,False,False,False,True,False,False,False,False,False,False,True,False,True,False
100.0,78.13016919490377,3.3707680458935494,3.984866071006567,9.48731331959088,57.11198523848862,66.24176289035326,115.00281456100863,13.29560813768044,10.5423138930715,False,True,False,False,False,False,False,False,False,True,False,True,False,False,False,False,False,True,False,False,False,False,True,False,True,False,False
91.92323205405889,5.602389790671721,3.2474971104825423,16.323426565043984,30.14974461640369,43.651172605225426,58.44514370032261,54.31966216405416,-0.749512869450399,3.0,False,False,False,True,False,False,False,True,False,False,False,True,False,False,False,False,False,True,False,False,False,True,False,False,True,False,False
85.0,20.09377734133772,1.1522928608565994,46.35099882248561,22.70277601585436,18.696751984011428,97.36484816964293,68.59337619081128,28.697433446546658,3.0,False,False,False,True,False,False,False,False,True,False,False,True,False,False,False,False,False,False,False,False,True,False,True,False,False,True,False
100.0,40.27604440348503,1.2233552822617653,3.827057840993469,20.63337035614954,89.20784953728413,82.21746679952676,23.2274695958545,22.79322070574464,7.0,False,True,False,False,False,False,False,True,False,False,False,True,False,False,False,False,False,False,False,False,True,False,True,False,False,False,True
75.0,53.95698169820941,3.7370528940169354,17.874744589794915,14.88744925604982,89.97564874838083,95.03577021009548,17.094461724531058,6.800062381671708,2.0,True,False,False,False,False,False,True,False,False,False,False,False,False,True,False,True,False,False,False,False,False,False,False,True,False,False,True
62.0,60.61379392452427,3.0746734221595973,20.917951722476815,12.5081955484105,54.46997534613716,78.51051530366115,103.50936658754247,32.52462890743878,4.0,False,False,False,True,False,False,False,False,True,False,True,False,False,False,False,False,False,False,False,True,False,True,False,False,False,True,False
75.0,63.30842211900583,3.8048289639024975,6.452270808883824,25.094273282090768,84.99521399071405,59.291018775954264,170.1479702664298,27.576695560235585,5.0,False,False,True,False,False,False,False,True,False,False,False,False,False,True,False,False,False,False,False,False,True,False,True,False,False,False,True
75.0,38.60563636862258,0.8730910744027252,33.68293022414009,33.724529270012226,33.74868999728057,70.86209993313832,223.2968421241796,-2.7810148317137484,5.0,False,False,False,True,False,False,False,True,False,False,True,False,False,False,False,True,False,False,False,False,False,False,True,False,False,False,True
62.0,65.60582507754691,3.942321823588556,7.330086292613371,21.663312566362286,17.409983974225376,91.29622820100433,81.04832191522404,1.8473705522469892,5.0,False,False,False,False,True,True,False,False,False,False,False,False,True,False,False,True,False,False,False,False,False,True,False,False,True,False,False
85.0,46.61987332807575,1.5627877600816036,7.38868633786724,16.706821284341984,70.09449291993268,59.04290082900266,210.7494443666301,-0.4607568221114935,5.0,False,False,False,False,True,False,True,False,False,False,False,False,True,False,True,False,False,False,False,False,False,True,False,False,False,False,True
136.41543451440273,49.363214910123695,1.226170646797648,2.2461345077917296,25.569816048315246,33.053741323794696,53.8698231887537,60.01452138704593,-6.553346941294854,1.0,True,False,False,False,False,True,False,False,False,False,True,False,False,False,False,False,True,False,False,False,False,False,False,True,False,False,True
100.0,24.87454059878397,0.9271524671043444,11.441407583369728,19.970393037401173,33.94560873113889,58.135135101584744,60.81189003851615,7.879043434779273,7.0,False,True,False,False,False,False,False,False,True,False,False,True,False,False,True,False,False,False,False,False,False,False,True,False,False,True,False
62.0,54.36218573947502,1.925077717311921,36.36127862677181,26.478708183691342,46.38733766985727,77.34027871043172,294.4762263745805,31.4781936755052,7.0,True,False,False,False,False,True,False,False,False,False,False,False,True,False,False,False,True,False,False,False,False,False,False,True,True,False,False
50.0,6.443672288667047,2.6345294176538347,14.992418440021032,8.85537738528694,81.59731029150917,84.92637814847063,11.742221498100374,-4.27530532725275,7.0,True,False,False,False,False,False,True,False,False,False,False,False,False,True,False,False,False,False,False,True,False,False,True,False,False,False,True
75.0,28.215649389656605,2.4068069239659193,23.693078848689176,26.55168286855564,18.51710428701412,86.57990242690329,293.58197659030856,28.843991321528694,1.0389732985088886,True,False,False,False,False,False,False,False,False,True,True,False,False,False,False,False,False,False,False,True,False,False,False,True,False,True,False
75.0,42.2855347814151,2.711851128865101,19.16718327808918,12.96377159430414,89.03952891250614,98.83105506756796,52.38329858962317,37.90202120519155,5.0,True,False,False,False,False,False,False,False,False,True,False,False,True,False,False,False,False,False,False,True,False,False,True,False,False,False,True
85.0,76.1733008089697,1.5060998972642905,28.587452781207983,17.683770820483392,56.06768463228563,93.03849523640392,369.85352357458913,18.045096071792507,0.0,False,False,True,False,False,False,False,False,True,False,True,False,False,False,False,True,False,False,False,False,False,True,False,False,True,False,False
75.0,34.99715934379533,0.7869547856185278,20.394976393778617,8.163073829036938,68.91614283358405,67.94804573171436,283.04991635004365,36.23500791319978,3.30440809594731,False,False,True,False,False,False,False,False,False,True,False,True,False,False,False,True,False,False,False,False,False,False,False,True,True,False,False
75.0,26.509679689140484,2.1900500909468525,25.603799331857445,24.68663674074483,69.67340887703197,79.50037016517598,14.448391031296484,3.478471588467155,2.0,False,False,False,True,False,True,False,False,False,False,True,False,False,False,True,False,False,False,False,False,False,True,False,False,True,False,False
50.0,34.95512440558501,1.6847005049924406,12.02937482597922,9.964164321436323,65.08674311260134,78.37929074218383,262.09152432590065,4.945602060220825,1.0580566671707403,False,False,False,False,True,False,False,False,True,False,False,False,True,False,False,False,False,False,False,False,True,False,True,False,True,False,False
50.0,62.0462303749696,0.9227646505635444,18.562655792808293,37.54757320064963,88.39122579769648,77.93392383324964,43.027865145970566,-0.9664435909539096,5.0,True,False,False,False,False,False,True,False,False,False,True,False,False,False,False,False,False,True,False,False,False,True,False,False,True,False,False
50.0,69.8745479772151,2.0146280418884985,16.510459616824008,6.585619842140901,40.28184347706025,72.00903871751785,245.07591763342137,2.7730014481747194,4.0,False,False,False,True,False,False,False,False,True,False,False,False,True,False,False,False,True,False,False,False,False,False,False,True,True,False,False
100.0,10.43167346455136,3.313162432081679,31.39207659559448,38.60614035514166,47.66326224337725,72.19157526460326,227.13883935809403,5.443960406317798,7.0,False,False,False,False,True,False,False,False,True,False,False,False,True,False,False,False,True,False,False,False,False,False,False,True,False,True,False
50.0,46.53802191715521,3.427368711002069,7.195331905849656,34.71146140940483,78.59233355708729,82.77998846130095,150.652430198049,29.373846401670335,3.0,False,True,False,False,False,False,False,True,False,False,False,False,True,False,False,False,False,False,False,True,False,True,False,False,True,False,False
50.0,53.20639354696602,3.949096248516374,47.633710498339866,33.42375184387551,82.90492657405008,91.6032987741045,146.68151168087584,11.393724185781725,2.0,False,False,True,False,False,False,False,True,False,False,False,False,False,True,False,False,True,False,False,False,False,False,True,False,False,False,True
62.0,42.69140537961698,1.0886677454988911,43.48715172310706,21.46562098557709,30.427474892039264,87.87726917429035,271.74834352573976,-9.554706672418003,4.0,False,False,False,False,True,False,False,False,True,False,False,True,False,False,False,False,False,False,True,False,False,False,False,True,False,False,True
50.0,26.967931002629683,2.735253160120939,15.822164791755156,28.822012047316072,71.87974605129378,94.0055082486268,114.81643298894608,39.774029896087946,6.0,False,True,False,False,False,False,False,False,False,True,False,True,False,False,False,False,False,False,False,True,False,False,True,False,False,False,True
62.0,68.51919496631803,2.362047175321772,48.5891782123757,33.00482798343796,68.4597533477996,92.96713396760146,77.70809038327954,-2.2696791129201275,2.0,False,False,False,False,True,False,False,True,False,False,True,False,False,False,False,False,False,True,False,False,False,False,False,True,False,False,True
100.0,71.7085068763758,5.444091595791992,38.79607655154279,37.0958488332243,12.22342319736624,77.413347343374,181.08912606726616,2.616126227153474,7.0,False,False,True,False,False,False,True,False,False,False,True,False,False,False,False,False,True,False,False,False,False,False,True,False,True,False,False
50.0,79.24854612418856,1.7737185188156643,33.00513137989047,13.89096924040641,51.37788920930001,73.60900224029965,252.8396285449158,12.536190169540204,0.8143144920347289,False,False,True,False,False,True,False,False,False,False,False,False,True,False,True,False,False,False,False,False,False,False,True,False,True,False,False
136.41543451440273,34.14920011576352,3.975565377243093,48.766303687005376,13.077917921312975,33.90897268213148,92.7547018376424,257.46375202300203,19.730892654552477,5.0,False,False,False,True,False,False,False,True,False,False,False,True,False,False,False,False,True,False,False,False,False,True,False,False,False,True,False
86.09247991035157,66.70625110738425,2.8343115681998023,25.290644953249668,9.1568594529217,44.01342983894161,99.68968983185609,142.0756471546524,31.48873207120465,6.0,True,False,False,False,False,False,False,False,True,False,True,False,False,False,False,True,False,False,False,False,False,False,True,False,True,False,False
62.0,30.773548133404887,3.0979140825176104,49.75179689755983,13.851369572162998,2.481152833456981,83.48486936458664,234.74660372234828,12.807352549919983,1.0,False,False,False,False,True,False,False,False,False,True,True,False,False,False,True,False,False,False,False,False,False,False,False,True,False,False,True
50.0,24.155781563888247,2.3027112101525433,4.78414666269556,13.896407311553824,47.690745477713776,75.97116089477203,289.84699681052945,23.403014534948113,0.0,False,False,False,False,True,True,False,False,False,False,False,True,False,False,True,False,False,False,False,False,False,True,False,False,False,True,False
62.0,10.347606688667652,3.3184757486494423,9.391635794111917,39.77677752374113,42.655342541761705,79.51109044035044,40.13576622891059,37.462706490839466,7.0,False,True,False,False,False,False,False,True,False,False,False,False,True,False,True,False,False,False,False,False,False,False,False,True,False,True,False
62.0,26.30453465597864,3.584508026255726,49.889182875885574,9.562222233186938,52.29889078362029,71.43642102852772,97.81842384060884,31.42190013718612,3.0,False,False,True,False,False,False,False,False,False,True,True,False,False,False,False,False,False,False,True,False,False,True,False,False,False,True,False
85.0,26.730320039666697,0.6687078471604287,12.953727651636695,26.76438552729067,83.74328834590922,88.14544588814516,131.3975209739695,-4.604987942538754,1.0,False,False,False,False,True,False,False,False,False,True,False,False,True,False,False,False,False,False,True,False,False,True,False,False,False,True,False
50.0,48.61478557078329,3.691287395654341,22.068883731114205,31.499661710143023,82.44163028037494,23.899850979861696,50.1344443370103,11.908733692048816,0.0,False,False,True,False,False,False,False,False,False,True,False,True,False,False,False,False,True,False,False,False,False,False,True,False,True,False,False
85.0,1.3302257390094765,1.3380403269013796,23.292885323425644,11.810863248824097,86.16287277426302,89.96604740046648,324.5247971919714,-3.943574146378939,0.0,False,False,False,False,True,False,False,False,True,False,False,True,False,False,False,False,False,False,False,True,False,False,True,False,False,True,False
85.0,44.01595165676219,1.3243102972703742,38.105277906018664,32.935373031196086,73.34621767453042,78.15992983033394,78.1193777771749,5.879536154002451,5.0,False,False,False,True,False,False,True,False,False,False,True,False,False,False,False,False,True,False,False,False,False,False,False,True,True,False,False
85.0,18.433946311771635,1.6154592958648422,22.324697107017332,10.4061126193713,53.517570863816445,95.64661186487156,104.375789483857,30.519921506155313,2.0,True,False,False,False,False,False,False,False,False,True,True,False,False,False,False,False,True,False,False,False,False,False,False,True,False,True,False
62.0,37.703118718471266,2.734672708146337,34.72246309072786,24.67286655026255,46.5621884016344,52.457227197758854,274.4585098167528,6.6727664136120595,5.0,False,False,False,False,True,True,False,False,False,False,False,True,False,False,False,False,True,False,False,False,False,False,True,False,True,False,False
100.0,56.19836617198485,0.182479566999436,40.72369852949949,19.620836175531693,56.029456174223355,65.41417061782558,39.67918932987936,34.05934132179261,1.0,False,False,True,False,False,False,False,True,False,False,False,False,True,False,False,False,False,True,False,False,False,False,False,True,True,False,False
85.0,73.27597597314914,1.4872108780959543,23.324573102976085,23.61457791757127,78.60317582662809,23.899850979861696,152.25986699080715,31.147743770322947,7.0,False,False,False,True,False,True,False,False,False,False,False,False,True,False,False,True,False,False,False,False,False,False,False,True,False,False,True
100.0,76.89240009827725,5.45248786614729,10.446145756658929,39.79452835074204,7.174271255012432,101.8444219765353,226.39489481465097,32.88270217309975,2.0,False,False,False,False,True,False,False,False,True,False,False,False,False,True,True,False,False,False,False,False,False,False,True,False,True,False,False
75.0,23.92505033099207,1.628740264248428,42.929105735776226,21.828087774303864,69.67036362566304,52.63858939356436,219.75471591430937,38.26084883303293,1.0,False,True,False,False,False,False,False,False,True,False,False,True,False,False,False,False,False,False,False,False,True,True,False,False,False,True,False
50.0,50.48944002879003,0.7201439016240072,42.7873881539225,15.838075793064563,65.93591222057864,62.63636323265228,221.59178838790848,29.595187959640768,0.0,True,False,False,False,False,True,False,False,False,False,True,False,False,False,False,False,False,True,False,False,False,False,True,False,False,True,False
60.65969098050447,66.09153402649976,1.272887205572356,37.60056305645555,14.806468044597606,42.30136723646485,70.72631713302562,167.6635290519136,9.953924428737029,1.719888607934359,False,False,False,False,True,False,True,False,False,False,False,True,False,False,False,False,False,False,False,True,False,False,False,True,True,False,False
62.0,6.918423739637612,5.45248786614729,49.061090564575515,9.213901141845325,24.66584337799686,70.79175612164657,196.346641449111,26.20353851645544,1.0,False,False,False,True,False,False,False,False,True,False,True,False,False,False,False,False,False,False,False,True,False,True,False,False,True,False,False
100.0,42.69140537961698,1.5822270778526433,46.92222428796351,23.954339158165645,65.78901522891722,63.28981306801092,161.63644457813098,0.9698884242639014,3.0,False,True,False,False,False,False,False,False,True,False,False,False,True,False,True,False,False,False,False,False,False,False,True,False,True,False,False
85.0,61.03806279047378,1.9937683956108183,41.54944191942096,35.55107474861104,33.06564163338204,56.79590134724898,95.5285824624064,27.055528148777796,5.0,False,False,False,True,False,True,False,False,False,False,True,False,False,False,False,False,False,False,False,True,False,True,False,False,True,False,False
85.0,64.22961963559717,2.129584266932735,18.162629025176784,14.8310427813382,83.32298244816201,83.79553659011722,171.2240953918582,14.38609315905826,2.0,False,False,False,True,False,False,False,False,True,False,False,False,False,True,True,False,False,False,False,False,False,False,False,True,False,False,True
50.0,44.88676331081039,2.041257190991683,28.977394499900573,7.093616314970899,81.95826163628871,70.54283762212998,184.68996325710148,22.75372165005944,7.0,False,True,False,False,False,False,True,False,False,False,False,False,True,False,False,False,False,False,False,True,False,True,False,False,False,False,True
100.0,58.94085857253415,3.2053484932274814,43.70221210436277,37.33339444852493,82.36033129744631,92.03577293542216,81.1829007361303,19.457576528230543,6.0,False,False,False,True,False,False,True,False,False,False,False,False,False,True,False,False,True,False,False,False,False,False,False,True,False,False,True
109.79512826818667,10.039817806428031,1.3029419693211222,25.603799331857445,26.594239830354052,35.98360523295467,70.68328883636845,81.8210812984393,35.14516183263936,2.0,False,True,False,False,False,False,True,False,False,False,False,True,False,False,False,True,False,False,False,False,False,False,True,False,False,False,True
100.0,17.53493129851908,3.7184560198464975,7.635488881129267,26.1161106411304,89.91469896836313,73.00742421215116,89.80286253287949,-4.384463546384989,4.0,False,False,False,False,True,False,False,True,False,False,True,False,False,False,False,False,False,True,False,False,False,True,False,False,False,False,True
85.0,29.758384839143087,2.1552441827737554,29.385047414670687,20.065330227901818,10.813905445398316,36.548360117720776,51.20231810325872,-1.3533315020834618,1.0,False,True,False,False,False,False,True,False,False,False,False,False,True,False,False,False,False,True,False,False,False,True,False,False,True,False,False
75.0,69.59647495660728,2.339041995533334,14.860688976543733,38.129495713530105,60.63891761828843,73.00925296352099,288.9795540720557,59.75723970375255,6.0,False,True,False,False,False,False,True,False,False,False,True,False,False,False,False,False,False,False,False,True,False,True,False,False,False,False,True
75.0,49.93390136150811,1.108622612726607,37.93422821858355,28.286481840313257,121.35241370668749,52.83474144853121,56.710887715843405,27.009720956480884,2.0,True,False,False,False,False,False,False,True,False,False,False,False,False,True,False,False,False,True,False,False,False,False,False,True,False,False,True
75.0,14.49216023800693,3.889259235283929,41.3779107591241,16.384667323459585,42.78718946396368,51.76174546563856,97.05879325252906,25.002273728975453,3.0,False,True,False,False,False,False,False,False,False,True,False,False,True,False,False,False,False,False,False,True,False,False,True,False,True,False,False
85.0,38.409401627820046,2.4975733714164927,22.11602009706145,19.82676712024444,10.819040206079633,56.53710030512335,152.25986699080715,-3.6133359036523007,2.0,False,True,False,False,False,False,False,False,True,False,False,False,False,True,False,False,False,False,False,False,True,False,True,False,True,False,False
100.0,8.234584116412151,0.9049933799223272,43.81287256129691,8.682242514755576,23.358908235399383,97.6615848182109,298.7188568370856,38.56896076290053,3.0,False,False,False,False,True,False,True,False,False,False,False,False,True,False,False,False,False,True,False,False,False,False,False,True,False,True,False
75.0,34.86162084385812,3.4701972955234237,4.940614327420578,24.301333964932777,47.979009198984066,69.99654315322091,155.73313807014296,35.40159928223272,3.0,True,False,False,False,False,False,False,False,True,False,False,True,False,False,False,True,False,False,False,False,False,True,False,False,False,True,False
62.0,57.92746599973164,1.7154703220669447,25.603799331857445,31.536143283440506,67.64590144479743,78.30737956703821,59.42702468141112,34.657418150777715,5.0,False,False,True,False,False,True,False,False,False,False,False,True,False,False,False,False,False,True,False,False,False,False,False,True,False,True,False
50.0,49.40924272632639,2.8793142483569616,34.01485460165388,38.92015133353858,75.98838195309912,84.93627487609037,274.9805426032393,-7.571738421994169,5.0,False,False,False,False,True,False,False,False,True,False,True,False,False,False,False,False,True,False,False,False,False,False,False,True,False,False,True
50.0,9.98078152795496,1.8536958220858872,33.333004333464,21.095003671090957,35.85159555483042,67.58411098713819,30.432545899504376,37.805048131823085,5.0,False,False,False,False,True,False,False,True,False,False,False,False,False,True,False,True,False,False,False,False,False,False,True,False,True,False,False
62.0,29.052446378099212,2.947798348838419,15.963532916763002,7.677142063894619,25.8453357096222,90.97337817944654,195.62085810127488,-1.9739257222116071,4.0,False,False,True,False,False,False,False,False,True,False,False,False,False,True,False,False,False,True,False,False,False,False,False,True,False,True,False
75.0,42.09423335073603,1.0017255391880249,6.310026487597654,3.668584745886362,51.67969007886535,95.81112960148884,103.27998683951782,30.722257114802815,0.0,False,True,False,False,False,False,False,False,True,False,False,False,True,False,False,True,False,False,False,False,False,True,False,False,False,True,False
75.0,45.769547634887715,0.9570522514645856,17.400526642896487,14.023337495543403,30.740858260175507,81.8451096406268,152.25986699080715,1.26095069186752,4.0,False,False,False,True,False,False,False,False,True,False,False,True,False,False,False,False,False,True,False,False,False,False,False,True,False,False,True
75.0,53.71328701264429,0.8914608032917152,18.622976474713525,29.02733720852322,49.92314428758909,56.18148263027092,36.42403856619721,23.76365989768123,4.0,True,False,False,False,False,False,False,False,False,True,True,False,False,False,False,False,False,False,False,True,False,False,False,True,False,True,False
55.816693759861394,66.40550756937826,3.0266926899756235,39.856189586296345,35.47430757896538,15.557362352976847,78.8499962834668,61.611894029864615,33.78521651446477,0.0,False,False,False,True,False,False,False,False,False,True,False,True,False,False,False,False,False,False,True,False,False,False,False,True,True,False,False
85.0,11.456912304995278,3.507587027314703,18.905372831421296,27.026729019822007,89.11032954040108,51.82133562563068,99.8080312427259,15.442212140290906,2.0,False,False,True,False,False,True,False,False,False,False,False,False,False,True,False,False,False,False,False,True,False,True,False,False,True,False,False
100.0,75.57096449529908,2.5744522324326473,21.51246491908547,5.98501483660701,32.74760815559499,57.68229024941695,281.3132043755616,13.412847370406324,4.0,False,False,False,False,True,False,False,True,False,False,True,False,False,False,True,False,False,False,False,False,False,False,False,True,False,True,False
50.0,44.36125627735559,2.8696201272055113,3.91865577143935,6.979177241485778,72.82160527280595,64.59866868206431,63.03242621804411,39.93747558297834,7.0,False,False,False,False,True,False,False,False,True,False,False,True,False,False,False,False,False,True,False,False,False,False,True,False,True,False,False
62.0,28.25303140485607,0.90863538505303,30.00242931333289,12.172430146237945,77.23373540326355,82.60953925656403,151.41293241570327,1.9407538506589648,4.023079648703627,True,False,False,False,False,False,False,False,True,False,False,True,False,False,False,False,False,False,False,False,True,False,False,True,False,True,False
100.0,39.48883106753241,0.8584585118721564,16.371516065901147,27.767499457987913,26.685522266314265,90.02467732975637,250.81226353673233,35.74915475913812,7.0,False,False,False,False,True,False,False,False,True,False,False,False,True,False,False,True,False,False,False,False,False,False,False,True,False,True,False
75.0,25.365857650132934,0.5600185390642642,37.58308954905695,7.143473729302274,22.474567704641608,72.9195428099425,152.25986699080715,24.906088984658915,6.0,False,False,False,False,True,False,False,False,True,False,False,False,True,False,True,False,False,False,False,False,False,False,True,False,True,False,False
62.0,69.21096127147155,2.286994123653503,28.756620252349073,5.550899028707405,27.76605599551436,55.46322428105755,66.20030823829111,11.888933956267842,5.0,True,False,False,False,False,False,False,False,False,True,False,False,False,True,False,False,True,False,False,False,False,False,True,False,True,False,False
45.81598720004838,34.60220459389867,2.518838903178549,5.579750455304233,29.239009837211295,21.2447917415735,73.43628023070899,155.1842358249909,5.097228917849462,6.0,True,False,False,False,False,True,False,False,False,False,False,True,False,False,True,False,False,False,False,False,False,False,True,False,False,False,True
62.0,40.78700348086861,3.4318472030931444,11.03185074828479,22.864647844265804,68.76134194190155,55.146158675613634,159.6155013686422,-0.6584932383603714,3.0,False,False,True,False,False,False,True,False,False,False,False,False,True,False,False,False,False,False,True,False,False,False,True,False,False,False,True
62.0,21.871253290777545,0.5720001264069344,10.60205634209747,25.987276865216,44.919466155459816,53.746604292730986,296.57555225607615,33.404773441516134,1.0,False,False,False,False,True,False,False,True,False,False,False,True,False,False,False,False,False,True,False,False,False,False,True,False,False,True,False
75.0,47.23207084043696,3.643773933683493,42.96030719302265,37.900326416556425,12.43408225621689,68.06083094339918,208.81560461103953,10.739123065261666,2.0,False,False,False,False,True,False,False,False,True,False,True,False,False,False,False,True,False,False,False,False,False,False,True,False,True,False,False
62.0,42.69140537961698,2.8776043898810117,18.56004567595634,13.930436856403292,64.48728317838777,126.38332876842395,246.15386420929852,28.10055488076405,5.0,False,False,True,False,False,True,False,False,False,False,False,True,False,False,False,False,False,False,False,True,False,True,False,False,False,True,False
82.66681120678558,18.79049305407434,1.639131350863248,38.26182988936178,39.51619105279963,41.7717522015893,67.06652608674831,152.25986699080715,-2.736637603643607,3.0,False,True,False,False,False,False,True,False,False,False,False,True,False,False,False,True,False,False,False,False,False,False,False,True,False,False,True
100.0,47.28525433337332,0.658087147741172,3.602939855704881,11.966554865177477,64.56614544409143,63.95523977697776,295.21427815214133,-3.667359714510246,1.0,False,True,False,False,False,True,False,False,False,False,False,False,False,True,False,False,False,False,False,False,True,True,False,False,False,True,False
62.0,30.165570663990163,1.1724526452065331,21.343936482346656,27.388473644598392,77.60389702939446,58.55293988014034,185.55296492944055,37.22247845478768,5.0,False,True,False,False,False,False,False,False,False,True,True,False,False,False,False,True,False,False,False,False,False,True,False,False,True,False,False
85.0,34.895113266087755,1.603396900811905,4.881436198623996,33.67501826994361,61.53265078264192,89.00103781384965,269.8883399506302,-6.428742353356784,1.0,False,False,True,False,False,False,True,False,False,False,True,False,False,False,True,False,False,False,False,False,False,False,True,False,True,False,False
100.0,54.96447201998234,3.522937606509423,41.40704557419398,38.77291671998667,19.82642791357606,92.7765202491452,141.46830962772606,39.53379889129042,3.0,False,False,False,False,True,True,False,False,False,False,False,False,True,False,True,False,False,False,False,False,False,False,False,True,False,False,True
50.0,74.78581939727512,1.678513518078668,36.55346728472155,31.302135288032556,37.3671232960542,98.55545614910588,245.5974514649052,21.379288316532588,7.0,False,False,True,False,False,False,False,False,False,True,True,False,False,False,False,False,False,False,False,True,False,True,False,False,False,True,False
75.0,34.79054782301729,1.813883272279106,23.21525779216274,31.80113660120082,42.67037445051806,75.69609265423627,247.748550461502,17.24178715039715,5.0,False,False,True,False,False,True,False,False,False,False,False,False,False,True,False,False,False,False,False,True,False,False,False,True,False,True,False
75.0,69.13309024823164,3.0076728841988243,10.70555783206436,17.38741682655337,28.9030166431617,78.34862219833958,91.55117127306124,3.442904170942761,2.0,False,True,False,False,False,True,False,False,False,False,False,False,True,False,False,False,False,False,False,True,False,False,False,True,True,False,False
78.43167081675972,38.08536376892858,1.9490036808846656,1.6549370676991138,15.631651310622267,11.83050192157471,97.62978359732809,135.7109313108204,-5.9392058000253956,7.0,False,False,False,True,False,False,True,False,False,False,False,True,False,False,False,False,True,False,False,False,False,False,True,False,False,False,True
50.0,27.752745917900945,0.9038658015347332,31.655896284542944,17.090719689060215,24.84363200623623,87.93733107562853,265.6948968905379,34.02288007257426,1.0,False,False,False,False,True,False,False,False,False,True,True,False,False,False,False,False,False,True,False,False,False,False,False,True,True,False,False
85.0,41.65484517329656,0.1400299896270325,11.109125564593423,33.38775732066782,90.93158952764836,52.84209944919426,111.862595809181,13.073056451084344,2.931420755250761,False,True,False,False,False,False,False,False,True,False,False,True,False,False,False,False,False,False,False,False,True,True,False,False,True,False,False
85.0,35.38682540127056,2.307793619186011,44.84899049694756,38.40350411759451,34.63530076366829,54.26589121229157,286.835363806296,-7.6434237934347085,7.0,False,False,False,True,False,False,False,True,False,False,False,False,True,False,False,False,True,False,False,False,False,True,False,False,False,False,True
85.0,68.56767860768713,1.5582031664365312,16.475471001557096,24.53486845772067,68.2737038427022,93.57394709925563,92.04491202728217,-9.831678296419836,2.0,False,False,False,True,False,False,True,False,False,False,True,False,False,False,False,False,True,False,False,False,False,False,True,False,True,False,False
106.82055688209076,42.69140537961698,2.2151407225419666,38.968563717134,6.563206185010119,18.336316188756303,86.04444439810973,30.64930652438317,17.775147576590655,6.0,True,False,False,False,False,False,False,False,False,True,False,False,True,False,False,False,True,False,False,False,False,True,False,False,False,True,False
50.0,36.46547333950338,1.209165866938475,37.86028498935581,9.941509460290142,21.0234699710778,82.17941381709426,56.42945115351432,36.15182985380533,1.0,False,False,False,False,True,True,False,False,False,False,False,False,True,False,False,True,False,False,False,False,False,False,True,False,False,True,False
100.0,44.64048952672159,1.1966550703712333,25.603799331857445,17.65872597613842,32.302619669850436,69.57745988079051,294.7568520589679,-6.264891955198628,6.0,False,False,False,True,False,False,False,False,False,True,True,False,False,False,False,False,False,False,True,False,False,True,False,False,False,True,False
50.0,40.27163575273819,2.69291212611694,49.5663805841103,25.548889447031165,21.826703565502612,67.99820231488735,156.48542997800214,33.79134237286147,2.0,False,True,False,False,False,False,False,True,False,False,True,False,False,False,False,False,False,True,False,False,False,True,False,False,True,False,False
62.0,34.43336364069278,0.6802510481291344,34.171979726515815,12.645957460236408,77.30425196618461,54.73637426788959,265.8371724474847,22.206196007205108,3.0,True,False,False,False,False,False,False,True,False,False,False,False,True,False,False,True,False,False,False,False,False,False,True,False,False,False,True
50.0,42.69140537961698,0.942143129612701,15.41528226041552,31.472931510385965,21.389957247409303,70.37516460187993,266.5930254940364,20.78014690253531,3.0,False,False,False,False,True,False,False,False,True,False,False,False,False,True,False,False,False,False,False,True,False,False,False,True,False,False,True
85.0,18.561385925179625,1.5760735823647318,25.603799331857445,7.251346808516732,28.799441643203032,51.48425861447351,397.8180926183734,26.203374069885086,1.0,False,False,True,False,False,False,False,False,True,False,True,False,False,False,False,False,False,False,False,False,True,False,True,False,False,False,True
75.0,59.79776909471581,2.122151382858424,14.564929422469216,22.934215021105235,28.18918545742428,96.02650743055818,276.2253767652068,-0.6351476144346968,4.0,False,True,False,False,False,False,False,True,False,False,False,False,True,False,False,False,True,False,False,False,False,False,False,True,False,False,True
75.0,59.7683124702693,3.253943970799586,35.05498942171652,39.297908909768154,81.95499699157732,59.94650610625163,166.33276513833584,18.164643363551537,2.0,False,False,False,True,False,False,True,False,False,False,False,True,False,False,False,True,False,False,False,False,False,False,False,True,False,False,True
62.0,36.70152016311202,1.8724897379065244,19.121932643865595,5.5556047627846725,26.348198442271595,95.16288706703092,49.5508274275402,30.285847535845377,6.45400134455542,False,False,False,True,False,False,True,False,False,False,False,True,False,False,False,False,False,True,False,False,False,False,True,False,True,False,False
62.0,10.23177592340076,2.6867849756685187,44.955624948949186,36.64488956578478,58.948118682538286,54.516206852764384,112.01386710988416,-3.8238030689059865,5.0,False,True,False,False,False,True,False,False,False,False,True,False,False,False,True,False,False,False,False,False,False,False,True,False,False,False,True
100.0,24.23053686415175,0.9340104811844988,7.757341318099225,23.52913871748544,17.695975504183732,75.49959138981414,171.99160194813683,4.975285949972822,5.0,False,False,False,True,False,False,False,False,True,False,True,False,False,False,False,False,False,True,False,False,False,False,True,False,False,True,False
85.0,21.70612432843914,2.5051031041296725,47.979544983079506,8.123500316259179,17.075691755127025,94.5111556731093,169.8323958415097,18.748822095579296,5.0,True,False,False,False,False,True,False,False,False,False,False,True,False,False,False,False,True,False,False,False,False,False,False,True,True,False,False
85.0,57.896271802948434,1.733814613519093,10.411646338286076,23.085156388074825,53.19306374895672,96.33954228277024,101.5541015622207,23.90632005170732,5.0,False,False,False,False,True,False,False,False,True,False,False,False,True,False,False,False,False,True,False,False,False,False,False,True,False,True,False
85.0,35.17106494410814,1.3929038766830024,38.82106904731582,39.911041509385946,78.17670282487093,39.3282356555425,178.01073812685402,8.223655111977719,1.0,True,False,False,False,False,False,False,True,False,False,False,False,True,False,False,True,False,False,False,False,False,False,False,True,False,False,True
75.0,15.729551165353076,3.8826745929591495,38.31515901166463,19.63377029752475,10.874271917419884,80.29223804479403,279.03137592803216,10.753377825339362,5.0,False,False,False,True,False,False,True,False,False,False,False,False,True,False,True,False,False,False,False,False,False,False,False,True,False,False,True
85.0,34.077999734831565,2.3648870145941356,12.59762021470088,19.570020631309163,70.12447701929887,61.59652123034113,152.25986699080715,5.369915824151569,1.0,False,False,True,False,False,False,True,False,False,False,False,False,False,True,False,True,False,False,False,False,False,False,True,False,False,True,False
100.0,26.050244075726223,2.0344660264566903,27.14552199858703,36.21603706120729,88.85463220577344,69.4717483239227,211.49463071710633,19.394695410871684,2.0,False,False,False,False,True,False,False,True,False,False,True,False,False,False,False,True,False,False,False,False,False,False,True,False,False,True,False
85.0,21.847908232183183,3.275716023162417,25.603799331857445,11.76744900451868,19.545511401995345,54.51263808416087,240.65606029691415,11.913663307338282,0.0,False,False,False,False,True,True,False,False,False,False,False,False,False,True,False,False,True,False,False,False,False,False,False,True,True,False,False
75.0,15.42551087839598,1.7093751262201915,18.99992558986079,22.768107275665244,27.099273239145617,55.421233705785504,218.14219917261116,0.009960832525655,1.0,False,True,False,False,False,True,False,False,False,False,False,False,False,True,False,True,False,False,False,False,False,True,False,False,False,False,True
85.0,13.650698039870646,1.4602158515437484,33.304090865799786,38.3143102395883,44.388578321399386,86.6084085437094,152.25986699080715,28.919139896811515,5.0,False,True,False,False,False,False,False,False,False,True,False,False,False,True,False,False,False,False,False,True,False,False,True,False,False,False,True
75.0,24.775659394661684,0.8780886177535373,25.603799331857445,7.640747741788227,41.899944740084685,52.621728554803184,171.10646856925956,0.9511299231130116,6.664510335703064,False,False,True,False,False,False,False,False,True,False,False,False,False,True,False,False,False,True,False,False,False,True,False,False,False,False,True
75.0,67.45812734205117,0.8732927437039172,17.885559321838468,29.518624045719907,58.36277008675972,83.42106852028354,93.34872261816982,24.415749864821812,4.0,False,False,False,False,True,True,False,False,False,False,False,False,True,False,True,False,False,False,False,False,False,True,False,False,False,True,False
62.0,12.043247362327255,1.028622473739241,25.603799331857445,22.742839756510435,22.710613634601707,62.275933356308265,284.1948590642129,12.588517866407267,5.0,False,False,True,False,False,False,False,True,False,False,True,False,False,False,False,False,False,False,False,False,True,True,False,False,False,False,True
85.0,61.23146590227786,2.3313103475293615,9.14250329772684,38.662702633392634,53.24028839982735,85.77640672316048,13.794461132920947,38.96386339724878,7.0,False,True,False,False,False,True,False,False,False,False,True,False,False,False,False,False,False,False,True,False,False,False,False,True,True,False,False
50.0,23.193290217345247,2.007710442831197,31.983192464080947,5.811559055529253,72.88118470947465,86.9355478700154,181.04984993024897,17.07536931702216,7.0,False,True,False,False,False,False,True,False,False,False,False,False,False,True,False,False,False,True,False,False,False,False,True,False,True,False,False
85.0,48.38617697981442,3.7383644543290786,27.805230847752817,15.986589360852255,19.3235262252255,81.92624464521084,112.09773917395252,17.947029494117277,7.0,False,False,False,False,True,False,False,False,True,False,True,False,False,False,False,False,True,False,False,False,False,True,False,False,False,True,False
75.0,29.6808062667524,3.7216169245582016,45.67133508007575,21.06445774271341,79.22097833054445,54.367268756829496,265.97930278490657,34.188574175592194,3.0,True,False,False,False,False,False,False,False,False,True,False,True,False,False,True,False,False,False,False,False,False,False,False,True,False,True,False
85.0,25.08836904191854,3.4473801774524633,4.959155492783664,21.52923874013002,36.835472520018904,58.60463369652218,152.25986699080715,-9.600906082823007,5.0,False,False,False,True,False,False,False,False,True,False,False,False,True,False,False,False,False,False,False,True,False,False,True,False,True,False,False
75.0,42.69140537961698,2.2209072511181995,47.656167280885995,19.80559333535846,25.18431669331104,80.23578040769863,200.88321813183416,20.77797923426645,6.0,False,True,False,False,False,False,True,False,False,False,True,False,False,False,True,False,False,False,False,False,False,False,False,True,False,True,False
100.0,56.1150925022779,1.0574159301938304,5.488039505342126,16.347836099572703,22.3498792992591,80.08848451859055,81.96840140430736,36.59253901129126,7.0,False,True,False,False,False,False,True,False,False,False,False,False,True,False,False,False,False,False,False,False,True,False,True,False,False,True,False
50.0,15.898734225246953,3.165199902155342,40.44452192617549,12.067680362431084,46.21839948967462,60.728120985022954,211.55286802898283,-5.068598813987704,7.0,True,False,False,False,False,False,True,False,False,False,False,True,False,False,False,False,True,False,False,False,False,False,True,False,False,False,True
85.0,41.15701390960357,3.2634983979053573,46.12968887401014,13.44237938239953,31.467845379883972,77.45210904111309,125.7627771543212,29.45421239656008,5.0,True,False,False,False,False,False,True,False,False,False,False,False,True,False,True,False,False,False,False,False,False,False,False,True,True,False,False
50.0,41.90586399017345,1.8944880905881227,24.47957144861078,26.728088262060343,46.40094287119368,58.93316026656019,44.505894759907434,11.76834664939285,5.0,False,False,True,False,False,False,False,True,False,False,False,True,False,False,False,False,False,True,False,False,False,True,False,False,False,False,True
85.0,8.335789160236999,2.4329371335759373,41.758763220091105,8.21249008436557,15.625327417420324,42.50515975702499,206.27023390668631,-7.327746524971659,4.0,False,False,True,False,False,False,False,False,False,True,False,False,False,True,False,False,False,False,False,True,False,False,True,False,True,False,False
62.0,90.23550358200892,1.28599016746863,4.841450613486008,35.028848193454564,70.5520108342991,50.51807735388895,102.7551582816518,36.36832920185531,1.0,False,False,False,True,False,False,True,False,False,False,True,False,False,False,False,False,True,False,False,False,False,False,True,False,False,False,True
62.0,18.1024722667836,1.934688458589651,41.55273260700287,37.69680546679938,33.300883156898145,99.70093459071948,51.239433805520314,1.1026309087301218,3.0,False,False,False,True,False,False,True,False,False,False,False,False,False,True,False,False,False,False,False,True,False,True,False,False,True,False,False
50.0,59.19854015458014,3.4047280954422168,10.553605881721566,7.034850998811217,32.90161477916705,90.23527141040675,286.8165204249623,2.483073707467046,6.0,False,False,False,False,True,True,False,False,False,False,True,False,False,False,False,False,True,False,False,False,False,False,True,False,True,False,False
85.0,42.69140537961698,3.7776913680597626,7.751265948579647,11.57425867995997,25.61224484541767,76.51291374137583,249.12852565992972,5.150822840553818,5.0,False,False,True,False,False,False,False,False,False,True,False,False,False,True,False,False,False,False,True,False,False,True,False,False,True,False,False
85.0,15.774763064545793,2.689745698708827,25.364863634137112,36.2255346616435,59.61097279685497,58.9596311427681,297.10232195950044,23.96306613271738,7.0,False,True,False,False,False,False,False,False,True,False,False,True,False,False,False,False,False,False,False,False,True,False,True,False,False,True,False
50.0,75.09027362309024,1.8494180046914104,12.374493987456692,6.123307926752423,61.92829078916798,50.512757468908184,150.26009954855095,23.98191830287455,3.0,False,False,True,False,False,False,False,False,False,True,True,False,False,False,False,False,False,False,True,False,False,True,False,False,False,False,True
100.0,23.915003796268465,2.332808817220075,33.50495954700098,5.587219999294074,38.27073245617419,84.48086578922354,295.9721051267668,4.832295504044435,2.0,False,True,False,False,False,False,False,False,False,True,False,False,False,True,False,False,False,True,False,False,False,False,True,False,False,True,False
50.0,13.819971244902632,2.090777615246685,12.27483650878592,20.83704762362696,86.60875865026834,99.09312749368182,119.34464298476549,38.58891646031902,7.0,True,False,False,False,False,False,False,False,False,True,False,False,True,False,False,False,False,True,False,False,False,False,True,False,False,True,False
62.0,79.97267190690829,1.1579435522661186,37.46218915223994,8.471445140596401,75.82897474627676,67.97645021887641,117.69789331623232,16.052413139147863,5.0,False,False,True,False,False,False,True,False,False,False,False,False,True,False,False,False,False,True,False,False,False,False,True,False,True,False,False
50.0,5.163807087916792,3.910006446044101,5.2652032847754455,7.411839346111376,32.17142732636586,56.723957416458504,45.400598655642405,-9.824574766427832,2.0,True,False,False,False,False,False,True,False,False,False,False,False,False,True,False,True,False,False,False,False,False,True,False,False,True,False,False
75.0,55.095255841104894,1.289438988112685,45.2106299385636,8.631878815761723,54.16347654979344,56.6962175600798,100.8403905933342,3.2874178751502097,3.0,False,False,False,True,False,False,False,True,False,False,False,True,False,False,False,False,False,True,False,False,False,False,True,False,False,True,False
102.39937129748328,38.188211099692175,3.227826774061622,23.196373698660988,8.644366685308785,40.62902373559544,62.795202141482775,72.32230353200278,21.181387475893285,6.0,False,False,False,True,False,False,False,False,True,False,False,False,False,True,False,False,False,False,False,True,False,False,False,True,False,True,False
60.30920245060118,41.13168722967361,0.6326302700939862,46.54335629892145,10.68119517297542,64.74836809986499,92.69456876416793,224.55991659553533,11.133741048080472,4.435152229171791,False,False,False,False,True,True,False,False,False,False,False,False,True,False,False,False,False,False,True,False,False,False,False,True,False,True,False
100.0,55.199838402705424,1.7011173546131593,26.97034258500663,13.322594738904996,28.68722066034912,81.11188792121526,152.25986699080715,15.30316247182633,6.0,False,False,True,False,False,False,False,False,False,True,True,False,False,False,False,False,False,False,False,True,False,False,False,True,True,False,False
75.0,72.31121635965684,0.9453801792438452,34.26166814743536,23.893749111009,59.491108008673685,92.3129306095474,54.13870978325318,8.412581609973788,0.0,True,False,False,False,False,False,False,False,True,False,True,False,False,False,False,False,True,False,False,False,False,False,True,False,True,False,False
75.0,37.49380570218128,1.8547686901055345,15.800004164216077,7.392687495551845,86.54445155869516,93.38177891139344,215.89955356535245,0.4003548727503609,7.0,False,True,False,False,False,False,False,False,True,False,False,False,False,True,False,False,False,False,False,True,False,True,False,False,True,False,False
62.0,55.374954290710285,3.136208977991735,18.05023748722661,8.623498537055745,57.069500659534,92.4203899406728,270.0365182637633,-2.642243391190243,2.0,False,False,False,True,False,False,False,True,False,False,True,False,False,False,False,True,False,False,False,False,False,True,False,False,False,False,True
75.0,33.467398984964014,3.3861550875352284,18.942976036507535,33.2242609002285,44.25432304914885,91.06019255005748,40.31861722887526,26.827732100109564,6.0,False,False,False,True,False,True,False,False,False,False,False,False,True,False,False,False,False,False,False,True,False,False,True,False,False,True,False
85.0,53.35952018455622,3.383070445634935,11.31413118672819,23.057865226298947,29.877168376227516,95.5354366537743,152.25986699080715,3.5074136854971822,0.0,False,True,False,False,False,False,False,False,False,True,True,False,False,False,False,False,True,False,False,False,False,False,False,True,False,True,False
62.0,76.03768937793197,2.197050161090055,14.892902778695785,14.956956772255571,87.91245387496029,67.04978613778212,259.7179826676652,23.189455988804458,4.0,True,False,False,False,False,True,False,False,False,False,False,False,False,True,False,False,True,False,False,False,False,True,False,False,False,False,True
75.0,9.79334907118558,3.760235626861669,12.886573479546891,20.91127455839477,89.03769769770815,54.07412809231841,60.32845631932344,31.35439387292225,6.0,True,False,False,False,False,False,False,True,False,False,False,False,False,True,False,False,False,False,True,False,False,False,True,False,False,True,False
85.0,45.45344885211073,1.4410908929776702,28.19404206423544,39.59705007618444,18.30616688088955,66.42847642409154,131.05424098801743,28.51369444569392,7.0,False,False,True,False,False,False,True,False,False,False,False,False,False,True,False,False,False,True,False,False,False,True,False,False,False,True,False
100.0,31.728682285908047,2.2946149964785327,37.50320207080665,28.37686054009869,76.84081236656476,87.55877968530262,47.416211526470576,7.58003923341635,0.0,False,False,True,False,False,False,False,False,True,False,False,False,True,False,False,False,False,False,False,False,True,False,False,True,False,True,False
62.0,76.16478844210974,2.4754102392870996,32.557458225025094,26.765609634370016,24.928497412962436,79.5576146482545,82.99980869537478,38.50327216283354,4.0,False,False,False,False,True,False,False,False,False,True,False,True,False,False,True,False,False,False,False,False,False,False,False,True,False,False,True
75.0,59.16864335631949,2.765621656971513,15.222513527799864,18.816994774424376,50.51010596682404,68.59776436636375,156.81023942343762,29.063687724672455,1.0,False,False,False,True,False,False,True,False,False,False,True,False,False,False,False,False,False,False,True,False,False,True,False,False,False,False,True
136.41543451440273,15.10403338179977,2.8915627841140754,5.052457492354572,22.01217435130326,51.48318629752653,72.70348804748421,152.88819133117065,18.97409284644023,6.0,False,False,True,False,False,False,False,True,False,False,False,False,False,True,False,True,False,False,False,False,False,False,True,False,False,True,False
62.0,66.24653780691024,1.2541996768004464,37.46234418585593,13.368981577593573,43.85148170771822,61.64849601577665,152.26221869616475,8.954126066691433,3.0,True,False,False,False,False,True,False,False,False,False,False,True,False,False,True,False,False,False,False,False,False,False,True,False,True,False,False
75.0,30.726160737544745,3.000895955075018,11.215789280105415,37.964662293095664,41.895559315975504,79.16128258457856,207.481770878926,-4.446256767774789,5.0,False,True,False,False,False,False,False,False,True,False,False,False,False,True,False,False,False,False,False,True,False,True,False,False,False,True,False
85.0,77.69304556526747,3.624371786707156,25.603799331857445,21.988590474693993,11.30120592939546,80.99869116405574,15.215136571844347,-8.374006203391911,0.0,True,False,False,False,False,False,False,False,False,True,False,False,False,True,False,False,False,False,True,False,False,False,False,True,False,True,False
100.0,77.12500791368723,1.2335246867841825,39.4290961711839,29.78525366156875,62.322640558525926,81.40719887465627,272.79517131853873,-3.663579908715522,1.0,False,False,False,True,False,False,True,False,False,False,False,False,True,False,True,False,False,False,False,False,False,False,True,False,True,False,False
100.0,8.28243853987389,1.2452884167132,11.017996608332188,27.326560516726175,76.66998194035097,62.006474517324875,216.5024785007296,-2.645297430156881,2.0,True,False,False,False,False,False,True,False,False,False,False,False,True,False,False,False,False,True,False,False,False,True,False,False,False,True,False
75.0,50.53053056711859,1.0288856470267305,34.63627057083493,5.114862623250133,25.34809142974842,63.66223405094776,62.52915278643372,-9.162198722399426,0.0,False,False,False,False,True,False,False,False,True,False,False,True,False,False,False,False,False,True,False,False,False,True,False,False,False,True,False
65.9740460475554,64.9305064614647,3.732577706614646,45.60140061591688,38.4548506063552,58.162527691304675,72.85889430616501,115.73243090441906,26.677244857452976,2.0,False,False,False,True,False,True,False,False,False,False,False,False,False,True,False,False,False,False,True,False,False,False,False,True,False,False,True
85.0,42.69140537961698,3.339942830373675,39.40495249496544,11.08305211308306,34.07169387356071,98.86668914423475,152.25986699080715,32.311048529923724,5.0,False,True,False,False,False,False,False,True,False,False,True,False,False,False,False,False,False,True,False,False,False,False,False,True,False,True,False
62.0,55.62849667174399,1.3761709730713558,8.179964335506256,25.717818754720422,50.627588257932686,53.248697123948766,294.29323282589513,14.564571127261203,6.0,False,False,False,False,True,True,False,False,False,False,True,False,False,False,False,False,False,False,False,True,False,False,True,False,True,False,False
85.0,41.99326219500855,1.197691869919004,6.483340580349086,30.379711930358855,46.35478932598276,91.106881276485,54.26809121579728,37.289829969537614,4.0,False,False,False,True,False,True,False,False,False,False,True,False,False,False,False,False,True,False,False,False,False,False,True,False,False,False,True
24.739974705834577,38.69718656721909,0.5500176951424511,30.846818882816667,12.732121851156172,27.790526414327424,54.73692996512599,384.6905685988771,36.663170798557424,5.0,False,True,False,False,False,True,False,False,False,False,False,True,False,False,False,False,False,False,True,False,False,False,True,False,False,False,True
84.63170318839946,62.26265635402747,1.7046015910873678,23.57785071707293,17.18551040504302,34.7020621089598,51.28401319295174,299.66295076387314,9.250148405255208,2.0,False,False,False,False,True,False,False,False,True,False,False,False,True,False,False,True,False,False,False,False,False,False,False,True,True,False,False
62.0,35.84413909327468,3.7949895819234527,34.74098370272331,13.90718176938208,55.960807961988976,87.1055679955716,263.5762086133218,9.18785717676932,6.0,False,False,False,False,True,False,False,False,True,False,False,True,False,False,True,False,False,False,False,False,False,True,False,False,True,False,False
100.0,55.46883682152323,3.540379012105647,26.484266980325483,14.82891240314395,38.4751768013842,82.29836275119712,76.92654460564061,1.3585055213685724,0.0,False,False,False,True,False,False,False,True,False,False,False,False,True,False,True,False,False,False,False,False,False,False,True,False,False,False,True
62.0,19.721540010730703,1.4832810341977656,47.609115992934555,9.040987724125769,58.69009594389493,84.5528682061711,32.32362538971208,35.769526773223475,1.4131071299836229,False,False,True,False,False,True,False,False,False,False,True,False,False,False,True,False,False,False,False,False,False,False,True,False,False,True,False
28.59217552015043,68.45025675480477,2.1861491819293675,14.971801438288828,14.502847435826103,26.459694563687,98.79022101047224,61.80897320870787,18.599293737136655,4.38750096917324,False,False,False,False,True,False,False,False,True,False,True,False,False,False,False,False,False,False,True,False,False,False,True,False,False,True,False
62.0,79.94974411198142,1.6591607025328534,10.887323539659542,17.623139346411513,52.13517502591924,93.01715305800631,176.22132849649384,34.42869923801459,6.0,False,False,False,False,True,False,False,True,False,False,False,False,True,False,False,False,False,False,False,True,False,True,False,False,False,False,True
85.0,60.46898672586866,3.71738986284209,28.753354343418906,19.64928413083718,33.679239622063506,78.9085482736939,147.7359251037458,-2.6601032029166607,1.0,False,True,False,False,False,False,False,True,False,False,True,False,False,False,False,False,False,False,True,False,False,False,True,False,False,True,False
75.0,35.38265952853404,1.7178280150084737,23.771635495233188,16.08433954120137,54.48146211687617,70.45984840964744,33.687799215282084,33.893571383819186,5.0,True,False,False,False,False,True,False,False,False,False,False,True,False,False,False,False,False,False,True,False,False,False,True,False,False,False,True
62.0,37.688027665454456,0.6024173820856626,45.36451456071446,33.81185989290742,17.969742475972758,67.45668714691847,172.10193826820836,26.066961754406773,1.0,False,False,False,True,False,False,False,False,False,True,False,False,True,False,False,False,False,True,False,False,False,False,False,True,True,False,False
110.6581279246,20.79343928787075,1.47066972117344,30.185692832978994,16.07618660146749,33.55042871023524,93.64636491555372,155.78441572644002,13.65991905369698,6.0,False,False,False,True,False,True,False,False,False,False,True,False,False,False,False,False,True,False,False,False,False,False,False,True,False,True,False
100.0,53.36289470151473,3.7998192079636786,38.62554559470691,13.611919471082562,33.26665160527895,92.03645412293866,42.13941422454072,29.88019647166928,4.0,False,False,True,False,False,False,False,False,False,True,False,False,False,True,True,False,False,False,False,False,False,False,False,True,False,True,False
100.0,24.267335453342245,1.6404240382645088,30.48577367290175,15.806354520950686,74.6842236981937,79.53017447619905,80.31857002371548,11.697359728518473,6.0,False,False,True,False,False,False,False,True,False,False,True,False,False,False,False,False,False,False,False,True,False,True,False,False,False,False,True
62.0,68.20904345854468,2.8441911583636044,21.898724384362577,38.64636513406759,87.90107600101733,63.86215199990342,71.16942977382499,34.37535950590644,5.0,False,False,False,True,False,False,False,False,True,False,False,False,False,True,False,False,False,False,False,False,True,False,False,True,False,False,True
100.0,27.706067785342434,2.858349510172882,45.32674459013657,38.03642615891435,46.48302918515636,98.6273440219893,104.86167280604526,19.029287814233463,4.0,False,False,True,False,False,False,True,False,False,False,True,False,False,False,False,False,False,False,False,True,False,False,True,False,False,True,False
50.0,76.68731222622425,0.7298829248016605,45.75831385931956,35.26539493312963,33.29424517991321,52.03926252888994,190.9379314830794,38.73862523604778,1.0,False,True,False,False,False,False,False,True,False,False,False,False,False,True,False,False,False,True,False,False,False,False,True,False,False,True,False
50.0,45.36457787633022,0.5641102252550376,25.04146030496852,33.71264719385388,39.08232599116617,91.73370608401818,109.93191496761852,37.330821979493706,5.0,False,False,False,True,False,False,False,False,True,False,True,False,False,False,False,False,False,False,True,False,False,True,False,False,False,True,False
50.0,27.498043111589936,1.3744963855629204,46.47734294698627,8.154864479291327,61.5644479971477,63.28972367444196,97.46236881264964,12.409795888371692,3.0,False,False,True,False,False,False,False,True,False,False,False,False,False,True,False,True,False,False,False,False,False,True,False,False,True,False,False
100.0,74.70693087698855,3.681492980304839,33.46362565843205,38.766173522984936,56.908197426011114,90.23796992952722,166.68314426869878,7.884105497983775,1.0,False,False,False,True,False,True,False,False,False,False,False,False,True,False,False,False,False,False,False,True,False,False,True,False,False,True,False
100.0,37.52045250571513,2.781840207444596,24.98401295415121,12.977643006800404,23.173993641361665,79.15155531676531,27.716882849778493,-7.647816773566554,0.0,True,False,False,False,False,False,False,False,False,True,False,False,True,False,True,False,False,False,False,False,False,True,False,False,False,True,False
100.56515006953762,24.04346935025211,2.9065385519269062,26.03119049253551,25.4853474133791,81.15318319370941,50.45003529318749,146.92200690081458,8.825917552483563,1.0,False,False,False,False,True,False,False,True,False,False,False,False,False,True,False,True,False,False,False,False,False,False,True,False,False,False,True
75.0,9.51652733339272,1.2783700242921128,48.57649109999988,15.141281107263376,18.262214822486705,88.41412998142081,207.1049873292505,27.830930909390297,0.0,False,False,False,True,False,False,False,False,True,False,True,False,False,False,False,False,False,False,False,False,True,False,False,True,True,False,False
48.35371606217463,39.88426993608347,3.036909807335081,19.461110622460048,20.3396103891378,58.016494112477474,52.28837265751346,172.51949017269516,31.63668928912557,4.0,False,False,False,False,True,True,False,False,False,False,False,True,False,False,False,False,False,False,False,False,True,False,True,False,False,False,True
50.0,5.755524649492359,2.2904466878175924,39.127025402318914,34.39969184774937,63.61556869644066,73.807350446242,107.66904425344254,18.962712202970867,3.0,False,False,True,False,False,False,True,False,False,False,False,True,False,False,False,True,False,False,False,False,False,True,False,False,False,True,False
100.0,13.003539499532652,1.704673382416253,41.18494267350982,18.408041959008088,40.694992131073974,57.66600893156081,245.858001075849,39.63190879237284,6.0,False,False,False,False,True,True,False,False,False,False,False,True,False,False,False,False,False,True,False,False,False,False,False,True,True,False,False
62.0,21.35157383578864,2.8572143402961414,21.496163367424792,19.295581035680694,49.32313954121575,56.183631872742914,29.25939733503646,2.5012019700363908,6.0,False,False,False,True,False,False,False,False,False,True,False,True,False,False,False,False,False,False,False,False,True,False,True,False,False,True,False
100.0,48.84665066850152,1.6639703334245637,7.243947955667937,17.932954042273728,22.710321135632327,62.07007350536415,107.30820591544423,-0.3367154696195218,3.0,True,False,False,False,False,True,False,False,False,False,False,False,False,True,False,True,False,False,False,False,False,True,False,False,True,False,False
100.0,9.206012694775316,2.858817714150072,14.832917019534175,34.44812381475987,46.607930464309526,66.14678806221944,280.54368535047314,18.455941632134504,7.0,False,False,True,False,False,False,True,False,False,False,False,False,True,False,False,False,False,False,True,False,False,True,False,False,True,False,False
75.0,19.93670718240265,1.9064831850782735,26.749078187318933,37.01873127551725,12.434282853171972,126.38332876842395,105.65724726981615,3.369212621798414,3.0,False,False,False,True,False,False,False,False,True,False,False,False,True,False,False,True,False,False,False,False,False,False,False,True,True,False,False
62.0,42.69140537961698,1.0543624141544703,27.817382166107997,12.426903943074102,43.43501655407322,56.18842902969999,122.2954081784858,12.786009352544973,2.0,False,False,True,False,False,False,False,True,False,False,False,True,False,False,False,False,False,False,True,False,False,False,True,False,True,False,False
85.0,76.18778788307228,2.8502383451136155,14.984051430614867,22.64610296532649,10.285314614367564,76.73373540916441,69.18658683479167,15.247349649826322,0.0,False,True,False,False,False,False,False,False,False,True,False,False,True,False,False,False,False,True,False,False,False,False,True,False,True,False,False
75.0,72.94073165721504,3.609229819666397,13.825035587120569,35.858869853499414,44.08631934914307,61.937250516895816,19.30831574067269,38.666963309829576,6.0,False,False,False,False,True,False,True,False,False,False,False,False,False,True,True,False,False,False,False,False,False,True,False,False,True,False,False
75.0,24.54169744898367,1.7128937441723353,25.603799331857445,31.057746282670188,18.634468421016173,76.45593405264898,81.73856181446357,-1.6381935602543043,4.5922782559119115,False,True,False,False,False,False,False,False,False,True,False,True,False,False,True,False,False,False,False,False,False,False,False,True,False,False,True
85.0,7.446816605478516,3.4814381690198086,25.603799331857445,15.134226307880432,65.871422799937,84.10892630331702,30.92221633424317,10.506884363450856,2.077846517447363,False,False,False,True,False,True,False,False,False,False,False,False,False,True,False,False,False,False,False,False,True,False,True,False,False,False,True
85.0,17.199039032159078,1.6631801307711285,25.603799331857445,38.8861741410318,24.073834346422565,76.8111578328771,160.29392451031427,-4.2535329228156415,1.0,True,False,False,False,False,False,False,False,False,True,False,False,False,True,False,False,True,False,False,False,False,False,False,True,False,True,False
50.0,42.69140537961698,2.287832254990381,21.672225735894894,8.331034986055567,58.68736692841344,84.9600964622972,116.65507846903554,-3.1125361689851054,1.0,False,False,True,False,False,False,True,False,False,False,True,False,False,False,False,False,True,False,False,False,False,True,False,False,True,False,False
75.0,72.27855411576432,1.0953543616585946,7.443107755455118,11.989514562319911,87.22062649241695,65.56631387099664,155.30508006828438,4.698829486440202,7.0,False,False,False,False,True,False,False,True,False,False,False,False,False,True,False,True,False,False,False,False,False,False,True,False,True,False,False
85.0,18.01705100546142,2.4616037159541557,43.70116825973557,17.784552971235748,71.41075857249324,76.22136172265118,28.54920389274597,19.16560070339951,4.0,False,False,True,False,False,False,False,True,False,False,True,False,False,False,False,False,False,True,False,False,False,True,False,False,False,False,True
75.0,59.126629342112274,2.4214112224514865,6.938614078941109,37.98580056569231,47.378590584782515,51.070619780241294,238.7363609885128,19.745234345009298,0.0,False,False,False,True,False,False,False,False,False,True,False,True,False,False,False,False,False,False,True,False,False,False,True,False,False,True,False
85.0,35.86668099087705,4.226667873215021,32.79732044472121,25.03077550094883,83.51568603776872,85.70187848640649,258.03171714046346,8.253481653676824,5.352188076255658,False,False,True,False,False,False,False,False,True,False,False,False,False,True,True,False,False,False,False,False,False,True,False,False,False,True,False
62.0,5.20011260069647,1.8876640005318568,49.3332345217414,30.865446026333004,18.983577712791817,89.64463555022162,179.29269019534732,37.57672672417906,2.396060328531535,False,False,False,False,True,False,False,False,False,True,False,False,True,False,False,False,False,True,False,False,False,False,True,False,False,False,True
50.0,28.77227402735012,1.1929063943723863,25.798792626759298,17.020098362641242,27.985355247157237,69.49637808673178,163.03903239714137,37.4853473103662,6.0,False,False,False,True,False,True,False,False,False,False,False,True,False,False,True,False,False,False,False,False,False,False,False,True,False,False,True
75.0,61.90801716904538,3.09976792162395,37.77442265439287,31.22274619292504,18.216135308909685,88.05542208773109,291.18090476354723,18.77488486854991,3.0,False,False,True,False,False,False,False,True,False,False,False,False,False,True,True,False,False,False,False,False,False,False,True,False,True,False,False
100.0,35.017606522824096,2.848815610735716,12.54074292674547,26.828227672486396,19.069365298758676,77.58691651286874,49.66563770855315,10.204876258349907,3.0,True,False,False,False,False,False,False,True,False,False,False,False,False,True,False,False,False,False,False,False,True,False,True,False,False,False,True
50.0,14.804488742545598,2.614062988013123,27.499247528804364,33.99393418244686,19.598024652744,82.03353841178316,58.8701636930474,27.22215780885722,3.0,False,False,False,True,False,False,False,True,False,False,False,False,True,False,True,False,False,False,False,False,False,True,False,False,True,False,False
75.0,65.10291874065945,1.0208252585151376,47.43975214885614,31.701056437042,17.25397204903592,99.6717975680798,41.25609709872159,10.926311832543378,4.0,False,False,False,True,False,False,False,False,True,False,True,False,False,False,False,False,True,False,False,False,False,False,True,False,False,True,False
75.0,18.120951026827235,3.405813276569597,35.164034359851314,15.365010754049718,41.081555230294626,126.38332876842395,277.0150898908713,4.59963282797691,7.0,True,False,False,False,False,False,False,False,True,False,False,False,False,True,False,False,False,False,False,True,False,False,True,False,True,False,False
86.71809381532775,61.63104965912597,2.942916165689722,20.391192291148027,32.96419115136705,23.35781808377515,96.40888301425215,83.91991846336025,-6.983337242078843,3.0,False,True,False,False,False,False,True,False,False,False,False,False,False,True,False,False,False,False,False,False,True,False,True,False,False,False,True
75.0,71.8059193887291,3.736266174957047,39.46787878394304,21.00678380055329,49.899302365064386,60.39169483747191,55.974774420257475,-0.8311422705916858,2.0,False,False,False,False,True,False,False,False,False,True,False,False,True,False,False,True,False,False,False,False,False,True,False,False,True,False,False
100.0,45.98918433743132,1.5990277384572906,42.364389732371755,19.23049024220647,63.54347399574311,60.39019372509928,113.45511882331388,5.824782102557993,3.0,False,True,False,False,False,False,False,False,False,True,False,True,False,False,False,False,False,False,False,True,False,False,True,False,True,False,False
100.0,45.858999052265375,1.3093292808686268,47.503737971035065,35.54794042646574,26.447257316508875,50.88290885213277,85.00477868174715,7.159703373364536,4.0,False,False,True,False,False,True,False,False,False,False,False,False,False,True,False,False,False,False,False,False,True,False,False,True,False,False,True
100.0,55.691891653122006,2.870813713553876,3.856230310405413,5.433701239340921,25.912943296651612,91.24425598403384,152.25986699080715,11.35363499376702,0.0,True,False,False,False,False,False,False,True,False,False,True,False,False,False,False,False,False,True,False,False,False,False,False,True,True,False,False
61.95336635157009,23.050456238396514,3.661900843125582,36.7698740294614,9.644170358721697,36.143534808623635,50.590866788910525,286.3788213543384,-7.858269925073039,2.0,False,True,False,False,False,False,False,False,True,False,True,False,False,False,False,False,False,False,False,False,True,True,False,False,False,True,False
50.0,39.972724248642315,0.6941299404276727,37.675321852429775,35.47518868295804,88.2973709644651,71.13650830929953,60.91729092497904,11.022766626236226,4.0,False,False,False,True,False,True,False,False,False,False,False,False,True,False,False,False,False,False,True,False,False,False,True,False,True,False,False
75.0,21.05357940478484,1.4617679826287715,6.306066001187466,46.17291743881244,50.70981922850209,64.13652349959695,135.63711211756276,26.193341439430043,5.0,False,False,True,False,False,True,False,False,False,False,True,False,False,False,False,False,False,False,False,True,False,True,False,False,False,False,True
100.0,8.789017000425101,2.9124603386156505,25.603799331857445,15.66221410500024,49.82374376270066,86.76483394013943,98.6602453811966,-9.124475929254602,1.0,False,False,True,False,False,False,False,False,True,False,False,False,False,True,False,False,False,False,False,True,False,False,True,False,False,False,True
62.0,97.6677653925048,2.819041425308821,34.00613293122943,14.873470665507764,31.7169107119339,63.995768026827264,249.0723706064663,-7.754748568636635,5.0,False,True,False,False,False,False,False,False,False,True,True,False,False,False,False,False,True,False,False,False,False,True,False,False,False,False,True
100.0,39.94579631974886,2.705994138237201,34.1015981435489,29.24488324742495,15.073705966426454,98.6113298985728,132.7866428816962,-5.499048907391532,1.0,False,True,False,False,False,False,False,True,False,False,False,False,False,True,False,False,False,False,False,True,False,False,True,False,True,False,False
86.16648846991009,41.01292040629061,3.069542306569536,35.239594294264535,43.374108624442194,56.93067672987071,79.67504954632604,223.72002576711333,31.58905780067694,2.0,True,False,False,False,False,False,False,False,False,True,False,False,True,False,True,False,False,False,False,False,False,False,True,False,False,True,False
75.0,11.422192304640166,3.254397835722627,26.144302699478175,12.858236229799587,75.85891513688586,60.19969203469616,31.306384739220636,-2.44159530106516,4.0,False,False,False,False,True,True,False,False,False,False,True,False,False,False,False,False,True,False,False,False,False,True,False,False,False,False,True
100.0,52.284372293181825,1.7728069001606237,23.87673157167134,23.70329353701408,21.85862017889134,79.26462882824637,41.29155664965743,6.385560976611462,6.0,False,True,False,False,False,False,False,True,False,False,False,False,False,True,False,False,False,True,False,False,False,True,False,False,False,False,True
75.0,77.63234569193523,3.306874017578997,11.179014560862132,10.906383271837058,54.643859299661386,58.01818477546587,101.40291219481855,2.211083949613,2.0,False,True,False,False,False,False,True,False,False,False,False,True,False,False,True,False,False,False,False,False,False,True,False,False,False,True,False
50.0,14.175393197160597,2.206144329104404,21.857389617404845,23.920286374978524,18.139377516618723,64.34409488966753,295.9593309185726,8.0139996180962,7.0,False,False,False,True,False,True,False,False,False,False,False,False,False,True,False,False,True,False,False,False,False,False,True,False,False,False,True
62.0,28.337522357857683,2.2607468723450665,36.286078729713026,35.18238654954788,25.450179505817587,95.74806410053785,85.88564156991364,15.725063881272998,7.0,False,False,True,False,False,False,False,False,False,True,False,False,False,True,False,True,False,False,False,False,False,True,False,False,True,False,False
100.0,17.628897372729085,1.7302764040325571,11.380196211545622,30.594485769276694,88.54355771236987,54.64351418640867,179.74890892986397,36.44591302779551,5.0,False,False,False,False,True,False,False,False,False,True,False,False,True,False,False,False,False,True,False,False,False,False,True,False,False,False,True
75.0,45.45111536306598,1.1310299985017624,12.817069905556416,29.1510189697638,59.3130256074532,59.87147873828874,39.89135462894271,37.73130899577718,0.0,False,False,False,True,False,False,False,False,False,True,False,False,False,True,False,False,True,False,False,False,False,False,False,True,False,False,True
50.0,49.66092549992548,3.5902414161320193,17.663341419791365,12.392087197216732,68.71101928718994,84.88161296476284,236.7315167633957,-4.137528822077404,0.0,True,False,False,False,False,False,False,False,True,False,False,False,True,False,False,True,False,False,False,False,False,False,False,True,True,False,False
85.0,23.942080345214407,2.159224759169293,18.819584772025628,23.77234837066541,24.122328324213527,90.8302547030802,190.20176564094433,-3.2446746450525836,3.0,True,False,False,False,False,True,False,False,False,False,False,False,False,True,False,False,True,False,False,False,False,False,True,False,False,True,False
85.0,23.86992273236189,2.441421134965461,23.603714404727395,10.910507508212492,75.63832653295276,58.59438747516139,158.2224547654822,11.047991752951924,0.0,False,True,False,False,False,False,False,True,False,False,False,False,False,True,False,True,False,False,False,False,False,False,True,False,False,True,False
50.0,8.641282040664738,2.494662938263948,19.669670793008116,21.978604437867293,13.24841775679932,85.29183868833562,132.61341582089574,0.8741646568865473,4.0,False,True,False,False,False,False,False,False,False,True,False,False,False,True,True,False,False,False,False,False,False,True,False,False,False,False,True
75.0,11.139612943722046,0.767174747582585,25.603799331857445,37.3396294339549,75.4379475116574,98.8551570193846,246.7058199314493,35.776099749649234,5.0,True,False,False,False,False,False,False,False,False,True,False,False,True,False,False,False,False,True,False,False,False,False,True,False,True,False,False
100.0,46.40242818798875,0.9790760332303992,38.51392773049149,6.692686295834163,61.77141434640873,58.62527785976149,18.639471828786697,-1.8986919291078903,3.0,False,True,False,False,False,False,False,False,True,False,False,False,False,True,False,False,False,True,False,False,False,False,True,False,True,False,False
64.92538262404466,77.2662199543138,3.4981219794097913,28.926485022423556,37.50769260514179,34.59232797281263,92.20541049935828,27.664902149475136,11.995372899168595,3.0,False,False,False,False,True,False,False,True,False,False,False,False,True,False,False,False,True,False,False,False,False,False,False,True,False,True,False
100.0,5.995140564565627,3.9769703835389874,34.95390177071374,30.413027624980472,36.39805027421534,62.029398282126934,270.6638630648035,22.975563617224864,5.0,False,True,False,False,False,True,False,False,False,False,False,True,False,False,False,False,False,False,True,False,False,True,False,False,False,True,False
54.03223627344707,21.270741905550192,3.342356048760274,40.17685077355911,12.186151848164938,23.97110917899692,90.94302580985588,75.72756438939092,31.34685758576334,6.0,False,False,True,False,False,False,True,False,False,False,False,False,True,False,False,False,True,False,False,False,False,True,False,False,False,True,False
62.0,38.13860653803928,0.9480562282120272,42.51668875692226,21.812883736502652,79.20966433664086,126.38332876842395,145.0342957741259,39.70742947645548,7.0,False,True,False,False,False,False,False,False,True,False,False,True,False,False,False,True,False,False,False,False,False,False,True,False,True,False,False
85.0,37.9980325281785,2.0607338598296994,10.493519676517534,16.652942996877634,21.31000444838144,58.47308801172035,214.38410598075924,-1.8448305287580256,1.0,False,False,False,True,False,True,False,False,False,False,False,False,True,False,False,False,False,True,False,False,False,True,False,False,True,False,False
50.0,12.89314235582393,2.1412999520428553,17.34136645625693,18.14399891450073,78.3928712319015,78.8159074874725,88.54041810511625,20.055112427461744,0.0,False,False,False,False,True,False,True,False,False,False,False,False,True,False,False,False,False,False,False,False,True,False,False,True,True,False,False
85.0,60.624560710723856,1.9622731644438964,22.68042226602135,32.741871550778995,71.5767881781005,66.87086121499186,286.42208886985156,29.72374373724621,4.0,False,False,False,True,False,False,False,False,False,True,False,False,False,True,True,False,False,False,False,False,False,False,False,True,False,False,True
100.0,42.69140537961698,1.616070494721635,27.796976646946376,54.8058326242968,74.47523223914841,75.87076299811594,58.28229304091584,33.66576144346836,7.0,False,False,False,True,False,False,False,False,False,True,True,False,False,False,False,False,False,False,True,False,False,False,False,True,False,False,True
75.0,5.868319195612725,0.890728405098075,21.32626413977922,21.90827594100225,28.90083254997095,97.35343585040852,280.9762024240972,-1.5624897888461415,4.0,False,False,True,False,False,False,False,True,False,False,True,False,False,False,False,False,False,False,False,False,True,False,True,False,False,True,False
62.0,42.69140537961698,1.2816026654590182,36.60130618123146,29.78148179519326,76.96022949767347,83.75662148016092,11.76940924523808,12.235644570305125,1.0,False,False,False,False,True,False,True,False,False,False,False,False,False,True,False,False,False,False,False,False,True,False,True,False,False,True,False
100.0,77.69879024520026,1.224897157423554,26.42378193855539,17.05899333795074,52.49864487916761,66.17919066180764,196.2895364387553,36.64249003843529,5.0,False,False,False,False,True,False,False,False,False,True,False,True,False,False,True,False,False,False,False,False,False,False,False,True,False,False,True
85.0,94.36532940921012,2.2434218074905186,31.654116000336423,38.09452549270843,43.87900893699008,62.259321460776434,205.84036161786625,19.11913063666853,7.0,False,False,False,False,True,False,False,False,False,True,False,False,False,True,False,False,True,False,False,False,False,False,False,True,False,False,True
62.0,43.95822631658241,1.767862582188473,36.00275417138911,10.432237271274918,60.90486524314052,81.09356513724907,49.91211987419893,3.915833020589746,4.0,False,False,False,False,True,False,False,True,False,False,True,False,False,False,False,False,False,False,False,True,False,True,False,False,False,False,True
85.0,76.48074420185159,1.9127243418837656,42.36624663230756,15.66189493307157,27.945913497295596,85.81552369692857,92.32721901570342,5.652113104489251,3.0,False,False,False,False,True,True,False,False,False,False,False,False,True,False,False,False,False,False,True,False,False,True,False,False,False,False,True
78.51107776012078,66.17819525015547,3.264935422594363,5.923176780357402,37.27761608100582,40.62173244352232,54.00886612216782,108.1405504175817,2.2416169064104636,3.0,False,False,True,False,False,False,False,False,False,True,False,False,False,True,False,False,True,False,False,False,False,True,False,False,False,True,False
50.0,76.24242378732372,3.728899690984893,6.798600809086855,21.089160225645102,76.9590769158117,61.4739229124934,94.4296964853171,2.554657853201496,4.0,False,True,False,False,False,False,False,False,True,False,False,True,False,False,True,False,False,False,False,False,False,True,False,False,False,False,True
75.0,35.15737675512804,0.1543006838884049,17.63994452579628,19.95588646256203,76.27892651117047,83.58526083420006,31.791165374679405,-6.225485948901995,4.0,False,False,False,True,False,False,False,False,True,False,False,False,False,True,False,False,False,False,False,True,False,False,False,True,False,False,True
85.0,53.11979970086487,1.8073273628784672,41.69006799409875,33.38895965145784,79.45408421714306,60.93787155350576,139.2442142295559,18.711758044699764,6.0,False,False,False,False,True,True,False,False,False,False,True,False,False,False,True,False,False,False,False,False,False,True,False,False,True,False,False
50.0,43.12603811805074,2.7653907898092647,5.76663577394962,21.59525253632176,69.61870824455913,77.39673449495889,167.61739202432804,31.05761683790547,2.124835503089215,False,True,False,False,False,False,True,False,False,False,False,False,True,False,True,False,False,False,False,False,False,False,False,True,False,True,False
75.0,60.681538390354866,2.2151488205935204,15.631492191685426,31.651426512806086,52.46095601240184,69.58465649956185,61.5153080794194,15.95499673247742,2.0,False,True,False,False,False,False,False,True,False,False,True,False,False,False,False,False,False,False,False,False,True,False,False,True,False,True,False
85.0,33.67446234201802,2.008872705709381,24.859551942231587,37.39857228752191,57.20207772870903,71.72530988079201,230.79083262324863,25.426401925133177,1.0,False,False,False,True,False,False,False,False,True,False,True,False,False,False,False,False,False,True,False,False,False,False,True,False,True,False,False
100.0,54.54859168539257,1.60323446506385,19.102870216691056,17.026769864449825,65.6513286332472,86.25668559166435,44.41463471579849,26.22953591054577,3.0,False,False,True,False,False,False,False,False,True,False,True,False,False,False,False,False,True,False,False,False,False,True,False,False,False,True,False
62.0,14.11630705481829,0.9400021772463668,21.383146368000144,3.707066616087574,27.571039314792376,60.91086177664662,262.12941582158567,0.6693456361452217,5.0,True,False,False,False,False,True,False,False,False,False,True,False,False,False,True,False,False,False,False,False,False,False,False,True,False,True,False
62.0,11.321914132806013,1.8218096881056245,39.95811626207474,3.059041506634992,59.77588685400556,53.00916603198095,111.69908224424638,-0.8868868986711951,5.0,True,False,False,False,False,False,True,False,False,False,False,False,True,False,False,False,True,False,False,False,False,False,True,False,False,False,True
50.0,26.586710215463047,1.7244365892735611,24.4507632366001,25.204753813243112,77.97541226482085,91.45202017355768,191.38730149081587,5.320091462398006,1.0,False,True,False,False,False,False,True,False,False,False,True,False,False,False,False,False,False,False,False,True,False,False,True,False,False,False,True
75.0,65.92220415676107,3.318274233997271,37.52496219553434,8.197264329097495,34.71180818363233,99.830388857032,31.815420821925695,-0.6475576581457609,3.0,False,False,False,True,False,True,False,False,False,False,False,True,False,False,False,False,False,False,False,False,True,False,False,True,False,True,False
62.0,37.51588423680197,0.7971326905760627,25.603799331857445,9.589103255340843,26.13580449214771,69.59485829935613,238.75053370508013,-2.5607833131144915,7.0,True,False,False,False,False,False,False,False,True,False,False,True,False,False,False,False,False,False,False,True,False,False,False,True,True,False,False
100.0,20.07464990247556,2.469105223394977,48.073862196486175,13.656835496798807,27.431445135133774,68.08524527719955,35.449160492718946,6.231144552493621,0.0,False,True,False,False,False,False,False,True,False,False,True,False,False,False,False,False,False,False,False,True,False,True,False,False,True,False,False
100.0,10.390644028146834,1.4840355493987545,38.4249009837934,39.79579713027369,88.86128564501877,73.18196792983179,243.31469364958875,39.39447334918633,4.0,False,False,True,False,False,False,False,False,True,False,False,True,False,False,False,False,False,False,False,False,True,True,False,False,False,True,False
75.0,5.892835163588776,1.2359897744455028,40.776826988908375,11.651157794244131,12.90517914685882,57.543169274328136,100.99005497784172,16.892296483696548,1.0,True,False,False,False,False,False,True,False,False,False,True,False,False,False,False,False,True,False,False,False,False,False,False,True,False,True,False
75.0,48.52491426934318,3.001670866278254,6.023479239058313,6.771002971663727,53.06724790483541,90.07623145582792,119.9907809526212,37.131539818916,6.0,False,True,False,False,False,False,False,False,True,False,False,False,True,False,False,False,False,False,False,True,False,False,False,True,False,True,False
100.0,51.94497776365302,2.4615937135645067,9.166036637016663,29.47187656734991,61.46401328288867,96.38960476102687,220.7754359163879,14.483399483425266,3.0,False,True,False,False,False,False,False,True,False,False,False,False,True,False,False,True,False,False,False,False,False,False,True,False,False,True,False
85.0,20.79043601283822,3.2474625768175143,41.23721127651863,25.79247290230927,49.96693224975138,63.11113229359482,259.92418832966825,22.89738526887777,2.0,False,False,False,False,True,False,False,False,False,True,False,True,False,False,False,False,True,False,False,False,False,False,True,False,False,False,True
100.0,49.48345837435455,1.7322676793318448,18.937607699202452,37.660795124002824,23.264357666126408,53.99353369981499,49.05420612095306,-7.478114898036261,4.0,False,False,True,False,False,False,False,False,True,False,False,True,False,False,False,False,False,True,False,False,False,False,True,False,False,False,True
75.0,25.527547211644688,0.4348899347683468,25.603799331857445,25.021181815618963,20.065397433186966,80.3207465989539,265.2383489384838,18.99653953427724,4.0,False,False,False,False,True,True,False,False,False,False,True,False,False,False,False,False,False,True,False,False,False,False,True,False,False,True,False
50.0,19.958025275991496,1.2982715793607214,43.00765805491575,37.06093993587496,15.82012202213054,53.37481226496149,51.421823945873975,30.006274375568573,2.0,False,False,False,True,False,False,False,False,False,True,False,False,False,True,True,False,False,False,False,False,False,False,True,False,True,False,False
50.0,33.694161775319,3.982832649146134,22.7071329794279,35.80127288903917,87.1299945616067,70.55530611428432,29.81287894734365,10.607186286536084,4.0,False,False,False,False,True,True,False,False,False,False,True,False,False,False,False,False,False,False,False,False,True,True,False,False,False,False,True
50.0,45.15937317195059,0.9190462989996282,31.31248135190241,39.253706088685675,11.792607718349384,50.751664788099426,61.5066692485589,17.258362408967805,5.0,False,False,False,False,True,True,False,False,False,False,True,False,False,False,False,False,False,True,False,False,False,False,True,False,False,True,False
100.0,60.83110355266755,3.5741893701518244,48.32123616672255,9.975404652936104,26.450246517661633,83.89886666729896,29.674901099856857,3.171791758702938,6.561021126883453,True,False,False,False,False,True,False,False,False,False,False,False,True,False,False,False,False,False,False,False,True,False,False,True,True,False,False
75.0,42.69140537961698,1.2328346670602044,43.9802245344234,22.56083773509447,76.70306650389135,87.03039027719285,286.32336500038565,15.612703168824927,3.2249349659859665,False,True,False,False,False,False,False,False,True,False,False,False,False,True,False,False,True,False,False,False,False,True,False,False,False,False,True
100.0,47.67827374967497,1.4249095724737948,37.74994617838915,36.54860154374506,75.29020927180612,67.25319330916514,268.6951244624599,27.78096351062102,0.0,False,False,True,False,False,False,True,False,False,False,False,False,False,True,False,True,False,False,False,False,False,False,True,False,False,False,True
85.0,27.63793401856366,1.920578840930284,57.099752173598255,10.218234726960972,38.42252020734118,73.05861868368035,206.4395411946483,9.383136165270326,7.0,False,False,False,False,True,False,False,False,False,True,True,False,False,False,False,True,False,False,False,False,False,False,True,False,False,True,False
62.0,66.46105412754665,3.89415989940598,47.72349822012419,21.56690777333289,61.04916218275036,70.39015065483127,250.86436658538844,18.390040021966445,0.0201557410022024,False,False,True,False,False,False,False,True,False,False,False,False,True,False,False,True,False,False,False,False,False,False,True,False,True,False,False
75.0,42.69140537961698,0.5483777143412314,37.24649565538281,15.367365393001297,19.89094138704111,62.23223391052393,49.1226600425559,-2.462733809090223,4.0,False,False,False,False,True,False,True,False,False,False,False,True,False,False,False,True,False,False,False,False,False,False,False,True,False,True,False
75.0,42.69140537961698,2.337807459151928,36.93224167774966,25.857017826746723,74.55361228325549,83.23203560509185,56.90226163619891,37.49251830191409,7.0,False,False,False,True,False,False,False,False,True,False,False,False,True,False,False,False,False,False,True,False,False,False,True,False,False,False,True
62.0,10.201613009568993,3.993692464101333,36.80042526371527,36.56517624645392,67.3630481060283,94.84613705113878,131.97073687718645,12.616241444127668,1.0,False,False,False,False,True,True,False,False,False,False,False,True,False,False,False,False,False,False,False,False,True,False,False,True,True,False,False
85.0,67.61464385497968,3.9267976658180577,23.40224119982806,24.015707429832904,65.52770174811384,55.0940413968818,227.0629386028573,6.143677508852317,0.0,True,False,False,False,False,False,False,True,False,False,False,False,True,False,False,False,False,False,False,True,False,False,False,True,False,False,True
85.0,8.936913796477242,3.623260788462997,35.31712403702,9.93476894280921,27.047854491878383,93.46087660830996,79.48903371334954,14.33109534501114,6.0,False,True,False,False,False,False,False,False,False,True,False,False,False,True,False,False,False,False,False,False,True,False,True,False,False,True,False
62.0,26.444033122972396,3.69223745793969,27.121429900667824,27.370437097760146,63.48160387106212,80.47775508228382,265.5605629056878,14.39410549158626,3.0,False,False,False,True,False,False,True,False,False,False,False,False,True,False,False,False,False,True,False,False,False,False,True,False,False,True,False
100.0,42.01795949517358,0.7302658470574883,13.302986684846337,13.08860586253993,55.03840484815587,70.45005705402863,1.899537885161329,14.641852951912686,5.0,False,False,False,False,True,False,True,False,False,False,True,False,False,False,False,False,False,False,False,False,True,True,False,False,False,False,True
75.0,27.997204885847495,1.7686214108047422,25.603799331857445,25.537205087810253,59.66062734267151,95.05422121053404,212.7082847889183,-6.855072544961956,0.0,False,False,True,False,False,False,False,True,False,False,False,True,False,False,False,False,False,False,False,False,True,True,False,False,False,True,False
50.0,34.54134762062127,2.539178253623862,14.239592111842915,26.03350587352015,16.960526964484828,84.59905625717587,181.85383722004755,13.028878136959383,2.0,False,False,False,True,False,False,False,False,True,False,False,False,True,False,False,True,False,False,False,False,False,True,False,False,False,True,False
100.0,67.07828216010658,3.883982812856207,23.098143352892873,11.980655664980183,23.032215463439087,95.02831176592272,195.7197040879724,5.0100278823816495,3.0,False,False,False,True,False,False,False,False,False,True,False,False,True,False,False,True,False,False,False,False,False,False,False,True,False,False,True
100.0,39.70699556704798,3.775135400150372,18.68529365558645,24.19250985524865,34.03764756225564,96.36574795375611,209.3717699783492,0.2591031271149493,7.0,False,False,False,False,True,False,False,True,False,False,False,True,False,False,False,False,False,False,True,False,False,False,True,False,True,False,False
50.0,6.448880265075534,2.2464335181781654,11.019391595294064,5.3882372733572375,26.982928701214615,98.39737010831394,152.25986699080715,12.193184724352538,7.0,False,False,False,True,False,True,False,False,False,False,False,False,True,False,False,False,True,False,False,False,False,True,False,False,False,False,True
62.0,30.751503981203896,3.7776687534767657,19.48012395431718,12.89960746645384,49.52688345849289,68.65310734292194,129.54556576013024,31.980349802192308,0.1900469257372576,False,False,True,False,False,False,False,False,False,True,False,True,False,False,False,False,False,False,False,False,True,False,False,True,False,False,True
50.0,28.80292498005887,0.7584002476785885,45.5188443075354,20.89934494279457,73.686855701566,81.23277626442751,22.3327261690371,-0.2573590462581006,3.0,False,False,False,True,False,False,True,False,False,False,False,False,False,True,True,False,False,False,False,False,False,True,False,False,True,False,False
63.99054362851797,30.987566552430877,1.932805944248584,25.603799331857445,35.73202834771418,73.30724025708275,76.1746419526243,203.0602540355772,28.353832876793888,5.0,False,False,True,False,False,False,False,True,False,False,False,True,False,False,False,False,True,False,False,False,False,True,False,False,False,True,False
100.0,85.03985430629427,3.708384637781146,26.726596804263863,21.84379488300502,32.3628019605393,55.988657924992786,279.86671797697693,22.669920271465017,7.0,False,False,False,False,True,False,True,False,False,False,False,True,False,False,False,False,False,True,False,False,False,False,True,False,True,False,False
50.0,47.76784734327861,2.6794513868152903,32.994341529878724,30.85952282390842,13.70945350509201,97.58940532350752,221.535828133101,15.363257979506066,6.0,False,True,False,False,False,False,True,False,False,False,False,False,False,True,False,False,False,False,True,False,False,False,True,False,False,False,True
62.0,57.45442116792438,1.121155294576189,35.730229366216896,26.414588326334982,32.341871528002784,89.61714559071812,57.289510474044846,33.49059845332999,1.0,False,False,False,True,False,False,True,False,False,False,False,False,True,False,False,False,False,True,False,False,False,False,False,True,True,False,False
50.0,45.93945507648217,1.8134291486520389,16.557852451214444,22.14706390615731,77.01390548870467,73.31371202671119,232.59920558742044,27.574083775649285,0.0,False,True,False,False,False,False,False,False,True,False,False,False,True,False,False,True,False,False,False,False,False,False,True,False,False,True,False
50.0,49.53480945615692,0.8052844859460296,42.136989660963394,23.99606518101227,79.74068238394702,53.90525934622091,279.43866960065594,4.524374959716525,5.0,False,False,True,False,False,False,True,False,False,False,False,False,False,True,False,False,False,True,False,False,False,True,False,False,True,False,False
100.0,52.73977320604877,2.1813898087081207,9.721254707800986,33.817220614136,77.81061587085703,89.79452166165672,56.86080071118133,37.11824232877613,4.0,False,False,False,True,False,True,False,False,False,False,True,False,False,False,False,False,False,False,False,False,True,False,False,True,True,False,False
50.0,61.93297987243194,2.768766275908739,37.39309240675668,24.521404012067748,39.91480209371115,53.24601440984676,17.954439564327608,0.7108576076491264,0.8451896205457747,True,False,False,False,False,True,False,False,False,False,False,True,False,False,False,True,False,False,False,False,False,False,False,True,False,False,True
85.0,23.437875326038824,3.463646934482638,50.35062408297797,8.483284286092683,81.15938765712707,93.27582317310836,22.62409491852518,14.785234289123393,5.0,False,True,False,False,False,False,False,False,False,True,False,False,True,False,False,False,True,False,False,False,False,False,False,True,True,False,False
62.0,8.315805795177543,0.7281019856402245,11.737244077708317,20.704259793721377,38.55338956745308,56.84768445949299,271.52553023252364,35.821776108815385,2.9288113312957407,False,False,False,True,False,False,True,False,False,False,False,False,True,False,False,False,False,False,False,True,False,False,False,True,False,False,True
50.0,10.185000186311704,3.4114497040466847,29.830665356048325,18.81811200016332,63.63470752501935,23.899850979861696,83.87373833289341,26.52415547572475,6.0,False,True,False,False,False,False,True,False,False,False,False,True,False,False,False,True,False,False,False,False,False,False,True,False,False,True,False
100.0,71.94505922956554,3.942567771945161,7.477687525988695,24.89800446868112,21.348620887758365,74.2900032550478,185.76342547562567,24.85134436580902,5.0,False,False,False,True,False,False,False,True,False,False,False,True,False,False,False,True,False,False,False,False,False,True,False,False,True,False,False
100.0,9.209067930589208,2.41620951602315,43.773377108489925,27.71437693832454,44.00642537134895,78.66085587846824,58.799043403147216,9.626570733910736,7.0,False,False,False,False,True,False,False,False,True,False,False,True,False,False,False,False,False,False,True,False,False,False,True,False,True,False,False
80.2450010114166,21.918495812082128,1.67314095226569,6.453837984027844,7.4928410057502575,69.62802306500127,62.80313877131577,198.5935943601873,29.094635424516376,7.0,False,True,False,False,False,False,False,False,False,True,True,False,False,False,False,False,False,False,False,True,False,False,True,False,False,False,True
85.0,21.795382498227173,1.171874031931034,37.73621870166026,27.460574765685376,55.13436223435677,68.54740388150834,39.03998202246087,-4.052803770997523,5.0,True,False,False,False,False,False,True,False,False,False,False,False,False,True,False,False,True,False,False,False,False,False,False,True,False,False,True
62.0,27.994930739365664,1.4754514936283083,41.515196392009486,7.260077620589138,87.5435489892284,57.434088091123016,42.800627669240896,3.8917272937508662,5.0,True,False,False,False,False,False,False,True,False,False,True,False,False,False,True,False,False,False,False,False,False,False,True,False,False,True,False
62.0,35.7622826922978,1.9263703305377575,22.867757719681364,17.069973350002144,11.854880943442128,114.16784204294794,273.507012624569,39.20763826586747,3.0,False,False,True,False,False,False,False,False,True,False,True,False,False,False,True,False,False,False,False,False,False,False,True,False,False,False,True
85.0,7.917185918511961,1.793903739579803,31.74576567162516,27.96248909420221,69.70887266107756,55.14488670080937,18.782415923887463,11.765678369167489,3.0,False,False,False,True,False,False,False,False,False,True,False,True,False,False,True,False,False,False,False,False,False,True,False,False,False,False,True
60.8031640159348,26.17745506640429,4.299202474228416,11.078210344788673,11.413851000471372,35.299875345221935,82.01710764520368,76.33936600162212,-8.5533748857717,3.0,False,True,False,False,False,False,False,False,False,True,False,False,False,True,False,False,False,False,False,False,True,False,False,True,False,True,False
81.06203028867286,42.69140537961698,1.6959583268821938,13.487242068137457,14.317811789290046,83.09120694320444,76.50122127635835,11.256661780006848,13.737856169812805,5.0,False,False,True,False,False,False,True,False,False,False,False,False,True,False,True,False,False,False,False,False,False,False,True,False,False,False,True
46.17287250391787,60.25144069020241,2.736072147491702,42.337925501776795,21.1044525833378,38.87852232270873,51.84562277109663,173.29299362219268,31.547643196693123,6.0,False,True,False,False,False,False,False,False,False,True,False,True,False,False,False,False,False,False,False,False,True,False,False,True,False,False,True
50.0,15.691719285120502,2.131400837288165,14.18889149836167,9.253937426346791,83.91821450927524,66.78294251390969,194.7793288457101,12.267054533883623,1.0,False,False,False,True,False,False,False,True,False,False,False,False,False,True,False,False,True,False,False,False,False,True,False,False,False,False,True
75.0,54.82511333467084,0.5572133283266743,45.86383200819036,22.930047950918,71.30783710648447,96.7978122602596,69.72862342074428,23.6013697842573,5.0,True,False,False,False,False,False,False,False,False,True,False,False,True,False,False,False,True,False,False,False,False,False,True,False,False,False,True
85.0,65.23254316413059,1.566585949247255,17.12999180051812,5.709498043896542,48.17084638968186,61.35366583401523,35.63520160727205,33.93763722562681,4.0,False,False,False,False,True,True,False,False,False,False,True,False,False,False,False,True,False,False,False,False,False,True,False,False,False,True,False
75.0,6.4323241702403315,0.9302393081131928,9.025938583872836,16.431100809169195,71.49380469579087,73.28659305072891,209.98356372165577,21.696951351475622,2.0,True,False,False,False,False,False,False,True,False,False,False,False,False,True,True,False,False,False,False,False,False,True,False,False,False,True,False
50.0,16.126089718922938,3.9096107803054383,4.194196976474822,27.636995108558033,61.13125247835371,71.02277462838805,82.8826118729384,29.239399647145554,5.0,False,False,True,False,False,False,False,False,True,False,True,False,False,False,False,False,False,False,True,False,False,False,False,True,False,False,True
62.0,66.97990803084751,0.7756632656622946,13.787151372552216,38.83301030523854,64.12607256669314,94.36493349621,152.25986699080715,36.43208816912748,1.0,False,False,False,False,True,False,False,False,True,False,True,False,False,False,False,False,True,False,False,False,False,False,False,True,True,False,False
50.0,74.27670057664027,2.8491514275571355,25.073544324039364,38.19400613708986,41.34406167397294,50.4123412636568,194.79354387429612,7.731967314013154,3.0,False,False,True,False,False,False,True,False,False,False,False,False,False,True,False,False,False,False,False,True,False,False,False,True,False,True,False
75.0,39.73385254628378,1.2492962907593128,21.395605777560547,19.413665080852823,55.86361499761188,85.12226222000578,152.25986699080715,24.108952961291443,0.0,False,False,False,True,False,False,True,False,False,False,False,False,True,False,False,False,False,False,False,True,False,False,True,False,True,False,False
129.35061620415664,60.7251438890711,2.365990922637261,10.491920900615758,11.289733305995538,41.856824690728146,94.09788342638664,279.55227750602785,-1.3699940674453366,3.0,False,False,False,False,True,True,False,False,False,False,False,False,False,True,False,False,True,False,False,False,False,False,False,True,False,False,True
50.0,43.251453479602375,2.501808768424507,63.216118380746416,36.35692965878583,62.108672404096424,65.19889545747364,220.28186326914656,1.6308497238612816,5.0,False,False,True,False,False,False,False,False,True,False,False,False,True,False,False,True,False,False,False,False,False,False,True,False,False,False,True
100.0,42.01165353037616,1.426444321988523,5.895475086176862,22.08116362698238,39.20410154877641,83.91595179926459,239.60107457934473,1.9196547033929292,7.0,False,False,False,True,False,False,False,False,True,False,False,True,False,False,False,False,False,True,False,False,False,True,False,False,False,True,False
100.0,68.18585286511737,3.238212428284869,18.388011513893147,5.0678058197903395,31.45637484180004,93.0964613557908,164.3760222940225,34.02977464098818,4.0,True,False,False,False,False,False,False,False,True,False,False,True,False,False,False,False,False,False,False,True,False,False,False,True,True,False,False
100.0,18.895101661444063,3.2671216940712613,45.48206597304863,37.25500156117982,71.90308072624399,78.67887870237226,226.5192581737514,20.35876101645039,5.0,False,False,False,True,False,False,False,False,True,False,False,True,False,False,False,False,False,False,False,True,False,True,False,False,False,True,False
85.0,13.75625150299386,2.754527481618902,38.148183267445766,39.046146064753984,76.187997075293,65.9265734314916,291.49407559697397,24.13459801583604,5.0,False,True,False,False,False,False,False,False,False,True,True,False,False,False,False,False,False,True,False,False,False,False,False,True,False,True,False
120.44719519636556,63.65257024136892,3.7409703687194935,33.7042260973883,10.863674284043608,59.33807594475034,56.69243947901475,14.449235532065112,-6.96659298109081,5.0,False,False,False,True,False,False,False,True,False,False,False,True,False,False,False,True,False,False,False,False,False,True,False,False,False,True,False
