Battery Capacity (kWh),Charging Start Time,Charging End Time,Energy Consumed (kWh),Charging Duration (hours),Charging Rate (kW),State of Charge (Start %),State of Charge (End %),Distance Driven (since last charge) (km),Temperature (°C),Vehicle Age (years),Vehicle Model_BMW i3,Vehicle Model_Chevy Bolt,Vehicle Model_Hyundai Kona,Vehicle Model_Nissan Leaf,Vehicle Model_Tesla Model 3,Charging Station Location_Chicago,Charging Station Location_Houston,Charging Station Location_Los Angeles,Charging Station Location_New York,Charging Station Location_San Francisco,Time of Day_Afternoon,Time of Day_Evening,Time of Day_Morning,Time of Day_Night,Day of Week_Friday,Day of Week_Monday,Day of Week_Saturday,Day of Week_Sunday,Day of Week_Thursday,Day of Week_Tuesday,Day of Week_Wednesday,Charger Type_DC Fast Charger,Charger Type_Level 1,Charger Type_Level 2,User Type_Casual Driver,User Type_Commuter,User Type_Long-Distance Traveler
-0.6491589802391117,2024-02-18,2024-02-18,-0.2983008664524908,1.4745458648932075,0.6756960473323127,0.2985475462345979,0.7385030174447917,1.3298252070102323,-0.41339320207825375,1.0085578280632448,False,False,False,False,True,False,False,False,True,False,False,True,False,False,True,False,False,False,False,False,False,True,False,False,True,False,False
0.5335487667510319,2024-02-12,2024-02-12,-0.7191095413347445,-1.5263643050057913,-0.9700226164817116,1.4654338134304017,0.803378664548329,-0.23709561380920657,-1.334818491705612,-1.1429524390937087,False,False,False,False,True,False,False,False,False,True,False,False,True,False,False,False,False,False,True,False,False,True,False,False,False,True,False
-0.6491589802391117,2024-01-10,2024-01-10,0.6079852149075327,-1.6129290214451855,-0.36279094796107125,1.257511314416031,-1.2632849782787627,-0.7231279458836278,0.03629441207635995,-0.28234833223092737,False,False,False,False,True,False,False,False,True,False,True,False,False,False,False,False,False,False,False,True,False,False,True,False,False,False,True
-1.2662238917122302,2024-01-25,2024-01-25,0.13082235963490052,-0.22789355841487838,-0.014614580811798377,0.09230522903044378,0.03797078958640822,0.5039258758974293,-0.8356852855042802,-0.28234833223092737,False,False,False,False,True,False,False,True,False,False,False,False,True,False,False,False,False,False,False,False,True,False,False,True,True,False,False
-0.6491589802391117,2024-01-12,2024-01-12,0.778433514612858,1.5611105813326016,-0.8242568055059856,-0.37184499604204113,-1.1179385765948773,0.010188153192559784,-1.151736164397493,-0.28234833223092737,False,True,False,False,False,True,False,False,False,False,False,False,True,False,False,False,False,False,False,True,False,False,False,True,False,False,True
1.3048799060924299,2024-01-14,2024-01-14,0.4943530151039822,1.224470017401624,0.9498566140897657,-1.5920770357122396,-0.37249243920327657,-1.4636752577053131,-0.07996954760105875,1.0085578280632448,False,False,False,False,True,False,False,False,False,True,False,False,False,True,False,True,False,False,False,False,False,False,True,False,False,False,True
-1.2662238917122302,2024-01-18,2024-01-18,0.8297065803778747,0.7435549260716563,0.40984337653720626,0.09818586536620379,-0.5640003590185243,0.29125709449706055,-0.5684118149814786,1.4388598814946356,False,False,True,False,False,False,False,True,False,False,False,True,False,False,False,False,True,False,False,False,False,False,False,True,False,True,False
-0.6491589802391117,2024-01-14,2024-01-14,-1.1274463894092914,1.3975994502804125,-1.6716621936653868,-0.701580676297155,2.3666322380239366,0.010188153192559784,-1.3154411650927091,0.5782557746318541,False,False,False,False,True,False,False,True,False,False,False,False,True,False,False,False,False,False,True,False,False,False,False,True,False,True,False
-0.6491589802391117,2024-02-11,2024-02-11,-0.7292717705854684,0.8589745479908486,0.20667755709435537,0.70263127159182,0.06354676584838014,1.670522017347278,-0.06393313936969064,-1.5732544925250995,False,False,True,False,False,True,False,False,False,False,True,False,False,False,False,True,False,False,False,False,False,True,False,False,True,False,False
0.01932800719009993,2024-01-21,2024-01-21,1.0426514751316827,0.9359209626036435,0.9966829367866313,-0.9326056752020119,-1.179695202203052,-0.7263286466070449,0.7986919867426513,0.14795372120046338,False,False,True,False,False,False,True,False,False,False,False,False,False,True,False,False,False,False,False,True,False,False,True,False,True,False,False
0.5335487667510319,2024-01-29,2024-01-30,-0.20545504466178513,0.002945685423505929,-1.7343490450176422,0.2687243191032436,1.648633489791525,0.2587759093779406,0.6015778022320852,0.14795372120046338,False,False,False,True,False,False,False,False,False,True,True,False,False,False,False,False,False,False,False,False,True,False,False,True,True,False,False
-1.2662238917122302,2024-02-03,2024-02-04,-1.5339355594382522,-0.23751186024147794,-0.8839226037810237,0.04862050196479816,-0.6525805694868151,1.5058637467981633,-1.6274829419280799,0.5782557746318541,False,False,False,False,True,False,False,False,False,True,False,False,True,False,False,False,False,False,False,False,True,False,False,True,False,False,True
0.01932800719009993,2024-02-21,2024-02-21,-1.43924205960196,-1.4301812867397978,-0.014614580811798377,1.1167960878103451,1.4714730688549433,1.1298406840322939,1.3633071932220697,0.5782557746318541,True,False,False,False,False,False,False,False,False,True,False,False,True,False,False,False,False,True,False,False,False,False,True,False,True,False,False
-1.2662238917122302,2024-02-22,2024-02-22,-0.7255764144942962,-0.516442613212859,-0.10146985678179063,1.223487632759134,1.0092340832422437,0.4740526691455379,-0.6719802848090642,-1.1429524390937087,False,True,False,False,False,False,True,False,False,False,True,False,False,False,False,False,False,False,False,True,False,False,True,False,False,False,True
0.01932800719009993,2024-02-05,2024-02-05,0.11927437184998688,-0.5549158205192565,-1.2101963361204724,0.5896390448547175,-0.6001810083647274,1.1138371804152094,0.5073639038727976,0.17377184440634663,False,False,True,False,False,False,False,False,False,True,False,False,True,False,True,False,False,False,False,False,False,False,True,False,False,True,False
0.5335487667510319,2024-02-19,2024-02-19,1.5655443620325726,0.5704254931928682,-0.8167041728129428,-1.6198000355808222,0.09099415500756866,-0.9745607693787127,-0.008473894236209306,-1.5732544925250995,False,True,False,False,False,False,False,False,False,True,False,False,True,False,False,False,False,True,False,False,False,False,True,False,True,False,False
0.01932800719009993,2024-02-03,2024-02-03,1.2874688161718522,1.5130190721996049,-0.9692673532124072,-1.550072490456811,-1.4092551842617207,0.051323084712029086,-0.9272264491583397,-0.15756073673582402,False,False,False,False,True,False,False,False,False,True,False,True,False,False,False,False,False,False,False,False,True,False,False,True,True,False,False
0.088233588971265,2024-02-08,2024-02-08,-1.19719623563017,-1.3436165703004037,0.5669381365524961,0.9113938615112998,0.09411317650293083,0.49788010786430853,-0.805617020070465,-1.418345753289799,False,True,False,False,False,False,False,True,False,False,False,False,False,True,False,False,False,False,False,True,False,False,True,False,False,True,False
1.3048799060924299,2024-01-20,2024-01-20,-0.8904816800628632,0.37805945666088087,-1.4194042617177576,0.5698969085846661,1.0048674531487358,0.941236430293171,-0.7187531421505545,1.0085578280632448,False,False,False,True,False,False,False,False,False,True,False,True,False,False,False,False,False,True,False,False,False,True,False,False,False,True,False
-3.1866342443188147,2024-02-09,2024-02-09,1.6925722276666229,0.48386077675347366,-0.6656515189520871,-1.1476689469098058,-1.2732658470639224,-0.18718839141815005,-1.658219391038202,-0.6868322624564346,False,False,False,False,True,True,False,False,False,False,True,False,False,False,False,False,False,False,False,True,False,False,True,False,False,False,True
0.01932800719009993,2024-01-30,2024-01-30,-0.7445151144615546,1.4937824685464063,0.005022264190112728,0.7429556350370318,0.37794413258090426,1.0961740542007974,-1.3829277163997165,-1.1429524390937087,False,True,False,False,False,False,False,False,True,False,True,False,False,False,False,False,False,False,False,True,False,False,False,True,False,True,False
1.4015534088898849,2024-02-10,2024-02-10,0.512829795559844,0.9455392644302432,1.1167697966060115,-0.6310130402680352,1.2331798266092604,-0.06579885287078263,0.8367784562921506,0.22971111135242778,False,False,True,False,False,False,False,False,False,True,False,False,False,True,False,True,False,False,False,False,False,False,True,False,False,True,False
0.5335487667510319,2024-01-21,2024-01-21,-1.2493931404179794,1.0128673772164385,-1.4375305801810605,-0.25675254204216696,0.8083690989409086,1.3327888187911738,-1.1784635114497732,0.6514071237151905,False,False,False,False,True,False,True,False,False,False,False,True,False,False,False,False,False,False,True,False,False,False,True,False,False,True,False
0.5335487667510319,2024-01-25,2024-01-25,0.018113998854143037,1.426454355760211,-0.2766909352603834,-0.16056213340723569,-0.8079078399558601,1.2226610050113844,-1.2974002058324199,0.14795372120046338,False,False,False,False,True,False,False,False,False,True,False,True,False,False,False,False,False,False,False,False,True,False,True,False,False,True,False
0.01932800719009993,2024-02-03,2024-02-03,1.5027233084826424,-0.8242282716640384,1.309361930278603,-1.055258947347863,-1.3387652984665315,1.035360740455876,1.041242661242094,-0.2651362500936717,False,False,False,True,False,True,False,False,False,False,False,True,False,False,False,False,False,True,False,False,False,False,False,True,False,False,True
1.3048799060924299,2024-01-14,2024-01-14,0.9248619997255633,0.6377536059790635,-0.2547883004505591,-1.1354876287857314,-0.8721596827603245,-1.5266223719325127,-0.2837655688746949,1.0085578280632448,False,False,False,True,False,False,False,True,False,False,True,False,False,False,False,False,False,True,False,False,False,False,True,False,False,False,True
-1.146410454734533,2024-01-20,2024-01-20,1.159979031026405,0.7531732278982558,1.7247567283959564,1.8648970388095272,-0.3768590692967835,0.6537660875418364,1.1347883759250743,1.1118303208867786,False,False,False,True,False,False,False,False,False,True,False,False,False,True,True,False,False,False,False,False,False,False,True,False,False,True,False
-1.2662238917122302,2024-02-02,2024-02-02,-0.07196030586818326,0.2626398347416885,-1.2026437034274295,-0.6268125857424922,-0.4723011270548714,-0.3829053134315331,-0.12206511920839992,-1.5732544925250995,False,False,True,False,False,False,True,False,False,False,False,False,False,True,True,False,False,False,False,False,False,True,False,False,False,False,True
-3.1866342443188147,2024-01-28,2024-01-28,0.4084359859842247,-0.45873280225326285,-0.3529725254601154,0.3922176821542034,-0.3812256993902912,1.65214762430544,0.20133578012418998,-0.7126503856623181,False,False,False,True,False,True,False,False,False,False,True,False,False,False,False,False,False,False,False,True,False,False,False,True,False,True,False
0.5335487667510319,2024-02-12,2024-02-12,-1.8923851002819718,-0.8819380826236345,-0.189080396021087,1.5670848129485389,0.916911046979518,2.052235214732555,-1.2907183690693498,-1.5732544925250995,False,False,False,False,True,False,False,False,True,False,False,True,False,False,False,False,False,False,False,True,False,False,True,False,False,True,False
0.8569936245148585,2024-01-24,2024-01-25,-1.5667318447474066,-0.24713016206807709,1.0865592658338403,1.1243569059563225,0.05231828846507526,1.568692316554125,0.20267214747680395,-0.28234833223092737,False,True,False,False,False,False,False,False,False,True,False,False,True,False,False,False,False,False,False,False,True,False,True,False,True,False,False
1.3048799060924299,2024-01-02,2024-01-02,1.1955468334039396,0.9455392644302432,-0.1875698694824785,-1.3362693551066798,-1.1971617225770812,-0.2491871498754484,-1.2406045933463246,-0.7126503856623181,False,False,False,True,False,False,True,False,False,False,False,False,True,False,False,False,False,False,True,False,False,False,False,True,False,False,True
1.3048799060924299,2024-01-02,2024-01-02,-1.0544631066086372,-0.785755064357641,-1.4163832086405406,-0.7364444488591606,0.173960126784207,0.010188153192559784,-0.469520630888042,-0.7126503856623181,False,True,False,False,False,False,False,False,True,False,True,False,False,False,False,False,False,False,False,False,True,True,False,False,True,False,False
-0.6491589802391117,2024-01-11,2024-01-11,-1.5912135788514237,0.29149474022148686,-0.014614580811798377,1.72208158494107,0.616237374826588,-1.4822867396896264,1.6165488065424243,-0.28234833223092737,False,False,False,False,True,False,False,False,False,True,False,True,False,False,False,False,False,False,False,True,False,True,False,False,False,True,False
1.3048799060924299,2024-02-18,2024-02-18,-0.673841429217883,0.5800437950194673,1.475519849525544,-0.09965554278686453,1.4571255699762762,-0.5517126404739662,0.24409953540783827,0.14795372120046338,False,False,True,False,False,False,True,False,False,False,True,False,False,False,False,False,False,False,False,True,False,False,True,False,False,True,False
0.01932800719009993,2024-02-13,2024-02-13,0.35254372510524257,-1.1031590246354195,0.9166250302403776,3.0453235189958465,-1.3998981197756337,-1.122504269483317,0.7773101091008274,-0.7126503856623181,True,False,False,False,False,False,False,True,False,False,False,False,False,True,False,False,False,True,False,False,False,False,False,True,False,False,True
0.01932800719009993,2024-01-06,2024-01-06,-1.2604792086914967,-1.5456009086589901,-0.908846291668065,1.486436086058116,0.1614840408027574,0.8155792907812471,0.30824516833331045,1.0085578280632448,True,False,False,False,False,False,False,True,False,False,False,True,False,False,True,False,False,False,False,False,False,False,False,True,False,True,False
0.5335487667510319,2024-01-13,2024-01-13,0.018113998854143037,-0.112473936495686,-1.009296306485534,-1.576955399420285,-0.8341076205169039,-1.2012177983851258,0.49400023034665763,-1.1429524390937087,False,False,False,False,True,False,False,False,True,False,False,True,False,False,False,False,False,False,False,True,False,True,False,False,False,True,False
0.01932800719009993,2024-02-15,2024-02-16,-1.2410785892128418,-0.5260609150394584,-0.5130883385526227,-0.9137036298370689,-1.2383328063158638,0.7911591297062883,-1.0267858169280832,-1.1429524390937087,False,True,False,False,False,True,False,False,False,False,False,False,False,True,False,True,False,False,False,False,False,True,False,False,False,False,True
-1.2662238917122302,2024-02-19,2024-02-19,-1.687754756733302,0.031800590903304234,1.0072566225568913,0.6203023628911801,-0.09115670032159254,-0.5184016440561826,0.23942224967368922,-0.28234833223092737,False,False,True,False,False,False,True,False,False,False,False,True,False,False,False,True,False,False,False,False,False,True,False,False,False,True,False
1.3573304235676449,2024-02-08,2024-02-08,3.043081513704355,-1.487891097699394,0.7776565886883905,-1.472364081734268,-1.0193774973414274,-0.0739784213861814,1.614544255513503,0.5782557746318541,True,False,False,False,False,False,False,True,False,False,False,False,False,True,True,False,False,False,False,False,False,True,False,False,False,True,False
1.3048799060924299,2024-02-18,2024-02-18,-0.8327417411382949,-0.593389027825654,0.35470915787799384,1.08487263341622,0.26565935874785995,-0.8426207728911931,-0.24567909932519574,1.0085578280632448,False,False,True,False,False,False,False,True,False,False,True,False,False,False,False,False,False,False,False,True,False,True,False,False,False,False,True
-0.6491589802391117,2024-02-24,2024-02-24,1.140116492036354,-1.4205629849131984,-0.9065805018601522,0.6417246809714486,1.190761134272332,0.010188153192559784,1.4067391321820248,-1.1429524390937087,False,False,False,False,True,False,False,False,True,False,True,False,False,False,False,False,True,False,False,False,False,False,False,True,True,False,False
-0.6491589802391117,2024-01-23,2024-01-23,-0.6336544317263836,-1.2281969483812114,-0.5213962345149697,-0.9813309476983089,1.0104816918403883,1.3876749089742122,0.15389473910639262,-0.28234833223092737,False,False,True,False,False,False,True,False,False,False,True,False,False,False,False,False,False,False,False,False,True,True,False,False,False,False,True
-1.2662238917122302,2024-01-01,2024-01-01,1.7165920422592431,-0.9492661954098299,0.5352170792417169,1.4393909953720365,1.5188821955844514,0.5711405910891848,1.5330258470040488,-1.1429524390937087,False,False,True,False,False,False,True,False,False,False,False,True,False,False,False,False,True,False,False,False,False,False,True,False,False,False,True
1.3048799060924299,2024-01-05,2024-01-05,-1.6138476349098545,0.16645681647569532,-1.0810463170694404,1.2029054055839734,-0.2271460375193913,0.18101073624603317,-1.5493054518001603,0.5782557746318541,False,True,False,False,False,True,False,False,False,False,True,False,False,False,False,True,False,False,False,False,False,False,False,True,False,True,False
0.01932800719009993,2024-01-31,2024-01-31,0.29387994715788107,-0.4779694059064616,0.7950276438823887,0.017957183928335476,1.0279482122144175,0.31674415581315835,0.3763999033166251,-1.5732544925250995,False,False,True,False,False,False,False,False,True,False,True,False,False,False,False,False,False,False,True,False,False,False,True,False,False,False,True
0.5335487667510319,2024-02-17,2024-02-17,0.14560378399959,-0.785755064357641,0.1809986059380099,-1.2829235826322856,-0.5515242730370747,-0.24124467030252475,0.877537660546878,1.4388598814946356,False,False,True,False,False,False,True,False,False,False,False,False,False,True,False,False,False,True,False,False,False,True,False,False,False,True,False
-3.1866342443188147,2024-02-04,2024-02-04,0.9391815045788563,-1.5263643050057913,-1.2653305547796847,-1.4496816272963369,1.2269417836185352,1.625830751690679,2.134391155680352,-1.5732544925250995,False,False,False,True,False,False,False,False,False,True,False,True,False,False,False,False,True,False,False,False,False,True,False,False,True,False,False
-0.6491589802391117,2024-02-11,2024-02-11,0.5571740686539125,-0.31445827485427263,0.7980486969596058,-0.10343595185985295,0.12904621725098925,1.6961276231346136,1.0759882124100582,1.4388598814946356,True,False,False,False,False,True,False,False,False,False,False,False,True,False,False,False,True,False,False,False,False,False,False,True,True,False,False
1.3048799060924299,2024-01-26,2024-01-26,-1.305747320808358,0.022182289076704657,0.3758565294185138,1.6326119035470072,0.631208678004327,1.4565492467632948,-0.40337044693364865,1.4388598814946356,True,False,False,False,False,False,False,False,False,True,False,False,False,True,False,True,False,False,False,False,False,False,True,False,False,True,False
-1.2662238917122302,2024-02-07,2024-02-07,-0.5172507148544538,-1.218578646554612,1.0835382127566233,0.28300586449008946,1.5120203482946541,-1.6652008588093414,-0.10669689465333893,-1.5732544925250995,False,False,False,True,False,False,False,False,False,True,False,True,False,False,True,False,False,False,False,False,False,True,False,False,False,False,True
0.5335487667510319,2024-01-16,2024-01-16,-1.5413262716205967,1.4649275630666079,-0.014614580811798377,1.5918674946492417,-0.21654136443515923,1.4661513489335456,-0.9325719185687957,-0.7126503856623181,True,False,False,False,False,False,False,True,False,False,False,False,True,False,False,False,True,False,False,False,False,False,False,True,False,False,True
0.5335487667510319,2024-01-25,2024-01-25,-0.848908924037174,-0.10285563466908686,0.0004906845742871502,1.5956479037222304,0.8719971374463001,-1.6528722338006245,0.4539092097682375,0.32868058364164743,False,False,False,False,True,False,False,False,True,False,True,False,False,False,False,False,False,False,False,False,True,False,False,True,False,True,False
3.1774357840429666,2024-01-22,2024-01-22,-1.543173949666183,0.599280398672666,1.7330646243583034,-0.14292022439995564,-1.4267217046357499,0.010188153192559784,0.6570370473655667,0.14795372120046338,True,False,False,False,False,False,False,True,False,False,True,False,False,False,False,True,False,False,False,False,False,False,True,False,False,True,False
0.01932800719009993,2024-01-14,2024-01-14,1.0375703605063207,-1.6514022287515828,0.4272144317312047,0.8328453618836489,-0.7567558874319176,0.7388810178904787,-1.3902777368390935,-1.1429524390937087,False,False,False,True,False,False,False,False,True,False,False,True,False,False,False,False,False,False,False,False,True,False,False,True,False,True,False
-1.2662238917122302,2024-01-19,2024-01-19,-0.7311194486310548,-0.8434648753172372,-0.7502410051141664,-0.9867915385815146,-3.204564465245229,-0.8531712308313449,-0.029187588201726462,0.5782557746318541,False,False,False,False,True,True,False,False,False,False,False,True,False,False,True,False,False,False,False,False,False,True,False,False,False,False,True
0.01932800719009993,2024-01-19,2024-01-19,-1.604147325170527,0.974394169910041,1.136406641607923,0.2897265917309579,-1.3587270360368506,1.7563482145233467,0.7586009661642312,-1.2548309729858702,False,True,False,False,False,False,False,True,False,False,False,False,True,False,False,False,False,False,True,False,False,False,False,True,False,True,False
1.3048799060924299,2024-02-20,2024-02-20,-0.10845194726851037,0.4357692676204771,0.6273591980968388,-1.4190183092598738,1.4558779613781316,-0.22061793230717147,-1.3949550225732426,-1.1429524390937087,False,True,False,False,False,False,False,True,False,False,False,False,False,True,False,False,False,False,False,True,False,False,True,False,True,False,False
0.01932800719009993,2024-01-14,2024-01-14,-1.6526488738671643,-1.2570518538610094,0.6537934125224887,1.3280789504451507,-1.397402902579344,-0.773864979573348,-0.9459355920949358,1.4388598814946356,False,True,False,False,False,False,False,False,True,False,True,False,False,False,False,False,False,False,False,False,True,False,True,False,False,True,False
-0.6491589802391117,2024-01-27,2024-01-27,0.2398353643244854,1.109050395482432,1.4407777391375471,0.5589757268182545,-0.7604987132263525,-1.2403374738935546,-1.3782504306655674,1.4388598814946356,False,False,False,False,True,False,False,False,True,False,False,False,True,False,True,False,False,False,False,False,False,False,True,False,False,False,True
0.01932800719009993,2024-02-07,2024-02-07,1.446369128092264,-0.8434648753172372,0.02239331938411118,0.7127123624531227,-0.6064190513554526,0.010188153192559784,-1.0795723273563367,-1.1429524390937087,False,False,False,False,True,False,False,False,False,True,True,False,False,False,False,False,False,True,False,False,False,True,False,False,False,True,False
-1.2662238917122302,2024-01-01,2024-01-01,0.04074805491257389,-1.0454492136758236,-0.865796285317721,1.107555087854151,-0.20531288705185435,-0.0915230031293555,-1.3795867980181813,-1.5732544925250995,False,False,False,True,False,False,False,False,False,True,False,True,False,False,False,False,True,False,False,False,False,True,False,False,False,False,True
0.13759878188911415,2024-01-05,2024-01-05,1.3479802721647998,-1.5456009086589901,-0.014614580811798377,-0.8935414481144633,-1.3400129070646767,0.5482615081403156,0.9089422933333071,-0.28234833223092737,True,False,False,False,False,False,False,False,False,True,False,False,True,False,False,False,False,True,False,False,False,True,False,False,True,False,False
-1.2662238917122302,2024-01-18,2024-01-18,-1.3685683743582884,0.06065549638310211,0.78294343157352,1.1109154514745851,-0.612657094346177,0.5673471680095793,0.6650552514812506,-0.28234833223092737,False,True,False,False,False,False,False,True,False,False,False,True,False,False,False,False,False,False,True,False,False,False,True,False,False,True,False
0.01932800719009993,2024-02-17,2024-02-17,-1.5016011936404938,1.445690959413409,-0.9745541960975371,1.6880579032841734,-1.3225463866906475,-1.0795911708952828,1.0673018246180672,1.0085578280632448,True,False,False,False,False,False,False,True,False,False,False,False,False,True,False,False,False,False,True,False,False,False,True,False,False,True,False
-3.1866342443188147,2024-01-26,2024-01-26,-0.8673857044930359,-0.4010229912936667,1.2527171850807821,1.095373769730077,1.3492074262367397,0.12790281313155993,-0.11337873141640895,0.5782557746318541,True,False,False,False,False,False,False,False,True,False,False,False,True,False,False,False,False,False,False,True,False,True,False,False,False,False,True
0.5335487667510319,2024-01-25,2024-01-25,1.1669078236973536,0.5319522858864707,-1.2706173976648147,0.8593082253945686,1.351702643433029,-0.06793265335306066,1.3659799279272977,1.4388598814946356,False,False,True,False,False,False,False,True,False,False,True,False,False,False,False,False,False,False,True,False,False,True,False,False,False,True,False
-1.2662238917122302,2024-02-08,2024-02-08,0.1553040937389172,0.2434032310884898,1.1243224292990543,0.8005018620369685,-0.6257569846266994,0.2063792530908934,0.4919956793177365,1.0085578280632448,False,False,False,True,False,False,True,False,False,False,False,True,False,False,False,False,False,False,False,False,True,False,False,True,False,False,True
0.5335487667510319,2024-01-18,2024-01-18,0.9068471387810979,-1.4013263812599996,-0.03953826869883973,1.0420279972556823,1.1077951624956937,0.010188153192559784,-0.5136207535243043,-0.28234833223092737,False,False,False,True,False,False,True,False,False,False,False,False,True,False,False,False,False,False,False,False,True,True,False,False,False,True,False
1.3048799060924299,2024-02-11,2024-02-11,1.6551567472435025,1.0705771881760346,-1.6474937690476499,0.34685277327834063,-0.5633765547194524,-0.43150854663897514,-0.13876971111607503,2.9631426538712358,False,True,False,False,False,False,False,False,False,True,False,True,False,False,False,False,False,True,False,False,False,False,True,False,True,False,False
-1.2662238917122302,2024-01-29,2024-01-29,1.6944199057122094,0.6185170023258647,0.8826381831216848,-0.7557665396766577,0.9119206125869382,0.8459266754180891,-0.3880022223785875,-1.5732544925250995,False,False,True,False,False,False,False,False,True,False,False,True,False,False,False,False,False,True,False,False,False,True,False,False,False,True,False
-0.6491589802391117,2024-02-18,2024-02-18,1.7392260983176744,-0.5741524241724553,-1.1256068499583929,0.138090183358861,1.107171358196621,0.2942207062780022,1.273102396920624,1.0085578280632448,False,False,False,False,True,False,False,True,False,False,False,False,True,False,False,False,False,False,False,True,False,True,False,False,False,False,True
0.19570572771949996,2024-02-14,2024-02-15,-0.19436897638826794,-0.2952216712010739,-1.823470110795547,-1.5551130358874623,1.3947451400690294,-0.1860029467057735,-1.4243551043307505,1.4388598814946356,False,False,False,True,False,False,True,False,False,False,False,True,False,False,False,False,True,False,False,False,False,False,True,False,False,False,True
1.3048799060924299,2024-02-16,2024-02-16,0.6384719026597045,-1.1512505337684165,-1.5334490153827036,-1.1132252198003543,0.30059239949591837,-0.8230609351369784,1.4174300710029373,1.4388598814946356,False,True,False,False,False,False,True,False,False,False,False,False,True,False,False,False,False,False,False,False,True,False,True,False,False,True,False
-1.2662238917122302,2024-01-10,2024-01-10,-1.008733074980379,1.3398896393208164,-0.5432988693247938,-1.2904844007782628,-1.1952903096798637,-1.04876960837349,0.6717370882443207,1.4388598814946356,False,False,False,True,False,False,True,False,False,False,False,False,True,False,False,False,False,False,False,False,True,False,True,False,True,False,False
1.3048799060924299,2024-02-22,2024-02-22,0.8560359925274779,1.2629432247080215,1.7013435670475237,-0.9410065842530975,0.5382618374425294,-1.4430485197099598,-0.81563977521507,1.2495269779848235,True,False,False,False,False,True,False,False,False,False,False,False,True,False,False,False,False,False,False,False,True,False,False,True,True,False,False
-0.6491589802391117,2024-01-27,2024-01-27,1.7299877080897432,1.1282869991356308,-0.014614580811798377,-1.2232771283695771,-0.37062102630605914,0.42746469194913633,0.9363378240618943,-0.28234833223092737,True,False,False,False,False,False,True,False,False,False,False,True,False,False,False,False,True,False,False,False,False,True,False,False,False,True,False
-0.6491589802391117,2024-02-05,2024-02-05,-0.9112680580757078,0.676226813285461,-0.0380277421602312,0.11330750165815803,-0.07057115845220115,-1.2129537010376545,0.6035823532610063,-1.5732544925250995,False,True,False,False,False,False,True,False,False,False,False,False,False,True,False,False,True,False,False,False,False,False,True,False,False,True,False
0.5335487667510319,2024-02-24,2024-02-24,-0.9468358604532418,-1.0454492136758236,0.9022750281235965,0.2636837736725923,-0.41927776163371183,-1.331972350160269,-1.2980683895087268,0.5782557746318541,True,False,False,False,False,False,True,False,False,False,False,False,False,True,False,False,True,False,False,False,False,False,False,True,False,False,True
1.3048799060924299,2024-01-03,2024-01-03,-0.24194668606211225,-0.6222439333054518,-0.7978225910803358,-1.736152625938359,-0.46606308406414704,-0.6312559806744384,0.07371269794955221,-0.7126503856623181,False,False,False,True,False,False,False,False,False,True,False,False,True,False,False,False,False,False,False,False,True,False,False,True,False,False,True
-1.2662238917122302,2024-02-15,2024-02-15,-0.6719937511722969,-1.3051433629940061,0.44307496038659466,-1.0086339021143373,0.7902787742678066,1.3548380904413795,1.2457068661920372,-1.1429524390937087,False,False,False,False,True,False,False,False,False,True,True,False,False,False,False,False,False,True,False,False,False,False,False,True,True,False,False
0.5335487667510319,2024-01-03,2024-01-03,1.1733746968569052,-1.3436165703004037,0.5427697119347592,-1.1073445834645945,0.7179174755754003,-0.8312405036523772,-1.5172326353374241,1.0085578280632448,False,False,False,True,False,False,False,True,False,False,True,False,False,False,False,False,True,False,False,False,False,True,False,False,True,False,False
-1.2662238917122302,2024-02-02,2024-02-02,-0.2618092250521637,-1.2378152502078106,-0.6263778289482645,-0.5407032679688639,-1.1497525958475732,-1.0941721408575156,-1.145054327634423,0.5782557746318541,False,False,False,False,True,False,False,True,False,False,False,False,True,False,False,True,False,False,False,False,False,False,True,False,True,False,False
-1.2662238917122302,2024-01-09,2024-01-09,-1.872984480803317,-1.4013263812599996,-1.3114016142072458,-0.9128635389319604,0.2307263179998015,-1.0136804448871417,0.705814455735978,-0.7126503856623181,True,False,False,False,False,False,False,True,False,False,False,True,False,False,False,False,False,False,False,False,True,False,True,False,True,False,False
1.3048799060924299,2024-01-01,2024-01-01,-0.37128414925314535,0.7820281333780538,-1.531183225574791,-1.2451194919023998,-1.4747546356643297,1.1585284460718084,0.5534685775379811,-1.5732544925250995,False,False,True,False,False,False,False,False,False,True,True,False,False,False,False,True,False,False,False,False,False,False,False,True,True,False,False
0.5335487667510319,2024-01-26,2024-01-26,0.3437672543887083,-0.22789355841487838,0.5344618159724123,1.549022858488705,-1.3998981197756337,1.431891996745861,-0.5056025494086203,1.0085578280632448,False,False,False,True,False,False,True,False,False,False,False,False,False,True,False,False,False,False,False,False,True,True,False,False,False,True,False
-1.2662238917122302,2024-02-02,2024-02-02,0.45647561516946544,0.599280398672666,0.9151145037017688,-1.5454519904787136,0.005532966034640052,1.2822888740439293,-1.2051908585020532,-0.28234833223092737,False,True,False,False,False,False,False,False,False,True,False,True,False,False,False,False,False,False,True,False,False,True,False,False,True,False,False
1.3048799060924299,2024-01-13,2024-01-13,-1.690526273801681,-1.1223956282886183,1.1092171639129687,0.23890109197188936,0.35923000360873036,0.831938427812045,1.1528293351853636,-0.28234833223092737,False,False,False,False,True,False,False,True,False,False,True,False,False,False,False,True,False,False,False,False,False,False,False,True,False,True,False
-1.2662238917122302,2024-01-24,2024-01-24,0.4740285566025343,-1.170487137421615,0.8841487096602936,0.9533984067667283,-0.0755615928447808,-1.207145021947009,1.079329130791593,-1.1429524390937087,False,False,False,False,True,False,False,False,True,False,True,False,False,False,False,False,False,False,False,False,True,False,False,True,False,True,False
-1.2662238917122302,2024-02-01,2024-02-01,1.4417499329782986,-0.4010229912936667,0.38794074172738224,0.5005894089132091,-0.7299323025718014,1.124861816240312,-0.8724353877011654,-0.7126503856623181,False,True,False,False,False,False,False,False,False,True,True,False,False,False,False,False,False,False,True,False,False,False,True,False,False,True,False
-0.6491589802391117,2024-02-08,2024-02-08,-1.4761956205136837,1.3975994502804125,-0.014614580811798377,-0.6662968582825949,0.5551045535174858,-1.2312095496082547,-0.6806666726010553,1.4388598814946356,False,False,True,False,False,False,True,False,False,False,False,True,False,False,False,False,True,False,False,False,False,True,False,False,False,False,True
0.01932800719009993,2024-02-19,2024-02-19,1.4154205208286952,1.3014164320144188,-0.9035594487829349,-0.2000464059473384,-0.8316124033206141,-1.5658605919121793,1.556412275674794,1.0085578280632448,False,False,False,False,True,False,True,False,False,False,False,False,False,True,True,False,False,False,False,False,False,True,False,False,True,False,False
-0.6491589802391117,2024-02-03,2024-02-03,-1.252164657486359,0.4550058712736758,-0.9602041939807558,-1.5530128086246908,-0.981949239397079,1.2026269893722192,1.4448256017315242,-0.7126503856623181,False,False,True,False,False,False,False,False,True,False,False,False,True,False,False,False,False,False,False,True,False,False,False,True,True,False,False
1.3048799060924299,2024-02-13,2024-02-13,0.7687332048735306,0.9166843589504449,1.3524119366289469,1.4074675409779105,1.0460385368875196,-0.8324259483647538,0.27283143348903943,1.0085578280632448,False,False,False,True,False,False,True,False,False,False,False,False,False,True,False,False,True,False,False,False,False,False,False,True,False,False,True
0.01932800719009993,2024-01-31,2024-01-31,-0.7301956096082617,-0.13171054014888472,-1.4080753126781935,0.27460495543900365,-1.1553668345392256,1.3041010567516598,0.2875314743677934,0.5782557746318541,False,False,False,True,False,False,False,True,False,False,False,True,False,False,False,True,False,False,False,False,False,False,True,False,False,False,True
0.01932800719009993,2024-02-22,2024-02-22,1.09115302382832,1.0224856790430377,0.8856592361989024,-0.5940490404432579,1.5319820858649729,-1.417561458393862,-1.0708859395643455,-0.28234833223092737,False,False,False,True,False,True,False,False,False,False,False,True,False,False,False,False,False,False,False,False,True,False,False,True,False,True,False
-1.2662238917122302,2024-01-27,2024-01-27,-1.1893436039364285,3.073630064967379,0.8275039644624727,0.8643487708252202,-1.4479310508042136,1.7527918803862166,-1.137036123518739,-1.5732544925250995,False,False,False,True,False,False,False,False,True,False,False,True,False,False,False,False,False,False,True,False,False,False,True,False,False,True,False
0.01932800719009993,2024-02-19,2024-02-19,-0.8202699143305882,-0.5260609150394584,-0.014614580811798377,-1.2694821281505484,0.07415143893261134,-0.8257874579754447,-1.137036123518739,0.40183193272498385,False,True,False,False,False,False,False,False,False,True,False,True,False,False,True,False,False,False,False,False,False,False,False,True,False,False,True
-2.5651455303631447,2024-02-18,2024-02-18,-0.16619188619307865,-1.6417839269249834,0.3818986355729481,-0.8847204936108233,-1.280751498652792,2.765517298169578,1.4221073567370859,0.5782557746318541,False,True,False,False,False,True,False,False,False,False,False,True,False,False,False,False,False,False,True,False,False,False,True,False,False,False,True
-1.2662238917122302,2024-02-16,2024-02-16,0.780743112169841,1.0994320936558326,-1.1512858011147384,-0.6700772673555836,0.9337537630544743,1.6053225581665629,-0.8617444488802534,1.0085578280632448,False,False,False,False,True,True,False,False,False,False,True,False,False,False,False,False,True,False,False,False,False,False,True,False,True,False,False
0.6219947373955121,2024-02-20,2024-02-20,0.8929895534392017,0.6569902096322622,-0.40810674411932785,-1.0708006290923715,1.3186410155821882,-0.799944763245634,-1.4938462066666789,-0.28234833223092737,False,True,False,False,False,False,True,False,False,False,False,False,False,True,False,False,False,False,False,False,True,False,True,False,False,False,True
0.5335487667510319,2024-02-21,2024-02-21,0.8463356827881503,-0.28560336937447456,-0.235151455448648,0.9546585431243911,-0.5240768838778862,1.6005807793170566,0.9583878853800253,0.14795372120046338,False,False,False,True,False,False,False,False,False,True,False,False,False,True,True,False,False,False,False,False,False,False,False,True,False,False,True
0.5335487667510319,2024-02-22,2024-02-22,-0.9934897311042931,0.9551575662568422,1.1666171723800942,0.04694032015458106,-0.7586273003291351,1.2864379305372478,0.5026866181386486,-0.7126503856623181,False,False,False,False,True,False,False,False,False,True,False,True,False,False,False,False,True,False,False,False,False,False,True,False,False,False,True
-1.2662238917122302,2024-02-17,2024-02-17,-1.7154699274170944,1.5899654868123998,-1.550064807307398,-0.7007405853920463,-1.157238247436443,-1.2565780664531145,-1.6836103707378682,-0.7126503856623181,True,False,False,False,False,False,True,False,False,False,False,False,False,True,False,True,False,False,False,False,False,True,False,False,True,False,False
0.01932800719009993,2024-02-17,2024-02-17,0.7793573536356513,0.4934790785800732,-0.7985778543496401,0.06962277459251241,-0.41615874013834964,0.06412588760569692,0.914287762743763,-1.1429524390937087,False,False,False,True,False,False,True,False,False,False,True,False,False,False,False,False,False,False,True,False,False,True,False,False,False,False,True
-1.2662238917122302,2024-01-12,2024-01-12,0.25877406429174366,-1.055067515502423,-0.2819777781455134,0.005355820351706744,0.013642421922581872,-1.41258259060188,-1.2279091034964915,0.5782557746318541,True,False,False,False,False,False,True,False,False,False,False,False,False,True,False,False,False,False,True,False,False,False,True,False,False,True,False
0.01932800719009993,2024-02-04,2024-02-05,-1.0978835406799123,0.07989210003630083,-1.4684963742225356,0.04357995653414685,-1.4448120293088516,0.42888722560398834,1.5644304797904778,-1.1429524390937087,False,True,False,False,False,False,False,True,False,False,False,True,False,False,False,False,False,False,True,False,False,False,True,False,False,False,True
-1.2662238917122302,2024-01-31,2024-01-31,0.6005945027251878,0.2722581365682881,0.8728197606207295,0.968940088511237,0.8177261634269951,-0.5270553904565322,0.9897925181664546,-1.1429524390937087,True,False,False,False,False,False,True,False,False,False,False,False,True,False,False,False,False,False,True,False,False,False,False,True,False,True,False
0.5335487667510319,2024-01-16,2024-01-16,-1.6332482543885096,0.9936307735632397,-0.9443436653253661,1.6699959488243388,0.38480597987070136,0.9355462956737629,-0.9472719594475499,-0.28234833223092737,True,False,False,False,False,True,False,False,False,False,False,False,False,True,False,True,False,False,False,False,False,False,True,False,False,True,False
1.3048799060924299,2024-01-10,2024-01-10,-0.20175968857061286,-0.5260609150394584,-0.014614580811798377,-0.5587652224286982,0.7902787742678066,-0.9692262681730178,-1.116322429553222,-0.7126503856623181,True,False,False,False,False,False,False,False,False,True,False,False,False,True,False,True,False,False,False,False,False,False,False,True,False,False,True
1.3048799060924299,2024-02-20,2024-02-20,-1.5477931447801485,0.6281353041524643,-0.014614580811798377,0.040639638366266835,0.7166698669772557,-0.6252102126413177,-1.636837513396378,-1.1429524390937087,False,False,True,False,False,False,False,False,True,False,False,False,False,True,False,False,False,False,False,True,False,False,True,False,False,False,True
0.5335487667510319,2024-01-24,2024-01-24,0.30773753249977764,0.6858451151120605,0.21196439997948535,0.8332654073362027,0.6449323725839212,-0.33963658142978576,-0.5824436721839257,0.14795372120046338,False,False,False,False,True,True,False,False,False,False,False,True,False,False,False,False,True,False,False,False,False,False,False,True,True,False,False
0.01932800719009993,2024-01-01,2024-01-01,-1.0701683699961198,0.18569342012889406,0.12964070362531893,-1.7642956712594962,-0.3338165726607832,-0.9436206623856825,0.375731719640318,-0.7126503856623181,False,True,False,False,False,False,False,False,False,True,False,False,True,False,False,False,False,False,True,False,False,False,False,True,False,True,False
0.5335487667510319,2024-01-01,2024-01-01,-0.2511850762900433,1.2340883192282235,0.029945952077154076,0.49974931800810046,-0.27892179434240616,-0.8305292368249513,0.8133920276214056,0.14795372120046338,False,True,False,False,False,False,True,False,False,False,False,True,False,False,True,False,False,False,False,False,False,False,False,True,False,True,False
1.3048799060924299,2024-01-16,2024-01-16,0.018113998854143037,0.012563987250105506,1.5631303887648407,-1.4106174002087881,-0.8933690289287882,1.3454730772136039,1.416093703650323,0.14795372120046338,False,False,False,True,False,False,False,False,False,True,False,True,False,False,False,False,False,False,True,False,False,True,False,False,True,False,False
-0.7628017681020777,2024-01-13,2024-01-13,0.34838644950267383,-0.5837707259990546,-0.37185410719272244,-0.3138787235895497,-0.8259981646289617,-1.3106343453374893,-1.35085489993698,0.8751641914995139,False,True,False,False,False,True,False,False,False,False,False,False,True,False,True,False,False,False,False,False,False,True,False,False,False,False,True
-0.5468290490864861,2024-02-23,2024-02-23,-0.5223318294798159,-0.31445827485427263,-0.014614580811798377,1.0273264064162826,0.05606111425951022,0.6123940670798916,0.866846721725966,0.5782557746318541,False,False,True,False,False,False,False,True,False,False,False,True,False,False,False,False,True,False,False,False,False,True,False,False,False,True,False
-0.7108654713864236,2024-02-24,2024-02-24,-0.7445151144615546,1.9650792580497745,-1.1112568478416116,-0.5692663587425553,0.4209866292169045,-0.889801472443783,-1.5987510438468786,-0.28234833223092737,False,True,False,False,False,False,False,False,False,True,False,False,False,True,False,False,False,False,False,False,True,False,False,True,False,True,False
0.01932800719009993,2024-01-09,2024-01-10,-0.6498216146252626,-0.9973577045428268,-0.17775144698152268,0.543434045073746,-0.627004593224844,-0.7145927439545161,0.5975687001742432,1.4388598814946356,False,True,False,False,False,False,False,True,False,False,False,False,True,False,False,False,False,False,True,False,False,True,False,False,False,True,False
0.5335487667510319,2024-01-23,2024-01-23,0.11881245233859009,-0.6414805369586506,1.180211911227571,-0.3928472686697554,0.3704584809920343,-1.0456874521213109,-0.5550481414553385,-0.28234833223092737,False,True,False,False,False,False,False,True,False,False,False,True,False,False,False,True,False,False,False,False,False,False,True,False,False,True,False
-1.2662238917122302,2024-01-02,2024-01-02,-1.4761956205136837,-0.6799537442650481,1.5095066966442368,2.078280128707104,1.1994943944593466,0.13383003669344312,-0.6599529786355381,-1.5732544925250995,False,False,False,True,False,False,False,False,False,True,False,False,False,True,False,False,False,True,False,False,False,False,True,False,False,False,True
1.3048799060924299,2024-02-07,2024-02-08,0.15345641569333104,-1.2955250611674067,0.8108881725377787,0.2817457281324266,1.1683041795057232,0.010188153192559784,1.2109613150240728,1.0085578280632448,True,False,False,False,False,False,False,True,False,False,False,False,False,True,False,False,True,False,False,False,False,False,True,False,False,True,False
-0.6491589802391117,2024-01-23,2024-01-23,-0.9777844677168105,1.5803471849858002,0.4906565463527642,-0.17400358788897283,0.24507381687846855,-0.9371007164676111,-1.1083042254375377,0.5782557746318541,False,False,True,False,False,False,True,False,False,False,False,False,False,True,False,False,False,True,False,False,False,False,False,True,False,False,True
-0.6491589802391117,2024-02-18,2024-02-18,1.1969325919381286,0.5608071913662686,-0.29406199045438186,1.6401727216929847,-0.7118419778986999,-0.9510889640736553,1.2697614785390894,0.5782557746318541,False,False,False,True,False,False,False,False,True,False,False,False,False,True,False,False,False,False,False,False,True,False,False,True,False,False,True
1.3048799060924299,2024-01-28,2024-01-28,0.363167873867363,1.3206530356676176,1.1915408602671351,0.2187389102492838,-1.5539777816465337,1.1313817621583835,-0.5744254680682417,1.4388598814946356,False,False,False,True,False,False,False,False,True,False,False,False,True,False,False,True,False,False,False,False,False,False,True,False,False,True,False
-1.2662238917122302,2024-01-28,2024-01-28,-1.0692445309733265,0.5223339840598711,0.7293197394529166,0.33467145515426644,-1.2614135653815457,0.01955316642033546,0.5862095776770241,-1.1429524390937087,False,False,False,False,True,False,False,False,True,False,True,False,False,False,False,False,False,False,False,True,False,False,False,True,False,True,False
-1.2662238917122302,2024-01-11,2024-01-11,-0.24056092752792255,-1.3532348721270029,-0.16415670813404568,0.20403731940988376,-1.3705793177192278,0.3408086834744041,-0.04321944540417348,1.4388598814946356,False,False,False,False,True,False,False,True,False,False,False,True,False,False,False,False,False,False,True,False,False,True,False,False,False,False,True
0.01932800719009993,2024-01-02,2024-01-02,-0.09782779850638997,1.2917981301878199,-1.017604202447881,1.3226183595619452,0.2949781608042659,-0.8138144663804406,0.4118136381608961,-1.1429524390937087,False,True,False,False,False,False,False,False,False,True,False,False,True,False,False,False,True,False,False,False,False,True,False,False,False,True,False
-1.4909383636403573,2024-01-15,2024-01-15,1.6108124741494345,-0.814609969837439,-0.6210909860631346,-1.214036128413383,1.2369226524036945,0.010188153192559784,-0.7935897138969389,0.14795372120046338,False,False,False,False,True,False,False,False,False,True,True,False,False,False,True,False,False,False,False,False,False,False,False,True,True,False,False
-0.6491589802391117,2024-01-02,2024-01-02,-0.5352655757989191,-0.6030073296522533,-1.4684963742225356,1.145359178584037,0.08787513351220648,-1.5703652818192104,0.8367784562921506,-1.5732544925250995,False,False,True,False,False,True,False,False,False,False,False,False,True,False,False,False,False,False,False,False,True,False,False,True,False,True,False
0.5335487667510319,2024-01-05,2024-01-05,-1.6535727128899576,-0.7376635552246442,0.7655723763795218,0.7841200893873513,-1.1179385765948773,0.6326651716615322,1.3753344993955958,1.0085578280632448,False,True,False,False,False,True,False,False,False,False,True,False,False,False,False,False,False,False,False,False,True,True,False,False,False,False,True
-0.6491589802391117,2024-02-10,2024-02-10,1.5345957547690041,1.0321039808696373,-0.06823827293240226,1.415028359123888,-0.2851598373331305,-0.3065626739544775,-0.9886993473785841,-0.7126503856623181,False,True,False,False,False,False,True,False,False,False,True,False,False,False,False,True,False,False,False,False,False,True,False,False,False,False,True
0.11600150998755492,2024-01-03,2024-01-03,0.3682489884927253,-0.5549158205192565,0.7935171173437799,-1.485385490763451,0.46340532155383285,-0.20639259575865163,-0.8243261630070611,-1.5732544925250995,False,False,False,False,True,False,False,False,True,False,False,True,False,False,False,False,True,False,False,False,False,True,False,False,True,False,False
0.01932800719009993,2024-01-27,2024-01-27,-0.9436024238734659,1.0801954900026338,0.3086380984504329,-0.21054754226119554,-0.8671692483677449,0.9281965384570277,1.3118570501464302,-0.7126503856623181,False,False,False,False,True,False,False,False,False,True,False,True,False,False,True,False,False,False,False,False,False,False,False,True,False,True,False
-0.6491589802391117,2024-01-09,2024-01-10,-1.659115747026716,-1.3051433629940061,0.6077223530949277,-0.11225690636349296,1.4808301333410308,0.20993558722802344,-1.2252363687912635,-0.7126503856623181,False,False,False,True,False,False,False,True,False,False,False,False,True,False,False,False,True,False,False,False,False,True,False,False,False,True,False
0.5335487667510319,2024-01-06,2024-01-06,1.3345846063342997,-0.7953733661842404,-1.1701673828473453,-0.502899177238978,-0.08117583153643324,1.4796654186546399,-1.3488503489080592,1.0085578280632448,False,False,False,True,False,False,False,True,False,False,False,False,True,False,True,False,False,False,False,False,False,False,True,False,False,True,False
1.3048799060924299,2024-02-18,2024-02-18,0.5109821175142579,1.4841641667198067,0.9694934590916774,-0.6545355856110749,1.0460385368875196,-1.295223564076593,0.9690788242009374,0.14795372120046338,False,False,True,False,False,False,False,False,False,True,False,False,False,True,True,False,False,False,False,False,False,False,False,True,False,True,False
1.3048799060924299,2024-01-25,2024-01-25,1.4329734622617638,0.6185170023258647,-0.13772249370839607,-1.2795632190118513,0.3218017456643825,-0.7707828233211688,0.15790384116423456,-1.1429524390937087,True,False,False,False,False,False,False,False,True,False,False,False,True,False,False,False,False,False,False,False,True,False,False,True,True,False,False
0.5335487667510319,2024-01-04,2024-01-04,-0.8969485532224148,-0.6607171406118493,0.31694599441277993,-1.3938155821066167,1.330493297264565,-0.6274625575948333,0.25612684158136434,-0.28234833223092737,False,False,True,False,False,True,False,False,False,False,False,True,False,False,False,False,False,False,True,False,False,True,False,False,False,True,False
-0.6491589802391117,2024-01-26,2024-01-26,1.4879418841179533,-0.6414805369586506,-1.3446331980566337,0.9063533160806487,1.2718556931517528,1.7414116111474012,1.4033982138004901,-1.1429524390937087,False,True,False,False,False,True,False,False,False,False,False,False,True,False,False,False,True,False,False,False,False,False,True,False,True,False,False
-0.6491589802391117,2024-01-02,2024-01-02,0.20842483754952026,1.5611105813326016,-0.6701830985679126,0.01879727483344388,0.9792914768867649,0.6966791861298703,-1.0301267353096182,-1.1429524390937087,False,False,False,False,True,False,False,True,False,False,False,True,False,False,False,False,True,False,False,False,False,True,False,False,False,True,False
-1.2662238917122302,2024-02-12,2024-02-12,0.9123901729178564,-1.2859067593408076,-0.5463199224020111,1.6607549488681446,0.16585067089626518,-1.284673106136441,-1.0922678172061697,0.5782557746318541,True,False,False,False,False,False,True,False,False,False,True,False,False,False,False,False,False,True,False,False,False,True,False,False,True,False,False
0.5335487667510319,2024-01-22,2024-01-22,1.2130997748370083,-1.5744558141387879,-1.4700069007611445,-1.2455395373549543,-0.37748287359585625,-1.3133608681759557,-1.497187125048214,-1.17737660336822,False,True,False,False,False,True,False,False,False,False,False,False,False,True,False,False,False,False,False,False,True,False,False,True,True,False,False
-0.6491589802391117,2024-01-29,2024-01-29,-1.5173064570279766,-0.7569001588778429,1.112238216990186,1.1243569059563225,1.1520852677298388,-0.42700385673194396,-1.3488503489080592,-0.3253785375740665,False,False,False,True,False,False,False,True,False,False,True,False,False,False,False,True,False,False,False,False,False,True,False,False,False,True,False
0.01932800719009993,2024-01-29,2024-01-29,0.14652762302238292,0.676226813285461,1.6779304056990907,0.33509150060682064,0.8950778965119819,1.6405302661241494,0.7432327416091701,1.0085578280632448,False,True,False,False,False,False,True,False,False,False,False,False,True,False,False,False,False,True,False,False,False,False,True,False,False,True,False
0.01932800719009993,2024-02-04,2024-02-05,-1.0285956139704304,-0.41064129312026604,1.1953171766136563,-1.1930338557856686,-2.4516321680118174,0.467058545342516,0.6603779657471017,0.14795372120046338,False,True,False,False,False,False,False,False,False,True,False,False,False,True,False,False,False,False,False,False,True,False,False,True,False,True,False
1.3048799060924299,2024-01-23,2024-01-23,-0.9805559847851897,1.4072177521070122,0.20516703055574684,-0.4571142229105611,-0.5378005784574805,0.8403550852699189,-0.631889264230644,1.4388598814946356,False,False,True,False,False,False,False,False,False,True,False,False,False,True,False,True,False,False,False,False,False,False,True,False,False,True,False
0.5335487667510319,2024-01-20,2024-01-20,0.9123901729178564,-1.0358309118492242,0.42117232557677065,1.649833767101733,-1.054934342388558,0.6381182173384645,-0.290447405637765,0.5782557746318541,False,False,False,True,False,True,False,False,False,False,False,False,True,False,False,False,False,True,False,False,False,True,False,False,False,True,False
0.01932800719009993,2024-02-20,2024-02-20,1.3632236160408857,1.426454355760211,1.0329355737132364,0.044000001986701044,-0.9283020696768467,-1.1312765603549042,-1.0829132457378716,-0.7126503856623181,False,False,False,False,True,False,False,False,False,True,False,False,True,False,False,True,False,False,False,False,False,True,False,False,True,False,False
1.3048799060924299,2024-02-24,2024-02-24,1.1960087529153358,0.9455392644302432,-0.5591593979801837,-0.7305638125234006,1.1121617925892007,0.15386405233260828,1.2463750498683441,0.14795372120046338,True,False,False,False,False,False,False,False,True,False,False,True,False,False,False,False,False,False,False,True,False,False,False,True,True,False,False
0.5335487667510319,2024-02-06,2024-02-06,0.5811938832465331,0.7531732278982558,-0.81443838300503,1.665795494298796,1.197622981562129,-0.14060041422174846,-0.8543944284408763,0.5782557746318541,True,False,False,False,False,False,False,True,False,False,False,False,True,False,False,False,False,False,False,True,False,False,False,True,True,False,False
-0.6491589802391117,2024-01-03,2024-01-03,-0.9454501019190522,-0.1701837474552822,0.05411437669489103,-0.6549556310636294,-1.4828640915522722,-1.2252823260463717,1.5557440919984866,1.4388598814946356,False,False,False,True,False,False,True,False,False,False,False,True,False,False,False,False,False,False,False,True,False,False,True,False,True,False,False
0.5335487667510319,2024-01-04,2024-01-04,1.0685189677698894,-1.276288457514208,-0.41716990335097925,1.1600607694234366,0.036099376689190735,-0.9478882633502383,0.9904607018427616,1.0085578280632448,False,True,False,False,False,False,True,False,False,False,False,False,False,True,False,False,False,True,False,False,False,True,False,False,False,False,True
-0.6491589802391117,2024-01-23,2024-01-24,-0.1352432789295103,-0.814609969837439,0.01861700303758973,1.5381016767222933,0.7235317142670528,-0.849259263280502,0.8000283540952655,0.5782557746318541,False,False,False,True,False,False,False,False,True,False,False,False,True,False,False,False,True,False,False,False,False,True,False,False,False,False,True
0.5335487667510319,2024-01-09,2024-01-09,-1.3482439158568404,-1.622547323271785,-0.8491804933930268,-1.5462920813838223,0.9855295198774893,0.5946123963942421,-0.9031718368112877,1.4388598814946356,True,False,False,False,False,False,False,False,False,True,False,False,False,True,False,False,False,True,False,False,False,True,False,False,True,False,False
-0.6491589802391117,2024-01-12,2024-01-12,-1.3935120279737019,0.3972960603140796,1.0880697923724492,-0.7049410399175893,0.13840328173707578,-0.7027382968307497,0.6563688636892596,1.4388598814946356,False,False,False,True,False,True,False,False,False,False,False,False,True,False,False,False,True,False,False,False,False,False,True,False,True,False,False
0.01932800719009993,2024-01-15,2024-01-16,-0.412394985767438,0.2241666274352915,1.2187303379620893,0.4098595911614834,-0.25272201378136233,1.5187850941630683,0.0028852282610097564,1.877767975994654,False,False,True,False,False,False,False,True,False,False,False,True,False,False,False,False,False,True,False,False,False,False,True,False,False,True,False
-1.0415094197841028,2024-01-22,2024-01-22,-1.223525647779773,-1.4686544940461952,-1.4058095228702805,1.060089951715517,-0.48976764742890055,-1.1628093897041227,0.49600478137557874,1.4388598814946356,False,True,False,False,False,False,False,False,True,False,False,False,True,False,True,False,False,False,False,False,False,False,True,False,False,False,True
1.3048799060924299,2024-02-09,2024-02-09,0.6056756173505498,1.522637374026204,0.28749072690991323,-1.3639923549752624,0.7116794325846759,-0.30561431818457624,-0.6813348562773623,1.4388598814946356,False,False,False,False,True,False,False,False,False,True,False,False,True,False,False,False,False,False,False,False,True,False,True,False,True,False,False
-0.03980738015940754,2024-02-05,2024-02-05,-0.24194668606211225,-0.5549158205192565,-1.3952358371000206,-0.614631267618418,-0.7436559971513956,-1.5147679248087462,-0.649262039814626,1.4388598814946356,True,False,False,False,False,True,False,False,False,False,False,True,False,False,False,False,True,False,False,False,False,False,False,True,False,False,True
-0.6491589802391117,2024-01-08,2024-01-08,0.23152081311934758,-1.2378152502078106,-1.1807410686176054,-0.3512627688668811,1.4689778516586531,1.295210221408835,0.5581458632721301,0.5782557746318541,False,False,False,False,True,False,True,False,False,False,True,False,False,False,False,False,False,True,False,False,False,False,True,False,True,False,False
-0.6491589802391117,2024-01-05,2024-01-05,-0.6867751755369863,-1.2955250611674067,0.481593387121113,1.083612497058557,-3.204564465245229,0.766620424160092,-1.304750226271797,0.5782557746318541,False,False,False,False,True,False,False,True,False,False,False,True,False,False,False,False,False,False,False,True,False,False,True,False,False,False,True
-1.2662238917122302,2024-02-05,2024-02-05,1.002464477640183,1.1475236027888296,0.33507231287608275,-0.9825910840559716,0.9025635481008509,0.8207952475157043,1.5350303980329698,-1.5732544925250995,False,True,False,False,False,True,False,False,False,False,False,False,False,True,False,False,False,False,True,False,False,True,False,False,True,False,False
1.3048799060924299,2024-01-31,2024-01-31,1.6168174277975893,-1.5167460031791917,-1.4971963784560984,0.17001363775298658,-0.0761853971438536,-0.7698344675512675,-1.621469288841317,0.5782557746318541,False,True,False,False,False,False,False,False,True,False,True,False,False,False,False,False,False,False,False,True,False,True,False,False,False,False,True
1.3048799060924299,2024-01-09,2024-01-09,-1.1292940674548775,0.2434032310884898,1.7058751466633495,-0.21138763316630424,-1.0493201036969055,1.3937206770073336,0.2594677599628994,-0.7083473651280042,True,False,False,False,False,True,False,False,False,False,False,True,False,False,False,False,False,False,False,True,False,False,False,True,True,False,False
1.3048799060924299,2024-02-23,2024-02-23,1.1447356871503191,1.5611105813326016,-0.20343039813786815,-1.084662129026663,1.2325560223101877,0.5253824251914464,-0.6926939787745814,-0.28234833223092737,False,False,False,True,False,False,False,False,False,True,False,False,True,False,False,True,False,False,False,False,False,False,False,True,False,False,True
1.3048799060924299,2024-02-11,2024-02-11,1.632522691185072,1.272561526534621,-1.3340595122863739,-1.075841174523023,1.2113466761417235,-1.0001663751660481,-1.2539682668724645,1.4388598814946356,True,False,False,False,False,False,True,False,False,False,False,False,True,False,False,False,True,False,False,False,False,False,False,True,False,True,False
-1.2662238917122302,2024-01-23,2024-01-23,0.4421561103161724,1.5418739776794028,0.22329334901904943,1.5326410858390878,-0.17786549789266584,1.3019672562693818,-1.0428222251594514,0.14795372120046338,False,False,True,False,False,False,False,True,False,False,True,False,False,False,False,False,False,True,False,False,False,False,False,True,False,False,True
0.5335487667510319,2024-02-10,2024-02-10,1.583559222977038,-0.4298778967734648,0.1938380815161825,0.8265446800953343,-0.5858335094860613,0.5381852280851143,0.8574921502576679,-0.7126503856623181,False,False,False,True,False,True,False,False,False,False,False,False,False,True,True,False,False,False,False,False,False,False,True,False,False,True,False
1.3048799060924299,2024-01-30,2024-01-30,0.663415556275118,-1.5840741159653875,-0.3567488418066369,1.5023978132551792,0.8564020299694884,0.00675036352666763,0.1331810451408756,-1.5732544925250995,False,False,False,False,True,False,False,True,False,False,False,False,False,True,False,True,False,False,False,False,False,False,True,False,True,False,False
0.5335487667510319,2024-01-28,2024-01-29,-0.014682286455011781,0.9070660571238457,1.7761146307086475,-1.572334899442188,0.8252118150158649,1.2931949653977945,-0.478207018680033,0.5782557746318541,False,True,False,False,False,False,False,True,False,False,False,True,False,False,False,False,False,False,False,True,False,False,False,True,False,True,False
-0.6491589802391117,2024-01-25,2024-01-25,0.018113998854143037,1.0128673772164385,-0.5229067610535783,-0.04084917942926438,-0.5296911225695387,-1.1325805495385184,-0.31116109960328203,1.4388598814946356,True,False,False,False,False,False,False,False,False,True,False,False,False,True,False,False,False,False,False,True,False,True,False,False,True,False,False
-0.6491589802391117,2024-01-08,2024-01-08,-0.39345628580017944,-0.8723197807970351,1.7353304141662165,1.564564540233213,-0.9364115255647889,-1.094290685328753,2.8553613424156095,0.5782557746318541,False,False,False,True,False,False,False,False,False,True,True,False,False,False,False,False,False,False,False,False,True,True,False,False,False,False,True
0.5335487667510319,2024-01-06,2024-01-06,-0.5648284245282981,-0.9492661954098299,0.761040796763696,-1.466063399945954,1.143352007542824,-0.33951803695854804,1.1788884985613368,-1.1429524390937087,False,False,False,True,False,False,True,False,False,False,False,False,False,True,True,False,False,False,False,False,False,True,False,False,False,False,True
0.5335487667510319,2024-02-07,2024-02-07,0.24630223748403707,-0.6799537442650481,0.016351213229677076,-1.2892242644205998,2.4489744055015032,-1.0836216829173633,0.5908868634111731,-0.28234833223092737,False,False,False,True,False,False,False,False,True,False,False,True,False,False,False,False,False,True,False,False,False,False,False,True,False,True,False
-1.366496939826612,2024-01-04,2024-01-04,0.4329177200882417,-1.5071277013525926,1.5714382847271877,0.26116350095726654,-0.7692319734133671,0.8401179963274438,-0.8570671631461044,1.4388598814946356,False,False,True,False,False,False,False,True,False,False,True,False,False,False,False,False,True,False,False,False,False,False,False,True,True,False,False
0.5335487667510319,2024-02-14,2024-02-14,-0.34172130052376637,-0.6318622351320512,-1.579520074810265,0.5325128633073347,0.8564020299694884,1.4046267683611982,-1.4570961044697939,-1.1429524390937087,False,False,True,False,False,False,True,False,False,False,True,False,False,False,True,False,False,False,False,False,False,False,True,False,True,False,False
1.3048799060924299,2024-02-10,2024-02-10,1.711972847145278,1.0705771881760346,-0.9813515655212757,-0.8368353120196348,0.8663828987546478,0.8388140071438294,0.6369915370763565,1.4388598814946356,True,False,False,False,False,True,False,False,False,False,False,True,False,False,False,False,False,False,False,False,True,True,False,False,False,True,False
0.01932800719009993,2024-01-23,2024-01-23,0.9571963655233217,-0.8915563844502338,-1.3015831917062899,-0.2697739510713499,-0.03314290050785334,0.4604200549532068,-1.2158817973229654,2.3338881526319284,False,False,False,True,False,False,False,True,False,False,False,False,False,True,False,True,False,False,False,False,False,False,False,True,False,False,True
0.01932800719009993,2024-01-25,2024-01-25,-0.014682286455011781,-0.5068243113862597,-0.8839226037810237,-1.453041990916771,-0.9301734825740642,0.06317753183579546,0.01624890178714979,0.4964983844798897,False,False,False,False,True,False,False,False,False,True,False,True,False,False,False,False,False,True,False,False,False,True,False,False,True,False,False
1.3048799060924299,2024-01-21,2024-01-21,-0.48814978563647143,0.37805945666088087,3.105696970054118,-0.3882267686916583,0.6337038952006173,-0.5182830995849449,-1.6488648195699038,-1.1429524390937087,False,False,False,False,True,False,False,False,True,False,False,False,True,False,False,False,False,False,True,False,False,False,True,False,False,True,False
0.5335487667510319,2024-01-07,2024-01-07,-1.2840371037727205,0.28187643839488724,-0.3439093662284643,-0.7599669942022005,-1.170338137716965,-0.3798231571793538,-1.4016368593363124,-1.2849521167260678,False,False,False,True,False,False,False,True,False,False,False,False,False,True,False,False,False,False,False,False,True,False,False,True,False,True,False
1.3048799060924299,2024-01-11,2024-01-11,0.8366353730488229,-0.5260609150394584,1.7368409407048246,1.1827432238613682,0.4528006484696008,-0.6147782991724032,-0.1675016091972763,-0.7126503856623181,True,False,False,False,False,False,False,False,False,True,False,True,False,False,False,False,False,False,True,False,False,True,False,False,True,False,False
0.5335487667510319,2024-01-13,2024-01-13,0.19179573513924464,1.6188203922921978,1.287459295468779,-1.514788672442251,-0.28391222873498584,-1.7494859778593206,0.7439009252854772,-0.8159228784858519,True,False,False,False,False,False,True,False,False,False,False,False,True,False,False,False,False,False,False,True,False,False,True,False,False,True,False
3.1774357840429666,2024-02-08,2024-02-08,0.018113998854143037,0.13760191099589703,-0.9299936632085847,-0.6536954947059666,-0.7873222980864687,-0.078008933408262,-1.2773546955432098,-1.5732544925250995,False,False,False,False,True,True,False,False,False,False,False,False,False,True,False,False,False,False,False,False,True,False,True,False,False,True,False
-0.6491589802391117,2024-01-25,2024-01-25,1.371076247734627,-1.1512505337684165,-0.161890918326133,0.5984599993583575,-0.7031087177116853,-0.5628558207703066,0.4111454544845892,0.5782557746318541,True,False,False,False,False,False,True,False,False,False,False,False,True,False,False,True,False,False,False,False,False,False,False,True,False,True,False
-0.6491589802391117,2024-01-14,2024-01-15,2.8413660525098337,1.224470017401624,-0.6951067864549539,0.16581318322744368,0.8782351804370245,-0.6100365203228968,-0.470856998240656,-0.23931812688778825,True,False,False,False,False,False,True,False,False,False,False,False,False,True,True,False,False,False,False,False,False,False,False,True,True,False,False
0.5335487667510319,2024-01-05,2024-01-05,-0.5195603124114365,-1.5071277013525926,0.1666486038212285,-0.07109245201317316,-0.5664955762148146,0.010188153192559784,0.016917085463456896,1.4388598814946356,False,False,False,True,False,False,False,True,False,False,False,False,False,True,False,False,True,False,False,False,False,True,False,False,True,False,False
-0.6491589802391117,2024-01-25,2024-01-25,-0.6202587658958836,-1.0646858173290223,0.5314407628951952,1.3616825866494933,1.2911936264229995,0.6979831753134849,1.0372335591842519,0.14795372120046338,False,False,True,False,False,False,False,False,True,False,False,True,False,False,False,False,False,True,False,False,False,True,False,False,True,False,False
-1.2662238917122302,2024-02-01,2024-02-01,0.07862545484709069,1.2533249228814223,0.3358275761453869,1.7128405849848756,-0.47167732275579943,-0.14972833850704836,-1.4911734719614511,-1.5732544925250995,False,True,False,False,False,False,False,True,False,False,False,False,False,True,False,False,False,False,False,True,False,False,False,True,False,False,True
0.01932800719009993,2024-02-10,2024-02-11,-0.7177237828005548,-2.007279396335759,-1.4768042701848827,0.753456771350889,0.9842819112793445,-0.8801993702735323,0.5173866590174029,-0.7126503856623181,False,False,False,True,False,True,False,False,False,False,False,True,False,False,False,False,True,False,False,False,False,False,True,False,False,False,True
-0.6491589802391117,2024-02-08,2024-02-08,1.2385053479638182,-0.9588844972364293,0.11982228112436312,-1.187993310355017,-0.7436559971513956,0.7813199385935625,1.7348173172487642,1.4388598814946356,False,False,True,False,False,False,False,False,True,False,True,False,False,False,False,False,False,False,True,False,False,True,False,False,False,True,False
-0.6491589802391117,2024-02-11,2024-02-11,0.8458737632767539,0.7820281333780538,-0.36807779084620096,0.23596077380400934,0.20203132024246828,-0.5677161440910508,1.1454793147459865,0.14795372120046338,False,False,False,True,False,False,False,False,True,False,True,False,False,False,False,False,False,False,False,True,False,True,False,False,False,True,False
1.3048799060924299,2024-02-21,2024-02-21,0.018113998854143037,-0.6126256314788525,0.15154333843514298,1.076471724365134,0.037346985287336314,-1.1038927874990039,1.222320437521292,1.4388598814946356,False,False,False,True,False,False,False,False,False,True,True,False,False,False,False,False,False,False,True,False,False,False,False,True,False,False,True
0.01932800719009993,2024-02-24,2024-02-24,-1.6568061494697333,-1.276288457514208,-1.266085818048989,0.9508781340514024,-0.1235945238733607,0.6944268411763548,0.4225045769818082,-0.7126503856623181,True,False,False,False,False,False,False,True,False,False,False,False,False,True,True,False,False,False,False,False,False,True,False,False,False,True,False
-0.6491589802391117,2024-02-19,2024-02-19,-1.7136222493715083,-0.3529314821606701,1.7776251572472557,-1.2547805373111485,0.8963255051101265,0.33061385894796486,1.4835802549573303,-0.5405295642897618,False,False,False,False,True,False,False,False,False,True,False,False,True,False,False,False,False,True,False,False,False,False,True,False,False,False,True
0.01932800719009993,2024-01-13,2024-01-13,0.018113998854143037,0.48386077675347366,-0.7932910114645103,1.1117555423796937,0.9106730039887936,0.5484985970827907,0.38508629110861603,1.0085578280632448,False,False,False,False,True,False,False,True,False,False,True,False,False,False,False,False,False,False,False,False,True,False,True,False,True,False,False
-1.2662238917122302,2024-02-15,2024-02-15,-0.26919993723450863,-1.0069760063694262,0.9113381873552476,-1.1690912649900742,0.4309674980020647,-1.1258235146779716,1.3880299892454286,-1.1429524390937087,False,False,False,False,True,True,False,False,False,False,False,False,True,False,False,True,False,False,False,False,False,False,True,False,False,True,False
0.01932800719009993,2024-01-17,2024-01-17,1.4745462182874531,0.5511888895396694,-1.6784595630891253,0.27040450091346074,0.9250205028674597,0.010188153192559784,-0.8129670405098421,0.14795372120046338,False,False,False,False,True,False,False,True,False,False,False,False,False,True,True,False,False,False,False,False,False,False,False,True,False,False,True
0.01932800719009993,2024-01-10,2024-01-10,-1.3685683743582884,0.5415705877130699,-0.5342357100931426,-0.5432235406841894,-0.5109769935973647,1.715687460888828,0.9370060077382012,-0.28234833223092737,False,False,False,True,False,False,False,False,True,False,False,False,True,False,True,False,False,False,False,False,False,False,True,False,False,False,True
1.3048799060924299,2024-02-11,2024-02-11,-0.09320860339242443,-0.9973577045428268,-1.6588227180872142,1.6951986759775957,0.43346271519835405,-1.5193911591870153,0.49533659769927163,1.4388598814946356,False,True,False,False,False,False,False,True,False,False,False,True,False,False,False,False,False,False,False,False,True,False,True,False,False,False,True
-0.6491589802391117,2024-02-06,2024-02-06,0.41120750305260406,-0.7761367625310417,1.464946163755284,1.1218366332409968,-1.16659531192253,-0.2597376078156003,0.018253452816070874,-1.5732544925250995,False,False,False,True,False,False,True,False,False,False,True,False,False,False,True,False,False,False,False,False,False,True,False,False,False,True,False
0.01932800719009993,2024-01-13,2024-01-13,-1.0969597016571193,-0.41064129312026604,-0.9012936589750222,-0.461314677436104,-0.5677431848129593,-1.2468574198116262,0.7559282314590033,1.4388598814946356,True,False,False,False,False,True,False,False,False,False,False,False,False,True,False,False,False,False,False,True,False,True,False,False,True,False,False
-0.6491589802391117,2024-02-09,2024-02-09,1.2255716016447147,-0.6126256314788525,-0.014614580811798377,-1.2417591282819656,-1.041834452108036,-0.1679841870776488,1.1641884576825823,1.0085578280632448,False,False,True,False,False,False,False,False,False,True,False,False,False,True,True,False,False,False,False,False,False,False,False,True,False,True,False
-0.6491589802391117,2024-02-14,2024-02-14,-0.5602092294143326,-1.0454492136758236,-0.3363567335354214,1.2075259055620706,-1.0430820607061813,0.40482269794274256,1.459525642610278,0.5782557746318541,False,True,False,False,False,False,False,False,False,True,True,False,False,False,False,True,False,False,False,False,False,True,False,False,True,False,False
0.5335487667510319,2024-01-11,2024-01-11,0.1151170962474178,1.1282869991356308,0.7247881598370908,-1.2085755375301772,0.06167535295116266,1.570707572565165,-0.3158383853374311,1.0085578280632448,False,True,False,False,False,True,False,False,False,False,False,False,False,True,True,False,False,False,False,False,False,True,False,False,False,True,False
0.01932800719009993,2024-02-08,2024-02-08,-0.02576835472852865,0.33958624935448345,-1.106725268225786,-0.9561282205450518,-0.5334339483639736,0.1821961809584101,0.2928769437782496,1.0085578280632448,False,True,False,False,False,False,False,True,False,False,False,True,False,False,False,True,False,False,False,False,False,False,True,False,False,False,True
-0.6491589802391117,2024-02-14,2024-02-14,-0.06965070831120067,1.1282869991356308,-1.1150331641881333,0.836205725504083,-1.2551755223908208,0.09743688402348046,-1.0715541232406525,-0.28234833223092737,False,False,True,False,False,False,True,False,False,False,False,False,True,False,False,False,False,False,True,False,False,False,True,False,False,False,True
0.01932800719009993,2024-01-03,2024-01-04,0.8698935778693744,-1.2570518538610094,-0.18983565929039115,-0.5860681768447267,1.066000274457838,-1.0970172081672194,-0.5156253045532253,-1.1429524390937087,False,False,True,False,False,False,True,False,False,False,False,True,False,False,False,False,True,False,False,False,False,True,False,False,False,False,True
0.5335487667510319,2024-01-04,2024-01-05,-1.5875182227602513,0.07989210003630083,1.3841329939397262,-0.25675254204216696,-0.1435562614436802,-1.1347143500207963,0.09576275926768323,1.4388598814946356,False,False,False,False,True,False,False,False,False,True,False,True,False,False,False,False,False,False,False,True,False,True,False,False,True,False,False
0.01932800719009993,2024-02-15,2024-02-15,0.8084582828536335,-0.13171054014888472,-0.8484252301237225,-0.8679186755086519,1.2949364522174345,1.4797839631258773,-1.0702177558880386,0.14795372120046338,False,True,False,False,False,False,False,True,False,False,False,False,True,False,False,False,True,False,False,False,False,False,False,True,False,False,True
-0.6491589802391117,2024-01-02,2024-01-02,0.8209301096613404,-1.2089603447280126,-1.3703121492129795,-1.0909628108149774,-1.4872307216457794,-1.245197797214299,-0.09266503745089179,-1.1429524390937087,False,False,False,False,True,False,True,False,False,False,True,False,False,False,False,True,False,False,False,False,False,False,False,True,True,False,False
1.3048799060924299,2024-02-09,2024-02-09,-1.4258463937714603,-0.3048399730276733,3.105696970054118,-1.5299103087342052,1.011729300438533,0.1795882025911815,0.3991181483110632,-1.5732544925250995,False,False,False,False,True,False,False,False,True,False,False,False,True,False,False,False,False,True,False,False,False,False,True,False,False,True,False
1.6869459304462027,2024-01-19,2024-01-19,-1.6882166762446984,-1.6129290214451855,-1.4186489984484534,0.49806913619788334,-0.4972532990177705,-0.13514736854481585,0.10712188176490241,-0.28234833223092737,False,False,False,False,True,False,False,True,False,False,False,True,False,False,True,False,False,False,False,False,False,False,False,True,False,True,False
1.3048799060924299,2024-01-19,2024-01-19,1.3318130892659203,-1.382089777606801,-0.8778804976265895,1.2394493599561964,0.9967579972607941,-1.1946978524670542,-1.141713409252888,0.5782557746318541,True,False,False,False,False,True,False,False,False,False,False,False,True,False,False,False,True,False,False,False,False,False,False,True,True,False,False
0.01932800719009993,2024-02-11,2024-02-12,-0.7292717705854684,-0.0643824273626894,-0.014614580811798377,0.8744298616865228,0.26378794585064247,-1.6234732049336842,-0.7949260812495529,-0.7126503856623181,False,False,False,True,False,True,False,False,False,False,True,False,False,False,True,False,False,False,False,False,False,True,False,False,True,False,False
-0.6491589802391117,2024-01-30,2024-01-30,-1.4660333912629595,1.6669119014251947,-0.6467699372194801,0.6639870899568258,-1.0343488005191668,-1.3444195196402233,1.1281065391620042,-1.5732544925250995,False,False,True,False,False,False,False,True,False,False,True,False,False,False,False,False,False,True,False,False,False,False,True,False,True,False,False
0.01932800719009993,2024-02-04,2024-02-04,-0.048402410786959504,0.5511888895396694,0.5405039221268468,-1.2812434008220683,-1.5390064784687942,0.034963947681231546,-0.812298856833535,0.5782557746318541,False,False,False,True,False,False,False,False,False,True,False,False,False,True,True,False,False,False,False,False,False,True,False,False,True,False,False
0.01932800719009993,2024-01-04,2024-01-04,-0.5117076807176953,1.0417222826962362,0.3199670474899972,-0.3920071777646467,-0.24960299228600016,1.0798149171699998,1.6339215821264061,-0.28234833223092737,True,False,False,False,False,False,False,False,True,False,True,False,False,False,False,True,False,False,False,False,False,False,False,True,False,True,False
-1.2662238917122302,2024-01-04,2024-01-04,0.721617414711083,-0.9588844972364293,-1.000988410523187,0.04273986562903814,-1.3106941050082705,-1.034425727353733,-0.9051763878402086,-1.1429524390937087,False,False,False,False,True,False,True,False,False,False,False,False,True,False,True,False,False,False,False,False,False,False,True,False,True,False,False
0.5335487667510319,2024-01-29,2024-01-29,-1.5598030520764585,0.6473719078056631,-1.2071752830432552,-0.35504317793986984,-0.5764764449999739,-0.6184531777807708,1.6406034188894763,-1.1429524390937087,True,False,False,False,False,False,False,False,False,True,False,True,False,False,False,False,True,False,False,False,False,False,True,False,False,True,False
0.5335487667510319,2024-01-04,2024-01-04,-0.03177330837668387,-1.3917080794334002,-0.014614580811798377,0.2582231827893865,1.3716643810033486,-0.6727465456076208,0.15790384116423456,-0.28234833223092737,False,False,True,False,False,True,False,False,False,False,True,False,False,False,False,False,False,False,False,True,False,False,True,False,False,True,False
1.3048799060924299,2024-01-20,2024-01-20,0.7049883123008074,1.0417222826962362,-0.9632252470579731,0.26998445546090655,1.1421043989446793,1.1619662357377005,0.5928914144400942,-0.7126503856623181,False,True,False,False,False,False,False,True,False,False,True,False,False,False,True,False,False,False,False,False,False,False,True,False,True,False,False
-0.5067198298407337,2024-02-02,2024-02-02,-1.2346117160532901,-0.9973577045428268,1.8010383185956884,0.2212591829646093,-1.044329669304326,-1.4201694367610906,1.3579617238116137,1.0085578280632448,False,False,False,True,False,False,False,False,True,False,False,False,True,False,False,False,False,False,True,False,False,False,True,False,False,True,False
0.5335487667510319,2024-02-07,2024-02-07,0.39827375673350074,0.47424247492687455,1.3305093018191223,-1.3837344912453138,0.440948366787224,-0.36180439755122895,-0.19489713992586336,0.14795372120046338,False,False,False,False,True,True,False,False,False,False,False,False,False,True,True,False,False,False,False,False,False,True,False,False,False,True,False
0.01932800719009993,2024-01-19,2024-01-19,0.018113998854143037,0.3876777584874805,0.3720802130719923,-0.16560267883788732,-1.453545289495866,1.1665894701159696,1.583139622727074,1.0085578280632448,False,False,False,True,False,False,False,False,True,False,True,False,False,False,False,False,False,False,False,True,False,True,False,False,False,False,True
1.3048799060924299,2024-01-31,2024-01-31,-1.483124413184632,-0.0643824273626894,-0.857488389355374,-1.4564023545372053,-0.2196603859305214,1.7493540907203247,-1.3876050021338653,-0.28234833223092737,False,False,False,False,True,True,False,False,False,False,False,True,False,False,False,False,True,False,False,False,False,True,False,False,False,False,True
-0.9669474096477676,2024-02-14,2024-02-14,1.1137870798867504,0.7435549260716563,1.0623908412161034,-1.398436082084714,0.22324066641093157,-1.0644174785768619,1.230338641636976,-1.5732544925250995,False,False,False,True,False,False,False,False,False,True,False,True,False,False,False,False,False,False,True,False,False,False,False,True,True,False,False
-1.2662238917122302,2024-01-17,2024-01-17,-0.7241906559601065,-0.9011746862768332,-0.23061987583282242,0.46530559089864904,-0.35876874462368236,0.4931383290148019,0.903596823922851,0.5782557746318541,True,False,False,False,False,False,False,False,True,False,True,False,False,False,False,False,False,True,False,False,False,False,True,False,False,False,True
-0.6491589802391117,2024-02-21,2024-02-21,-0.19205937883128535,-1.2570518538610094,1.263290870851042,1.2751532234233105,3.188399449343937,-0.07551949951227097,1.6259033780107224,1.4388598814946356,False,True,False,False,False,False,False,False,True,False,False,True,False,False,False,True,False,False,False,False,False,False,True,False,True,False,False
0.5335487667510319,2024-01-31,2024-01-31,-1.1764098576173254,0.4646241731002754,-0.852201546470244,-0.7658476305379606,0.44843401837609304,0.5678213458945301,0.707150823088592,1.0085578280632448,False,False,False,False,True,False,False,False,False,True,False,False,True,False,False,False,False,True,False,False,False,False,True,False,False,False,True
-0.676926901255402,2024-02-02,2024-02-02,-1.15839499667286,-1.24743355203441,1.6582935606971796,0.20235713759966667,0.057932527156727705,-1.5518723443061349,0.31024971936223156,-1.1429524390937087,False,False,False,False,True,False,False,True,False,False,False,True,False,False,False,False,False,True,False,False,False,True,False,False,False,True,False
0.5335487667510319,2024-01-05,2024-01-05,0.8962229900189775,0.2626398347416885,0.3766117926878182,1.4876962224157788,-1.1260480324828197,0.6786604265017457,0.8641739870207378,1.0085578280632448,False,False,False,False,True,False,False,False,True,False,False,True,False,False,False,False,False,True,False,False,False,False,False,True,False,True,False
0.01932800719009993,2024-01-26,2024-01-26,1.1585932724922154,-1.4013263812599996,-1.7486990471344233,-1.5458720359312679,0.6998271509022983,0.9777481274343712,-0.6338938152595651,-0.7126503856623181,False,False,False,False,True,False,False,False,True,False,False,False,False,True,False,False,False,False,False,False,True,True,False,False,False,True,False
3.1774357840429666,2024-02-12,2024-02-12,-0.37636526387850733,1.6572935995985951,1.7353304141662165,-0.6276526766476009,1.0903286421216645,1.2572759906127822,0.29087239274932847,0.5782557746318541,False,False,False,True,False,False,False,True,False,False,False,True,False,False,False,False,True,False,False,False,False,True,False,False,False,True,False
1.3048799060924299,2024-02-03,2024-02-03,-0.5130934392518849,-0.38178638764046796,-1.0734936843763978,0.8824107252850542,-3.204564465245229,-1.571313637589112,0.8655103543733518,1.0085578280632448,True,False,False,False,False,False,False,False,False,True,True,False,False,False,False,False,False,False,True,False,False,False,False,True,False,True,False
2.5554647933446164,2024-01-03,2024-01-03,0.18024774735433097,-1.5456009086589901,1.6681119831981355,0.1746341377310837,-0.9588684803313978,-1.4980531543642357,-0.6151846723229689,-1.1429524390937087,False,False,True,False,False,False,True,False,False,False,True,False,False,False,False,False,False,True,False,False,False,False,False,True,False,True,False
1.3048799060924299,2024-01-12,2024-01-12,-0.543580127004057,0.04141889272990338,-0.5115778120140142,0.17043368320554078,-0.5022437334103501,-0.22287027726068706,-0.8717672040248584,1.0085578280632448,False,False,True,False,False,False,False,False,True,False,False,False,True,False,False,False,False,False,False,False,True,False,True,False,False,False,True
1.3048799060924299,2024-02-07,2024-02-07,-1.3020519647171858,-1.2666701556876088,0.04580648073254374,-0.44661308659670396,1.271231888852681,0.010188153192559784,0.6557006800129527,1.0085578280632448,False,False,True,False,False,False,False,False,True,False,True,False,False,False,False,False,False,False,True,False,False,False,True,False,False,False,True
0.01932800719009993,2024-01-10,2024-01-10,0.018113998854143037,-1.5071277013525926,0.3177012576820843,-0.6809984491219949,-0.9389067427610788,-0.4766739901805251,-1.6027601459047207,1.0085578280632448,False,False,True,False,False,True,False,False,False,False,False,True,False,False,False,False,False,True,False,False,False,False,True,False,True,False,False
0.01932800719009993,2024-01-10,2024-01-10,-1.4027504182016328,0.47424247492687455,1.7844225266709943,-0.8200334939174634,0.8208451849223581,0.48341768237331356,-1.2519637158435437,-1.5732544925250995,True,False,False,False,False,False,False,False,False,True,True,False,False,False,False,False,False,False,False,False,True,False,True,False,True,False,False
0.5335487667510319,2024-01-07,2024-01-07,-0.09459436192661412,1.3302713374942172,0.5994144571325801,-0.16056213340723569,0.15774121500832247,-1.4575109452009547,1.5764577859640039,1.0085578280632448,True,False,False,False,False,False,True,False,False,False,False,False,False,True,False,False,False,False,False,True,False,True,False,False,False,True,False
-1.2662238917122302,2024-02-21,2024-02-21,-1.3584061451075644,-0.112473936495686,-0.638462041257133,1.2407094963138594,0.22136925351371411,-0.7451772175338333,0.3129224540674595,-1.5732544925250995,False,False,False,False,True,False,True,False,False,False,False,False,True,False,False,False,False,False,False,False,True,False,False,True,True,False,False
0.01932800719009993,2024-01-16,2024-01-16,0.4897338199900167,-0.6799537442650481,-0.7721436399239904,1.721661539488516,1.3866356841810876,-1.3592375785449313,1.1488202331275215,-0.28234833223092737,False,True,False,False,False,False,True,False,False,False,False,False,False,True,False,False,True,False,False,False,False,False,False,True,False,False,True
-1.2662238917122302,2024-01-05,2024-01-06,-1.1362228601258257,1.1571419046154288,-0.4594646464320188,-0.043789497597144386,0.25567848996270065,1.271382782690064,-1.652205737951439,1.4388598814946356,False,False,False,False,True,True,False,False,False,False,True,False,False,False,False,False,False,False,False,True,False,True,False,False,False,True,False
-0.6491589802391117,2024-02-11,2024-02-11,-1.5464073862459586,1.0898137918292334,-0.014614580811798377,-0.027827770400081744,-1.5627110418335484,-0.8630104219440712,-0.5149571208769183,-0.7126503856623181,False,True,False,False,False,False,False,False,False,True,False,False,True,False,False,False,True,False,False,False,False,False,True,False,False,True,False
0.01932800719009993,2024-01-11,2024-01-11,-0.9269733214631903,1.0801954900026338,-0.014614580811798377,-0.7578667669394292,-1.0954816218282686,0.9025909326696924,-0.9933766331127332,-1.1429524390937087,False,False,False,False,True,False,False,False,False,True,True,False,False,False,True,False,False,False,False,False,False,True,False,False,True,False,False
0.01932800719009993,2024-02-22,2024-02-23,0.018113998854143037,0.07989210003630083,0.8410987033099497,1.0794120425330138,0.49646694940467384,-1.1202519245298013,1.4775666018705675,1.4388598814946356,False,False,False,True,False,False,False,False,True,False,False,False,True,False,False,False,False,False,True,False,False,False,True,False,False,False,True
-1.2662238917122302,2024-01-01,2024-01-01,1.6893387910868474,-0.2182752565882792,-1.0598989455289207,-0.9011022662604404,-0.32570711677284137,-1.1545112767174863,0.8107192929161776,-0.35549968131426374,False,False,True,False,False,True,False,False,False,False,False,False,True,False,False,False,False,False,False,False,True,True,False,False,False,True,False
-0.6491589802391117,2024-01-19,2024-01-19,-1.5039107911974765,0.7820281333780538,-1.6724174569346912,1.131077633197191,1.3654263380126233,0.07681014602812686,-0.12406967023732102,0.14795372120046338,False,False,False,True,False,False,False,True,False,False,False,False,True,False,False,False,False,False,False,True,False,False,True,False,True,False,False
-1.2662238917122302,2024-01-11,2024-01-11,1.583559222977038,-1.5744558141387879,-1.1497752745761298,-0.07529290653871577,-0.21092712574350678,-1.396104909099845,0.0730445142732451,-1.5732544925250995,False,True,False,False,False,False,False,False,False,True,False,True,False,False,False,False,False,False,False,False,True,False,True,False,False,False,True
-0.6491589802391117,2024-01-25,2024-01-25,1.5295146401436421,0.8589745479908486,-0.609006773754266,-0.7066212217278064,1.6430192510998725,-0.6829413701340599,-0.19489713992586336,-1.5732544925250995,False,False,False,True,False,False,True,False,False,False,False,True,False,False,False,False,False,True,False,False,False,False,False,True,False,True,False
-1.2662238917122302,2024-01-17,2024-01-17,-1.0031900408436205,-0.6895720460916474,0.8486513360029926,-1.105244356201823,0.5862947684711093,0.6414374625331192,-0.5770982027734697,-0.7126503856623181,False,False,False,True,False,True,False,False,False,False,False,True,False,False,False,False,True,False,False,False,False,True,False,False,True,False,False
-1.2662238917122302,2024-02-07,2024-02-07,1.7082774910541056,1.570728883159201,-0.34088831315124696,0.8576280435843512,-1.0998482519217758,-1.6572583792364182,1.5136485203911456,-0.7126503856623181,False,False,False,False,True,True,False,False,False,False,False,True,False,False,False,False,False,False,True,False,False,False,True,False,True,False,False
-0.6491589802391117,2024-02-14,2024-02-14,-0.6488977756024695,-1.2955250611674067,0.3177012576820843,1.1919842238175624,0.4577910828621804,0.00011187313735843423,-0.8978263674008315,0.156559762269091,True,False,False,False,False,False,False,False,True,False,False,True,False,False,False,False,False,False,False,False,True,False,False,True,False,True,False
-1.2662238917122302,2024-01-24,2024-01-24,-1.5792036715551134,-0.5837707259990546,0.8682881810049037,-0.8603578573626747,1.2157133062352312,1.5996324235471548,-1.5940737581127296,-0.7298624677995738,False,False,True,False,False,False,False,False,True,False,False,True,False,False,False,True,False,False,False,False,False,True,False,False,True,False,False
-0.6491589802391117,2024-01-20,2024-01-20,-1.193038960027601,-0.46835110407986225,-0.2782014617989919,1.7577854484081845,1.0323148423079245,-0.11985513175515732,1.6392670515368621,-1.5732544925250995,False,False,False,False,True,True,False,False,False,False,False,False,True,False,False,False,False,False,False,True,False,False,False,True,False,True,False
0.01932800719009993,2024-02-20,2024-02-20,1.6320607716736752,1.0128673772164385,-1.103704215148569,0.24310154649743226,-1.0761436885570217,-0.5927290275221978,-0.8797854081405425,-0.7126503856623181,False,True,False,False,False,False,True,False,False,False,False,True,False,False,True,False,False,False,False,False,False,True,False,False,False,True,False
0.9495533612358261,2024-01-07,2024-01-07,1.1886180407329912,-0.7088086497448461,-0.7094567885717353,0.07760363819104403,-0.9058451149102378,-0.039244891313545846,1.2971570092676763,-1.5732544925250995,True,False,False,False,False,False,False,False,False,True,False,False,True,False,False,False,False,False,False,True,False,False,False,True,True,False,False
-1.2662238917122302,2024-01-21,2024-01-21,-0.14910086427140656,1.5514922795060024,-0.6890646803005196,1.1466193149416997,0.8476687697824739,-0.4824826692711705,0.21670400467925108,0.5782557746318541,False,False,False,False,True,False,False,True,False,False,False,False,False,True,False,False,False,False,False,False,True,False,True,False,False,False,True
1.3048799060924299,2024-02-20,2024-02-20,-1.1394562967056017,-0.5068243113862597,-1.0885989497624833,1.667055630656459,-1.2869895416435166,0.33606690462489747,1.4080754995346392,0.5782557746318541,False,False,False,False,True,False,False,False,False,True,False,False,True,False,False,False,False,True,False,False,False,False,True,False,False,False,True
-0.6491589802391117,2024-01-23,2024-01-23,0.6809684977081869,-0.0643824273626894,1.3728040449001622,0.6879296807524203,0.8620162686611409,0.3514776858857939,-0.478207018680033,0.5782557746318541,True,False,False,False,False,False,False,True,False,False,False,True,False,False,False,False,False,False,False,True,False,True,False,False,True,False,False
1.0837649794812294,2024-01-08,2024-01-08,1.6874911130412609,0.6377536059790635,-1.3121568774765497,-1.527810081471434,0.20826936323319264,-0.38764709228103955,-0.7093985706822564,-1.5732544925250995,False,False,False,False,True,False,False,False,True,False,True,False,False,False,False,False,False,False,False,False,True,True,False,False,True,False,False
0.5335487667510319,2024-02-23,2024-02-23,1.1692174212543363,1.6092020904655986,-0.18077250005874,0.7005310443290488,-1.2589183481852553,0.8969007980502846,-0.61718922335189,-1.5732544925250995,True,False,False,False,False,False,False,True,False,False,False,False,True,False,False,False,False,False,False,True,False,False,False,True,False,False,True
0.01932800719009993,2024-02-19,2024-02-19,1.3849338330765233,-1.1127773264620189,-1.3861726778683692,1.611609630919293,-0.6051714427573079,0.04634421692004736,-0.7134076727400984,1.4388598814946356,False,False,False,False,True,False,False,True,False,False,False,False,False,True,False,True,False,False,False,False,False,False,True,False,True,False,False
0.5335487667510319,2024-02-05,2024-02-05,-1.6517250348443713,-0.5260609150394584,-0.9345252428244104,0.5346130905701061,0.15649360641017776,0.010188153192559784,1.430793744529077,-0.7126503856623181,False,True,False,False,False,False,False,False,True,False,True,False,False,False,False,False,False,False,False,True,False,True,False,False,False,True,False
0.01932800719009993,2024-01-30,2024-01-30,0.7382465171213587,0.022182289076704657,0.5427697119347592,-0.6045501767571151,0.5750662910878044,0.640133473349505,0.7185099455858109,0.7891037808132356,False,False,False,False,True,True,False,False,False,False,True,False,False,False,False,False,False,True,False,False,False,False,True,False,False,True,False
2.8141178354037653,2024-02-24,2024-02-24,0.8514167974135123,0.10874700551609914,-1.155817380730564,-0.2937165418669441,1.1745422224964475,1.5191407275767816,-1.11899516425845,-0.28234833223092737,False,False,False,False,True,True,False,False,False,False,False,False,False,True,False,False,True,False,False,False,False,False,False,True,False,False,True
0.01932800719009993,2024-01-01,2024-01-01,0.42367932986031065,0.3876777584874805,0.06846437881167217,0.3086286370959008,-0.7162086079922072,-0.4132526980683749,-1.322791185532086,-1.5732544925250995,False,True,False,False,False,False,False,True,False,False,True,False,False,False,False,True,False,False,False,False,False,False,False,True,False,False,True
-0.6491589802391117,2024-01-29,2024-01-29,0.47264279806834464,-1.4494178903929964,1.147735590647487,-0.8036517212678463,-0.70934676070241,-1.0574233547738396,1.4127527852687882,-1.5732544925250995,False,False,True,False,False,True,False,False,False,False,False,False,False,True,False,False,False,False,True,False,False,False,False,True,False,False,True
-0.6491589802391117,2024-01-28,2024-01-28,1.0578948190077686,0.6666085114588618,-0.24345935141099503,-1.4677435817561708,0.1440175204287282,0.7529878099677607,-0.023173935114963434,1.5249202921809137,False,False,False,False,True,False,False,False,False,True,False,False,False,True,False,False,False,True,False,False,False,True,False,False,True,False,False
1.3048799060924299,2024-02-12,2024-02-12,0.6421672587508771,-1.9976610945091595,1.1273434823762714,0.30148786440247793,-0.6151523115424673,-1.3243855040010584,1.2483796008972652,-1.1429524390937087,False,False,True,False,False,False,False,True,False,False,False,False,True,False,False,False,False,True,False,False,False,False,False,True,True,False,False
0.5335487667510319,2024-01-15,2024-01-15,0.9146997704748393,0.21454832560869191,0.3577302109552112,-0.20844731499842423,0.38667739276791885,1.593112477629084,-1.5994192275231858,-1.1429524390937087,False,False,True,False,False,False,False,True,False,False,True,False,False,False,False,False,False,False,False,True,False,False,True,False,False,True,False
0.5335487667510319,2024-01-14,2024-01-14,-1.3385436061175129,-0.8434648753172372,-0.0795672219719666,0.16539313777488948,1.0978142937105344,1.5717744728063043,1.3579617238116137,0.14795372120046338,False,False,False,True,False,False,False,False,False,True,True,False,False,False,False,False,True,False,False,False,False,True,False,False,False,False,True
-1.2662238917122302,2024-02-05,2024-02-05,-0.09367052290382089,0.5030973804066724,-1.3680463594050667,-1.0002329930632516,-3.204564465245229,0.6023177870246903,-0.5129525698479973,-0.28234833223092737,False,False,False,False,True,False,False,True,False,False,False,False,False,True,False,False,False,False,False,True,False,True,False,False,False,False,True
-0.6491589802391117,2024-02-12,2024-02-12,1.2112520967914218,0.09912870368949957,1.7217356753187394,0.823604361927454,1.1040523367012587,-0.8735608798842233,-1.1791316951260804,-0.7126503856623181,False,False,False,False,True,False,False,True,False,False,True,False,False,False,False,False,False,True,False,False,False,False,False,True,False,False,True
0.01932800719009993,2024-02-08,2024-02-08,-1.1080457699306365,3.073630064967379,-0.14149881005491724,-1.4576624908948683,0.4322151066002094,0.8929888304994416,-0.12006056817947897,1.4388598814946356,False,True,False,False,False,False,False,False,True,False,True,False,False,False,False,False,False,False,False,False,True,True,False,False,False,True,False
0.5335487667510319,2024-01-11,2024-01-11,-1.6605015055609056,-1.1608688355950159,-1.6376753465466942,-0.06941227020295576,0.6149897662284425,-1.3127681458197673,-1.0428222251594514,0.5782557746318541,False,False,False,True,False,False,False,False,True,False,False,True,False,False,False,False,True,False,False,False,False,True,False,False,False,False,True
1.3048799060924299,2024-02-13,2024-02-13,-1.144075491819567,1.4072177521070122,-1.3710674124822837,1.7246018576563957,-0.1410610442473899,-0.7302406141578878,-1.3201184508268582,0.14795372120046338,False,False,False,False,True,False,False,True,False,False,True,False,False,False,False,False,False,True,False,False,False,True,False,False,False,False,True
0.5335487667510319,2024-01-16,2024-01-16,0.6523294880016011,-1.3724714757802015,-0.029719846197884175,-0.6822585854796579,-0.630747419019279,-1.6429144982166608,0.1485492696959367,0.14795372120046338,False,False,False,True,False,False,False,True,False,False,True,False,False,False,False,False,False,True,False,False,False,False,True,False,False,False,True
-1.2662238917122302,2024-02-09,2024-02-09,-1.1468470088879463,-1.3724714757802015,-0.000264578695017247,0.6362640900882431,1.1439758118418968,0.193102272312275,-0.39535224281796455,0.5782557746318541,False,False,False,True,False,False,False,False,False,True,False,False,False,True,False,False,True,False,False,False,False,False,False,True,False,True,False
0.01932800719009993,2024-02-17,2024-02-17,0.3802588957890354,-1.1801054392482144,0.6681434146392699,-0.9872115840340688,-0.7243180638801494,-1.0535113872229966,-1.6395102481016057,-1.5732544925250995,False,False,False,False,True,False,False,False,True,False,False,True,False,False,False,False,False,True,False,False,False,True,False,False,False,True,False
0.5335487667510319,2024-02-16,2024-02-16,0.8745127729833396,0.07027379820970169,-1.2577779220866419,0.18429518313983242,0.6555370456681534,-1.6312971400353697,1.575789602287697,1.4388598814946356,False,True,False,False,False,True,False,False,False,False,True,False,False,False,False,False,False,False,True,False,False,False,False,True,True,False,False
1.3048799060924299,2024-01-22,2024-01-22,-1.0091949944917755,-1.2859067593408076,0.053359113425586635,0.3825566367454549,-0.10051376480767994,0.5782532593634445,-0.5263162433741374,-1.1429524390937087,True,False,False,False,False,False,False,False,False,True,False,True,False,False,False,False,False,False,False,True,False,True,False,False,False,True,False
-0.6491589802391117,2024-02-11,2024-02-11,1.0768335189750269,1.6188203922921978,-1.3944805738307164,-1.3207276733621711,0.9998770187561563,-0.8339670264908435,-0.9038400204875946,0.5782557746318541,False,False,False,False,True,True,False,False,False,False,False,False,True,False,False,True,False,False,False,False,False,True,False,False,True,False,False
0.5335487667510319,2024-02-03,2024-02-03,1.642684920435796,-1.487891097699394,0.32827494345234426,0.5984599993583575,-0.5402957956537707,-1.5498570882950948,-0.974667490176137,-1.5732544925250995,True,False,False,False,False,True,False,False,False,False,False,True,False,False,False,False,True,False,False,False,False,False,True,False,False,False,True
-1.2662238917122302,2024-02-08,2024-02-08,-0.21654111293530234,1.13790530096223,-0.3567488418066369,-0.7666877214430691,1.6617333800720464,-1.6179016147855139,1.5343622143566629,-1.1429524390937087,False,False,False,False,True,False,True,False,False,False,False,False,False,True,False,False,True,False,False,False,False,True,False,False,False,True,False
1.3048799060924299,2024-02-22,2024-02-22,-1.473886022956701,-0.7472818570512436,0.9536329304362874,1.680497085138196,-0.13045637116315784,1.089535563811488,1.6045215003688982,0.14795372120046338,False,False,True,False,False,False,False,False,True,False,False,True,False,False,False,False,False,False,False,False,True,True,False,False,False,True,False
-1.2662238917122302,2024-01-19,2024-01-19,-1.6364816909682853,-0.7376635552246442,1.287459295468779,0.49512881803000336,-1.2632849782787627,-0.34094057061340005,1.5590850103800218,0.5782557746318541,False,False,False,False,True,False,False,True,False,False,False,False,False,True,True,False,False,False,False,False,False,False,False,True,False,True,False
0.6615897358817038,2024-01-23,2024-01-23,-1.1334513430574464,0.44538756944707664,1.28594876893017,-1.3371094460117883,0.1253033914565543,0.2811808144418592,0.8514784971709048,-1.5732544925250995,False,False,False,True,False,False,False,True,False,False,False,False,True,False,False,False,False,True,False,False,False,True,False,False,True,False,False
0.01932800719009993,2024-02-19,2024-02-19,0.7775096755900651,0.15683851464909573,-1.4239358413335832,-0.06185145205697863,-1.5096876764123883,1.035360740455876,0.29220876010194247,-1.5732544925250995,False,False,False,True,False,False,False,False,False,True,False,True,False,False,False,False,False,False,True,False,False,False,True,False,False,True,False
1.3048799060924299,2024-01-10,2024-01-10,1.0597424970533544,-1.324379966647205,1.5993830256914459,-0.9145437207421776,-1.2177472644464726,-0.6607735540126168,0.3376452500908187,0.14795372120046338,False,False,False,True,False,True,False,False,False,False,False,True,False,False,False,False,True,False,False,False,False,False,False,True,False,True,False
0.01932800719009993,2024-02-10,2024-02-10,-0.4747541198059715,-0.9300295917566312,0.9120934506245517,0.9063533160806487,0.7734360581928501,-0.5386727486378232,-1.193163552328527,0.5782557746318541,False,False,True,False,False,True,False,False,False,False,False,False,True,False,False,False,False,False,False,True,False,False,True,False,False,False,True
-2.447388976423691,2024-01-10,2024-01-10,0.31836168126189807,-0.33369487850747137,0.4959433892378941,0.6539059990955232,1.5176345869863057,-0.36749453217063666,-0.8403625712384293,0.5782557746318541,False,True,False,False,False,False,False,False,True,False,True,False,False,False,False,False,False,False,False,False,True,False,False,True,False,True,False
0.5335487667510319,2024-02-17,2024-02-17,1.6348322887420546,1.3110347338410184,-0.014614580811798377,-1.5773754448728392,0.3573585907115129,-1.6143452806483838,-1.5867237376733525,-1.5732544925250995,True,False,False,False,False,False,False,False,False,True,False,False,False,True,False,False,False,False,True,False,False,False,False,True,False,True,False
0.36128481229812,2024-01-09,2024-01-09,1.446369128092264,1.3591262429740152,-1.6565569282793013,-0.0857940428525729,0.7066889981920954,0.12636173500547038,1.235015927371125,1.4388598814946356,False,True,False,False,False,False,False,True,False,False,False,True,False,False,False,False,False,False,False,True,False,True,False,False,False,True,False
0.01932800719009993,2024-01-04,2024-01-04,0.8172347535701681,1.4168360539336113,-0.1792619735201312,1.64857363074407,1.301174495208159,1.545339055720305,-0.021169384086042346,-1.5732544925250995,True,False,False,False,False,False,True,False,False,False,True,False,False,False,False,False,False,False,False,False,True,False,True,False,False,True,False
-1.2662238917122302,2024-01-07,2024-01-07,1.5082663426194012,-0.22789355841487838,1.3463698304745122,0.986581997518517,-0.7997983840679178,-0.27846763427115134,-0.2082608134520035,0.5782557746318541,False,False,False,True,False,False,False,True,False,False,False,False,True,False,False,False,False,False,False,True,False,False,False,True,False,False,True
-1.2662238917122302,2024-02-21,2024-02-22,0.038438457355591295,0.4934790785800732,-1.512301643842184,0.8723296344237516,0.13278904304542422,0.19227246101361142,1.0479244980051639,-0.6610141392505511,False,True,False,False,False,False,True,False,False,False,False,False,True,False,True,False,False,False,False,False,False,False,False,True,False,True,False
-1.2662238917122302,2024-01-28,2024-01-28,1.252824852817111,-0.3048399730276733,-1.201133176888821,-0.8284344029685491,1.5357249116594078,-0.9170667008284458,1.4628665609918134,0.5782557746318541,False,False,False,False,True,False,True,False,False,False,False,True,False,False,False,True,False,False,False,False,False,True,False,False,True,False,False
1.3048799060924299,2024-02-22,2024-02-22,0.33175734709239785,-0.5068243113862597,-0.5176199181684482,-1.0750010836179145,-1.327536821083227,-1.2133093344513675,-1.5272553904820292,0.14795372120046338,False,False,True,False,False,False,False,False,True,False,False,True,False,False,False,False,False,True,False,False,False,False,True,False,False,False,True
-1.0620782501665402,2024-02-05,2024-02-06,1.0541994629165965,0.16645681647569532,-1.0183594657171853,-1.6139193992450622,1.984864006991586,1.2424579317080742,0.06836722853909605,1.4388598814946356,False,False,False,True,False,True,False,False,False,False,False,False,True,False,True,False,False,False,False,False,False,True,False,False,False,True,False
1.3048799060924299,2024-01-30,2024-01-30,-0.6673745560583313,-0.3721680858138686,0.8984987117770747,-1.5408314905006166,1.4228163335272905,-0.73012206968665,-1.1383724908713528,1.0085578280632448,True,False,False,False,False,False,False,False,True,False,False,False,True,False,False,False,False,False,True,False,False,True,False,False,False,True,False
0.5335487667510319,2024-01-06,2024-01-06,-0.38837517117481746,1.3206530356676176,-0.5432988693247938,-0.36596435970628116,-0.7436559971513956,1.380325151757477,-1.3054184099481039,-0.3770147839858334,False,False,True,False,False,False,True,False,False,False,False,False,False,True,False,True,False,False,False,False,False,True,False,False,False,False,True
0.01932800719009993,2024-02-22,2024-02-22,0.018113998854143037,-0.9877394027162274,1.3735593081694661,1.1697218148321853,0.733512583052212,1.5993953346046796,0.015580718110842799,-0.1876818804760213,False,True,False,False,False,False,False,False,True,False,False,False,False,True,False,False,True,False,False,False,False,True,False,False,False,False,True
0.01932800719009993,2024-01-18,2024-01-18,1.577554269328883,0.2530215329150894,-0.4549330668161932,1.365462995722482,-0.5484052515417126,-0.23247237943093785,0.20935398423987409,1.0085578280632448,False,False,True,False,False,True,False,False,False,False,True,False,False,False,True,False,False,False,False,False,False,True,False,False,False,True,False
0.01932800719009993,2024-02-21,2024-02-21,-1.68267364210794,-1.3147616648206053,-0.3371119968047258,-0.8380954483772977,1.3772786196950002,1.5360925869637676,-1.131690654108283,0.14795372120046338,False,False,True,False,False,False,False,True,False,False,True,False,False,False,False,False,False,False,False,False,True,False,True,False,False,True,False
0.01932800719009993,2024-01-22,2024-01-22,1.4468310476036605,1.2052334137484253,-0.03878300542953533,-0.5310422225601151,0.668013131649603,1.2144814364959857,1.3886981729217356,-0.7126503856623181,True,False,False,False,False,False,False,True,False,False,False,False,True,False,False,False,False,False,True,False,False,False,False,True,True,False,False
1.3048799060924299,2024-02-13,2024-02-13,-1.573660637418355,-1.3051433629940061,1.360719832591294,-1.0708006290923715,1.3966165529662469,1.7463904789393832,1.5497304389117237,-0.28234833223092737,False,False,False,False,True,False,True,False,False,False,False,False,True,False,False,False,False,True,False,False,False,False,False,True,False,True,False
-0.6491589802391117,2024-01-22,2024-01-22,0.6740397050372388,0.7147000205918584,-1.5802753380795689,-1.0275359474792802,-0.6737899156552792,0.019790255362810573,0.9744242936113936,0.14795372120046338,False,True,False,False,False,False,False,True,False,False,True,False,False,False,False,False,False,False,False,False,True,False,False,True,False,True,False
1.3048799060924299,2024-02-10,2024-02-10,0.8357115340260299,1.1571419046154288,-1.2940305590132473,0.6396244537086774,0.5058240138907604,0.8743773485151284,0.48330929152574553,1.0085578280632448,False,False,True,False,False,False,False,False,False,True,False,False,True,False,False,False,True,False,False,False,False,False,False,True,True,False,False
-1.2662238917122302,2024-01-15,2024-01-15,1.1516644798212676,-1.6898754360579804,0.8645118646583825,-0.4550139956477895,1.1913849385714048,-1.1120723560144026,-0.2075926297756965,1.0085578280632448,False,False,False,False,True,False,False,False,True,False,False,False,True,False,False,False,False,False,False,False,True,True,False,False,False,True,False
-1.2662238917122302,2024-01-17,2024-01-17,0.5811938832465331,-0.3529314821606701,-1.4201595249870618,0.6480253627597632,0.44344358398351336,-0.28842536985511513,1.0165198652187348,-0.35980270184857777,False,False,False,True,False,False,True,False,False,False,False,False,False,True,False,False,True,False,False,False,False,False,True,False,False,True,False
1.739910668680978,2024-01-01,2024-01-01,0.8504929583907194,-1.6033107196185863,0.8003144867675187,-0.8183533121072462,0.6767463918366176,1.6856957096656993,0.8401193746736857,-0.7126503856623181,True,False,False,False,False,False,True,False,False,False,False,True,False,False,False,False,False,False,False,True,False,True,False,False,False,True,False
0.15353962543550315,2024-01-16,2024-01-16,1.4223493134996437,-0.487587707733061,0.3471565251849512,-0.8057519485306176,1.5338534987621903,0.9048432776232079,-0.8543944284408763,1.4388598814946356,True,False,False,False,False,False,True,False,False,False,False,False,True,False,False,False,False,False,False,True,False,True,False,False,True,False,False
1.3048799060924299,2024-02-22,2024-02-22,0.5659505393704468,-0.6318622351320512,-0.5055357058595797,0.7055715897597004,0.6854796520236321,-1.2683139691056435,0.725191782348881,-0.28234833223092737,False,False,True,False,False,False,False,False,True,False,True,False,False,False,False,False,True,False,False,False,False,True,False,False,False,True,False
0.5335487667510319,2024-01-20,2024-01-20,-0.7579107802920544,0.301113042048086,-0.17775144698152268,-0.5155005408156067,-1.9451030771649718,-0.8953730625919533,-1.4751370637300831,1.0085578280632448,False,False,True,False,False,False,False,True,False,False,False,True,False,False,False,False,False,False,False,False,True,False,True,False,True,False,False
0.01932800719009993,2024-02-17,2024-02-17,1.386319591610713,-1.2570518538610094,0.6394434104057071,0.4468235909862606,1.062881252962476,-1.1529701985913967,-0.46551152883019997,-1.5732544925250995,True,False,False,False,False,False,False,False,True,False,True,False,False,False,False,False,True,False,False,False,False,False,True,False,True,False,False
-1.2662238917122302,2024-02-09,2024-02-09,1.284235379592076,1.3110347338410184,-1.065941051683355,0.2821657735849808,-0.9451447857518036,0.1628734321466706,-1.3916141041917076,0.48789234341126203,False,False,True,False,False,False,False,False,False,True,False,True,False,False,False,False,False,False,True,False,False,False,False,True,True,False,False
0.01932800719009993,2024-02-09,2024-02-09,0.781666951192634,-0.6318622351320512,1.1809671744968753,-0.2752345419545557,-1.1497525958475732,0.8482975648428426,0.33697706641451186,1.4388598814946356,False,True,False,False,False,True,False,False,False,False,False,False,False,True,False,False,False,True,False,False,False,False,False,True,False,True,False
0.01932800719009993,2024-02-08,2024-02-08,0.44307994933896566,-0.39140468946706736,0.3101486249890414,-1.3904552184861825,-1.1366527055670517,-0.9112580217378002,1.2016067435557747,-0.28234833223092737,True,False,False,False,False,True,False,False,False,False,False,False,False,True,False,False,True,False,False,False,False,False,True,False,True,False,False
-1.2662238917122302,2024-02-11,2024-02-11,-0.338949783455387,-0.5549158205192565,-1.0395068372577052,0.6820490444166604,0.19392186435452557,1.3121620807958203,-0.6967030808324233,-1.1171343158878253,False,False,False,False,True,False,False,False,True,False,False,False,True,False,False,False,False,False,False,False,True,False,True,False,True,False,False
0.01932800719009993,2024-01-08,2024-01-08,0.018113998854143037,1.1667602064420282,0.514069707701197,0.837465861861746,0.02487089930588675,-1.0549339208778488,0.8367784562921506,1.4388598814946356,False,False,False,True,False,False,True,False,False,False,False,False,False,True,False,True,False,False,False,False,False,True,False,False,True,False,False
0.5335487667510319,2024-01-19,2024-01-19,-0.13108600332694123,-0.5837707259990546,1.1484908539167913,1.0138849519345452,-0.6750375242534239,-1.1553410880161499,-1.1116451438190729,-0.7126503856623181,False,True,False,False,False,False,False,True,False,False,False,False,True,False,False,False,False,False,True,False,False,True,False,False,False,True,False
0.5335487667510319,2024-01-06,2024-01-06,-1.6678922177432505,-0.9300295917566312,-0.45870938316271465,-0.598669540421355,1.6473858811933801,1.4739752840352318,-0.644584754080477,-1.1429524390937087,True,False,False,False,False,False,False,False,True,False,True,False,False,False,True,False,False,False,False,False,False,False,True,False,True,False,False
0.01932800719009993,2024-02-22,2024-02-23,0.018113998854143037,-1.6417839269249834,0.8652671279276867,-1.2165564011287084,-0.8135220786475126,-1.2124795231527037,-1.1918271849759132,0.14795372120046338,False,False,False,False,True,False,True,False,False,False,False,True,False,False,False,True,False,False,False,False,False,False,False,True,False,True,False
0.5335487667510319,2024-01-23,2024-01-23,0.20657715950393413,-1.3051433629940061,-1.837064849643024,-1.280823355369514,-1.0692818412672247,-0.347341972060234,-0.6085028355598989,1.4388598814946356,False,False,False,True,False,False,False,False,True,False,False,False,True,False,False,False,False,False,False,True,False,True,False,False,False,True,False
0.01932800719009993,2024-01-30,2024-01-30,-1.578741752043717,-0.2663667657212758,-0.014614580811798377,-1.119945947041223,1.5195059998835232,0.8536320660485373,1.2236568048739056,-1.5732544925250995,False,True,False,False,False,False,True,False,False,False,False,True,False,False,False,False,True,False,False,False,False,True,False,False,False,False,True
-1.2662238917122302,2024-01-04,2024-01-04,-0.6401213048859351,-1.1320139301152177,1.256493501427303,-1.4778246726174737,1.3148981897877532,2.9275675903514644,0.8307648032053876,-1.5732544925250995,False,True,False,False,False,False,False,False,False,True,False,False,False,True,True,False,False,False,False,False,False,False,False,True,False,False,True
1.3048799060924299,2024-02-23,2024-02-23,-0.012834608409425307,-1.4686544940461952,-0.9435884020560618,0.2599033645996036,-0.30075494480994225,-1.7722465163369518,-0.04923309849093651,0.5782557746318541,False,False,False,False,True,False,True,False,False,False,True,False,False,False,False,False,False,False,False,False,True,True,False,False,False,False,True
-1.2662238917122302,2024-01-08,2024-01-08,0.8638886242212191,0.7435549260716563,-1.5160779601887053,-0.1639224970276699,-0.5658717719157418,0.9592551899212957,0.8127238439450984,1.0085578280632448,False,True,False,False,False,False,False,True,False,False,False,False,True,False,False,False,False,False,False,True,False,False,False,True,True,False,False
-1.2662238917122302,2024-02-03,2024-02-03,0.8140013169903922,1.43607265758681,0.3501775782621683,-0.3029575418231384,1.231308413712043,1.0403396082478575,-0.5476981210159615,1.4388598814946356,False,True,False,False,False,False,False,False,True,False,False,False,False,True,False,False,False,False,False,False,True,False,False,True,False,True,False
-0.6491589802391117,2024-01-18,2024-01-18,0.14052266937422803,0.7339366242450571,-1.0969068457248305,1.2335687236204365,-0.028776270414345592,1.4964987335703877,1.5096394183333035,-1.5732544925250995,False,False,False,False,True,False,False,False,True,False,False,False,False,True,False,False,False,False,False,False,True,False,True,False,False,True,False
1.3048799060924299,2024-01-11,2024-01-11,-0.9246637239062075,0.05103719455650296,-0.5727541368276606,1.4612333589048592,-0.9987919554720359,-0.43696159231590764,0.42584549536334326,-0.28234833223092737,True,False,False,False,False,False,True,False,False,False,False,False,True,False,False,False,False,False,False,False,True,True,False,False,False,False,True
-1.2662238917122302,2024-01-03,2024-01-03,1.1415022505705437,1.3014164320144188,-1.6391858730853028,0.37079536407393493,-1.1329098797726167,1.4814435857232044,-1.2091999605598955,0.1995899676122303,True,False,False,False,False,False,True,False,False,False,False,False,False,True,False,True,False,False,False,False,False,False,True,False,False,False,True
1.3048799060924299,2024-01-06,2024-01-06,-0.2622711445635605,1.060958886349435,0.11529070150853754,0.7437957259421402,-1.1871808537919215,-0.974086591493762,0.6109323737003833,1.4388598814946356,False,False,True,False,False,False,True,False,False,False,True,False,False,False,False,False,False,True,False,False,False,False,False,True,False,False,True
-0.49232164857302757,2024-01-13,2024-01-13,0.5650267003476539,-1.5552192104855893,1.1854987541127011,1.0294266336790538,-0.1329515883594481,1.1732279605052789,1.060619987854997,-1.5732544925250995,False,False,True,False,False,False,False,True,False,False,False,False,True,False,False,True,False,False,False,False,False,False,True,False,False,False,True
-0.6491589802391117,2024-02-03,2024-02-03,-0.23594173241395736,-0.9877394027162274,-1.6565569282793013,0.009136229424695453,0.613118353331225,1.395854477489611,0.29955878054131946,-1.5345273077162744,False,False,False,True,False,False,False,False,False,True,False,False,False,True,True,False,False,False,False,False,False,False,False,True,True,False,False
1.3048799060924299,2024-01-14,2024-01-14,-1.0831021163152228,0.1472202128224966,1.6356356626180515,1.4893764042259963,-0.7779652336003817,1.0153267248167108,-1.2198908993808075,-1.1429524390937087,False,True,False,False,False,False,False,False,False,True,False,False,False,True,True,False,False,False,False,False,False,False,False,True,False,False,True
1.3048799060924299,2024-02-23,2024-02-23,0.48234310780767214,-0.07400072918928854,-1.2139726524669938,1.216346860065711,0.905682569596214,-1.1207261024147521,1.452843805847208,0.14795372120046338,False,False,False,True,False,True,False,False,False,False,True,False,False,False,False,False,False,False,False,False,True,False,False,True,True,False,False
0.18439287100915877,2024-02-10,2024-02-10,-1.5722748788841654,-1.276288457514208,1.0004592531331526,0.6887697716575287,1.4496399183874074,0.010188153192559784,-1.2412727770226317,0.14795372120046338,False,False,False,True,False,False,False,False,False,True,False,True,False,False,False,False,False,False,False,False,True,True,False,False,False,True,False
1.5578765197964086,2024-01-21,2024-01-21,1.4653078280595222,0.41653266396727834,0.4460960134638117,-0.4974385863557725,0.3554871778142954,0.24016442739362748,0.16792659630883977,0.5782557746318541,False,False,False,False,True,False,False,False,True,False,False,True,False,False,True,False,False,False,False,False,False,True,False,False,False,False,True
0.33094578748402487,2024-02-24,2024-02-24,0.018113998854143037,-0.5356792168660578,-0.9292383999392805,1.4381308590143735,0.0766466561289016,-1.6612888912584989,-0.10936962935856688,0.5782557746318541,False,False,True,False,False,False,True,False,False,False,False,False,True,False,True,False,False,False,False,False,False,False,True,False,False,False,True
1.3048799060924299,2024-01-16,2024-01-16,-0.5662141830624878,-0.593389027825654,-0.9383015591709318,-1.4488415363912281,0.31930652846809227,0.7885511513390597,1.3078479480885885,1.0085578280632448,True,False,False,False,False,False,False,True,False,False,True,False,False,False,False,False,False,False,False,False,True,True,False,False,False,True,False
-1.2662238917122302,2024-01-21,2024-01-21,-0.793016663158192,-0.3433131803340707,-0.7238067906885165,-0.9733500840997774,1.201365807356564,-0.28415776889055905,1.6626534802076074,0.14795372120046338,False,False,False,False,True,False,True,False,False,False,False,False,False,True,False,True,False,False,False,False,False,False,True,False,False,True,False
-1.0589929256091744,2024-02-21,2024-02-21,-0.9713175945572587,1.0417222826962362,1.0865592658338403,-1.0451778564865601,0.9774200639895474,-0.8970326851892806,1.0673018246180672,1.0085578280632448,False,False,True,False,False,False,True,False,False,False,False,False,True,False,False,False,True,False,False,False,False,True,False,False,False,True,False
-0.6491589802391117,2024-01-15,2024-01-15,1.3678428111548508,0.6088987004992656,-1.1512858011147384,1.58094631288283,-0.27268375135168094,-0.13396192383243927,-1.3455094305265243,1.4388598814946356,False,False,True,False,False,False,False,False,True,False,True,False,False,False,False,False,False,False,False,True,False,False,True,False,False,False,True
0.5335487667510319,2024-01-18,2024-01-18,-0.5819194464499704,1.599583788638999,0.49141180962206826,-0.24625140572830984,-1.548987347253954,0.3443650176115338,-0.4795433860326471,0.14795372120046338,True,False,False,False,False,False,False,True,False,False,True,False,False,False,False,False,True,False,False,False,False,False,False,True,False,False,True
1.456575030162905,2024-01-07,2024-01-07,-0.20961232026435422,1.0994320936558326,0.5238881302021523,1.08487263341622,-0.6625614382719743,0.05950265322742786,-0.8791172244642353,1.0085578280632448,False,True,False,False,False,False,False,True,False,False,False,False,True,False,False,False,False,False,True,False,False,False,False,True,False,False,True
0.01932800719009993,2024-01-02,2024-01-02,-0.4904593831934542,0.17607511830229447,1.7262672549345648,-0.5932089495381495,-1.301960844821256,0.010188153192559784,0.33430433170928364,-0.28234833223092737,True,False,False,False,False,False,False,True,False,False,True,False,False,False,True,False,False,False,False,False,False,False,False,True,True,False,False
-1.2662238917122302,2024-01-22,2024-01-22,1.2976310454225761,-0.593389027825654,-0.014614580811798377,2.6730644895239712,-0.3113596178941743,0.43754097200433767,-1.5379463293029412,0.14795372120046338,False,False,False,True,False,False,False,False,True,False,False,False,False,True,False,False,False,False,False,True,False,False,True,False,True,False,False
-0.6491589802391117,2024-01-09,2024-01-09,-0.17496835690961324,-1.2281969483812114,-0.7540173214606877,-0.4596344956258869,-1.1060862949125005,1.2040495230270714,0.40112269933998407,-0.28234833223092737,False,False,False,True,False,False,False,False,True,False,False,False,True,False,False,False,False,False,False,False,True,True,False,False,False,True,False
-1.2662238917122302,2024-02-24,2024-02-24,-1.2290686819165315,-0.12209223832228558,-0.876369971087981,1.472994631576379,-0.5296911225695387,0.5142392448951061,-0.2075926297756965,-1.1429524390937087,False,False,False,True,False,False,False,True,False,False,False,False,False,True,False,False,True,False,False,False,False,True,False,False,False,False,True
-2.3671705379321852,2024-02-18,2024-02-18,1.2080186602116463,-0.0643824273626894,-0.8174594360822471,-0.9405865388005432,1.4671064387614365,-1.0620465891521085,0.2153676373266371,0.3157715220387056,False,False,False,False,True,False,False,False,True,False,True,False,False,False,False,False,False,False,True,False,False,False,True,False,False,True,False
0.5335487667510319,2024-01-08,2024-01-08,0.6338527075457393,-1.170487137421615,0.9105829240859435,-1.2942648098512513,-0.8322362076196864,-1.620272504210267,-0.25971095652764276,1.4388598814946356,True,False,False,False,False,False,True,False,False,False,False,True,False,False,False,True,False,False,False,False,False,False,True,False,False,False,True
0.5335487667510319,2024-02-06,2024-02-06,0.35485332266222513,-0.785755064357641,-0.014614580811798377,0.47160627268696326,0.09161795930664056,0.010188153192559784,-0.8931490816666825,-0.28234833223092737,False,True,False,False,False,False,False,False,True,False,True,False,False,False,True,False,False,False,False,False,False,True,False,False,False,False,True
0.01932800719009993,2024-01-28,2024-01-28,0.412131342075397,-0.39140468946706736,-0.5674672939425307,1.708640130459333,-1.1647238990253126,-1.14467208560476,-0.06126040466446256,0.5782557746318541,False,True,False,False,False,False,False,False,True,False,False,True,False,False,False,False,False,False,True,False,False,False,False,True,False,False,True
1.3048799060924299,2024-01-08,2024-01-08,0.2550787082005713,-0.1990386529350805,-1.4888884824937514,0.5346130905701061,1.4153306819384208,-0.7265657355495202,-0.5483663046922685,-0.7126503856623181,True,False,False,False,False,True,False,False,False,False,False,False,False,True,False,False,False,False,False,True,False,False,True,False,True,False,False
0.01932800719009993,2024-01-22,2024-01-22,-1.6046092446819233,-0.7280452533980448,1.3169145629716452,-1.3064461279753254,1.4845729591354648,-1.5313641507820193,1.6252351943344154,-0.28234833223092737,False,False,True,False,False,False,False,True,False,False,False,False,False,True,False,True,False,False,False,False,False,False,True,False,False,True,False
1.3048799060924299,2024-02-14,2024-02-14,0.5848892393377053,1.214851715575025,1.1794566479582664,-1.2190766738440344,1.092200055018882,-0.11772133127287929,1.6138760718371963,-0.28234833223092737,False,False,False,False,True,True,False,False,False,False,False,False,True,False,True,False,False,False,False,False,False,False,False,True,False,False,True
1.3048799060924299,2024-02-05,2024-02-05,0.6227666392722221,-0.9396478935832306,-1.525896382689661,0.06248200189908979,0.6836082391264147,-1.191260062801162,0.02894439163698295,-1.1429524390937087,True,False,False,False,False,True,False,False,False,False,False,False,False,True,False,False,False,False,False,False,True,False,True,False,True,False,False
0.5335487667510319,2024-01-21,2024-01-21,0.12805084256652113,-0.5260609150394584,1.1507566437247043,0.11792800163625514,1.0472861454856643,-0.8881418498464558,1.4454937854078311,1.0085578280632448,False,False,True,False,False,False,True,False,False,False,False,False,False,True,False,False,False,True,False,False,False,False,True,False,False,False,True
-0.760744885063834,2024-01-04,2024-01-04,-1.3584061451075644,-1.6129290214451855,1.13942769468514,-0.726783403450412,1.3841404669847972,0.37660911378817835,0.886224048338869,-0.7126503856623181,False,False,False,True,False,False,False,True,False,False,False,False,False,True,True,False,False,False,False,False,False,False,True,False,False,False,True
-0.6491589802391117,2024-02-16,2024-02-16,-1.3976693035762708,-1.1801054392482144,-0.014614580811798377,-1.0981035835084,-0.8104030571521499,1.5741453622310575,-0.18621075213387236,0.5782557746318541,False,False,True,False,False,False,False,True,False,False,True,False,False,False,False,False,False,False,False,False,True,True,False,False,False,False,True
0.01932800719009993,2024-01-25,2024-01-25,-0.23963708850512966,0.6569902096322622,-0.43151990546776064,-0.6532754492534123,-1.0262393446312243,-1.4132938574293061,0.018253452816070874,-0.7556805910054571,False,False,False,False,True,False,False,True,False,False,False,True,False,False,False,True,False,False,False,False,False,False,False,True,False,False,True
-0.6491589802391117,2024-02-09,2024-02-09,1.6602378618688645,1.5034007703730052,-0.7102120518410395,1.1268771786716485,0.6249706350136027,-1.239507662594891,1.5036257652465406,1.0085578280632448,False,True,False,False,False,True,False,False,False,False,False,True,False,False,False,True,False,False,False,False,False,False,False,True,False,False,True
0.01932800719009993,2024-01-28,2024-01-28,0.7788954341242545,0.5896620968460669,-0.5055357058595797,-1.4459012182233482,-1.2788800857555744,1.4842886530329085,1.266420560157554,-0.28234833223092737,False,False,False,True,False,False,False,False,True,False,False,True,False,False,False,False,False,False,True,False,False,False,False,True,True,False,False
-0.6491589802391117,2024-01-10,2024-01-10,0.018113998854143037,-0.08361903101588813,1.1885198071899181,-1.2598210827418,1.4377876367050295,-0.14439383730135363,-0.9225491634241907,-0.28234833223092737,False,False,False,False,True,False,True,False,False,False,False,True,False,False,True,False,False,False,False,False,False,True,False,False,False,False,True
0.01932800719009993,2024-01-31,2024-01-31,0.40935982500701756,-0.324076576680872,-0.8227462789673771,-0.3567233597500869,0.2700259888413668,1.2671151817255086,1.0813336818205141,2.9631426538712358,True,False,False,False,False,False,False,False,True,False,True,False,False,False,True,False,False,False,False,False,False,True,False,False,True,False,False
-0.6491589802391117,2024-01-09,2024-01-09,0.40935982500701756,-0.9300295917566312,-0.8151936462743343,-0.19248558780136127,0.9605773479145909,-1.3744112708633525,1.1053882941675663,-0.7599836115397711,False,True,False,False,False,False,False,True,False,False,False,True,False,False,False,False,False,False,False,False,True,True,False,False,True,False,False
0.5335487667510319,2024-01-07,2024-01-07,0.15114681813634845,0.974394169910041,-1.1105015845723074,-0.1319990426335443,0.7459886690336616,0.7846391837882171,-1.6348329623674567,-1.1429524390937087,False,False,True,False,False,False,True,False,False,False,False,True,False,False,False,True,False,False,False,False,False,False,False,True,False,True,False
-1.2662238917122302,2024-01-06,2024-01-06,1.0712904848382683,-0.17980204928188176,0.8901908158147277,-0.25255208751662406,0.5264095557601517,-0.5827712919382342,0.14320380028548055,1.0085578280632448,True,False,False,False,False,False,True,False,False,False,False,True,False,False,False,False,False,False,True,False,False,True,False,False,False,False,True
0.01932800719009993,2024-02-09,2024-02-09,-0.7426674364159684,-1.1031590246354195,0.2829591472940874,-0.13871976987441303,-0.7261894767773664,-1.4372398406193143,1.3452662339617805,-1.5732544925250995,True,False,False,False,False,True,False,False,False,False,True,False,False,False,False,True,False,False,False,False,False,False,False,True,False,False,True
0.5335487667510319,2024-02-07,2024-02-07,-0.5412705294470743,-1.1993420429014132,1.7874435797482116,-1.5114283088218168,0.6368229166959795,1.2890459089044761,0.2481086374656802,1.0085578280632448,True,False,False,False,False,False,False,True,False,False,False,True,False,False,True,False,False,False,False,False,False,True,False,False,True,False,False
-1.2662238917122302,2024-02-15,2024-02-15,-0.09367052290382089,0.41653266396727834,1.7957514757105586,-1.1350675833331774,-0.4535869980826974,0.060332464526091756,1.230338641636976,-0.7126503856623181,False,True,False,False,False,False,False,True,False,False,True,False,False,False,False,False,False,True,False,False,False,True,False,False,True,False,False
-1.2662238917122302,2024-01-08,2024-01-08,-1.4623380351717874,0.7916464352046533,-0.5002488629744498,0.7446358168472486,-0.3812256993902912,-0.8308848702386642,0.3503407399406519,1.0085578280632448,True,False,False,False,False,False,False,False,False,True,False,False,True,False,False,True,False,False,False,False,False,False,False,True,False,False,True
1.3048799060924299,2024-01-02,2024-01-02,-0.13385752039532062,0.13760191099589703,-0.40281990123419786,-0.8653984027933261,1.3111553639933191,-0.4786892461915654,0.2942133111308636,-0.3081664554368108,False,False,False,False,True,False,True,False,False,False,False,False,True,False,False,False,True,False,False,False,False,False,False,True,False,True,False
1.3048799060924299,2024-01-29,2024-01-29,-1.4725002644225114,-0.9877394027162274,-0.5206409712456656,0.2573830918842778,-0.9663541319202673,-0.09294553678420753,0.395109046253221,-0.7126503856623181,True,False,False,False,False,False,False,True,False,False,True,False,False,False,False,False,True,False,False,False,False,False,True,False,False,True,False
-1.2662238917122302,2024-01-05,2024-01-05,-1.3413151231858924,0.7820281333780538,1.6522514545427456,-1.0019131748734689,0.9200300684748801,0.8211508809294173,1.1020473757860314,-0.28234833223092737,False,True,False,False,False,False,False,False,False,True,True,False,False,False,False,False,False,False,True,False,False,True,False,False,False,True,False
0.5335487667510319,2024-01-02,2024-01-02,0.8879084388138397,-0.9396478935832306,-1.0032542003310998,1.643533085313419,0.2569260985608453,-0.12044785411134543,-0.642580203051556,1.4388598814946356,False,False,False,False,True,False,False,True,False,False,True,False,False,False,False,True,False,False,False,False,False,False,False,True,False,True,False
-1.2662238917122302,2024-01-24,2024-01-24,0.8472595218109435,-0.487587707733061,-1.366535832866458,0.9550785885769456,-1.1915474838854287,-0.18256515703988133,-0.21427446653876653,-1.5732544925250995,True,False,False,False,False,False,False,True,False,False,True,False,False,False,False,True,False,False,False,False,False,True,False,False,False,False,True
-0.6491589802391117,2024-02-02,2024-02-02,-0.7934785826695885,-1.1993420429014132,0.4755512809666789,0.4006185912052892,1.1464710290381872,1.433077441458238,-1.4317051247701276,-0.28234833223092737,True,False,False,False,False,True,False,False,False,False,False,False,False,True,False,False,True,False,False,False,False,True,False,False,False,True,False
-0.6491589802391117,2024-02-16,2024-02-16,-1.1177460796699639,-0.31445827485427263,1.1900303337285265,-0.6532754492534123,1.5238726299770309,-1.187348095250319,-0.9539537962106199,-0.28234833223092737,False,False,False,True,False,False,True,False,False,False,False,False,False,True,False,False,False,False,False,True,False,True,False,False,True,False,False
-0.6491589802391117,2024-02-22,2024-02-22,1.116096677443733,1.570728883159201,1.6560277708892668,0.5123506815847289,-0.3044977706043772,1.1790366395959244,0.20133578012418998,-1.5646484514564716,False,False,True,False,False,False,False,True,False,False,False,False,True,False,False,True,False,False,False,False,False,False,True,False,True,False,False
0.5335487667510319,2024-01-21,2024-01-21,0.18994805709365817,-1.3532348721270029,0.17873281613009698,-1.2346183555885428,-0.4679344969613645,-0.760825087737205,-1.4858280025509951,0.5782557746318541,False,False,True,False,False,False,False,False,False,True,False,False,True,False,False,False,False,False,False,False,True,False,True,False,False,False,True
-1.8164401044424274,2024-01-20,2024-01-20,-0.9837894213649655,-0.38178638764046796,0.03296700515437113,-0.6961200854139492,-1.0231203231358623,0.7739701813768273,1.4581892752576644,1.4388598814946356,False,False,False,False,True,False,True,False,False,False,False,False,False,True,True,False,False,False,False,False,False,False,False,True,False,True,False
1.3048799060924299,2024-01-02,2024-01-02,-0.678922543843245,-1.24743355203441,-1.0991726355327431,0.6988508625188313,-0.6188951373369023,0.26162097668764467,1.3766708667482095,0.14795372120046338,False,False,False,False,True,False,True,False,False,False,False,False,True,False,False,False,False,False,False,False,True,False,True,False,False,False,True
1.3048799060924299,2024-02-12,2024-02-12,-1.4720383449111147,1.0128673772164385,0.42268285211537915,-0.0500901793854589,-0.19221299677133288,0.8978491538201857,-0.6639620806933803,1.4388598814946356,False,False,False,False,True,False,False,False,True,False,False,False,True,False,False,False,True,False,False,False,False,False,False,True,False,True,False
1.3048799060924299,2024-02-04,2024-02-04,0.6352384660799287,0.2241666274352915,-0.5123330752833183,-0.4592144501733324,1.3903785099755224,0.010188153192559784,-0.19623350727847744,1.4388598814946356,False,False,False,False,True,True,False,False,False,False,False,True,False,False,False,False,False,False,False,False,True,False,True,False,False,True,False
1.3048799060924299,2024-02-08,2024-02-08,-0.19806433247944055,0.5511888895396694,-1.450370055759233,-0.023627315874538833,1.4334210066115227,0.969331469976497,-1.304750226271797,-1.1429524390937087,False,False,True,False,False,False,True,False,False,False,False,True,False,False,False,False,False,True,False,False,False,True,False,False,False,True,False
0.5335487667510319,2024-02-16,2024-02-16,-1.568579522792993,0.16645681647569532,1.2058908623839164,-1.395495763916834,-2.0436641564184224,0.6504468423471819,-1.5172326353374241,0.14795372120046338,False,False,True,False,False,False,False,False,False,True,False,False,False,True,False,False,False,False,False,True,False,False,True,False,True,False,False
-1.2662238917122302,2024-01-16,2024-01-16,0.15807561080729657,0.5896620968460669,1.6650909301209185,-0.5642258133119037,0.847044965483401,0.06495569890436048,1.264416009128633,1.4388598814946356,True,False,False,False,False,False,False,False,True,False,False,False,False,True,False,False,True,False,False,False,False,False,False,True,False,True,False
0.01932800719009993,2024-01-22,2024-01-22,-0.9459120214304487,-0.2567484638946765,-0.014614580811798377,1.191564178365008,1.341097970348797,0.5710220466179469,1.5169894387726806,1.4388598814946356,False,False,False,False,True,False,True,False,False,False,False,True,False,False,False,True,False,False,False,False,False,False,True,False,True,False,False
-0.49849229768775827,2024-02-21,2024-02-21,1.6154316692633996,1.1956151119218261,0.23688808786652643,-0.5990895858739093,1.0566432099717509,-1.4668759584287303,-0.2256335890359856,-0.28234833223092737,False,False,False,False,True,False,False,True,False,False,False,False,True,False,False,False,True,False,False,False,False,False,False,True,False,True,False
1.3048799060924299,2024-01-16,2024-01-17,1.2823877015464902,1.0994320936558326,1.295767191431126,1.9715885837583158,-0.5546432945324378,0.1497149958392901,1.5697759492009338,-1.1429524390937087,True,False,False,False,False,False,False,False,True,False,False,False,True,False,False,False,False,True,False,False,False,False,True,False,False,False,True
-0.6491589802391117,2024-01-31,2024-01-31,1.2971691259111793,-1.1608688355950159,-0.3907356889253294,-0.6885592672679721,0.011771009025364394,1.7953493455605383,-1.461773390203943,1.0085578280632448,False,False,False,False,True,False,False,False,True,False,False,True,False,False,False,True,False,False,False,False,False,True,False,False,False,False,True
-1.2662238917122302,2024-01-30,2024-01-30,-0.9694699165116726,1.426454355760211,0.16966965689844554,1.2369290872408707,1.0260767993172002,0.5610643110339831,-1.3929504715443215,-1.1429524390937087,False,False,False,True,False,False,True,False,False,False,False,False,False,True,False,False,False,False,False,True,False,True,False,False,True,False,False
-0.6491589802391117,2024-01-19,2024-01-19,0.7618044122025824,0.20493002378209277,0.6379328838670988,0.5963597720955859,1.4003593787606818,-1.439373641101592,-1.3027456752428759,1.4388598814946356,True,False,False,False,False,True,False,False,False,False,False,True,False,False,False,False,False,False,False,False,True,False,True,False,True,False,False
3.1774357840429666,2024-01-12,2024-01-12,0.22135858386862362,1.0128673772164385,-1.5606384930776578,1.526340404050773,0.07040861313817727,-1.3789159607703836,-0.131419690676698,1.4388598814946356,True,False,False,False,False,False,False,False,True,False,False,True,False,False,False,False,False,False,True,False,False,True,False,False,True,False,False
1.3048799060924299,2024-02-08,2024-02-08,0.018113998854143037,-0.15094714380208346,-0.034251425813709754,0.7736189530734942,1.0111054961394612,-0.5779109686174898,0.22071310673709302,0.9009823147053971,False,False,False,True,False,False,False,True,False,False,False,False,True,False,False,False,False,False,False,True,False,False,True,False,False,False,True
2.3595466839519017,2024-01-10,2024-01-10,1.2255716016447147,0.20493002378209277,-0.6686725720293041,0.9197947705623856,-1.2439470450075163,-0.1466461822548692,-1.15908618483687,-1.5732544925250995,True,False,False,False,False,False,True,False,False,False,True,False,False,False,False,True,False,False,False,False,False,False,True,False,False,True,False
0.5335487667510319,2024-01-19,2024-01-19,1.4103394062033332,-0.6222439333054518,1.4792961658720658,1.3768042229414477,-1.4317121390283296,0.010188153192559784,1.0960337226992682,-1.1816796239025338,False,False,True,False,False,False,False,False,True,False,False,False,True,False,False,False,False,False,False,False,True,False,False,True,True,False,False
-0.7113796921459845,2024-01-17,2024-01-17,-1.3939739474850987,0.5704254931928682,-1.3438779347873298,-0.7889501304284463,0.9318823501572568,1.2426950206505498,0.3750635359640109,-0.7126503856623181,False,False,True,False,False,False,False,False,True,False,False,True,False,False,False,True,False,False,False,False,False,True,False,False,True,False,False
-1.5891545287164954,2024-02-07,2024-02-07,0.018113998854143037,0.04141889272990338,-0.30992251910977153,-0.11141681545838426,0.6262182436117474,0.010188153192559784,0.7392236395513282,-0.7126503856623181,False,False,True,False,False,False,False,True,False,False,True,False,False,False,True,False,False,False,False,False,False,False,True,False,False,False,True
-1.2662238917122302,2024-01-08,2024-01-08,-0.4248668125751446,-0.07400072918928854,-0.6875541537619111,1.2873345415473851,-1.353736601644271,0.27300124592646047,-1.5533145538580024,1.7357682983622953,False,True,False,False,False,False,False,False,True,False,False,False,True,False,False,False,False,False,False,False,True,False,True,False,False,True,False
1.3048799060924299,2024-01-01,2024-01-01,0.015804401297160438,-1.3917080794334002,-0.4005541114262852,0.2800655463222095,-1.4073837713645032,1.5346700533089157,1.4735574998127252,-1.5732544925250995,False,False,False,False,True,False,False,False,True,False,False,True,False,False,False,False,True,False,False,False,False,False,True,False,False,False,True
1.3048799060924299,2024-02-18,2024-02-18,0.6084471344189291,1.2340883192282235,0.051848586886978104,-0.43569190483029263,0.43845314959093373,-0.8828073486407609,-0.9365810206266378,-1.5732544925250995,False,False,False,True,False,False,False,True,False,False,False,False,True,False,True,False,False,False,False,False,False,False,True,False,False,False,True
0.01932800719009993,2024-02-05,2024-02-05,0.1141932572246249,-1.5552192104855893,-0.3930014787332423,0.6408845900663402,0.9530916963257211,0.2030600078962388,0.5935595981164014,-0.7126503856623181,False,True,False,False,False,False,True,False,False,False,False,True,False,False,False,False,True,False,False,False,False,False,False,True,False,True,False
0.5335487667510319,2024-02-11,2024-02-11,0.19964836683298567,-0.6703354424384487,-1.3899489942148906,0.892071770693803,-1.0125156500516301,0.7035547654616551,-1.0581904497145125,0.5782557746318541,False,False,False,False,True,False,True,False,False,False,False,False,True,False,True,False,False,False,False,False,False,True,False,False,False,False,True
-1.2662238917122302,2024-02-12,2024-02-12,0.19595301074181337,1.1282869991356308,-1.404298996331672,1.2491104053649453,0.46839575594641253,-0.0088975066767039,0.9350014567092804,-0.28234833223092737,False,True,False,False,False,False,False,True,False,False,False,False,True,False,False,False,False,False,False,True,False,True,False,False,True,False,False
0.01932800719009993,2024-01-25,2024-01-25,-0.2682760982117154,-1.4975093995259934,-1.498706904994707,0.6459251354969918,0.05606111425951022,1.0737691491368788,1.3813481524823585,-0.7126503856623181,False,False,True,False,False,False,False,True,False,False,False,False,False,True,False,True,False,False,False,False,False,False,False,True,False,False,True
0.01932800719009993,2024-01-03,2024-01-03,0.943338780181425,-0.13171054014888472,0.3932275846125122,1.4276297227005164,-0.15228952163069479,1.5593273033263495,1.1675293760641177,1.4388598814946356,True,False,False,False,False,True,False,False,False,False,False,False,True,False,False,True,False,False,False,False,False,True,False,False,True,False,False
0.01932800719009993,2024-01-12,2024-01-12,1.2907022527516276,1.0705771881760346,0.4596907523112887,0.9954029520221568,1.0373052767005049,-1.3855544511596927,-0.5503708557211896,0.14795372120046338,False,False,False,False,True,False,False,True,False,False,False,False,False,True,False,False,False,False,True,False,False,False,False,True,True,False,False
-0.6491589802391117,2024-02-14,2024-02-14,0.018113998854143037,0.599280398672666,-0.5463199224020111,0.6568463172634029,3.188399449343937,1.1232021936429848,0.8501421298182908,0.5782557746318541,False,False,True,False,False,True,False,False,False,False,False,True,False,False,False,False,False,False,False,True,False,True,False,False,False,True,False
0.5335487667510319,2024-02-21,2024-02-21,1.5789400278630727,-0.33369487850747137,1.2519619218114773,-0.8779997663699547,0.6580322628644427,-0.7002488629347589,-0.6499302234909331,-0.28234833223092737,False,False,False,False,True,True,False,False,False,False,False,False,True,False,False,False,False,False,True,False,False,True,False,False,False,False,True
-0.6491589802391117,2024-01-12,2024-01-12,1.4288161866591953,1.214851715575025,-0.16415670813404568,-1.4606028090627483,-0.9095879407046727,0.010188153192559784,1.3666481116036047,0.5782557746318541,False,True,False,False,False,True,False,False,False,False,True,False,False,False,False,False,True,False,False,False,False,True,False,False,True,False,False
-0.6491589802391117,2024-02-12,2024-02-13,-0.21238383733273328,0.4550058712736758,0.674185520793704,-0.09629517916643003,-1.422978878841315,1.4588015917168105,-0.5817754885076187,0.5782557746318541,False,False,False,False,True,True,False,False,False,False,False,True,False,False,False,False,True,False,False,False,False,False,True,False,True,False,False
0.01932800719009993,2024-01-29,2024-01-30,1.0232508556530278,1.676530203251794,-0.32653831103446584,-0.11057672455327586,0.883849419128677,0.9458596646714397,0.24009043334999608,-1.1429524390937087,False,False,False,False,True,True,False,False,False,False,False,False,True,False,True,False,False,False,False,False,False,False,True,False,False,True,False
-0.6491589802391117,2024-01-16,2024-01-16,-0.8844767264147081,0.9840124717366402,-0.029719846197884175,1.1747623602628363,-1.515925719403113,-1.071055968966171,0.015580718110842799,0.14795372120046338,True,False,False,False,False,False,False,False,False,True,False,False,True,False,False,False,False,False,False,True,False,False,False,True,False,True,False
0.5335487667510319,2024-02-24,2024-02-24,-1.5879801422716477,-0.4491145004266635,0.44987232981033315,0.8761100434967396,-1.2557993266898932,-1.5721434488877755,-0.2410018135910467,-0.28234833223092737,False,False,False,True,False,False,False,False,False,True,False,True,False,False,True,False,False,False,False,False,False,True,False,False,False,False,True
0.01932800719009993,2024-01-02,2024-01-02,-0.10891386677990716,1.1667602064420282,0.214230189787398,1.5544834493719104,-1.551482564450244,-0.5805189469847184,1.074651845057444,-1.1429524390937087,False,True,False,False,False,True,False,False,False,False,False,True,False,False,False,False,False,False,True,False,False,True,False,False,True,False,False
0.01932800719009993,2024-01-31,2024-01-31,0.658334441649756,0.349204551181083,-1.620304291352696,-0.8229738120853433,0.8096167075390532,-1.6522795114444362,-0.3251929568057292,1.0085578280632448,False,False,False,True,False,False,False,False,False,True,False,False,False,True,False,False,True,False,False,False,False,False,False,True,False,False,True
0.01932800719009993,2024-02-11,2024-02-11,-0.6502835341366592,0.1472202128224966,-0.1588698652489157,-1.2741026281286456,0.7054413895939508,1.6854586207232236,0.899587721865009,-1.1257403569564532,True,False,False,False,False,False,False,False,False,True,True,False,False,False,False,False,False,False,False,True,False,False,False,True,False,True,False
0.5335487667510319,2024-01-28,2024-01-28,0.21997282533443394,0.18569342012889406,-1.1618594868849983,0.6001401811685746,1.0834667948318675,0.007817263767806644,-1.505873512840205,1.0085578280632448,False,False,False,False,True,False,False,False,False,True,True,False,False,False,False,False,True,False,False,False,False,False,True,False,True,False,False
0.01932800719009993,2024-02-13,2024-02-13,-1.284499023284117,1.570728883159201,1.177190858150354,-0.25465231477939565,-1.466645179776388,-0.6441773280393439,0.6430051901631195,-0.28234833223092737,False,True,False,False,False,False,False,False,False,True,False,False,True,False,False,False,False,False,False,True,False,False,True,False,True,False,False
0.01932800719009993,2024-02-09,2024-02-09,-0.06641727173142484,0.2722581365682881,-1.4571674251829716,-1.4656433544933996,-0.6681756769636268,-1.3918373081352888,-0.8062852037467719,-1.1429524390937087,False,True,False,False,False,False,False,True,False,False,False,False,True,False,False,False,False,False,False,True,False,True,False,False,False,False,True
0.01932800719009993,2024-01-23,2024-01-23,-1.7556569249085943,0.1953117219554932,0.9853539877470673,-1.3518110368511882,-0.5490290558407853,-0.5216023447795995,-1.626146574575466,0.5782557746318541,False,False,False,True,False,False,False,False,True,False,False,True,False,False,False,False,False,False,False,True,False,False,True,False,True,False,False
0.01932800719009993,2024-02-14,2024-02-14,0.527149300413137,-1.3147616648206053,-0.5417883427861853,0.04484009289180975,-1.1909236795863565,-1.3630310016245366,0.5601504143010512,0.14795372120046338,True,False,False,False,False,False,False,False,False,True,True,False,False,False,False,False,False,False,False,True,False,False,False,True,False,True,False
1.3048799060924299,2024-01-29,2024-01-29,1.4805511719356081,-0.025909220056291947,-0.5863488756751377,1.2570912689634766,-0.8278695775261792,-0.08251362331529317,-1.5660100437078355,-1.1429524390937087,False,False,False,False,True,False,False,False,True,False,False,True,False,False,True,False,False,False,False,False,False,False,False,True,False,False,True
1.3048799060924299,2024-01-31,2024-01-31,-1.6734352518800089,1.2917981301878199,1.5729488112657959,-1.2266374919900114,-0.2545934266785798,-0.6994190516360951,0.7960192520374234,0.018863105171046227,True,False,False,False,False,False,True,False,False,False,False,False,True,False,False,False,False,True,False,False,False,True,False,False,False,False,True
1.3048799060924299,2024-01-08,2024-01-09,0.5955133880998258,-0.814609969837439,-0.014614580811798377,3.0453235189958465,-0.4454775421947556,1.1575800903019073,1.0238698856581117,-1.5732544925250995,False,False,True,False,False,False,False,True,False,False,False,False,True,False,False,False,False,False,False,False,True,False,True,False,False,True,False
0.5335487667510319,2024-01-20,2024-01-20,1.39740565988423,-1.8245316616303715,0.7036407882965708,0.5459543177890719,-0.6800279586460036,-1.2681954246344058,-0.3799840182629035,-1.5732544925250995,False,False,True,False,False,False,False,False,False,True,False,False,True,False,True,False,False,False,False,False,False,True,False,False,False,True,False
0.5335487667510319,2024-01-17,2024-01-17,-0.033620986422270016,0.2626398347416885,0.15758544458957707,-0.9796507658880916,-0.11922789377985385,1.05492057821009,-1.1697771236577823,-1.5732544925250995,False,False,False,False,True,False,False,False,True,False,False,False,False,True,True,False,False,False,False,False,False,False,False,True,True,False,False
1.590272427648747,2024-01-29,2024-01-29,0.28648923497553647,0.9647758680834414,1.345614567205208,-0.8670785846035433,-0.6837707844404386,-0.6693087559417287,0.5688368020930421,0.14795372120046338,False,False,True,False,False,False,True,False,False,False,False,False,False,True,False,True,False,False,False,False,False,False,False,True,True,False,False
1.3048799060924299,2024-02-01,2024-02-01,-0.6211826049186767,0.9936307735632397,-1.1150331641881333,-0.3050577690859097,0.9187824598767355,1.7453235786982437,-1.0581904497145125,0.14795372120046338,False,True,False,False,False,True,False,False,False,False,False,False,True,False,False,False,False,True,False,False,False,False,False,True,False,False,True
-0.6491589802391117,2024-02-24,2024-02-24,-0.6609076828987798,-0.7472818570512436,1.1877645439206141,1.6250510854010305,-1.1129481422022978,-1.2873996289749072,-0.7675305505209657,0.5782557746318541,True,False,False,False,False,False,False,True,False,False,True,False,False,False,True,False,False,False,False,False,False,False,True,False,False,True,False
0.01932800719009993,2024-01-31,2024-01-31,-0.6488977756024695,0.301113042048086,0.06393279919584659,0.2086578193879809,-0.5016199291112774,-0.028457344430918484,0.08774455515199935,1.0085578280632448,False,True,False,False,False,False,False,True,False,False,False,False,True,False,False,True,False,False,False,False,False,False,True,False,True,False,False
0.5335487667510319,2024-01-18,2024-01-18,-0.033159066910873565,-1.1320139301152177,0.7270539496450037,-0.1244382244875672,0.9449822404377792,-0.017432708605815677,0.39444086257691413,-1.5732544925250995,True,False,False,False,False,True,False,False,False,False,False,False,False,True,False,False,False,False,True,False,False,True,False,False,True,False,False
1.3048799060924299,2024-01-16,2024-01-16,-1.8909993417477822,-0.6607171406118493,-0.7192752110726909,-0.33320081440704685,0.48648608061951365,0.010188153192559784,-1.4651143085854779,-0.28234833223092737,False,True,False,False,False,False,False,True,False,False,False,False,False,True,True,False,False,False,False,False,False,False,True,False,False,True,False
-1.2662238917122302,2024-01-18,2024-01-18,-0.5597473099029361,0.6858451151120605,1.0865592658338403,0.6429848173291115,-0.6157761158415391,-0.5555060635535713,0.721850863967346,-1.5732544925250995,False,False,True,False,False,True,False,False,False,False,True,False,False,False,False,False,False,True,False,False,False,True,False,False,True,False,False
0.5335487667510319,2024-01-04,2024-01-04,1.2412768650321975,0.031800590903304234,-1.5281621724975738,-0.32606004171362396,-0.05435224667631663,1.4838144751479576,0.30958153568592467,0.14795372120046338,False,False,True,False,False,False,True,False,False,False,True,False,False,False,False,False,False,False,False,False,True,False,True,False,True,False,False
-0.6491589802391117,2024-02-21,2024-02-21,0.018113998854143037,-0.9396478935832306,0.8161750154229086,1.1806429965985963,0.5295285772555147,-1.6552431232253777,-0.20959718080461748,-1.1429524390937087,False,False,False,False,True,False,True,False,False,False,False,False,False,True,False,False,False,False,False,False,True,False,True,False,False,True,False
-1.2662238917122302,2024-02-13,2024-02-13,0.11973629136138332,-0.20865695476167964,0.24066440421304788,1.3906657228757389,-0.2951407061182898,0.39462787341630334,0.49266386299404363,1.4388598814946356,False,True,False,False,False,False,True,False,False,False,False,False,True,False,False,False,False,False,False,True,False,True,False,False,False,False,True
0.5335487667510319,2024-01-21,2024-01-21,-0.26735225918892247,0.002945685423505929,-1.0863331599545705,0.914754225131734,0.26316414155156964,1.4331959859294754,-0.28577011990361595,0.5782557746318541,True,False,False,False,False,False,False,False,False,True,False,False,True,False,False,False,True,False,False,False,False,False,False,True,False,False,True
-0.6491589802391117,2024-02-04,2024-02-04,-1.4771194595364767,0.08951040186290041,-0.5455646591327067,1.5855668128609273,0.510190643984268,-0.7617734435071063,1.195593090469012,-0.28234833223092737,False,False,True,False,False,False,False,True,False,False,False,False,True,False,False,False,False,False,True,False,False,False,False,True,True,False,False
1.5105682099168027,2024-02-10,2024-02-11,1.0916149433397166,1.0032490753898389,0.9626960896679386,-1.2253773556323486,-1.3013370405221838,-1.3388479294920532,-1.6689103298591141,1.4388598814946356,True,False,False,False,False,False,False,True,False,False,True,False,False,False,False,False,False,False,False,True,False,False,False,True,False,True,False
-1.2662238917122302,2024-01-26,2024-01-26,0.018113998854143037,-1.1993420429014132,0.8894355525454236,-0.21600813314440134,-0.09053289602252064,-0.9197932236669121,1.3319025604356407,1.0085578280632448,True,False,False,False,False,False,False,True,False,False,False,True,False,False,False,True,False,False,False,False,False,False,False,True,False,True,False
0.5335487667510319,2024-01-05,2024-01-05,0.05321988172028078,-0.814609969837439,-0.014614580811798377,0.28804640992074076,-1.4011457283737785,-1.3419300857442324,0.30022696421762657,0.5782557746318541,False,False,False,False,True,False,True,False,False,False,False,False,True,False,True,False,False,False,False,False,False,False,True,False,True,False,False
0.5335487667510319,2024-01-18,2024-01-18,-0.45304390277033385,-1.4205629849131984,1.6212856605012698,1.4818155860800188,0.05606111425951022,-0.09235281442801907,0.11914918793842846,-1.5732544925250995,False,False,False,True,False,False,False,False,True,False,False,True,False,False,True,False,False,False,False,False,False,False,False,True,True,False,False
-1.2662238917122302,2024-01-26,2024-01-26,-0.9643888018863105,-1.4686544940461952,-1.2540016057401207,1.58094631288283,-1.3905410552895467,-0.9130361888063653,-0.22296085433075763,1.4388598814946356,True,False,False,False,False,False,True,False,False,False,True,False,False,False,False,True,False,False,False,False,False,True,False,False,False,True,False
0.01932800719009993,2024-01-26,2024-01-26,0.431531961554052,-1.4205629849131984,-0.8446489137772012,-0.6906594945307437,0.2101407761304101,1.4975656338115269,1.063960906236532,-1.5732544925250995,False,True,False,False,False,False,False,False,False,True,True,False,False,False,False,True,False,False,False,False,False,False,True,False,False,False,True
-0.6491589802391117,2024-02-12,2024-02-12,-1.475733701002287,1.0224856790430377,-1.2388963403540347,-0.2601129056626015,0.26441175014971524,-1.3189324583241258,1.4755620508416465,1.4388598814946356,False,True,False,False,False,False,False,True,False,False,False,False,True,False,True,False,False,False,False,False,False,False,False,True,False,True,False
0.01932800719009993,2024-01-04,2024-01-04,-0.6678364755697279,0.2722581365682881,-0.6641409924134785,-0.03622867945116727,0.6611512843598057,-0.8541195866012464,-0.5249798760215234,1.4388598814946356,False,True,False,False,False,False,False,False,False,True,False,False,False,True,False,False,False,False,False,True,False,False,False,True,True,False,False
-0.6491589802391117,2024-02-05,2024-02-05,1.4218873939882468,3.073630064967379,-1.3091358243993327,-0.5066795863119667,1.2362988481046226,0.9118374014262302,-1.0548495313329775,-0.7126503856623181,False,False,False,False,True,False,False,False,False,True,True,False,False,False,False,False,False,True,False,False,False,True,False,False,False,True,False
-1.2662238917122302,2024-02-12,2024-02-12,1.2736112308299559,-0.23751186024147794,-0.7011488926093881,-0.36008372337052114,-0.20344147415463687,1.1105179352205548,-0.8423671222673502,0.14795372120046338,False,False,False,True,False,False,False,False,True,False,False,False,True,False,False,False,True,False,False,False,False,False,False,True,True,False,False
-1.2662238917122302,2024-02-22,2024-02-22,-0.3976135614027485,1.6572935995985951,-0.23288566564073507,1.6078292218463044,-0.29389309752014514,-1.4413888971126325,-0.3185111200426592,0.14795372120046338,False,False,False,False,True,True,False,False,False,False,True,False,False,False,False,False,False,False,False,False,True,True,False,False,False,False,True
1.3048799060924299,2024-02-01,2024-02-01,-0.9135776556326906,1.2533249228814223,0.706661841373788,-0.36596435970628116,-1.0106442371544127,-0.8445174844309956,0.06435812648125411,1.0085578280632448,False,True,False,False,False,False,False,True,False,False,False,False,False,True,False,False,False,False,True,False,False,True,False,False,False,True,False
0.01932800719009993,2024-01-21,2024-01-21,0.09802607432574571,0.07989210003630083,-0.46324096277854027,-1.0867623562894344,1.2219513492259555,-0.4146752317232269,1.4040663974767968,-0.7126503856623181,False,False,False,False,True,False,False,False,False,True,False,True,False,False,False,False,True,False,False,False,False,False,True,False,False,False,True
0.5335487667510319,2024-02-13,2024-02-13,-0.1795875520235788,0.23378492926189065,-0.27744619852968755,-1.597537626595445,-1.1684667248197476,0.010188153192559784,-1.2686683077512189,-0.7126503856623181,False,True,False,False,False,False,False,False,True,False,False,False,False,True,False,False,False,False,False,False,True,False,True,False,True,False,False
-0.6491589802391117,2024-02-13,2024-02-14,-0.6119442146907458,0.6666085114588618,-0.7426883724211235,-0.9662093114063546,0.9792914768867649,0.5241969804790698,-1.15908618483687,0.14795372120046338,False,False,True,False,False,False,False,False,True,False,False,False,False,True,False,False,False,True,False,False,False,False,False,True,False,True,False
-1.2662238917122302,2024-02-13,2024-02-13,0.32852391051262203,0.599280398672666,0.6205618286731001,1.1398985877008307,0.6031374845460657,1.4649659042211693,-1.5332690435687923,0.5782557746318541,False,False,False,False,True,False,False,False,True,False,True,False,False,False,False,False,True,False,False,False,False,False,False,True,False,False,True
0.5335487667510319,2024-01-01,2024-01-01,-0.9117299775871044,-0.1894203511084809,-1.6112411321210445,-1.437920354624817,0.660527480060733,0.5140021559526307,1.261743274423405,-1.5732544925250995,False,True,False,False,False,False,False,False,False,True,False,True,False,False,False,False,False,True,False,False,False,True,False,False,False,False,True
0.5335487667510319,2024-01-17,2024-01-17,0.27586508621341604,1.3398896393208164,1.310117193547907,0.49344863621978624,-0.20718429994907184,0.010188153192559784,1.2143022334056075,0.14795372120046338,False,False,True,False,False,False,False,False,False,True,False,False,False,True,False,False,False,False,True,False,False,False,False,True,False,True,False
0.5335487667510319,2024-02-12,2024-02-13,1.431125784216178,-0.7376635552246442,-0.18681460621317408,1.2495304508174991,-3.204564465245229,0.010188153192559784,1.0539381510919268,1.4388598814946356,False,False,False,True,False,True,False,False,False,False,False,False,True,False,False,True,False,False,False,False,False,False,False,True,False,False,True
-1.2662238917122302,2024-01-24,2024-01-24,-1.372263730449461,1.1186686973090312,-0.9443436653253661,0.8987924979346713,0.7422458432392266,-0.9931722513630259,1.261075090747098,-0.7126503856623181,False,False,True,False,False,False,False,False,False,True,True,False,False,False,True,False,False,False,False,False,False,True,False,False,False,False,True
0.5335487667510319,2024-01-02,2024-01-02,-1.3972073840648742,-0.8530831771438363,0.27767230440895746,-0.512980268100281,-0.5172150365880891,-0.8078872428185575,1.6065260513978192,0.14795372120046338,True,False,False,False,False,False,True,False,False,False,False,False,False,True,False,False,True,False,False,False,False,False,True,False,False,True,False
1.3048799060924299,2024-02-05,2024-02-05,0.2633932594057092,0.41653266396727834,1.0087671490954995,0.24940222828574649,0.23135012229887428,1.6750267072543092,0.1478810860196296,-0.7126503856623181,False,False,True,False,False,False,False,False,False,True,False,True,False,False,True,False,False,False,False,False,False,False,True,False,False,False,True
0.01932800719009993,2024-01-07,2024-01-08,1.1821511675734395,0.7243183224184575,-1.2169937055442108,0.6492854991174261,0.1440175204287282,-1.404877199971432,0.06302175912864014,1.0085578280632448,False,True,False,False,False,True,False,False,False,False,True,False,False,False,False,False,False,False,False,False,True,False,False,True,True,False,False
1.3048799060924299,2024-01-18,2024-01-18,-1.692835871358664,-1.5552192104855893,-1.0666963149526592,0.4010386366578434,-0.6394806792062936,-0.8076501538760822,0.5133775569595607,1.0085578280632448,False,False,False,True,False,False,True,False,False,False,False,False,True,False,False,False,True,False,False,False,False,True,False,False,True,False,False
0.5335487667510319,2024-01-25,2024-01-25,0.018113998854143037,-1.7668218506707751,-0.9556726143649302,0.020897502096215485,0.3654680465994547,-1.1328176384809938,0.5207275773989379,0.5782557746318541,False,False,False,True,False,False,False,False,False,True,False,False,True,False,False,True,False,False,False,False,False,True,False,False,False,True,False
-0.6491589802391117,2024-02-04,2024-02-04,-0.0035962181814945806,0.06065549638310211,0.7519776375320448,1.3007759960291219,-1.5090638721133158,1.266285370426845,0.2140312699740229,-1.1429524390937087,False,False,True,False,False,False,False,False,False,True,False,False,True,False,False,False,False,False,False,True,False,True,False,False,False,False,True
0.01932800719009993,2024-01-12,2024-01-12,-0.2664284201661292,0.37805945666088087,-1.5636595461548748,1.3091769050802078,0.01613763911887214,-0.6362348484664204,-0.2724064463774758,1.4388598814946356,False,False,False,False,True,False,True,False,False,False,False,True,False,False,False,False,False,True,False,False,False,True,False,False,False,False,True
0.889389532367197,2024-02-11,2024-02-11,-1.6951454689156464,0.9551575662568422,-0.7154988947261695,-0.21852840585972716,-1.0493201036969055,-1.1508363981091188,-1.0775677763274156,-0.28234833223092737,False,False,False,True,False,False,False,True,False,False,False,True,False,False,False,False,False,True,False,False,False,True,False,False,True,False,False
1.3048799060924299,2024-01-18,2024-01-18,1.0477325897570446,1.4168360539336113,0.9596750365907215,0.7668982258326258,-0.5340577526630464,-0.20959329648206868,-0.9492765104764709,-0.7126503856623181,False,False,False,False,True,True,False,False,False,False,False,False,False,True,False,True,False,False,False,False,False,False,True,False,False,True,False
1.3048799060924299,2024-01-29,2024-01-29,0.6897449684247211,-0.8338465734906378,0.38869600499668666,-1.1094448107273658,-0.7561320831328452,-1.3680098694165186,-0.971994755470909,0.14795372120046338,False,False,True,False,False,False,False,False,True,False,False,True,False,False,False,False,False,False,False,True,False,False,True,False,False,True,False
-1.2662238917122302,2024-01-23,2024-01-23,0.5022056467977236,-1.5648375123121887,-0.5017593895130587,-0.3500026325092182,-0.2945169018192179,-0.544718516670944,1.5042939489228475,-0.7126503856623181,False,False,False,False,True,False,False,False,False,True,True,False,False,False,False,False,True,False,False,False,False,True,False,False,False,False,True
1.3048799060924299,2024-02-21,2024-02-21,1.6352942082534514,-0.9973577045428268,0.047317007271152525,0.15321181965081523,-0.5671193805138864,0.5321394600519932,1.420770989384472,0.5782557746318541,False,False,False,False,True,False,False,False,False,True,False,True,False,False,True,False,False,False,False,False,False,False,False,True,False,False,True
1.150099457464589,2024-01-29,2024-01-29,0.5802700442237398,-0.4972060095596603,0.9747803019768073,-1.3589518095446111,3.188399449343937,0.8800674831345362,-1.5399508803318624,-1.5732544925250995,False,False,False,False,True,True,False,False,False,False,False,False,True,False,False,False,False,False,False,True,False,True,False,False,True,False,False
-1.2662238917122302,2024-01-29,2024-01-29,1.7396880178290703,0.6858451151120605,-1.2071752830432552,-1.1800124467564856,1.4446494839948276,1.5064564691543516,-0.7100667543585635,-0.7126503856623181,False,True,False,False,False,True,False,False,False,False,True,False,False,False,True,False,False,False,False,False,False,False,False,True,False,False,True
1.8530392357843832,2024-02-18,2024-02-18,-0.9934897311042931,-0.7569001588778429,0.33205125979886574,-0.6427743129395552,1.1464710290381872,0.05191580706821754,-0.11471509876902293,1.0085578280632448,False,False,False,True,False,True,False,False,False,False,True,False,False,False,False,False,True,False,False,False,False,False,False,True,False,True,False
1.1305590686012739,2024-02-05,2024-02-05,0.6569486831155666,0.7147000205918584,1.6643356668516138,0.38885731853376915,0.5282809686573692,-1.4249112156105972,2.96542290621148,-1.5732544925250995,False,False,True,False,False,False,False,True,False,False,False,True,False,False,True,False,False,False,False,False,False,False,True,False,True,False,False
0.5335487667510319,2024-02-23,2024-02-23,-0.8710810605842082,1.1571419046154288,1.8546620107162923,1.3570620866713963,1.1233902699725056,-1.5266223719325127,-0.03921034334633154,0.5782557746318541,False,True,False,False,False,False,False,False,False,True,False,False,True,False,False,False,True,False,False,False,False,False,False,True,True,False,False
1.3048799060924299,2024-01-07,2024-01-07,-0.05579312296930409,2.849963026096915,-1.3552068838268938,-1.6021581265735423,-0.6931278489265259,-1.374648359805828,-1.1985090217389833,1.2839511422593348,False,True,False,False,False,False,False,True,False,False,True,False,False,False,False,False,False,False,False,False,True,False,False,True,False,False,True
0.01932800719009993,2024-02-13,2024-02-14,-0.009601171829649471,-1.2089603447280126,-1.4715174272997529,0.11876809254136385,1.2812127576378403,-0.5704426669295171,1.0252062530107258,-1.5732544925250995,False,True,False,False,False,False,False,False,True,False,False,False,True,False,False,True,False,False,False,False,False,True,False,False,False,True,False
1.3048799060924299,2024-01-11,2024-01-11,0.6495579709332218,0.9166843589504449,-0.014614580811798377,-0.9834311749610802,-0.39557319826895737,0.9781037608480841,-0.635898366288486,-1.5732544925250995,False,False,True,False,False,False,False,True,False,False,False,False,True,False,False,False,False,False,False,False,True,False,False,True,True,False,False
0.01932800719009993,2024-02-13,2024-02-13,-0.8484470045257775,-0.6030073296522533,1.2942566648925171,0.8744298616865228,-1.4117504014580105,0.8102447895755523,1.5290167449462064,-1.1429524390937087,False,True,False,False,False,False,False,False,True,False,False,True,False,False,False,False,False,False,False,False,True,True,False,False,False,True,False
-0.6491589802391117,2024-01-14,2024-01-15,1.2980929649339727,-1.6417839269249834,-0.38091726642437385,1.4914766314887675,-0.8185125130400922,1.0542093113826645,-1.5539827375343094,1.4388598814946356,False,False,False,True,False,True,False,False,False,False,False,False,False,True,False,False,False,False,False,False,True,False,True,False,False,True,False
0.19981949379598732,2024-02-21,2024-02-21,1.1031629311246305,0.9647758680834414,-1.5009726948026196,-0.3458021779836756,-1.3262892124850825,-0.5128300539080125,-0.8777808571116215,-0.28234833223092737,False,False,True,False,False,False,False,False,False,True,False,False,False,True,False,False,True,False,False,False,False,True,False,False,False,True,False
1.3048799060924299,2024-01-01,2024-01-01,-0.6904705316281586,0.4261509657938779,-1.108991058033699,-1.603418262931205,-0.17911310649081053,1.1411024087998718,-1.5820464519392035,-0.9105893302407578,False,False,False,True,False,False,False,True,False,False,False,True,False,False,False,True,False,False,False,False,False,True,False,False,False,False,True
0.5335487667510319,2024-01-22,2024-01-22,-1.6517250348443713,-1.709112039711179,-0.014614580811798377,0.7963014075114259,-0.9077165278074553,-0.705109186255503,0.9804379466981565,-0.7126503856623181,False,True,False,False,False,False,False,False,False,True,False,False,True,False,True,False,False,False,False,False,False,True,False,False,True,False,False
0.01932800719009993,2024-01-14,2024-01-14,1.4985660328800734,-2.0746075091219542,1.3788461510545962,-0.8918612663042461,-0.8696644655640346,-1.1270089593903483,-0.35993850797369337,-0.20489396261327694,False,False,False,False,True,True,False,False,False,False,False,False,True,False,False,False,False,True,False,False,False,False,False,True,True,False,False
0.01932800719009993,2024-02-02,2024-02-02,0.527149300413137,-0.5452975186926572,-0.15584881217169863,-1.3841545366978683,-1.066786624070935,0.010188153192559784,-1.4530870024119518,1.4388598814946356,False,False,True,False,False,True,False,False,False,False,False,False,False,True,False,False,True,False,False,False,False,False,True,False,False,True,False
0.01932800719009993,2024-01-26,2024-01-26,0.6052136978391532,-0.006672616403093221,0.4347670644242476,-1.5068078088437196,-0.8765263128538319,0.14046852708275234,0.9583878853800253,1.0085578280632448,False,False,False,False,True,True,False,False,False,False,True,False,False,False,False,True,False,False,False,False,False,False,True,False,False,True,False
0.01932800719009993,2024-02-18,2024-02-18,-0.319549163976732,-0.516442613212859,-0.1528277590944816,0.23638081925656357,-0.30013114051087036,-1.395393642272419,1.237020478400046,0.5782557746318541,True,False,False,False,False,True,False,False,False,False,False,True,False,False,False,False,False,False,True,False,False,False,True,False,False,False,True
-0.6491589802391117,2024-02-10,2024-02-10,1.0500421873140273,-0.01629091822969237,0.9808224081312414,0.5241119542562489,-0.5764764449999739,0.4009107303918995,-1.3515230836132872,-0.28234833223092737,False,False,False,False,True,False,False,False,False,True,False,False,True,False,False,True,False,False,False,False,False,False,False,True,True,False,False
-1.2662238917122302,2024-02-07,2024-02-07,0.018113998854143037,-0.6030073296522533,-0.014614580811798377,0.5060499997964146,0.3068304424866427,0.4776090032826679,-1.4143323491861457,-0.7126503856623181,False,True,False,False,False,False,False,False,False,True,False,False,False,True,False,True,False,False,False,False,False,False,True,False,False,True,False
-1.4441442745203126,2024-01-10,2024-01-10,-0.3209349225109217,0.8397379443376499,-1.5326937521133994,-0.3210194962829726,1.4752158946493783,0.8031321213012926,-1.6101101663440978,0.14795372120046338,False,True,False,False,False,False,False,False,True,False,True,False,False,False,False,False,False,False,True,False,False,False,False,True,True,False,False
-1.2662238917122302,2024-01-08,2024-01-08,0.363167873867363,1.6572935995985951,0.2489723001753949,0.5577155904605919,1.2556367813758693,-1.2923784967668892,0.206013065858339,1.4388598814946356,False,False,False,False,True,False,False,False,False,True,False,False,False,True,False,False,False,False,True,False,False,True,False,False,True,False,False
-0.6491589802391117,2024-02-09,2024-02-09,0.636162305102722,1.2821798283612202,1.6741540893525697,-0.44451285933393236,-2.1609393646440465,0.8041990215424316,-1.3742413286077253,0.14795372120046338,False,True,False,False,False,False,False,True,False,False,False,False,True,False,False,True,False,False,False,False,False,False,False,True,False,True,False
1.3048799060924299,2024-01-05,2024-01-05,0.3973499177107075,1.3110347338410184,-0.014614580811798377,0.23512068289890095,-0.9176973965926146,-1.6710095378999872,0.9797697630218495,1.4388598814946356,False,False,False,False,True,False,False,False,True,False,False,False,False,True,False,False,False,True,False,False,False,True,False,False,False,True,False
1.3048799060924299,2024-02-04,2024-02-04,0.2264396984939856,1.8208047306507846,1.3078514037399942,-0.5251615862243552,0.93500137165262,-0.7800292920777065,1.4835802549573303,0.5782557746318541,False,False,False,True,False,False,False,True,False,False,True,False,False,False,False,False,False,False,True,False,False,False,True,False,True,False,False
-1.2662238917122302,2024-02-01,2024-02-01,1.0200174190732516,0.05103719455650296,-0.7955568012724231,-1.3971759457270512,1.468354047359581,0.5732743915714625,0.6704007208917067,-0.28234833223092737,False,False,False,True,False,False,True,False,False,False,True,False,False,False,False,True,False,False,False,False,False,False,False,True,False,False,True
0.5335487667510319,2024-01-22,2024-01-22,1.1844607651304222,-0.9973577045428268,-0.5961672981760935,-0.11225690636349296,-1.1104529250060078,-0.5025166849103356,-0.65728024393031,-0.28234833223092737,False,False,False,False,True,False,False,True,False,False,True,False,False,False,False,False,False,False,True,False,False,False,False,True,False,False,True
0.5335487667510319,2024-02-01,2024-02-01,1.583559222977038,0.4069143621406792,1.1575540131484425,-0.7347642670489435,1.1408567903465348,0.9698056478614479,-0.08598320068782177,-1.1429524390937087,False,True,False,False,False,False,False,False,True,False,False,False,True,False,False,False,False,False,False,True,False,False,False,True,False,False,True
0.01932800719009993,2024-01-01,2024-01-02,0.31882360077329486,0.29149474022148686,-0.49873833643584126,0.007036002161924147,-0.6731661113562064,1.7401076219637865,1.6426079699183973,0.25983225509262486,True,False,False,False,False,True,False,False,False,False,True,False,False,False,False,False,True,False,False,False,False,True,False,False,False,False,True
1.3048799060924299,2024-01-15,2024-01-15,-0.5306463806849537,-1.170487137421615,-0.5145988650912312,0.49890922710299174,-0.8771501171529041,0.05108599576955397,0.9176286811252982,0.5782557746318541,True,False,False,False,False,False,True,False,False,False,False,False,False,True,False,False,True,False,False,False,False,False,False,True,True,False,False
0.01932800719009993,2024-01-31,2024-01-31,1.1983183504723183,1.0801954900026338,1.7798909470551685,0.38045640948268333,0.8133595333334882,1.4816806746656797,-0.03653760864110347,-0.7126503856623181,False,False,False,True,False,False,True,False,False,False,False,True,False,False,False,False,False,False,False,False,True,False,True,False,False,False,True
0.5335487667510319,2024-02-15,2024-02-15,-0.3292494737160595,-0.8338465734906378,0.9838434612084584,1.2318885418102197,-2.2420339235234676,0.3154401666295439,-0.478207018680033,-1.1429524390937087,True,False,False,False,False,False,False,True,False,False,False,False,True,False,False,True,False,False,False,False,False,False,False,True,False,False,True
0.5335487667510319,2024-02-20,2024-02-21,-0.8512185215941567,0.17607511830229447,-0.1656672346726542,1.125196996861431,-1.040586843509891,0.08084065805020746,-0.2891110382851509,-1.5732544925250995,False,True,False,False,False,False,False,True,False,False,False,False,False,True,False,True,False,False,False,False,False,False,True,False,False,True,False
-0.6491589802391117,2024-01-26,2024-01-26,1.1470452847073018,-0.9877394027162274,0.16362755074401145,-1.0644999473040573,0.05481350566136553,-1.7044390787890082,-0.4868934064720241,0.14795372120046338,False,False,False,False,True,False,False,True,False,False,False,True,False,False,False,False,False,False,True,False,False,False,True,False,True,False,False
1.3048799060924299,2024-02-16,2024-02-16,-0.848908924037174,0.07027379820970169,0.582043401938582,-0.44451285933393236,0.5744424867887326,1.7137907493490256,-0.7047212849481074,-0.7126503856623181,False,True,False,False,False,False,False,False,False,True,False,False,False,True,False,False,False,True,False,False,False,False,True,False,False,True,False
1.3048799060924299,2024-01-15,2024-01-15,-1.6868309177105087,-0.4010229912936667,0.600924983671189,-0.9968726294428174,-1.0118918457525579,-0.6528310744396933,1.4515074384945943,-1.1429524390937087,False,False,False,False,True,False,False,True,False,False,True,False,False,False,False,False,False,True,False,False,False,False,False,True,True,False,False
-0.6491589802391117,2024-01-18,2024-01-19,-0.41100922723324834,0.1953117219554932,-0.8589989158939825,-1.0716407199974802,-0.44485373789568283,-1.520813692841867,0.7953510683611165,-0.7126503856623181,False,False,False,False,True,False,True,False,False,False,False,False,True,False,False,False,False,False,False,True,False,True,False,False,False,False,True
0.5335487667510319,2024-02-15,2024-02-15,-1.096497782145723,-0.6510988387852499,-0.014614580811798377,-0.8422959029028404,-1.4841117001504172,2.9211661889046305,0.72318723131996,-1.1429524390937087,False,False,True,False,False,False,False,False,True,False,True,False,False,False,False,False,False,False,False,False,True,False,True,False,False,False,True
0.01932800719009993,2024-01-10,2024-01-10,-1.2484693013951864,0.5896620968460669,-1.542512174614355,1.6002684037003276,0.6156135705275153,-0.4472749613135844,-0.5690799986577856,1.0085578280632448,True,False,False,False,False,False,True,False,False,False,False,False,False,True,True,False,False,False,False,False,False,True,False,False,False,False,True
-0.8373637782384126,2024-02-07,2024-02-08,-0.12046185456482081,-0.8242282716640384,-1.6218148178913043,-0.49575840454555536,0.6861034563227041,-0.5648710767813468,-0.7374622850871506,1.0085578280632448,False,True,False,False,False,True,False,False,False,False,False,True,False,False,False,False,False,True,False,False,False,False,True,False,True,False,False
0.5335487667510319,2024-01-09,2024-01-09,1.0130886264023038,0.5415705877130699,0.3124144147969543,0.8584681344894602,-0.6818993715432211,1.3932464991223827,-0.7635214484631236,-1.5732544925250995,False,False,False,False,True,False,False,True,False,False,True,False,False,False,False,False,False,True,False,False,False,True,False,False,True,False,False
-1.4811681692086995,2024-02-14,2024-02-14,-0.35557888586566266,0.2530215329150894,-1.5266516459589654,-1.15985026503388,-0.1142374593872742,0.04480313879395778,-0.6866803256878183,1.0085578280632448,True,False,False,False,False,True,False,False,False,False,False,True,False,False,True,False,False,False,False,False,False,False,True,False,False,False,True
0.01932800719009993,2024-02-14,2024-02-14,-0.34680241514912835,-0.4298778967734648,-0.194367238906217,-0.25969286021004695,0.02674231220310423,1.1421693090410108,0.12449465734888437,0.5782557746318541,False,False,True,False,False,True,False,False,False,False,False,False,False,True,False,False,False,False,False,True,False,False,False,True,False,True,False
0.01932800719009993,2024-01-04,2024-01-04,1.3544471453243514,1.214851715575025,0.41361969288372774,0.12338859251946095,-0.6687994812626996,-1.597037787847685,-1.142381592929195,-0.28234833223092737,False,True,False,False,False,False,False,True,False,False,False,False,True,False,True,False,False,False,False,False,False,False,False,True,True,False,False
-0.6491589802391117,2024-02-10,2024-02-10,1.4389784159099193,1.3302713374942172,-0.7834725889635547,-1.3198875824570626,0.7590885593141831,0.386329760429667,1.4655392956970414,0.14795372120046338,False,False,False,True,False,False,False,False,False,True,False,True,False,False,False,False,False,False,False,False,True,False,True,False,False,False,True
0.01932800719009993,2024-01-03,2024-01-03,-1.19581047709598,-0.5356792168660578,-0.014614580811798377,-0.499958859071098,0.11657013126953969,0.43943768354414026,0.21135853526879494,1.4388598814946356,True,False,False,False,False,False,False,True,False,False,False,False,True,False,False,False,False,True,False,False,False,False,True,False,True,False,False
1.3048799060924299,2024-02-23,2024-02-23,-0.11953801554202757,1.4649275630666079,-0.5365014999010552,-0.6221920857643951,1.3161457983858988,0.6871956284308575,-1.0100812250204083,1.4388598814946356,False,False,False,False,True,False,False,True,False,False,False,True,False,False,False,False,False,False,True,False,False,False,True,False,True,False,False
1.3048799060924299,2024-01-12,2024-01-12,-1.3062092403197547,-0.41064129312026604,-1.4730279538383615,0.42624136381110056,0.9693106081016056,-1.527570727702414,1.1962612741453187,1.6626169492789584,False,False,False,False,True,False,False,False,False,True,True,False,False,False,False,False,False,True,False,False,False,False,False,True,False,True,False
-0.6810406673318893,2024-01-30,2024-01-30,0.018113998854143037,0.23378492926189065,1.1583092764177472,-0.5251615862243552,0.2113883847285548,0.5807426932594353,1.5276803775935928,-1.5732544925250995,True,False,False,False,False,False,False,True,False,False,True,False,False,False,False,False,True,False,False,False,False,False,False,True,False,True,False
1.3048799060924299,2024-01-04,2024-01-04,-0.9533027336127935,-0.3529314821606701,0.5405039221268468,1.2423896781240769,1.4009831830597546,0.22712453555748455,-0.3325429772451062,-0.28234833223092737,False,False,False,False,True,True,False,False,False,False,True,False,False,False,False,False,False,False,False,False,True,False,True,False,True,False,False
1.3048799060924299,2024-01-19,2024-01-19,0.5331542540612922,-1.2570518538610094,-0.013859317542494249,0.6875096352998659,0.8351926838010243,0.6670430683204545,-0.7120713053874844,0.5782557746318541,True,False,False,False,False,False,False,False,False,True,False,False,True,False,False,False,False,False,True,False,False,False,False,True,False,True,False
-1.2662238917122302,2024-02-18,2024-02-18,1.5886403376024,-1.4686544940461952,1.507996170105628,-0.6536954947059666,-1.4491786594023588,0.46871816793984317,1.561089561408943,-1.1429524390937087,False,True,False,False,False,False,False,True,False,False,False,False,False,True,False,False,False,True,False,False,False,False,True,False,False,True,False
1.3048799060924299,2024-01-07,2024-01-07,-1.0179714652083098,-0.8723197807970351,-1.7199990429008607,1.2936352233356996,0.8089929032399804,-1.4153091134403466,1.4147573362977088,-1.5732544925250995,False,False,False,False,True,False,False,False,True,False,False,True,False,False,True,False,False,False,False,False,False,False,True,False,True,False,False
-1.2662238917122302,2024-01-04,2024-01-04,0.018113998854143037,1.214851715575025,-1.2253016015065579,0.1019662744391925,1.1183998355799258,0.24300949470333152,-1.3802549816944885,0.14795372120046338,False,False,False,True,False,False,False,True,False,False,False,False,False,True,False,False,True,False,False,False,False,False,True,False,False,True,False
1.3048799060924299,2024-02-17,2024-02-17,-1.5713510398613721,-0.9685027990630287,-1.1157884274574374,1.1684616784745223,-0.8272457732271068,0.7717178364233117,-1.2045226748257465,-0.7126503856623181,True,False,False,False,False,False,True,False,False,False,False,False,True,False,False,False,False,True,False,False,False,True,False,False,False,True,False
0.5335487667510319,2024-02-24,2024-02-24,-1.318219147616065,0.47424247492687455,0.9332408221650716,1.1482994967519167,-0.5827144879906982,1.660682826234552,0.5848732103244101,0.5782557746318541,False,True,False,False,False,False,False,False,False,True,True,False,False,False,False,False,False,True,False,False,False,False,False,True,False,True,False
0.5335487667510319,2024-02-02,2024-02-02,0.04398149149234973,0.9166843589504449,-0.49194096701210277,-1.3618921277124911,0.6218516135182396,0.056894674860199265,0.8314329868816946,-1.1429524390937087,False,False,False,False,True,False,True,False,False,False,False,False,False,True,False,False,False,False,False,True,False,False,True,False,False,True,False
-1.2662238917122302,2024-01-25,2024-01-25,0.9502675728523732,0.6377536059790635,-0.7781857460784246,-0.6318531311731436,-0.8690406612649619,-0.4561657966564092,-0.9004991021060595,0.14795372120046338,True,False,False,False,False,False,False,False,False,True,False,False,True,False,False,False,False,False,False,False,True,False,True,False,True,False,False
1.3048799060924299,2024-01-19,2024-01-19,-0.27982408599662906,-1.4975093995259934,-0.9790857757133629,1.4641736770727387,-1.4148694229533727,-0.31023755256284513,-1.5285917578346433,1.0085578280632448,False,True,False,False,False,False,False,True,False,False,False,False,False,True,False,True,False,False,False,False,False,False,True,False,True,False,False
-0.6491589802391117,2024-01-30,2024-01-30,-0.34957393221750777,0.676226813285461,-0.1339461773618746,1.3499213139779733,1.2157133062352312,1.343457821202564,-1.4170050838913737,1.0085578280632448,True,False,False,False,False,False,False,False,True,False,False,False,True,False,False,False,False,False,False,False,True,False,False,True,False,True,False
-1.2662238917122302,2024-01-08,2024-01-08,0.985373455718511,-0.20865695476167964,-1.193580544195778,-0.3294204053340584,-0.25085060088414485,0.010188153192559784,-0.6866803256878183,-1.1429524390937087,False,False,False,False,True,False,True,False,False,False,True,False,False,False,False,False,False,True,False,False,False,False,True,False,False,True,False
-1.2662238917122302,2024-01-12,2024-01-12,-1.3570203865733748,1.0801954900026338,-1.2577779220866419,-0.03244827037817886,-0.2564648395757973,0.4409787616702298,-1.188486266594378,0.14795372120046338,False,False,False,False,True,True,False,False,False,False,False,False,False,True,False,False,True,False,False,False,False,False,True,False,False,True,False
0.5335487667510319,2024-02-16,2024-02-16,-0.7948643412037781,1.1475236027888296,-1.5734779686558305,-0.5045793590491952,-1.0399630392108186,0.010188153192559784,-1.6689103298591141,0.5782557746318541,False,False,False,True,False,False,False,False,True,False,False,False,True,False,False,False,False,False,False,True,False,False,True,False,True,False,False
0.7325522007011128,2024-02-06,2024-02-06,-1.0221287408108788,0.18569342012889406,1.1046855842971433,-0.7263633579978579,1.4072212260504788,-0.6537794302095946,-0.8376898365332012,-0.7126503856623181,False,False,False,False,True,False,True,False,False,False,False,False,True,False,False,False,False,True,False,False,False,True,False,False,False,True,False
-1.2662238917122302,2024-01-10,2024-01-10,-0.7828544339074679,-1.5840741159653875,-0.6732041516451299,0.9891022702338429,-0.4891438431298278,-0.9248906359301317,-0.8283352650649031,-1.5732544925250995,False,False,False,False,True,False,False,True,False,False,False,False,False,True,False,False,False,False,False,True,False,False,True,False,False,False,True
-0.6491589802391117,2024-01-21,2024-01-21,-1.4235367962144774,1.3110347338410184,-0.3257830477651614,-0.5591852678812523,0.986153324176562,1.3751091950230199,-1.649533003246211,-1.5732544925250995,False,True,False,False,False,False,True,False,False,False,False,False,False,True,True,False,False,False,False,False,False,True,False,False,False,False,True
0.5335487667510319,2024-02-23,2024-02-23,-1.5408643521092003,1.3110347338410184,0.7195013169519608,-0.9158038570998404,1.1346187473558094,-0.8524599640039191,-0.06994679245645366,1.0085578280632448,False,True,False,False,False,False,False,False,False,True,False,False,False,True,False,False,False,False,False,False,True,False,True,False,False,True,False
-0.6491589802391117,2024-01-24,2024-01-24,-0.36574111511638663,0.2530215329150894,-1.452635845567146,0.09734577446109538,0.8146071419316329,-0.5074955527023176,-1.6842785544141752,1.4388598814946356,True,False,False,False,False,False,True,False,False,False,False,False,False,True,False,False,False,True,False,False,False,False,True,False,False,False,True
-1.2662238917122302,2024-01-05,2024-01-05,0.8394068901172022,0.8974477552972461,-0.014614580811798377,1.0789919970804598,0.25567848996270065,-0.7944917175687015,1.1668611923878107,-0.7126503856623181,False,True,False,False,False,False,False,True,False,False,True,False,False,False,False,False,True,False,False,False,False,False,True,False,True,False,False
0.01932800719009993,2024-01-27,2024-01-27,1.6602378618688645,0.5030973804066724,-1.1679015930394328,1.144519087678928,-0.9956729339766733,-1.004789609544317,0.9897925181664546,-0.7126503856623181,False,False,True,False,False,False,False,True,False,False,False,True,False,False,False,False,False,False,False,True,False,False,False,True,False,True,False
0.5335487667510319,2024-02-19,2024-02-19,-1.6096903593072853,1.1763785082686273,-0.014614580811798377,0.7148125897158947,0.5513617277230508,-1.4282304608052518,-0.3251929568057292,-0.6782262213878067,False,False,False,True,False,True,False,False,False,False,False,False,False,True,False,False,False,False,False,False,True,False,True,False,False,False,True
0.5335487667510319,2024-02-03,2024-02-03,-1.0812544382696367,-0.8049916680108398,-0.6633857291441742,0.22924004656314093,-1.098600643323631,-0.9263131695849836,1.1742112128271878,-0.7126503856623181,False,True,False,False,False,True,False,False,False,False,False,False,True,False,False,True,False,False,False,False,False,True,False,False,False,True,False
0.01932800719009993,2024-02-01,2024-02-01,1.4694651036620912,-0.0355275218828911,1.5034645904898027,1.0101045428615572,-1.4710118098698952,0.305956608930531,-0.8096261221283071,-0.28234833223092737,True,False,False,False,False,False,True,False,False,False,False,True,False,False,False,False,False,False,False,False,True,False,False,True,True,False,False
1.2812257511526275,2024-01-22,2024-01-22,0.018113998854143037,-0.42025959494686543,-0.11279880582135471,0.5115105906796205,1.201989611655637,-1.398238709582123,1.5042939489228475,0.5782557746318541,False,False,False,False,True,False,False,True,False,False,False,True,False,False,False,True,False,False,False,False,False,True,False,False,False,False,True
-2.0354981480153844,2024-01-27,2024-01-27,-1.1038884943280676,-0.17980204928188176,-1.5024832213412285,-0.5184408589834868,0.6549132413690806,0.10692044172249335,0.030280758989596927,-1.5732544925250995,False,True,False,False,False,False,False,True,False,False,True,False,False,False,False,False,True,False,False,False,False,True,False,False,False,True,False
1.3048799060924299,2024-02-20,2024-02-20,0.16454248396684826,-0.9107929881034326,1.6394119789645727,-0.9410065842530975,-1.521539958094765,-0.7871419603519664,-0.5490344883685755,0.14795372120046338,False,False,True,False,False,True,False,False,False,False,False,False,False,True,False,False,False,False,False,False,True,False,False,True,False,False,True
0.5335487667510319,2024-02-16,2024-02-16,0.018113998854143037,1.4649275630666079,-1.3627595165199367,-0.9762904022676575,0.07727046042797439,1.1585284460718084,-0.6833394073062833,0.5782557746318541,False,False,True,False,False,False,False,False,False,True,False,False,False,True,False,False,False,False,True,False,False,True,False,False,True,False,False
0.01932800719009993,2024-02-07,2024-02-07,-0.6747652682406761,-0.8242282716640384,1.6265725033863998,-0.9162239025523947,-0.5889525309814234,-1.405588466798858,0.2601359436392062,1.0085578280632448,False,True,False,False,False,False,False,False,False,True,False,False,True,False,False,False,False,False,False,False,True,False,False,True,True,False,False
-1.2662238917122302,2024-02-19,2024-02-19,-0.6248779610098492,-1.026212610022625,0.0004906845742871502,-0.8763195845597377,-0.360016353221827,0.1379790931867613,1.4775666018705675,1.0085578280632448,False,False,False,True,False,True,False,False,False,False,False,True,False,False,True,False,False,False,False,False,False,False,False,True,False,False,True
1.3048799060924299,2024-01-06,2024-01-06,-0.20822656173016452,1.3110347338410184,0.7708592192646517,1.6460533580287449,-0.8858833773399187,-1.0123764557035275,-1.0495040619225215,-1.1429524390937087,False,False,True,False,False,False,False,False,True,False,True,False,False,False,False,True,False,False,False,False,False,True,False,False,True,False,False
-0.6491589802391117,2024-02-02,2024-02-03,0.9387195850674596,-0.42025959494686543,-0.4534225402775847,1.4776151315544763,1.0709907088504178,0.6902777846830367,0.4057999850741331,-0.28234833223092737,False,True,False,False,False,False,False,False,False,True,False,True,False,False,False,False,True,False,False,False,False,False,False,True,False,True,False
1.3048799060924299,2024-02-04,2024-02-04,-0.33617826638700765,-1.2859067593408076,0.4755512809666789,-1.3803741276248795,1.0316910380088524,-0.36358256461979377,-0.050569465843550605,0.48789234341126203,False,False,False,False,True,False,False,False,False,True,False,True,False,False,False,False,True,False,False,False,False,False,True,False,False,False,True
0.5335487667510319,2024-01-05,2024-01-05,-1.1255987113637052,0.5030973804066724,-0.01612510735040717,-0.7939906758590978,0.10035121949365516,-0.5571656861508987,1.5356985817092768,1.4388598814946356,False,False,False,True,False,False,False,True,False,False,False,False,True,False,False,False,True,False,False,False,False,True,False,False,False,True,False
0.01932800719009993,2024-01-20,2024-01-20,0.11234557917903841,-0.8723197807970351,0.8063565929219528,1.5116388132113734,-0.7748462121050191,0.27300124592646047,-0.17151071125511824,-1.5732544925250995,False,False,True,False,False,False,False,False,False,True,False,False,False,True,False,False,False,False,True,False,False,False,False,True,False,False,True
0.01932800719009993,2024-01-31,2024-01-31,0.9350242289762872,0.8205013406844511,-0.12110670178370174,-1.429519445573731,-0.33880700705336286,1.2554978235442174,0.2521177395235221,0.5782557746318541,False,False,False,True,False,True,False,False,False,False,False,True,False,False,False,False,False,False,False,False,True,False,False,True,False,True,False
-1.2662238917122302,2024-02-16,2024-02-16,-0.017915723034787615,-0.3529314821606701,-0.09920406697387771,-0.10301590640729874,-1.0193774973414274,-1.2671285243932668,-0.2410018135910467,0.5782557746318541,False,False,True,False,False,False,False,True,False,False,False,True,False,False,False,False,False,True,False,False,False,True,False,False,False,False,True
-0.6491589802391117,2024-02-09,2024-02-09,-0.40777579065347247,1.0032490753898389,1.3357961447042523,1.1596407239708821,0.38293456697348394,-1.465571969245116,-0.4488069369225249,1.0085578280632448,True,False,False,False,False,False,True,False,False,False,True,False,False,False,False,False,False,False,False,False,True,False,False,True,False,False,True
-0.6491589802391117,2024-01-03,2024-01-03,1.642684920435796,-1.2859067593408076,1.612977764538923,0.33887190967980935,-1.1104529250060078,-0.2609230525279772,1.5430486021486536,-0.28234833223092737,False,False,False,True,False,False,True,False,False,False,True,False,False,False,False,False,True,False,False,False,False,True,False,False,True,False,False
-0.6491589802391117,2024-01-26,2024-01-26,-0.7394339998361926,-0.45873280225326285,-1.6769490365505169,-0.3516828143194356,-0.34941168013759494,0.3130692772047907,1.1147428656358644,-0.7126503856623181,True,False,False,False,False,False,False,True,False,False,True,False,False,False,False,False,False,False,True,False,False,False,False,True,False,True,False
-1.2662238917122302,2024-02-02,2024-02-02,0.27032205207665727,0.5896620968460669,-0.7759199562705118,-1.3572716277343941,1.5413391503510603,-1.4025063105466786,1.1261019881330832,-1.5732544925250995,False,False,False,True,False,False,False,False,True,False,True,False,False,False,False,False,False,True,False,False,False,False,True,False,False,True,False
1.3048799060924299,2024-02-04,2024-02-04,0.5825796417807224,-0.20865695476167964,-1.3740884655595007,-0.36218395063329273,0.6879748692199216,-1.1078047550498467,-0.8423671222673502,-1.1429524390937087,True,False,False,False,False,True,False,False,False,False,False,True,False,False,True,False,False,False,False,False,False,True,False,False,True,False,False
-0.592594696687409,2024-01-05,2024-01-06,0.24999759357520937,-1.0358309118492242,-0.014614580811798377,0.028878365694746805,-1.0811341229496019,0.7476533087620659,1.263079641776019,-1.1429524390937087,False,False,False,True,False,False,True,False,False,False,False,False,False,True,False,False,False,False,False,False,True,True,False,False,True,False,False
0.01932800719009993,2024-01-28,2024-01-28,0.1137313377132281,1.185996810095227,-0.48287780778045164,-0.8574175391947947,1.4346686152096675,1.68107247528743,-0.7695351015498868,0.5782557746318541,False,False,False,False,True,False,False,False,False,True,False,False,False,True,False,False,False,False,True,False,False,True,False,False,False,False,True
1.3048799060924299,2024-02-14,2024-02-14,-0.12970024479275155,-1.3436165703004037,-0.711722578379648,-0.9309254933917945,0.9200300684748801,1.1784439172397358,1.3613026421931487,1.4388598814946356,False,False,False,False,True,False,False,False,True,False,False,False,True,False,False,True,False,False,False,False,False,False,False,True,False,True,False
-1.2662238917122302,2024-01-28,2024-01-28,1.2666824381590074,1.4649275630666079,-1.188293701310648,-1.193873946690777,0.2650355544487871,0.6445196187852986,-1.326800287589928,0.14795372120046338,False,False,False,False,True,False,True,False,False,False,False,True,False,False,False,False,True,False,False,False,False,True,False,False,False,False,True
-0.6491589802391117,2024-01-05,2024-01-05,-0.04794049127556305,1.2917981301878199,0.2482170369060905,0.6539059990955232,-0.12671354536872376,1.3883861758016383,0.2848587396625655,1.0085578280632448,False,False,True,False,False,False,False,False,False,True,False,False,False,True,False,False,False,True,False,False,False,True,False,False,False,False,True
0.5335487667510319,2024-01-27,2024-01-27,-0.9620792043293279,0.8301196425110507,1.61599881761614,0.18891568311792953,0.6711321531449651,1.5394118321584218,0.08173090206523632,0.14795372120046338,False,False,False,False,True,False,False,False,False,True,True,False,False,False,False,False,False,False,False,True,False,True,False,False,True,False,False
0.5335487667510319,2024-01-16,2024-01-16,0.4814192687848789,-1.632165625098384,-1.4632095313374056,-0.46929554103463533,0.4141247819271074,0.8760369711124559,-1.0160948781071713,1.4388598814946356,False,False,True,False,False,False,False,False,False,True,False,False,False,True,False,False,False,False,False,True,False,True,False,False,False,False,True
1.3048799060924299,2024-01-12,2024-01-12,0.7322415634732035,-0.2567484638946765,0.693067102526311,-1.3186274460993999,0.42784847650670166,1.0127187464494822,1.350611703372237,1.4388598814946356,False,False,True,False,False,False,False,True,False,False,True,False,False,False,False,False,False,False,False,True,False,True,False,False,True,False,False
-0.6491589802391117,2024-01-28,2024-01-28,-0.5426562879812639,0.5511888895396694,-1.2811910834350746,-0.17442363334152702,1.2400416738990576,-0.19394542627869715,0.9644015384667883,1.4388598814946356,False,False,False,False,True,False,False,False,True,False,False,False,False,True,False,True,False,False,False,False,False,False,False,True,True,False,False
0.5335487667510319,2024-02-04,2024-02-04,-1.2096680624378766,-1.1512505337684165,-0.25176724737334205,0.7925209984384372,-1.344379537158184,-0.8997592080277469,-1.5392826966555553,0.14795372120046338,True,False,False,False,False,False,False,True,False,False,True,False,False,False,False,False,False,False,False,False,True,False,False,True,False,False,True
-1.2662238917122302,2024-02-08,2024-02-09,-0.568985700130867,-1.5359826068323905,-1.3552068838268938,-0.12947876991821852,-0.24024592779991277,-0.6552019638644466,-1.0702177558880386,1.0085578280632448,False,False,False,False,True,False,False,True,False,False,False,False,False,True,True,False,False,False,False,False,False,False,False,True,True,False,False
1.3048799060924299,2024-02-04,2024-02-04,-0.4807590734541267,-0.8338465734906378,1.0608803146774952,-1.078781492690903,-1.1715857463151096,-0.31628332059596603,0.03161712634221091,0.14795372120046338,False,False,False,True,False,True,False,False,False,False,False,True,False,False,False,False,False,True,False,False,False,False,False,True,False,True,False
-0.6491589802391117,2024-02-06,2024-02-06,1.5078044231080043,-0.7280452533980448,-0.8582436526246783,0.42162086383300346,-1.223361503138125,-1.5339721291492479,0.7953510683611165,0.14795372120046338,True,False,False,False,False,False,False,False,False,True,True,False,False,False,True,False,False,False,False,False,False,False,False,True,True,False,False
0.01932800719009993,2024-01-02,2024-01-03,1.1632124676061812,-0.14132884197548432,1.7980172655184714,0.5959397266430317,0.4041439131419481,-0.639554093661075,-0.8143034078624561,0.5782557746318541,False,False,False,True,False,False,False,False,False,True,False,False,False,True,False,False,False,True,False,False,False,False,True,False,False,True,False
-1.2662238917122302,2024-01-15,2024-01-15,1.5900260961365897,1.4553092612400087,1.385643520478335,-1.5941772629750108,-0.3313213554644938,1.1381387970189303,0.8407875583499927,-1.5732544925250995,False,False,True,False,False,False,False,False,True,False,False,False,False,True,False,False,False,False,False,False,True,False,True,False,True,False,False
1.3048799060924299,2024-02-17,2024-02-17,-0.48814978563647143,0.031800590903304234,0.8841487096602936,1.1756024511679453,0.766574210903053,-1.2326320832631066,-0.5209707739636813,-1.5732544925250995,False,False,True,False,False,False,False,False,True,False,False,False,True,False,False,False,False,False,False,False,True,False,False,True,False,True,False
1.3048799060924299,2024-02-06,2024-02-06,0.018113998854143037,0.349204551181083,1.6756646158911779,-0.24919172389618982,1.1589471150196358,1.1079099568533262,-0.42876142663331474,-1.5732544925250995,False,False,False,False,True,False,False,True,False,False,True,False,False,False,False,True,False,False,False,False,False,True,False,False,False,False,True
1.3048799060924299,2024-02-02,2024-02-02,-1.687754756733302,-0.6414805369586506,-1.1263621132276973,0.7164927715261115,-1.4367025734209091,-1.572973260186439,-0.28510193622730895,-0.28234833223092737,False,False,False,True,False,False,False,False,True,False,True,False,False,False,False,False,False,True,False,False,False,False,True,False,False,False,True
0.01932800719009993,2024-01-09,2024-01-09,-1.5925993373856133,1.1571419046154288,-1.5629042828855706,0.9113938615112998,-1.5701966934224176,-1.1983727310754217,0.9690788242009374,1.0085578280632448,False,True,False,False,False,False,False,True,False,False,False,False,False,True,False,False,False,False,True,False,False,True,False,False,True,False,False
0.01932800719009993,2024-01-05,2024-01-05,0.20703907901533058,0.8301196425110507,0.47479601769737423,1.2041655419416364,-1.1566144431373708,1.1240320049416483,0.7946828846848094,0.14795372120046338,True,False,False,False,False,True,False,False,False,False,False,False,True,False,False,False,False,False,False,False,True,False,False,True,False,False,True
-1.2662238917122302,2024-01-01,2024-01-01,-1.0470723944262923,-0.22789355841487838,-1.1762094890017796,0.22713981930036933,-0.7193276294875693,0.6195067353541515,-1.5506418191527744,-1.1429524390937087,False,False,True,False,False,False,False,True,False,False,False,False,True,False,False,False,True,False,False,False,False,False,True,False,False,False,True
1.3048799060924299,2024-01-26,2024-01-26,0.12250780842976271,-0.6414805369586506,0.622827618481013,0.7559770440662141,-0.8709120741621794,0.9583068341513945,0.4819729241731316,0.5782557746318541,True,False,False,False,False,False,True,False,False,False,False,False,False,True,False,False,True,False,False,False,False,False,True,False,True,False,False
-1.4199758988209488,2024-01-24,2024-01-24,0.018113998854143037,-1.2570518538610094,-1.677704299819821,-1.1086047198222573,-1.5128066979077504,-1.4678243141986316,-0.44479783486468283,0.14795372120046338,False,False,False,True,False,False,False,False,False,True,True,False,False,False,False,False,False,True,False,False,False,False,False,True,True,False,False
-1.2662238917122302,2024-01-03,2024-01-03,1.0943864604080955,1.0128673772164385,1.5472698601094508,-1.3215677642672798,-0.1142374593872742,0.9910251082129896,-1.5432917987133974,-1.5732544925250995,True,False,False,False,False,True,False,False,False,False,False,False,True,False,False,False,False,False,False,False,True,False,False,True,False,False,True
0.01932800719009993,2024-01-11,2024-01-12,-1.6110761178414752,-0.33369487850747137,-0.8076410135812916,0.5253720906139118,-0.956373263135108,0.010188153192559784,0.4545773934445444,0.5782557746318541,False,False,False,False,True,True,False,False,False,False,False,False,False,True,False,False,True,False,False,False,False,True,False,False,False,False,True
1.3048799060924299,2024-02-20,2024-02-20,0.17054743761500346,-0.6318622351320512,1.2512066585421733,0.616941999270746,-0.9283020696768467,-0.44976439520957545,-0.6385711009937141,-0.28234833223092737,False,True,False,False,False,False,False,False,False,True,False,True,False,False,False,False,False,False,False,True,False,False,True,False,True,False,False
1.3048799060924299,2024-01-19,2024-01-19,0.33499078367217366,-1.5263643050057913,0.09187754016010498,-0.017326634086224615,1.0747335346448528,-1.0765090146431036,1.4321301118816911,1.4388598814946356,False,True,False,False,False,True,False,False,False,False,False,True,False,False,False,False,False,True,False,False,False,True,False,False,False,False,True
0.5335487667510319,2024-02-15,2024-02-15,-0.944526262896259,0.9840124717366402,-0.014614580811798377,-1.2308379465155541,-1.2950989975314589,1.0581212789335073,-0.23164724212274862,-1.5732544925250995,False,False,False,False,True,True,False,False,False,False,False,False,False,True,False,False,True,False,False,False,False,False,False,True,True,False,False
-1.2662238917122302,2024-02-02,2024-02-02,-1.6623491836064916,0.5223339840598711,-0.297838306800903,1.7195613122257447,0.5351428159471663,0.3282429695232117,-0.3352157119503343,-0.7126503856623181,False,False,False,False,True,False,False,True,False,False,True,False,False,False,False,False,True,False,False,False,False,False,False,True,False,False,True
-1.2662238917122302,2024-02-04,2024-02-05,0.7511802634404621,0.07989210003630083,-0.5448093958634025,0.1376701379063068,-0.7954317539744106,-0.9602168883589554,-1.1797998788023871,1.4388598814946356,False,False,False,True,False,False,False,True,False,False,False,False,True,False,False,False,False,True,False,False,False,False,False,True,False,True,False
1.3048799060924299,2024-02-19,2024-02-19,-1.3533250304822024,-0.5356792168660578,1.1620855927642684,-0.3428618598157956,-1.0979768390245583,1.1197644039770926,1.6205579086002664,1.0085578280632448,False,False,False,False,True,True,False,False,False,False,False,True,False,False,False,False,False,True,False,False,False,False,False,True,True,False,False
-0.6491589802391117,2024-01-29,2024-01-29,-0.14217207160045844,0.7820281333780538,-0.014614580811798377,-1.4585025817999766,-0.5340577526630464,1.2035753451421207,1.391370907626964,-0.28234833223092737,False,False,True,False,False,False,False,True,False,False,True,False,False,False,False,False,True,False,False,False,False,False,False,True,False,True,False
1.3048799060924299,2024-01-13,2024-01-13,-0.8664618654702428,0.3203496457012847,-1.682991142704951,-1.330808764223474,-2.24265772782254,0.49147870641747476,-0.05591493525400664,0.14795372120046338,False,True,False,False,False,False,True,False,False,False,False,True,False,False,False,False,False,False,True,False,False,False,False,True,True,False,False
-1.2662238917122302,2024-01-15,2024-01-15,0.5317684955271026,-1.680257134231381,-0.26083040660499346,0.15069154693548942,0.44593880117980367,-0.4110003531148593,-1.0294585516333112,-0.7126503856623181,True,False,False,False,False,False,False,True,False,False,False,False,True,False,False,True,False,False,False,False,False,False,True,False,False,False,True
1.8088162504621432,2024-02-13,2024-02-13,-1.4900532058555802,-0.9204112899300319,-0.014614580811798377,-0.5407032679688639,-0.2864074459312752,-0.8248391022055435,1.3212116216147283,-0.7126503856623181,False,True,False,False,False,False,True,False,False,False,False,True,False,False,False,True,False,False,False,False,False,False,True,False,False,False,True
-0.6491589802391117,2024-01-14,2024-01-14,-1.635557851945492,1.1956151119218261,0.2761617778703489,0.5942595448328146,-0.29202168462292766,1.410435447451844,-0.7561714280237467,1.4388598814946356,False,False,False,False,True,False,False,False,True,False,True,False,False,False,False,False,False,False,True,False,False,True,False,False,False,False,True
1.3048799060924299,2024-01-07,2024-01-07,0.48880998096722383,-0.9396478935832306,0.7353618456073507,-0.7666877214430691,0.047327854072495616,0.4197593013186881,0.25479047422875034,-1.5732544925250995,True,False,False,False,False,False,False,True,False,False,False,False,False,True,False,False,False,True,False,False,False,False,True,False,False,True,False
0.01932800719009993,2024-01-06,2024-01-06,1.021865097118838,0.8974477552972461,-0.08863038120361776,0.013336683950238364,-0.8066602313577149,0.9375615516848034,0.6643870678049437,-0.7126503856623181,False,False,False,False,True,False,True,False,False,False,False,True,False,False,True,False,False,False,False,False,False,False,True,False,False,False,True
1.3048799060924299,2024-02-18,2024-02-18,1.4971802743458837,1.3687445448006146,0.5790223488613649,0.3384518642272548,0.9337537630544743,0.18112928071727108,-0.5009252636744712,-1.1429524390937087,False,False,False,True,False,True,False,False,False,False,False,False,True,False,False,False,False,False,False,True,False,False,True,False,False,True,False
-1.2662238917122302,2024-01-24,2024-01-25,0.8611171071528398,-0.4298778967734648,-0.522151497784274,1.3688233593429162,-0.5552670988315097,-0.7484964627284879,-0.9004991021060595,0.10492351585732426,False,False,True,False,False,False,False,True,False,False,True,False,False,False,False,False,False,True,False,False,False,True,False,False,True,False,False
-0.6491589802391117,2024-01-30,2024-01-30,1.7073536520313126,-1.5744558141387879,0.14021438939557862,1.3280789504451507,0.36110141650594785,-0.5031094072665241,0.12182192264365642,1.4388598814946356,False,False,False,True,False,True,False,False,False,False,False,True,False,False,False,True,False,False,False,False,False,False,True,False,False,True,False
-1.2662238917122302,2024-01-28,2024-01-28,0.3068136934769844,1.4745458648932075,0.4060670601906851,1.132337769554854,0.8657590944555759,-0.4584181416099248,1.0779927634389794,0.14795372120046338,False,True,False,False,False,False,False,False,True,False,False,False,True,False,False,False,True,False,False,False,False,True,False,False,False,True,False
0.5335487667510319,2024-01-03,2024-01-03,-1.534859398461045,-1.680257134231381,1.0865592658338403,-1.4694237635663883,1.1452234204400416,0.8869430624663208,1.023201701981805,-0.4458631125348558,True,False,False,False,False,False,False,False,False,True,False,False,True,False,False,False,False,False,False,True,False,True,False,False,True,False,False
0.5335487667510319,2024-02-13,2024-02-13,1.0130886264023038,-0.12209223832228558,-0.5765304531741822,1.4477919044231216,0.5320237944518041,0.2349484706591703,-0.06593769039861161,-0.7126503856623181,False,False,False,True,False,False,False,False,True,False,False,False,False,True,True,False,False,False,False,False,False,False,False,True,False,False,True
1.3048799060924299,2024-02-09,2024-02-10,1.4726985402418673,-1.141632231941817,-0.4798567547032343,1.1487195422044711,1.1464710290381872,-0.38006024612182904,0.7532554967537751,1.1720726083671733,False,True,False,False,False,False,False,False,True,False,False,False,True,False,False,False,False,False,False,False,True,True,False,False,True,False,False
-3.1866342443188147,2024-01-31,2024-01-31,-0.28028600550802585,-0.3529314821606701,-1.1105015845723074,-0.23070972398380138,1.0398004938967944,-0.08239507884405561,0.13518559616979645,-1.1429524390937087,True,False,False,False,False,False,True,False,False,False,False,True,False,False,False,True,False,False,False,False,False,False,False,True,True,False,False
-0.6491589802391117,2024-02-03,2024-02-03,-1.5681176032815964,1.1282869991356308,0.674185520793704,-1.5000870816028509,1.3716643810033486,-1.290363240755849,-0.8390262038858152,1.4388598814946356,False,True,False,False,False,True,False,False,False,False,False,False,True,False,False,False,False,False,False,True,False,True,False,False,False,True,False
1.5769026879001633,2024-02-04,2024-02-04,0.018113998854143037,-0.39140468946706736,-1.3340595122863739,-0.15006099709337856,-3.204564465245229,1.4836959306767201,-1.0454949598646794,1.0085578280632448,False,False,False,False,True,False,True,False,False,False,False,True,False,False,False,False,False,False,True,False,False,True,False,False,False,False,True
1.3048799060924299,2024-01-15,2024-01-15,1.2218762455535426,-1.6417839269249834,-1.1354252724593488,1.3621026321020477,-0.5733574235046117,1.5819692973327435,-0.10602871097703194,-0.28234833223092737,True,False,False,False,False,False,False,False,True,False,True,False,False,False,False,False,False,False,True,False,False,True,False,False,False,True,False
-0.6491589802391117,2024-02-23,2024-02-23,-0.533417897753333,1.4649275630666079,-0.47683570162601724,0.028458320242192605,-0.41303971864298655,-0.2590263409881743,1.1093973962254084,-1.4914971023731354,False,False,True,False,False,False,False,False,False,True,False,True,False,False,False,False,False,False,False,False,True,False,False,True,False,False,True
0.01932800719009993,2024-01-06,2024-01-07,0.27678892523620896,-0.17980204928188176,0.6492618329066628,0.5467944086941803,1.0865858163272295,0.6798458712141223,-1.5646736763552216,1.0085578280632448,True,False,False,False,False,True,False,False,False,False,False,False,False,True,False,False,False,False,False,False,True,False,True,False,False,True,False
2.8228595883163017,2024-01-20,2024-01-20,1.0694428067926824,1.599583788638999,1.6348803993487468,-1.3140069461213026,1.5388439331547699,-0.39760482786500334,-0.30314289548759804,-1.5732544925250995,False,False,False,True,False,False,False,False,False,True,False,True,False,False,False,False,True,False,False,False,False,True,False,False,False,False,True
-0.6491589802391117,2024-02-06,2024-02-06,1.1973945114495255,-1.3147616648206053,-0.8242568055059856,-0.45417390474268104,-0.7991745797688455,0.8295675383872916,-0.9058445715165155,0.14795372120046338,False,True,False,False,False,False,False,True,False,False,False,True,False,False,False,False,False,False,False,True,False,False,True,False,True,False,False
-1.2662238917122302,2024-02-10,2024-02-10,-0.49646433684160923,1.0321039808696373,0.9302197690878546,1.2654921780145625,0.9050587652971411,0.010188153192559784,2.099645604512388,-0.28234833223092737,False,False,True,False,False,True,False,False,False,False,False,False,True,False,True,False,False,False,False,False,False,True,False,False,False,True,False
0.5335487667510319,2024-01-28,2024-01-28,-0.12092377407621727,1.6188203922921978,-1.5062595376877497,1.6977189486929214,0.5332714030499488,-0.5297819132949985,-1.118326980582143,-1.1429524390937087,False,False,True,False,False,False,False,True,False,False,False,True,False,False,True,False,False,False,False,False,False,False,True,False,True,False,False
0.01932800719009993,2024-01-17,2024-01-17,1.2542106113513007,-1.141632231941817,1.7844225266709943,-0.8943815390195718,-0.7473988229458306,-0.015298908123537649,1.5049621325991545,1.4388598814946356,False,False,False,True,False,False,True,False,False,False,False,False,True,False,False,False,False,False,True,False,False,False,True,False,True,False,False
0.01932800719009993,2024-02-11,2024-02-11,-0.33710210540980085,-1.410944683086599,-0.40810674411932785,0.8429264527449515,-0.4567060195780596,1.560631292509964,1.394043642332192,-0.1532577162015102,False,False,True,False,False,False,False,False,False,True,False,True,False,False,False,True,False,False,False,False,False,False,False,True,True,False,False
0.01932800719009993,2024-01-22,2024-01-22,-0.3528073687972836,0.8878294534706469,-0.36656726430759246,-0.9153838116472861,1.3286218843673474,0.6678728796191183,-0.6659666317223012,-0.7126503856623181,True,False,False,False,False,False,False,False,True,False,False,False,True,False,False,False,False,False,False,True,False,True,False,False,False,True,False
-1.2662238917122302,2024-02-22,2024-02-22,0.1322081181690899,-1.2859067593408076,0.4166407459609448,-1.5567932176976795,-1.5296494139827073,-1.0656029232892386,0.1258310247014986,0.5782557746318541,False,False,False,False,True,True,False,False,False,False,True,False,False,False,False,False,False,True,False,False,False,False,True,False,False,True,False
0.5335487667510319,2024-01-14,2024-01-14,-0.8904816800628632,0.6281353041524643,-0.15962512851822008,1.228528178189785,-0.4317538476151614,-0.734745304064919,-0.2242972216833716,-0.28234833223092737,False,False,False,True,False,False,False,False,False,True,False,False,False,True,False,False,False,False,True,False,False,False,True,False,True,False,False
-1.2662238917122302,2024-01-01,2024-01-01,0.2855653959527432,0.31073134387468554,1.472498796448327,-1.516468854252468,2.5469116804558802,1.0889428414552997,-0.41272501840194675,-0.28234833223092737,True,False,False,False,False,False,False,True,False,False,False,False,True,False,False,False,False,False,False,False,True,False,False,True,False,False,True
0.01932800719009993,2024-01-29,2024-01-29,-0.623954121987056,0.8974477552972461,0.5722249794376262,-0.33698122348003556,-0.8497027279937157,-0.30312488428858536,-0.9399219390081728,-1.5732544925250995,False,True,False,False,False,True,False,False,False,False,False,True,False,False,False,False,False,False,False,True,False,False,True,False,False,True,False
0.01932800719009993,2024-01-02,2024-01-02,-0.22762718120881953,0.6088987004992656,-0.5229067610535783,-1.0233354929537375,-0.11798028518170915,-0.8914610950411104,2.96542290621148,0.14795372120046338,False,False,True,False,False,False,False,False,True,False,False,True,False,False,False,False,False,False,False,True,False,False,True,False,False,True,False
1.3048799060924299,2024-02-07,2024-02-07,0.7678093658507377,-0.05476412553608982,0.5843091917464949,-0.3630240415384011,-1.0568057552857755,-0.6610106429550922,-0.7040531012718004,-0.7126503856623181,False,False,True,False,False,True,False,False,False,False,False,False,True,False,False,False,False,False,False,False,True,False,False,True,False,True,False
0.5335487667510319,2024-02-04,2024-02-04,1.1821511675734395,-0.2952216712010739,0.32751968018303984,-0.6822585854796579,-1.0499439079959785,1.1633887693925526,0.0423080651631231,-0.28234833223092737,True,False,False,False,False,False,False,True,False,False,False,False,False,True,False,True,False,False,False,False,False,False,False,True,False,False,True
1.3048799060924299,2024-02-19,2024-02-19,-1.5283925253014934,0.5800437950194673,-0.8280331218525071,-0.09419495190365872,-0.5689907934111039,1.5308766302293104,0.206013065858339,1.4388598814946356,False,False,True,False,False,False,True,False,False,False,False,False,True,False,False,False,False,False,True,False,False,True,False,False,True,False,False
0.01932800719009993,2024-01-17,2024-01-18,-0.03269714739947678,1.0128673772164385,1.0540829452537563,1.172662133000065,-1.262037369680618,-1.1654173680713513,-1.2399364096700176,0.5782557746318541,True,False,False,False,False,False,False,False,False,True,False,False,True,False,False,False,False,False,True,False,False,True,False,False,True,False,False
-0.6491589802391117,2024-02-08,2024-02-08,-1.4969819985265282,-0.6222439333054518,1.1061961108357514,-1.436660218267154,-0.8072840356567877,-1.5574439344543052,0.3055724336280825,-1.5732544925250995,False,True,False,False,False,False,False,False,False,True,False,True,False,False,False,False,True,False,False,False,False,False,True,False,False,True,False
-0.6491589802391117,2024-01-23,2024-01-23,0.18070966686572743,1.109050395482432,1.7504356795523017,-0.8662384936984348,-0.18659875807968043,-1.3592375785449313,0.020926187521298833,0.14795372120046338,False,True,False,False,False,False,False,False,True,False,False,False,True,False,False,False,False,False,False,False,True,False,False,True,True,False,False
-1.2662238917122302,2024-02-01,2024-02-01,-1.3990550621104605,-1.4494178903929964,1.6696225097367439,-0.30211745091803,0.49210031931116605,-0.21279399720548572,0.5728459041508841,0.5782557746318541,False,False,True,False,False,False,False,True,False,False,False,False,False,True,False,False,False,False,False,False,True,True,False,False,False,True,False
-0.6491589802391117,2024-01-11,2024-01-11,-0.5754525732904187,1.1667602064420282,-0.8876989201275451,-1.3270283551504853,-1.348122362952619,0.5224188134105049,0.25412229055244323,1.4388598814946356,False,True,False,False,False,False,False,False,False,True,True,False,False,False,False,False,False,False,False,True,False,False,False,True,False,True,False
0.01932800719009993,2024-02-02,2024-02-02,0.018113998854143037,-0.46835110407986225,0.3056170453732158,-0.3088381781588984,-1.2682754126713427,-1.3440638862265104,-0.6626257133407663,1.0085578280632448,False,False,True,False,False,False,True,False,False,False,True,False,False,False,False,False,False,False,False,False,True,False,False,True,False,True,False
1.3048799060924299,2024-01-21,2024-01-21,-0.6784606243318485,-0.08361903101588813,1.1530224335326171,-0.8948015844721261,-0.4005636326615379,-0.6629073544948947,1.25840235604187,1.0085578280632448,False,False,False,True,False,True,False,False,False,False,False,True,False,False,False,False,False,True,False,False,False,False,True,False,True,False,False
-1.2662238917122302,2024-01-07,2024-01-07,0.636162305102722,0.9551575662568422,0.17948807939940137,1.1247769514088766,-1.2133806343529652,0.8064513664959473,-0.5523754067501104,0.14795372120046338,False,True,False,False,False,False,True,False,False,False,True,False,False,False,False,True,False,False,False,False,False,True,False,False,False,False,True
0.5335487667510319,2024-02-10,2024-02-10,0.7488706658834791,-0.6222439333054518,-0.4451146443152377,1.094533678824968,0.30932565968293296,-0.4734732894571082,0.42785004639226437,0.14795372120046338,False,False,False,True,False,False,False,False,True,False,True,False,False,False,False,False,False,False,False,False,True,False,False,True,True,False,False
0.5335487667510319,2024-02-05,2024-02-05,1.577554269328883,0.012563987250105506,-0.3960225318104594,-1.2640215372673427,-0.8072840356567877,-1.2895334294571852,1.1514929678327495,-0.28234833223092737,False,False,False,True,False,False,False,False,False,True,False,True,False,False,False,False,False,False,False,False,True,True,False,False,False,False,True
-0.48255145414136996,2024-01-27,2024-01-27,-1.2392309111672555,-1.410944683086599,-1.2978068753597687,-0.11687740634159008,-1.040586843509891,0.010188153192559784,-0.18554256845756537,0.5782557746318541,False,False,False,True,False,False,False,True,False,False,False,True,False,False,False,True,False,False,False,False,False,False,False,True,False,True,False
0.01932800719009993,2024-01-29,2024-01-29,0.4116694225640005,-0.9300295917566312,-1.1943358074650823,0.7786594985041458,-0.9676017405184124,0.31674415581315835,-0.20425171139416146,0.5782557746318541,False,False,False,False,True,False,True,False,False,False,True,False,False,False,False,False,False,False,False,False,True,False,False,True,False,True,False
0.01932800719009993,2024-01-24,2024-01-24,1.1341115383881983,0.3203496457012847,-0.41716990335097925,-1.0292161292894972,-0.8771501171529041,1.7365512878266567,1.3265570910251843,0.14795372120046338,False,True,False,False,False,False,True,False,False,False,False,True,False,False,False,False,False,False,False,True,False,True,False,False,False,False,True
1.3048799060924299,2024-02-22,2024-02-22,0.44538954689594823,0.1953117219554932,-1.2555121322787288,0.5295725451394547,1.3173934069840434,0.8224548701130318,-0.05992403731184858,-0.28234833223092737,False,True,False,False,False,False,False,True,False,False,False,False,True,False,False,True,False,False,False,False,False,False,True,False,False,True,False
-1.2662238917122302,2024-01-01,2024-01-01,-0.8535281191511395,-1.3532348721270029,-1.4488595292206246,0.3674350004535007,-0.019419205928259083,-1.5338535846780104,0.20267214747680395,1.0085578280632448,False,False,True,False,False,True,False,False,False,False,False,True,False,False,True,False,False,False,False,False,False,False,False,True,True,False,False
0.5335487667510319,2024-01-06,2024-01-06,-1.5311640423698727,0.31073134387468554,0.6235828817503172,0.9491979522411856,-1.5751871278149974,0.8499571874401697,-1.100286021321854,-0.8202258990201657,True,False,False,False,False,False,False,False,False,True,False,True,False,False,False,False,False,False,False,True,False,True,False,False,False,False,True
0.01932800719009993,2024-02-08,2024-02-08,-0.14540550818023426,-0.9011746862768332,-1.1973568605422995,-1.4358201273620452,-0.9451447857518036,0.9647082355982283,1.114074681959557,0.14795372120046338,True,False,False,False,False,False,False,False,True,False,False,False,True,False,False,False,False,False,True,False,False,False,True,False,False,True,False
-1.2662238917122302,2024-02-10,2024-02-10,1.0505041068254242,1.1571419046154288,0.007288053998025651,-1.1984944466688743,-0.17349886779915896,0.9299747055255927,0.3242815765646787,1.4388598814946356,False,True,False,False,False,False,False,True,False,False,False,False,False,True,True,False,False,False,False,False,False,False,False,True,True,False,False
1.3048799060924299,2024-02-23,2024-02-24,1.3696904892004373,1.6188203922921978,-1.3831516247911522,-1.1552297650557828,-0.061214093966113756,0.40731213183873327,0.6329824350185146,0.5782557746318541,False,False,False,True,False,False,False,True,False,False,False,True,False,False,False,True,False,False,False,False,False,True,False,False,True,False,False
1.3048799060924299,2024-01-08,2024-01-08,1.0869957482257508,1.3975994502804125,-1.4005226799851507,1.3986465864742708,-1.054934342388558,-1.0207931131614014,-1.5239144721004942,-1.5732544925250995,False,False,False,True,False,False,False,True,False,False,False,False,True,False,False,True,False,False,False,False,False,False,True,False,True,False,False
0.01932800719009993,2024-02-11,2024-02-11,0.5386972881980507,1.426454355760211,-0.5984330879840062,1.727542175824276,1.2331798266092604,-1.5921774645269406,-0.5730891007156277,-0.7126503856623181,True,False,False,False,False,False,True,False,False,False,False,False,False,True,False,True,False,False,False,False,False,False,False,True,False,False,True
-1.2662238917122302,2024-02-23,2024-02-23,0.33406694464938075,-1.3917080794334002,1.2345908666174792,1.2974156324086876,-1.3325272554758072,1.5178367383931672,-0.7254349789136245,0.5782557746318541,False,False,True,False,False,False,True,False,False,False,False,False,False,True,False,False,False,True,False,False,False,True,False,False,True,False,False
-1.2662238917122302,2024-01-26,2024-01-26,-1.0595442212339992,0.2722581365682881,0.28975651671782593,-0.06815213384529314,0.5388856417416013,-0.5174532882862813,-1.0027312045810313,1.4388598814946356,True,False,False,False,False,True,False,False,False,False,False,False,False,True,False,False,False,False,False,False,True,True,False,False,True,False,False
-1.2662238917122302,2024-01-08,2024-01-08,-0.9459120214304487,-1.3436165703004037,3.105696970054118,1.2356689508832077,0.10159882809180075,1.0597809015308346,-0.3365520793029482,0.5782557746318541,False,False,False,False,True,False,True,False,False,False,True,False,False,False,False,False,False,True,False,False,False,False,True,False,False,False,True
-1.2662238917122302,2024-01-13,2024-01-13,0.6477102928876356,1.0513405845228359,-0.8718383914721552,0.6333237719203632,0.7753074710900676,0.269563456260568,-1.4457369819725747,1.4388598814946356,False,False,True,False,False,False,False,False,True,False,False,True,False,False,False,False,False,True,False,False,False,False,False,True,False,False,True
1.3048799060924299,2024-01-21,2024-01-21,-1.2858847818183066,1.0994320936558326,1.378090887785292,-1.4576624908948683,-0.6650566554682646,-1.1340030831933703,-0.9085173062217436,-0.7126503856623181,False,True,False,False,False,True,False,False,False,False,True,False,False,False,False,False,False,False,True,False,False,False,True,False,False,False,True
-0.6491589802391117,2024-02-17,2024-02-17,1.564158603498383,0.21454832560869191,0.51104865462398,-1.0048534930413489,0.26753077164507744,-0.8108508545994991,1.5450531531775746,0.14795372120046338,False,False,False,False,True,False,False,False,False,True,False,True,False,False,True,False,False,False,False,False,False,False,False,True,False,False,True
0.5335487667510319,2024-02-15,2024-02-15,-0.9509931360558107,0.2434032310884898,1.6756646158911779,-1.3345891732964628,1.2001181987584195,0.21847078915713522,0.22539039247124207,0.5782557746318541,True,False,False,False,False,True,False,False,False,False,False,True,False,False,False,False,True,False,False,False,False,False,False,True,True,False,False
-0.6491589802391117,2024-01-22,2024-01-22,-1.2110538209720663,0.974394169910041,0.8259934379238639,-1.518989126967794,0.42535325931041224,0.6816240382826874,1.5169894387726806,-1.5732544925250995,False,False,True,False,False,True,False,False,False,False,True,False,False,False,False,False,False,False,True,False,False,True,False,False,True,False,False
-1.2662238917122302,2024-01-20,2024-01-20,1.090229184805527,-0.09323733284248728,1.0321803104439324,1.0474885881388885,1.248774934086072,0.11616691047903113,0.7198463129384249,-0.28234833223092737,True,False,False,False,False,False,False,True,False,False,False,False,True,False,False,True,False,False,False,False,False,False,False,True,False,True,False
-1.2214866856304292,2024-01-07,2024-01-07,-0.8650761069360531,-1.3628531739536025,1.8116120043659485,0.09314531993555247,0.232597730897019,1.374516472666832,-1.2339227565832545,-0.28234833223092737,False,False,True,False,False,False,True,False,False,False,False,False,False,True,True,False,False,False,False,False,False,True,False,False,True,False,False
1.185580689874294,2024-01-01,2024-01-01,-0.8114934436140537,1.1571419046154288,1.7829120001323857,0.7870604075552317,0.9150396340823005,1.0184088810688898,-0.7321168156766946,1.4388598814946356,True,False,False,False,False,False,False,False,True,False,False,True,False,False,False,False,False,False,True,False,False,True,False,False,False,True,False
1.3048799060924299,2024-01-23,2024-01-23,1.0167839824934761,0.20493002378209277,0.5676933998218009,-0.2517119966115156,1.3286218843673474,0.9567657560253049,-1.5406190640081694,1.0085578280632448,False,False,True,False,False,False,False,False,False,True,False,False,True,False,False,True,False,False,False,False,False,True,False,False,False,True,False
1.3048799060924299,2024-01-28,2024-01-28,0.6860496123335489,0.301113042048086,-1.4979516417254026,1.410407859145791,1.1271330957669403,1.1101623018068418,1.5129803367148387,1.4388598814946356,False,False,False,False,True,False,False,False,True,False,False,False,True,False,False,False,False,False,False,False,True,True,False,False,False,True,False
1.3048799060924299,2024-02-21,2024-02-21,-1.6766686884597848,1.6572935995985951,0.6915565759877027,-0.5230613589615839,-0.8259981646289617,1.4137546926464988,0.5080320875491048,0.5782557746318541,False,True,False,False,False,True,False,False,False,False,False,True,False,False,False,False,False,False,True,False,False,True,False,False,False,True,False
0.5895988295431737,2024-02-12,2024-02-12,1.1276446652286467,0.5511888895396694,-0.0380277421602312,-0.2034067695677729,1.5232488256779582,-0.11049011852738164,1.076656396086365,1.0085578280632448,True,False,False,False,False,False,False,False,True,False,True,False,False,False,False,True,False,False,False,False,False,False,True,False,True,False,False
0.5335487667510319,2024-02-16,2024-02-16,0.2814081203501745,1.426454355760211,0.1522986017044471,-1.2404989919243028,0.415372390525253,-0.4658864432978977,0.1719356983666817,1.4388598814946356,False,False,False,False,True,False,False,False,True,False,True,False,False,False,False,False,True,False,False,False,False,True,False,False,False,True,False
1.3048799060924299,2024-02-09,2024-02-10,1.376157362359989,0.23378492926189065,-1.3823963615218477,-1.0901227199098689,1.1814040697862447,-0.7553720420602724,-0.7648578158157378,0.14795372120046338,False,False,False,False,True,False,True,False,False,False,False,False,False,True,True,False,False,False,False,False,False,False,True,False,False,False,True
0.01932800719009993,2024-02-21,2024-02-21,-0.3297113932274563,-2.0265159999889577,-0.6158041431780046,1.1520799058249054,0.5189239041712826,-1.4179170918075752,-1.4437324309436537,0.14795372120046338,False,False,False,True,False,False,False,False,True,False,False,False,False,True,False,False,False,False,False,True,False,False,False,True,False,False,True
-1.2662238917122302,2024-01-12,2024-01-12,-1.6544965519127506,-0.12209223832228558,-0.014614580811798377,0.15825236508146656,0.5039526009935429,-0.8724939796430843,0.7512509457248543,-1.5732544925250995,True,False,False,False,False,False,False,True,False,False,False,False,True,False,False,False,False,True,False,False,False,False,True,False,False,False,True
0.5335487667510319,2024-02-03,2024-02-03,-1.7163937664398876,-0.24713016206807709,-1.2509805526629034,1.462493495262522,0.3274159843560341,-1.0062121431991689,-0.4501433042751389,-1.5732544925250995,False,False,False,True,False,False,False,True,False,False,False,True,False,False,False,True,False,False,False,False,False,True,False,False,False,False,True
-1.2662238917122302,2024-01-10,2024-01-10,0.08601616702943528,1.6572935995985951,-0.15433828563309013,1.3692434047954707,0.8744923546425905,-1.3969347203985085,-1.3835959000760234,1.4388598814946356,False,False,False,False,True,False,True,False,False,False,False,False,True,False,False,False,False,False,True,False,False,False,True,False,False,False,True
0.01932800719009993,2024-01-02,2024-01-02,0.05506755976586693,1.3398896393208164,0.7844539581121288,1.6758765851600987,0.7827931226789366,-0.8356266490881709,0.9684106405246306,-1.418345753289799,False,True,False,False,False,False,True,False,False,False,True,False,False,False,False,False,False,False,True,False,False,False,True,False,False,True,False
1.3048799060924299,2024-01-19,2024-01-19,1.5798638668858658,0.7243183224184575,0.8803723933137725,-1.0073737657566746,-1.0331011919210216,-1.0883634617668698,2.029486318500153,-0.7126503856623181,False,True,False,False,False,False,True,False,False,False,False,True,False,False,False,False,False,False,True,False,False,False,False,True,False,True,False
-1.2662238917122302,2024-02-23,2024-02-23,-0.6234922024756595,-1.439799588566397,1.4898698516423257,1.0432881336133453,0.3717060895901799,-1.530060161598405,-1.0448267761883725,-0.28234833223092737,False,False,False,True,False,False,True,False,False,False,False,False,False,True,True,False,False,False,False,False,False,True,False,False,True,False,False
0.5335487667510319,2024-01-10,2024-01-10,-0.44611511009938576,-1.632165625098384,0.25728019613774195,0.11372754711071253,-0.10737561209747706,0.3815879815801604,0.9730879262587796,-1.5732544925250995,True,False,False,False,False,False,False,False,False,True,False,True,False,False,False,False,False,True,False,False,False,True,False,False,False,False,True
0.01932800719009993,2024-01-02,2024-01-02,1.43620689884154,-1.170487137421615,0.9558987202442003,0.017957183928335476,1.205732437450071,-1.2956977419615439,1.239693213105274,1.0085578280632448,False,False,True,False,False,False,False,False,True,False,False,False,False,True,False,False,False,False,False,False,True,True,False,False,False,False,True
0.34688663103041384,2024-02-01,2024-02-01,0.7243889317794621,0.5800437950194673,-1.4571674251829716,0.39725822758485496,-0.7112181735996275,-0.43293108029382715,-0.5169616719058393,0.5782557746318541,False,True,False,False,False,False,True,False,False,False,False,True,False,False,False,False,False,False,True,False,False,True,False,False,False,False,True
0.01932800719009993,2024-02-13,2024-02-13,1.2611394040222486,0.07989210003630083,-0.8257673320445943,0.49512881803000336,-0.1410610442473899,1.6309281639538986,2.96542290621148,1.0085578280632448,False,True,False,False,False,False,True,False,False,False,True,False,False,False,False,False,False,False,False,True,False,True,False,False,False,False,True
-0.6491589802391117,2024-01-20,2024-01-20,-0.2761287299054568,-0.23751186024147794,-0.4821225445111472,-1.1144853561580172,0.8819780062314595,1.2194603042879677,-1.129017919403055,-1.1042252542848836,True,False,False,False,False,False,False,False,False,True,True,False,False,False,False,False,True,False,False,False,False,False,False,True,False,False,True
-0.7360622886049091,2024-02-17,2024-02-17,-0.053945444923717945,-1.5648375123121887,1.5669067051113619,0.6677674990298145,1.0865858163272295,0.8672646802408687,-0.2837655688746949,0.33728662471027543,False,False,False,False,True,True,False,False,False,False,False,False,True,False,False,False,False,False,True,False,False,False,False,True,False,True,False
0.28929390595958926,2024-02-24,2024-02-24,-0.9412928263164831,-0.5645341223458559,-1.460943741529493,0.8727496798763055,-0.7779652336003817,0.559404688436656,0.9162923137726842,1.4388598814946356,False,True,False,False,False,False,False,False,False,True,True,False,False,False,False,False,False,False,False,True,False,False,True,False,False,False,True
0.43790370547269863,2024-01-29,2024-01-29,0.018113998854143037,0.8493562461642494,1.7700725245542128,0.8399861345770712,0.6948367165097187,-0.4980119950033045,1.27176602956801,0.14795372120046338,False,False,False,False,True,False,False,True,False,False,False,False,False,True,False,False,False,True,False,False,False,False,False,True,True,False,False
0.593712595619661,2024-02-20,2024-02-20,-0.059488479060476704,0.7820281333780538,0.7134592107975267,0.33929195513236354,0.2750164232339473,0.8573069446569049,1.0833382328494352,-0.7126503856623181,True,False,False,False,False,False,False,False,False,True,False,False,True,False,True,False,False,False,False,False,False,False,True,False,False,True,False
0.5335487667510319,2024-01-27,2024-01-27,1.1364211359451817,0.4934790785800732,1.0216066246736724,-1.1031441289390516,0.008028183230930321,0.9012869434860782,-1.2994047568613412,1.0085578280632448,False,False,True,False,False,False,True,False,False,False,False,False,True,False,False,False,False,False,False,True,False,True,False,False,False,True,False
-0.6491589802391117,2024-02-17,2024-02-17,1.106396367704406,-0.9685027990630287,0.8811276565830766,-0.21012749680864132,-0.8497027279937157,0.010188153192559784,-0.42942961030962185,-0.28234833223092737,True,False,False,False,False,True,False,False,False,False,False,True,False,False,True,False,False,False,False,False,False,False,True,False,True,False,False
0.01932800719009993,2024-02-16,2024-02-16,1.1622886285833878,-1.333998268473804,-0.5969225614453976,0.3993584548476263,0.5083192310870506,-0.6881573268685172,0.6042505369373135,0.14795372120046338,False,False,False,False,True,True,False,False,False,False,False,False,True,False,True,False,False,False,False,False,False,True,False,False,False,True,False
-1.2662238917122302,2024-02-19,2024-02-20,-1.270179518430824,0.33958624935448345,0.12888544035601454,-1.2287377192527826,0.4216104335159773,-1.0968986636959817,0.7913419663032744,-0.28234833223092737,False,False,False,True,False,False,False,True,False,False,False,False,True,False,True,False,False,False,False,False,False,True,False,False,True,False,False
-0.8358211159597301,2024-02-03,2024-02-03,-0.07103646684539036,-1.2666701556876088,1.1734145418038324,0.3762559549571407,0.748483886229951,0.5347474384192218,1.3479389686670085,-0.28234833223092737,False,True,False,False,False,False,False,False,False,True,False,True,False,False,False,False,False,True,False,False,False,False,True,False,True,False,False
-0.8543330633039237,2024-01-07,2024-01-07,0.30958521054536375,1.426454355760211,-1.7547411532888575,-1.3967559002744967,1.417825899134711,-0.7859565156395898,0.01223979972930785,1.0085578280632448,False,True,False,False,False,False,False,True,False,False,False,False,False,True,False,False,True,False,False,False,False,False,False,True,False,False,True
3.1774357840429666,2024-02-09,2024-02-09,-1.3791925231204092,0.6377536059790635,1.1990934929601782,-0.5621255860491323,0.6630226972570232,0.1993851292878712,-1.636169329720071,0.5782557746318541,False,False,True,False,False,False,False,False,False,True,False,False,True,False,False,False,False,False,False,False,True,False,True,False,False,False,True
1.3048799060924299,2024-02-04,2024-02-04,-1.5496408228257346,0.8493562461642494,-1.0719831578377892,0.18933572857048372,0.9992532144570844,-1.2058410327633946,-0.7033849175954934,-1.5732544925250995,True,False,False,False,False,False,False,True,False,False,False,False,False,True,False,False,False,False,False,True,False,True,False,False,False,False,True
-1.2662238917122302,2024-02-16,2024-02-16,1.5147332157789528,-0.39140468946706736,-1.0138278861013599,0.5493146814095061,-1.5446207171604467,-0.013520741054972961,0.5748504551798052,-0.28234833223092737,False,False,True,False,False,False,False,False,False,True,True,False,False,False,False,False,False,False,True,False,False,True,False,False,False,False,True
-2.493154624024614,2024-02-06,2024-02-06,-0.6244160414984525,-1.4301812867397978,-1.385417414599065,-0.907822993501309,1.2306846094129702,0.13122205832621456,-0.6739848358379852,1.4388598814946356,False,False,False,True,False,False,False,False,False,True,False,True,False,False,False,False,False,False,False,False,True,True,False,False,False,False,True
-1.2662238917122302,2024-02-08,2024-02-08,0.5945895490770329,0.031800590903304234,-1.3136674040151586,-0.36680445061138983,-0.5059865592047851,0.41513606694041905,1.2837933357415365,1.4388598814946356,False,False,False,False,True,False,False,True,False,False,False,True,False,False,False,False,False,False,False,True,False,False,True,False,False,True,False
-0.6491589802391117,2024-01-07,2024-01-07,1.584483061999831,1.0224856790430377,0.4385433807707691,0.8593082253945686,1.0865858163272295,1.6547556026726689,1.060619987854997,-0.28234833223092737,False,False,False,False,True,False,False,False,False,True,False,False,True,False,True,False,False,False,False,False,False,True,False,False,True,False,False
-1.2662238917122302,2024-02-20,2024-02-20,-0.10752810824571747,-1.5071277013525926,0.8977434485077707,1.6569745397951559,-0.257712448173942,-1.0725970470922606,-0.291115589314072,0.14795372120046338,False,False,False,True,False,True,False,False,False,False,False,False,True,False,False,False,False,False,True,False,False,False,True,False,True,False,False
-1.1942329853736997,2024-01-22,2024-01-22,-0.016529964500597925,0.2722581365682881,-1.0916200028397005,-1.2703222190556571,0.23883577388774332,0.49053035064757333,-1.0481676945699074,-0.28234833223092737,False,False,False,False,True,False,False,False,True,False,True,False,False,False,True,False,False,False,False,False,False,False,False,True,False,False,True
0.01932800719009993,2024-02-16,2024-02-16,-0.5828432854727634,1.4072177521070122,1.5011988006818897,1.275573268875865,-1.3038322577184736,1.358275880107272,1.257065988689256,-0.28234833223092737,True,False,False,False,False,False,False,False,False,True,False,True,False,False,True,False,False,False,False,False,False,False,False,True,False,True,False
1.0554828377053782,2024-01-05,2024-01-05,-1.5625745691448378,-0.28560336937447456,-0.7381567928052979,1.493156813298985,-0.10612800349933238,1.7325207758045764,0.4539092097682375,-1.1429524390937087,False,False,False,True,False,False,False,False,True,False,False,False,False,True,False,False,False,False,True,False,False,False,False,True,False,False,True
1.3048799060924299,2024-01-25,2024-01-25,0.18486694246829619,-0.10285563466908686,-1.1475094847682172,0.98196149754042,0.546995097629544,-0.732611503582641,-0.36662034473676336,1.3614055118769852,True,False,False,False,False,False,False,False,False,True,False,False,True,False,False,False,False,False,False,True,False,False,False,True,True,False,False
-1.2662238917122302,2024-02-18,2024-02-18,0.14144650839702094,-1.632165625098384,-0.056909323892838176,-0.41048917767703547,1.026700603616273,-0.4916105935564706,1.466875663049655,0.5782557746318541,False,False,False,True,False,False,False,False,True,False,True,False,False,False,False,False,False,False,True,False,False,True,False,False,False,True,False
-0.6491589802391117,2024-01-03,2024-01-03,1.5105759401763839,-0.33369487850747137,0.7655723763795218,1.6145499490871733,0.32117794136530975,-1.180353971447297,0.1625811268983836,0.5782557746318541,False,False,True,False,False,False,False,True,False,False,False,False,False,True,False,False,False,False,False,True,False,True,False,False,False,False,True
0.5335487667510319,2024-01-07,2024-01-07,0.6292335124317738,0.28187643839488724,-1.4465937394127115,-0.08327377013724739,-0.45608221527898773,0.3282429695232117,-0.013819363646665342,1.0085578280632448,False,False,False,False,True,False,False,False,True,False,False,False,False,True,False,False,True,False,False,False,False,True,False,False,False,True,False
-0.6491589802391117,2024-01-17,2024-01-17,1.7165920422592431,0.6185170023258647,-0.028964582928579778,-0.8565774482896862,-1.6325771233296646,-1.223029981092856,1.1468156820986004,-0.28234833223092737,False,False,True,False,False,False,True,False,False,False,False,True,False,False,False,False,False,False,False,False,True,True,False,False,False,False,True
0.5335487667510319,2024-01-09,2024-01-09,0.9216285631457874,1.1282869991356308,-0.5440541325940982,1.2495304508174991,1.5126441525937262,-0.5747102678940729,0.3630362297904848,1.0085578280632448,False,True,False,False,False,False,False,False,False,True,False,True,False,False,False,False,False,False,False,True,False,False,False,True,False,True,False
-0.6491589802391117,2024-02-22,2024-02-22,-1.3015900452057894,-1.2666701556876088,-0.33333568045820433,-0.8939614935670175,-0.8958642461250785,1.3126362586807712,-0.9826856942918211,0.5782557746318541,True,False,False,False,False,True,False,False,False,False,True,False,False,False,True,False,False,False,False,False,False,False,False,True,False,True,False
-0.6491589802391117,2024-01-01,2024-01-01,0.05968675487983245,-0.516442613212859,-0.8688173383949382,-0.6461346765599894,1.103428532402186,0.6740371921234767,0.47729563843898254,0.14795372120046338,False,True,False,False,False,False,False,True,False,False,False,True,False,False,False,False,False,False,False,False,True,False,True,False,False,True,False
-1.2662238917122302,2024-02-12,2024-02-12,-0.7080234730612275,0.4646241731002754,-0.7532620581913834,0.9672599067010196,1.168927983804796,-0.4336423471212532,1.6299124800685645,1.0085578280632448,False,True,False,False,False,False,False,False,False,True,False,True,False,False,False,False,False,False,False,True,False,False,True,False,False,False,True
1.3048799060924299,2024-02-14,2024-02-14,1.5369053523259866,0.301113042048086,-0.3235172579572485,-0.6763779491438978,-1.097353034725486,1.5400045545146104,-0.131419690676698,0.14795372120046338,False,False,False,False,True,False,False,True,False,False,True,False,False,False,True,False,False,False,False,False,False,False,False,True,False,True,False
0.5335487667510319,2024-01-19,2024-01-19,1.415882440340092,1.445690959413409,-0.8310541749297242,-0.4314914503047497,0.17895056117678665,-1.618257248199227,1.2724342132443172,-0.7126503856623181,False,False,True,False,False,True,False,False,False,False,False,False,True,False,True,False,False,False,False,False,False,False,False,True,True,False,False
0.01932800719009993,2024-01-11,2024-01-11,0.8694316583579776,0.4357692676204771,0.19685913459339954,-0.8456562665232749,-1.3917886638876915,0.2521374189886314,-1.2365954912884827,-1.1429524390937087,False,True,False,False,False,False,True,False,False,False,False,False,False,True,False,False,False,True,False,False,False,False,False,True,False,False,True
-1.2662238917122302,2024-02-07,2024-02-07,-0.15418197889676855,0.16645681647569532,0.19988018767061688,1.0189254973651969,-0.30761679209973936,-0.8769986695501154,-1.0428222251594514,1.0085578280632448,False,False,False,False,True,False,False,True,False,False,False,True,False,False,False,False,True,False,False,False,False,True,False,False,False,True,False
0.5145225986472772,2024-02-18,2024-02-18,0.9220904826571839,-0.5356792168660578,-0.167177761211263,-0.5944690858958122,-1.4965877861318664,1.7575336592357236,-0.40938410002041165,-0.7126503856623181,False,False,False,False,True,False,False,False,True,False,False,False,True,False,False,True,False,False,False,False,False,False,False,True,True,False,False
-0.6491589802391117,2024-02-06,2024-02-06,-0.27890024697383614,-0.23751186024147794,0.9332408221650716,0.39767827303740916,-0.5153436236908716,-0.7826372704449351,-1.0608631844197405,-1.1429524390937087,True,False,False,False,False,True,False,False,False,False,False,True,False,False,True,False,False,False,False,False,False,True,False,False,False,True,False
0.5335487667510319,2024-02-21,2024-02-22,-0.3985374004255414,-0.23751186024147794,-0.07050406274031518,0.35063318235132934,-0.22090799452866608,0.941117885821933,0.6717370882443207,-1.1429524390937087,False,False,False,True,False,False,False,False,True,False,True,False,False,False,False,False,False,True,False,False,False,False,True,False,True,False,False
0.5335487667510319,2024-01-26,2024-01-27,-0.9486835384988279,-0.23751186024147794,-0.41339358700445783,0.67322808991302,-1.013763258649775,0.6244856031461334,0.35434984199849384,1.4388598814946356,True,False,False,False,False,False,False,False,False,True,False,False,True,False,True,False,False,False,False,False,False,True,False,False,False,False,True
-0.6491589802391117,2024-01-15,2024-01-15,0.010261367160402001,-1.276288457514208,1.0661671575626246,1.6842774942111847,-0.7193276294875693,0.47037779053717066,-0.3372202629792552,0.14795372120046338,False,False,False,True,False,False,True,False,False,False,False,False,True,False,False,False,True,False,False,False,False,False,False,True,True,False,False
0.5335487667510319,2024-02-17,2024-02-17,0.5109821175142579,1.0801954900026338,-1.0938857926476133,-0.7969309940269778,1.2643700415628838,0.010188153192559784,-0.7929215302206319,-1.5732544925250995,False,True,False,False,False,False,False,False,False,True,True,False,False,False,False,False,True,False,False,False,False,False,False,True,False,True,False
-1.5037938826293806,2024-01-11,2024-01-11,-1.3491677548796335,0.9455392644302432,0.8071118561912569,-1.3471905368730912,1.0129769090366787,0.9740732488260035,-1.120999715287371,-0.28234833223092737,False,False,True,False,False,False,False,False,False,True,True,False,False,False,False,False,True,False,False,False,False,False,True,False,False,False,True
-1.2662238917122302,2024-01-07,2024-01-07,-0.33848786394399055,0.23378492926189065,-0.46399622604784463,-0.5091998590272925,-0.36563059191347946,1.1576986347731448,-0.38599767134966656,0.14795372120046338,False,False,False,False,True,False,False,False,False,True,False,False,False,True,False,True,False,False,False,False,False,False,False,True,False,True,False
-0.6491589802391117,2024-01-20,2024-01-20,0.14144650839702094,-0.7665184607044423,-0.014614580811798377,1.570445176568973,0.6199802006210221,0.47274867996192377,0.9597242527326393,1.0085578280632448,False,False,False,True,False,False,False,True,False,False,False,True,False,False,False,False,True,False,False,False,False,False,False,True,False,False,True
-0.6491589802391117,2024-01-27,2024-01-27,1.190465718778577,-0.9011746862768332,0.650017096175967,0.554775272292712,0.4627815172547601,-0.18576585776329838,-1.3608776550815853,-1.1429524390937087,True,False,False,False,False,False,False,True,False,False,False,False,True,False,False,True,False,False,False,False,False,False,True,False,False,True,False
0.5335487667510319,2024-02-24,2024-02-24,1.0592805775419585,-0.6607171406118493,-0.6543225699125229,-0.028667861305190147,-0.8684168569658895,-1.3722774703810745,1.2403613967815807,0.14795372120046338,False,False,False,False,True,True,False,False,False,False,True,False,False,False,False,True,False,False,False,False,False,True,False,False,False,True,False
0.5335487667510319,2024-02-21,2024-02-21,0.49989604924074066,-0.4298778967734648,1.2006040194987864,1.2852343142846137,-0.893992833227861,-0.14415674835887818,0.22271765776601413,1.0085578280632448,False,False,False,False,True,True,False,False,False,False,True,False,False,False,True,False,False,False,False,False,False,True,False,False,True,False,False
0.5335487667510319,2024-01-23,2024-01-23,-1.3126761134793064,-0.09323733284248728,1.583522497036056,0.8404061800296256,0.10347024098901822,0.4930197845435644,1.4615301936391993,1.4388598814946356,False,True,False,False,False,False,False,True,False,False,False,False,False,True,False,False,True,False,False,False,False,True,False,False,False,False,True
0.01932800719009993,2024-02-08,2024-02-08,-0.2391751689937332,-1.632165625098384,-1.2917647692053347,-0.380245905093127,1.0235815821209107,-1.570246737347973,-1.0635359191249687,0.7503765960044105,False,False,False,False,True,False,True,False,False,False,False,True,False,False,False,True,False,False,False,False,False,False,False,True,True,False,False
0.01932800719009993,2024-01-21,2024-01-21,-0.13062408381554477,0.13760191099589703,-0.3038804129553374,-0.21516804223929295,-3.204564465245229,-0.9269058919411719,-1.167104388952554,-0.28234833223092737,True,False,False,False,False,False,False,True,False,False,False,True,False,False,True,False,False,False,False,False,False,False,True,False,True,False,False
0.5335487667510319,2024-02-19,2024-02-19,-1.1214414357611362,0.1953117219554932,1.3524119366289469,0.9475177704309682,0.059180135754872396,-1.4563255004885782,0.25345410687613634,0.14795372120046338,False,False,True,False,False,False,False,True,False,False,True,False,False,False,False,False,False,True,False,False,False,True,False,False,False,False,True
1.3048799060924299,2024-01-07,2024-01-07,1.4773177353558324,-1.1512505337684165,1.174169805073137,0.7206932260516546,0.4640291258529048,-1.3741741819208773,-0.7093985706822564,1.4388598814946356,True,False,False,False,False,False,False,True,False,False,False,True,False,False,False,False,False,False,True,False,False,False,False,True,True,False,False
-0.152935947262812,2024-01-17,2024-01-17,-0.48445442954529916,1.3591262429740152,0.5321960261644998,1.2499504962700536,-1.2140044386520377,0.4421642063826064,-0.05992403731184858,-0.28234833223092737,False,False,False,False,True,False,False,False,True,False,False,True,False,False,False,False,False,False,False,True,False,True,False,False,False,False,True
0.01932800719009993,2024-02-09,2024-02-09,0.030123906150453475,-0.6222439333054518,-1.2026437034274295,0.5249520451613576,0.11968915276490186,-1.3118197900498658,-0.7782214893418778,-0.7126503856623181,False,False,False,False,True,False,False,True,False,False,False,True,False,False,False,False,False,False,False,True,False,False,True,False,False,False,True
-0.6491589802391117,2024-02-21,2024-02-21,0.07677777680150455,-0.46835110407986225,0.7708592192646517,0.5060499997964146,0.36297282940316533,-1.2031145099249283,-0.7655259994920448,0.14795372120046338,False,False,False,False,True,False,False,True,False,False,True,False,False,False,False,False,False,False,False,True,False,True,False,False,False,False,True
0.01932800719009993,2024-01-28,2024-01-28,0.018113998854143037,-0.17980204928188176,0.9740250387075027,-0.016906588633670117,0.45155303987145606,-1.3318538056890312,-0.8898081632851474,-0.28234833223092737,False,True,False,False,False,False,False,False,False,True,False,False,False,True,False,False,False,False,True,False,False,False,False,True,True,False,False
0.5335487667510319,2024-01-20,2024-01-20,-0.7265002535170892,-1.141632231941817,1.32824351201121,-1.491266127099211,-0.6139047029443216,-1.4054699223276204,1.4895939080440936,1.4388598814946356,False,False,False,True,False,False,False,False,True,False,True,False,False,False,True,False,False,False,False,False,False,False,True,False,True,False,False
1.450918601807735,2024-01-08,2024-01-08,1.3830861550309368,1.1956151119218261,-0.857488389355374,1.4431714044450246,0.49521934080652824,-0.23839960299282104,-0.7695351015498868,-0.7126503856623181,False,False,True,False,False,True,False,False,False,False,True,False,False,False,False,False,False,True,False,False,False,False,False,True,True,False,False
-1.2662238917122302,2024-01-26,2024-01-26,-0.9366736312025178,-0.9492661954098299,1.1635961193028772,-1.0577792200631886,-0.023162031722693155,1.0096365901973028,-0.2563700381461078,-1.5732544925250995,False,False,False,True,False,False,True,False,False,False,False,False,True,False,False,True,False,False,False,False,False,False,True,False,True,False,False
-1.2662238917122302,2024-01-06,2024-01-07,1.6810242398817092,0.5800437950194673,0.8131539623456916,-0.4478732229543669,0.44656260547887644,-1.5903992974583756,-0.1761879969892673,1.4388598814946356,True,False,False,False,False,False,True,False,False,False,False,True,False,False,False,False,False,False,False,True,False,False,True,False,False,False,True
1.3048799060924299,2024-02-01,2024-02-01,-0.09136092534683829,-0.4972060095596603,-1.0591436822596165,-0.7461054942679092,0.7054413895939508,-0.6189273556657215,-0.9920402657601192,1.4388598814946356,True,False,False,False,False,False,False,False,True,False,False,True,False,False,False,False,False,False,True,False,False,False,True,False,True,False,False
0.5335487667510319,2024-02-10,2024-02-11,1.0020025581287866,0.974394169910041,1.253472448350086,-0.44199258661860685,0.11220350117603195,0.4785573590525694,0.39577722992952813,1.0085578280632448,True,False,False,False,False,False,False,False,False,True,True,False,False,False,False,False,False,True,False,False,False,True,False,False,False,True,False
0.5335487667510319,2024-01-09,2024-01-09,-1.3935120279737019,-1.2281969483812114,0.476306544235983,-0.0475699066701331,-0.8054126227595703,0.7248927702844347,-1.1083042254375377,-0.28234833223092737,False,False,False,False,True,False,False,False,True,False,False,False,True,False,True,False,False,False,False,False,False,False,False,True,False,True,False
1.3048799060924299,2024-02-06,2024-02-06,0.7105313464375659,0.599280398672666,1.5495356499173636,0.7815998166720255,-0.641975896402583,-0.3238701667551765,-0.8096261221283071,-1.5732544925250995,False,True,False,False,False,False,False,True,False,False,True,False,False,False,True,False,False,False,False,False,False,False,False,True,False,False,True
0.01932800719009993,2024-01-12,2024-01-12,-1.2581696111345138,0.9263026607770444,-0.8325647014683327,0.04273986562903814,0.4309674980020647,-0.9825032489516362,0.8474693951130626,-1.1429524390937087,False,True,False,False,False,False,False,False,False,True,False,True,False,False,False,False,False,False,False,True,False,False,True,False,True,False,False
-1.2662238917122302,2024-01-13,2024-01-13,1.0634378531445268,-0.9300295917566312,1.214954021615568,0.22882000111058642,0.7659504066039802,-1.413649490843019,-1.6555466563329742,-0.28234833223092737,True,False,False,False,False,True,False,False,False,False,True,False,False,False,False,False,False,False,False,False,True,False,True,False,False,False,True
0.01932800719009993,2024-02-20,2024-02-20,1.0532756238938028,-1.1897237410748138,1.6348803993487468,-1.3274484006030398,1.5220012170798134,-1.3056554775455076,-0.29712924240083505,0.14795372120046338,False,False,False,True,False,False,False,False,True,False,True,False,False,False,False,False,True,False,False,False,False,False,True,False,False,True,False
0.5335487667510319,2024-01-17,2024-01-17,1.1036248506360264,0.23378492926189065,-1.756251679827466,1.6578146307002641,1.7334708744653806,-0.9680408234606412,0.43252733212641337,-1.1429524390937087,False,True,False,False,False,False,False,False,False,True,False,True,False,False,False,False,False,False,True,False,False,True,False,False,False,False,True
-0.6491589802391117,2024-01-06,2024-01-06,-0.8059504094772951,1.0224856790430377,0.486880230006243,0.4963889543876662,-1.331279646877662,1.2958029437650227,-0.27908828314054596,-0.28234833223092737,False,False,True,False,False,True,False,False,False,False,False,False,True,False,False,False,False,False,False,False,True,True,False,False,True,False,False
-0.6491589802391117,2024-01-09,2024-01-09,1.4103394062033332,-1.5936924177919867,1.6416777687724857,1.3805846320144364,-0.5789716621962642,0.41869240107754907,-1.6167920031071679,-0.7126503856623181,False,False,False,False,True,False,False,True,False,False,False,True,False,False,False,False,False,False,False,True,False,False,True,False,False,False,True
3.1774357840429666,2024-02-04,2024-02-04,0.8213920291727369,-0.1701837474552822,1.537451437608495,-0.46887549558208114,1.1558280935242737,0.8357318508916501,-1.7437469016054985,1.0085578280632448,True,False,False,False,False,False,True,False,False,False,False,False,False,True,False,False,False,False,False,True,False,True,False,False,False,False,True
1.3048799060924299,2024-01-11,2024-01-11,0.8075344438308406,1.522637374026204,0.20139071420922539,0.9941428156644939,-0.37935428649307373,-0.2017693613803829,0.18396300454020775,1.0085578280632448,True,False,False,False,False,False,False,False,True,False,True,False,False,False,False,False,False,False,False,True,False,False,False,True,True,False,False
1.3048799060924299,2024-02-22,2024-02-22,-1.0267479359248444,0.20493002378209277,1.6824619853149165,-0.8998421299027776,-0.44797275939104503,-1.3745298153345902,-0.6111755702651268,-1.5732544925250995,False,True,False,False,False,False,False,True,False,False,True,False,False,False,False,False,False,False,False,True,False,True,False,False,True,False,False
-1.2662238917122302,2024-02-21,2024-02-21,1.5678539595895553,1.4168360539336113,-1.434509527103843,1.1806429965985963,-0.8609312053770201,-0.6753545239748494,-0.8570671631461044,0.14795372120046338,False,True,False,False,False,False,False,False,True,False,False,True,False,False,True,False,False,False,False,False,False,True,False,False,False,False,True
0.5335487667510319,2024-01-17,2024-01-17,0.018113998854143037,-0.8915563844502338,0.15531965478166443,-1.6315613082523424,-1.06803423266908,1.5787685966093261,0.4539092097682375,1.4388598814946356,False,False,True,False,False,True,False,False,False,False,False,False,True,False,False,False,True,False,False,False,False,False,False,True,True,False,False
-0.6491589802391117,2024-02-05,2024-02-05,0.42460316888310384,1.5899654868123998,0.7119486842589179,0.5572955450080374,0.3754489153846149,-1.4097375232921763,-1.3027456752428759,0.5782557746318541,True,False,False,False,False,False,True,False,False,False,False,False,False,True,False,False,False,False,False,True,False,False,True,False,False,False,True
-1.2662238917122302,2024-01-10,2024-01-10,0.4504706615213102,0.6569902096322622,-1.553085860384615,1.0928534970147512,-0.6800279586460036,0.030459257774200374,-0.7053894686244144,0.14795372120046338,False,False,False,False,True,True,False,False,False,False,False,False,True,False,False,False,False,False,False,False,True,True,False,False,False,True,False
-1.2662238917122302,2024-01-27,2024-01-27,-0.10383275215454518,-1.170487137421615,0.04051963784741376,-1.1371678105959486,1.0641288615606206,-0.43435361394867905,0.9964743549295245,-0.7126503856623181,False,False,True,False,False,False,True,False,False,False,False,False,True,False,False,False,True,False,False,False,False,True,False,False,True,False,False
1.3048799060924299,2024-01-01,2024-01-01,-1.3838117182343745,0.8397379443376499,0.3690591599947753,-1.6269408082742451,0.5856709641720365,-0.46576789882666,-0.07128315980906764,-0.28234833223092737,False,False,True,False,False,False,False,False,False,True,False,False,True,False,False,True,False,False,False,False,False,False,True,False,True,False,False
1.3048799060924299,2024-01-05,2024-01-05,-0.2844432811105946,0.18569342012889406,0.7995592234982145,-0.010185861392801697,1.282460366235985,-1.2243339702764702,1.1314474575435394,-1.1429524390937087,False,False,True,False,False,False,True,False,False,False,False,False,False,True,False,False,False,True,False,False,False,True,False,False,True,False,False
1.3048799060924299,2024-01-30,2024-01-30,-0.16988724228425126,0.2626398347416885,1.3002987710469514,0.9298758614236882,-1.2333423719232843,1.5616981927511027,1.265752376481247,-0.7126503856623181,False,False,False,True,False,False,False,False,True,False,True,False,False,False,False,False,False,True,False,False,False,False,False,True,False,True,False
0.01932800719009993,2024-02-22,2024-02-22,-0.77453988270233,-1.757203548844176,-0.014614580811798377,-1.2089955829827315,0.3149398983745845,1.3495035892356848,0.24209498437891716,0.14795372120046338,False,False,False,False,True,True,False,False,False,False,True,False,False,False,False,False,False,True,False,False,False,False,True,False,False,True,False
-1.2662238917122302,2024-02-09,2024-02-09,0.5211443467649819,-1.3724714757802015,0.11604596477784167,-1.282083491727177,0.528904772956442,1.4429166325709637,-0.6552756929013891,-1.5732544925250995,False,True,False,False,False,False,False,True,False,False,False,True,False,False,False,False,False,False,False,True,False,False,True,False,False,False,True
-0.6491589802391117,2024-02-18,2024-02-18,-0.21284575684413004,-1.5936924177919867,1.477785639333457,-1.2972051280191312,-0.4872724302326112,0.24538038412808466,0.7145008435279689,-1.1429524390937087,False,False,False,True,False,False,False,False,False,True,False,False,True,False,False,False,False,True,False,False,False,False,False,True,True,False,False
-1.2662238917122302,2024-02-19,2024-02-19,0.018113998854143037,0.031800590903304234,-0.31143304564838004,0.41321995478191764,0.6043850931442104,-0.41183016441352305,-1.2352591239358686,-1.1429524390937087,False,False,True,False,False,False,True,False,False,False,True,False,False,False,False,False,True,False,False,False,False,True,False,False,True,False,False
-0.36428067944235504,2024-01-19,2024-01-19,-0.9569980897039659,-0.9492661954098299,0.5163354975091099,-1.4412807182452512,0.7385030174447917,-0.3233959888702258,-1.4190096349202947,0.44486213806812314,False,False,True,False,False,False,False,False,True,False,True,False,False,False,False,False,True,False,False,False,False,True,False,False,False,False,True
0.01932800719009993,2024-02-17,2024-02-17,-0.40777579065347247,1.0898137918292334,-0.5176199181684482,-0.19332567870647,0.9849057155784173,-1.316798657841848,0.7652828029273011,1.0085578280632448,False,False,False,True,False,True,False,False,False,False,False,False,True,False,False,False,False,False,False,True,False,False,True,False,False,True,False
0.01932800719009993,2024-01-28,2024-01-28,-0.6987850828332964,1.0224856790430377,-0.14905144274796014,-0.08537399740001869,0.24569762117754046,0.1390459934279003,-0.7494895912606767,0.14795372120046338,False,True,False,False,False,True,False,False,False,False,True,False,False,False,True,False,False,False,False,False,False,True,False,False,False,True,False
-0.6517300840369162,2024-02-20,2024-02-20,-0.8890959215286734,1.349507941147416,0.8290144910010815,-0.5339825407279952,-1.5396302827678665,1.6001066014321057,-1.5526463701816955,-0.7126503856623181,False,True,False,False,False,False,False,False,True,False,True,False,False,False,False,False,False,False,False,False,True,True,False,False,False,True,False
0.01932800719009993,2024-01-14,2024-01-14,0.08185889142686653,-1.4590361922195958,-0.5780409797127907,-0.23070972398380138,-0.15041810873347733,1.305286501464036,0.3837499237560021,1.0085578280632448,False,False,False,True,False,True,False,False,False,False,False,True,False,False,False,True,False,False,False,False,False,False,False,True,True,False,False
-2.522465207319587,2024-01-28,2024-01-28,-0.34680241514912835,1.109050395482432,-1.0478147332200523,-1.5425116723108336,0.05730872285765491,0.010188153192559784,1.2022749272320816,-1.1429524390937087,False,False,False,False,True,True,False,False,False,False,False,True,False,False,False,False,False,False,True,False,False,False,True,False,False,False,True
-1.2662238917122302,2024-01-30,2024-01-30,0.2583121447803472,1.8977511452635794,0.04807227054045666,1.3999067228319337,0.48274325482507957,1.0016941106243793,1.4054027648294107,0.5782557746318541,False,False,False,False,True,False,False,False,False,True,True,False,False,False,True,False,False,False,False,False,False,False,True,False,False,True,False
-1.2662238917122302,2024-02-10,2024-02-10,0.16223288640986566,1.13790530096223,-0.6377067779878286,0.8223442255697917,0.719165084173545,1.0009828437969535,0.8721921911364219,-1.5732544925250995,False,False,True,False,False,False,True,False,False,False,False,False,False,True,False,False,True,False,False,False,False,True,False,False,False,False,True
0.01932800719009993,2024-01-27,2024-01-27,-0.17081108130704417,-0.8530831771438363,0.05789069304141221,-0.4587944047207782,-0.010685945741244473,1.7416487000898762,-0.6158528559992759,1.0085578280632448,False,False,False,True,False,False,True,False,False,False,False,True,False,False,False,False,True,False,False,False,False,False,False,True,False,False,True
-0.6491589802391117,2024-01-27,2024-01-27,0.9525771704093561,-1.1031590246354195,0.8645118646583825,-0.3987279050055154,-1.5390064784687942,1.3887418092153516,0.4104772708082821,0.14795372120046338,True,False,False,False,False,False,False,False,True,False,True,False,False,False,False,False,True,False,False,False,False,True,False,False,True,False,False
-0.6491589802391117,2024-02-23,2024-02-23,0.6999071976754454,-1.0935407228088203,0.750467110993436,-0.6935998126986234,0.8950778965119819,-1.1156286901515327,1.2102931313477658,-1.1429524390937087,False,False,False,True,False,False,True,False,False,False,False,False,True,False,False,False,False,True,False,False,False,False,False,True,True,False,False
-0.6491589802391117,2024-02-20,2024-02-20,-0.6447404999999006,0.002945685423505929,0.7927618540744757,-0.983011129508526,1.2774699318434053,-0.7765915024118143,0.023598922226526913,1.4388598814946356,False,False,True,False,False,False,False,False,False,True,False,False,False,True,False,True,False,False,False,False,False,True,False,False,True,False,False
0.01932800719009993,2024-02-03,2024-02-03,1.690724549621037,-0.9877394027162274,0.37434600287990527,0.5560354086503748,0.34301109183284584,-0.9221641130916653,0.07638543265478016,0.14795372120046338,False,False,False,True,False,False,False,True,False,False,False,False,True,False,False,False,False,True,False,False,False,False,False,True,False,False,True
1.3048799060924299,2024-01-27,2024-01-27,-1.6314005763429233,0.6088987004992656,0.7549986906092618,-1.0510584928223203,0.21887403631742472,-0.8825702596982856,0.8006965377715725,1.0085578280632448,False,False,False,True,False,False,True,False,False,False,False,False,True,False,False,False,False,False,False,True,False,True,False,False,True,False,False
-1.2662238917122302,2024-02-12,2024-02-12,0.5040533248433098,1.6284386941187974,1.6492304014655286,1.4301499954158423,1.0185911477283303,-0.05595966175805639,-0.2663927932907128,-0.7126503856623181,False,False,True,False,False,False,False,True,False,False,False,False,False,True,False,False,True,False,False,False,False,False,True,False,False,False,True
0.01932800719009993,2024-01-24,2024-01-24,1.0763715994636303,-1.1801054392482144,-1.525896382689661,-1.3098064915957597,0.6892224778180662,0.010188153192559784,-1.6468602685409828,-1.1429524390937087,False,True,False,False,False,False,False,False,False,True,False,True,False,False,False,True,False,False,False,False,False,False,False,True,False,True,False
0.01932800719009993,2024-01-29,2024-01-29,-1.422151037680288,0.1953117219554932,-1.6610885078951267,-1.258560946384137,0.4490578226751658,0.9896025745581376,-1.3007411242139548,-0.28234833223092737,False,False,True,False,False,True,False,False,False,False,False,False,False,True,True,False,False,False,False,False,False,False,True,False,False,False,True
0.5335487667510319,2024-01-25,2024-01-25,-1.6027615666363373,-1.3917080794334002,-0.014614580811798377,-0.4230905412536639,1.1707993967020134,-0.7532382415779946,-1.0134221434019433,-0.28234833223092737,True,False,False,False,False,True,False,False,False,False,False,False,True,False,False,False,True,False,False,False,False,False,False,True,False,True,False
-1.2662238917122302,2024-02-16,2024-02-16,-0.8826290483691218,-0.23751186024147794,0.4672433850043316,1.0092644519564482,0.7278983443605596,0.3514776858857939,0.1138037185279723,1.4388598814946356,False,True,False,False,False,False,True,False,False,False,False,False,False,True,False,False,False,True,False,False,False,False,True,False,True,False,False
0.01932800719009993,2024-01-22,2024-01-22,-0.2645807421205431,-0.6414805369586506,1.5465145968401466,0.41069968206659213,-0.5783478578971913,0.010188153192559784,-0.5750936517445486,-0.7944077758142822,False,False,True,False,False,False,False,False,False,True,False,False,False,True,False,False,False,False,False,True,False,False,True,False,True,False,False
0.5335487667510319,2024-02-14,2024-02-14,-1.4244606352372704,1.2052334137484253,-0.5198857079763611,1.690998221452053,-1.462902353981953,-0.6115775984489863,0.004221595613623736,-0.7126503856623181,False,False,True,False,False,True,False,False,False,False,False,False,False,True,False,False,False,False,False,True,False,True,False,False,True,False,False
-0.6491589802391117,2024-01-23,2024-01-23,-0.43225752475748946,0.9647758680834414,0.9755355652461115,0.3678550459060549,-0.1329515883594481,-1.4485015653868922,-1.2606501036355346,-0.7126503856623181,False,False,False,False,True,False,False,False,False,True,False,False,True,False,False,False,False,True,False,False,False,True,False,False,True,False,False
0.01932800719009993,2024-02-01,2024-02-01,-0.1657299666816822,0.6858451151120605,-0.8506910199316354,-0.8494366755962633,-0.8490789236946433,1.2931949653977945,-1.4524188187356448,0.5782557746318541,False,False,False,False,True,False,False,True,False,False,False,False,False,True,False,False,False,True,False,False,False,False,True,False,True,False,False
-1.2662238917122302,2024-02-20,2024-02-21,0.34007189829753565,1.2821798283612202,-0.6142936166393961,0.8341054982413112,0.5993946587516308,1.0115333017371053,-1.3040820425954898,-1.5732544925250995,True,False,False,False,False,False,False,False,True,False,False,False,True,False,False,True,False,False,False,False,False,False,False,True,True,False,False
0.01932800719009993,2024-01-21,2024-01-21,-0.9648507213977071,0.41653266396727834,-0.08787511793431363,-0.6511752219906407,0.5675806394989353,-0.7646185108168102,0.9303241709751313,1.4388598814946356,False,False,False,False,True,False,False,False,True,False,False,False,True,False,False,False,False,False,False,True,False,False,True,False,False,True,False
-2.572344620996997,2024-01-04,2024-01-05,0.018113998854143037,-0.8434648753172372,0.5019854953923283,-0.02194713406432173,0.6112469404340075,0.010188153192559784,0.5360958019539989,0.5782557746318541,False,True,False,False,False,True,False,False,False,False,False,False,False,True,False,False,False,False,False,True,False,False,True,False,True,False,False
-0.6491589802391117,2024-02-12,2024-02-12,-0.5324940587305399,0.8108830388578521,1.8093462145580355,-1.947855534025719,0.5120620568814855,0.988061496432048,-0.17151071125511824,-1.1429524390937087,False,False,False,False,True,False,False,False,False,True,True,False,False,False,True,False,False,False,False,False,False,False,False,True,False,False,True
0.01932800719009993,2024-01-24,2024-01-24,-0.22485566414044017,0.08951040186290041,-0.6656515189520871,1.914882447663487,0.9524678920266492,-0.17118488780106553,-0.0011238737968323005,1.0085578280632448,True,False,False,False,False,False,True,False,False,False,True,False,False,False,False,False,False,False,False,True,False,False,True,False,True,False,False
-1.917741594075931,2024-01-31,2024-01-31,-1.1916532014934114,-0.4298778967734648,-1.2268121280451663,0.07046286549762111,1.165185158010361,0.875562793227505,1.0973700900518824,-1.5732544925250995,False,False,False,True,False,True,False,False,False,False,False,True,False,False,False,False,False,False,False,True,False,False,False,True,False,False,True
0.5335487667510319,2024-02-05,2024-02-06,-1.7223987200880428,-1.1993420429014132,1.5925856562677077,-1.521929445135674,1.1127855968882734,-0.13585863537224185,-0.9205446123952697,-1.1429524390937087,False,False,False,True,False,False,False,False,True,False,False,False,True,False,False,False,False,False,False,True,False,True,False,False,False,False,True
0.5335487667510319,2024-02-07,2024-02-07,1.3701524087118335,-0.5741524241724553,1.0140539919806295,-0.7624872669175263,1.43279720231245,1.323660894505874,-0.16081977243420617,1.4388598814946356,False,False,True,False,False,False,False,True,False,False,False,False,False,True,False,False,False,False,True,False,False,False,False,True,False,False,True
0.5335487667510319,2024-02-13,2024-02-13,0.8657363022668053,-0.2567484638946765,1.1900303337285265,-0.6629364946621608,-1.1522478130438634,-0.6623146321387064,0.7806510274823623,0.5782557746318541,False,False,False,True,False,True,False,False,False,False,True,False,False,False,False,False,False,False,False,True,False,True,False,False,True,False,False
0.5335487667510319,2024-01-09,2024-01-09,1.3253462161063685,-1.4205629849131984,-0.9994778839845784,1.0101045428615572,-0.4504679765873353,0.4502252304267676,-0.7093985706822564,1.4388598814946356,False,False,True,False,False,False,True,False,False,False,False,False,True,False,True,False,False,False,False,False,False,False,True,False,False,False,True
0.5335487667510319,2024-01-17,2024-01-17,1.0274081312555967,1.647675297771996,-0.6218462493324389,-1.3299686733183655,-1.1310384668753992,1.2681820819666474,-0.20358352771785446,1.4388598814946356,False,False,True,False,False,False,True,False,False,False,False,True,False,False,False,False,False,False,False,True,False,False,False,True,False,True,False
0.5335487667510319,2024-02-03,2024-02-03,0.018113998854143037,-0.5549158205192565,-1.2358752872768177,-1.421958627427754,-0.5209578623825241,-1.7845751413456687,0.6670598025101716,1.4388598814946356,True,False,False,False,False,False,False,True,False,False,False,False,False,True,False,False,False,False,True,False,False,False,False,True,True,False,False
0.5335487667510319,2024-02-06,2024-02-06,0.3844161713916041,1.445690959413409,0.6840039432946597,-1.15396962869812,-1.066786624070935,0.010188153192559784,-1.4958507576956002,-1.5732544925250995,False,True,False,False,False,False,False,True,False,False,False,True,False,False,False,False,False,False,False,False,True,False,False,True,False,True,False
-1.2662238917122302,2024-01-17,2024-01-17,-0.7343528852108306,-1.24743355203441,1.6590488239664838,-0.813732812129149,0.7528505163234588,1.1373089857202667,0.5013502507860347,1.4388598814946356,False,True,False,False,False,False,False,True,False,False,True,False,False,False,False,False,False,False,False,True,False,False,False,True,False,True,False
0.5335487667510319,2024-02-01,2024-02-01,-0.2955293493841118,-0.46835110407986225,-1.0032542003310998,-1.3593718549971654,-1.384303012298822,-0.013283652112497513,-0.021169384086042346,0.14795372120046338,False,False,False,True,False,False,False,True,False,False,False,False,False,True,False,False,False,False,True,False,False,False,True,False,False,False,True
-0.6491589802391117,2024-02-20,2024-02-20,2.557747472512354,0.5415705877130699,0.6205618286731001,-0.7196426307569893,-0.7031087177116853,1.1578171792443823,-1.5452963497423184,0.5782557746318541,False,True,False,False,False,False,False,False,False,True,True,False,False,False,False,False,True,False,False,False,False,True,False,False,False,False,True
0.5335487667510319,2024-02-12,2024-02-12,-1.102502735793878,-0.6126256314788525,-0.262340933143602,0.19605645581135245,1.271231888852681,-0.5574027750933741,1.0118425794845858,-0.7126503856623181,True,False,False,False,False,False,False,False,False,True,True,False,False,False,False,False,True,False,False,False,False,False,False,True,False,True,False
0.5335487667510319,2024-01-27,2024-01-27,1.6343703692306586,0.599280398672666,0.8373223869634285,-1.264441582719897,1.092200055018882,0.21100248746916211,0.0897491061809202,0.5782557746318541,False,False,True,False,False,True,False,False,False,False,False,False,True,False,False,False,True,False,False,False,False,False,True,False,False,True,False
0.01932800719009993,2024-01-26,2024-01-26,0.02873814761626378,0.8782111516440474,-0.9586936674421473,-0.5890084950126067,1.3710405767042757,-0.2608045080567393,-0.6024891824731358,0.5782557746318541,False,False,True,False,False,True,False,False,False,False,False,False,True,False,False,True,False,False,False,False,False,True,False,False,True,False,False
0.01932800719009993,2024-02-10,2024-02-10,-0.7837782729302611,-0.4972060095596603,0.25350387979122047,-1.3211477188147256,-0.30574537920252187,-1.4046401110289568,-0.6051619171783638,-0.28234833223092737,True,False,False,False,False,False,False,True,False,False,False,False,False,True,True,False,False,False,False,False,False,False,False,True,False,True,False
-1.6662876426506352,2024-01-31,2024-01-31,0.9391815045788563,-0.9107929881034326,0.8894355525454236,0.8832508161901625,0.9006921352036334,-1.3370697624234884,-0.9472719594475499,-1.1429524390937087,False,False,False,False,True,False,False,False,False,True,False,True,False,False,False,True,False,False,False,False,False,False,True,False,False,True,False
0.5335487667510319,2024-01-29,2024-01-29,0.4989722102179478,-0.38178638764046796,-0.9949463043687528,-0.638153812961458,-1.3998981197756337,-0.9130361888063653,-0.0839786496589008,1.0085578280632448,False,False,False,True,False,True,False,False,False,False,False,False,False,True,False,False,False,False,True,False,False,False,False,True,True,False,False
-0.6491589802391117,2024-01-05,2024-01-05,-1.218444533154411,1.0513405845228359,-0.6226015126017431,1.3167377232261852,-0.12796115396686844,-0.3984346391636669,0.004221595613623736,-1.173073582833906,False,False,False,True,False,False,False,False,False,True,False,True,False,False,False,False,True,False,False,False,False,True,False,False,True,False,False
0.01932800719009993,2024-02-03,2024-02-03,-1.5417881911319933,-0.6703354424384487,-0.7215410008806038,-1.3383695823694512,-1.212756830053893,-1.6144638251196215,-0.41873867148870975,-1.0525890078731168,False,False,False,True,False,False,True,False,False,False,False,False,False,True,False,False,False,False,True,False,False,False,True,False,False,False,True
1.3048799060924299,2024-01-17,2024-01-17,1.020941258096045,-0.7665184607044423,0.7655723763795218,1.985450083692607,-1.1198099894920948,-0.14048186975051058,-0.6285483458491089,1.4388598814946356,False,False,False,False,True,False,False,True,False,False,False,True,False,False,False,False,False,False,False,True,False,False,False,True,False,True,False
-1.2662238917122302,2024-01-21,2024-01-22,0.9927641679008555,-1.4205629849131984,-0.034251425813709754,-0.5747269496257608,1.099685706607752,0.672140480583674,0.4919956793177365,-0.7126503856623181,False,False,True,False,False,False,False,True,False,False,True,False,False,False,False,False,True,False,False,False,False,False,False,True,False,True,False
0.4137353297733349,2024-02-14,2024-02-14,-1.0858736333836023,-0.593389027825654,0.9415487181274187,-0.29749695093993256,-0.5116007978964375,0.010188153192559784,-1.2105363279125094,-0.28234833223092737,False,True,False,False,False,False,True,False,False,False,False,True,False,False,False,True,False,False,False,False,False,False,False,True,False,False,True
0.01932800719009993,2024-02-14,2024-02-14,0.1603852083642795,-1.24743355203441,-0.6339304616413074,-0.7608070851073092,0.4103819561326724,0.010188153192559784,-0.9432628573897078,0.14795372120046338,False,False,False,True,False,False,False,False,True,False,False,True,False,False,False,False,False,True,False,False,False,False,False,True,False,False,True
1.3048799060924299,2024-02-08,2024-02-08,-0.3209349225109217,-0.14132884197548432,-0.43756201162219477,-1.1296069924499714,-0.37249243920327657,-0.8230609351369784,-1.512555349603275,-0.7126503856623181,False,False,True,False,False,False,False,True,False,False,False,True,False,False,False,False,False,False,False,False,True,True,False,False,False,False,True
0.01932800719009993,2024-02-02,2024-02-02,1.53921494988297,1.426454355760211,0.8599802850425566,1.612869767276956,0.05606111425951022,-0.8979810409591819,-0.6125119376177409,1.0085578280632448,False,False,False,False,True,False,False,True,False,False,False,False,True,False,False,False,True,False,False,False,False,False,True,False,False,True,False
-0.6491589802391117,2024-01-09,2024-01-09,1.7752558202066049,0.599280398672666,0.8297697542703856,0.9101337251536369,1.1040523367012587,0.7139866789305694,-0.7107349380348704,0.14795372120046338,False,False,False,True,False,False,False,False,False,True,False,False,False,True,False,False,True,False,False,False,False,False,True,False,True,False,False
-1.3448996679250527,2024-01-06,2024-01-06,0.23059697409655433,0.9936307735632397,-0.7842278522328588,-0.8670785846035433,-1.5365112612725045,1.4947205665018228,-0.5517072230738036,1.4388598814946356,False,True,False,False,False,False,False,True,False,False,False,False,True,False,False,False,False,False,False,False,True,True,False,False,False,False,True
-0.6491589802391117,2024-02-13,2024-02-13,0.7220793342224795,-0.516442613212859,-0.014614580811798377,0.7895806802705574,0.18955523426101872,-1.0902601733066724,1.288470621475685,0.5782557746318541,False,False,True,False,False,True,False,False,False,False,False,True,False,False,False,False,False,True,False,False,False,False,False,True,False,True,False
0.26615397177934713,2024-01-02,2024-01-02,1.165060145651767,-0.28560336937447456,-1.4269568944108004,1.3444607230947678,-0.7948079496753382,-0.3766224564559369,1.3265570910251843,-0.7255594472652598,True,False,False,False,False,False,False,True,False,False,False,False,False,True,False,False,False,True,False,False,False,False,False,True,True,False,False
-1.2662238917122302,2024-02-12,2024-02-12,1.706891732519916,-0.46835110407986225,0.5450355017426721,0.1061667289647354,-0.10363278630304211,1.2025084449009817,-0.18955167051540744,-1.224709829245673,False,False,True,False,False,True,False,False,False,False,False,False,True,False,True,False,False,False,False,False,False,False,True,False,True,False,False
0.5335487667510319,2024-01-10,2024-01-10,1.1234873896260784,-0.9877394027162274,1.489114588373021,0.5686367722270033,0.2594213157571356,1.5964317228237381,-1.0929360008824767,-1.5732544925250995,False,False,False,True,False,False,False,False,False,True,False,False,False,True,False,False,False,False,False,False,True,False,True,False,False,True,False
0.5335487667510319,2024-01-16,2024-01-16,-1.1838005697996699,-0.4298778967734648,0.543524975204064,1.2029054055839734,0.8358164881000971,1.5468801338463947,1.2263295395791336,1.0085578280632448,False,False,False,True,False,False,False,True,False,False,False,True,False,False,False,False,False,False,True,False,False,True,False,False,False,False,True
0.5335487667510319,2024-01-13,2024-01-13,-0.21515535440111264,0.3972960603140796,-0.46777254239436583,-0.5848080404870637,0.26129272865435216,0.010188153192559784,-1.6742557992695701,-1.5732544925250995,False,True,False,False,False,False,False,False,False,True,False,False,False,True,True,False,False,False,False,False,False,False,False,True,False,True,False
-0.6491589802391117,2024-01-18,2024-01-18,0.8851369217454603,0.20493002378209277,0.44231969711729024,-1.3812142185299883,-0.7698557777124395,-1.1171697682776223,-1.6602239420671232,-1.3753155479466599,False,False,True,False,False,True,False,False,False,False,False,True,False,False,True,False,False,False,False,False,False,False,True,False,False,False,True
-0.6491589802391117,2024-01-17,2024-01-17,-0.487687866125075,-0.28560336937447456,-1.1074805314950902,0.42498122745343764,0.39915347874936846,-0.7602323653810167,-1.6669057788301933,-0.28234833223092737,False,False,True,False,False,False,True,False,False,False,False,True,False,False,False,False,False,False,False,False,True,False,True,False,True,False,False
0.5335487667510319,2024-01-25,2024-01-25,-0.07704142049354525,0.47424247492687455,-0.001775105233625773,-0.7381246306693777,-0.27268375135168094,1.1721610602641397,0.13585377984610356,0.14795372120046338,False,False,True,False,False,False,False,False,True,False,True,False,False,False,False,False,False,True,False,False,False,False,True,False,False,False,True
0.5335487667510319,2024-02-18,2024-02-18,0.8394068901172022,1.4072177521070122,0.22329334901904943,-0.6373137220563494,0.22698349220536654,-0.04339394780686401,-1.2051908585020532,-1.1429524390937087,False,True,False,False,False,False,False,True,False,False,True,False,False,False,False,False,False,False,True,False,False,False,True,False,False,True,False
1.3048799060924299,2024-02-15,2024-02-15,0.10818830357646968,-1.0165943081960256,-0.014614580811798377,-0.6952799945088408,-0.3550259188292474,1.6994468683292678,-1.4457369819725747,1.0085578280632448,False,False,False,True,False,False,False,False,False,True,True,False,False,False,False,False,False,False,True,False,False,True,False,False,False,True,False
-1.2662238917122302,2024-01-27,2024-01-28,0.9294811948395288,0.23378492926189065,0.3109038882583458,2.9486143063995827,-1.5527301730483885,1.3288768512403313,0.5541367612142881,-1.5732544925250995,False,False,True,False,False,False,True,False,False,False,False,False,False,True,False,False,False,False,True,False,False,True,False,False,True,False,False
0.5335487667510319,2024-02-18,2024-02-18,0.018113998854143037,1.0417222826962362,1.0276487308281066,-0.6209319494067322,1.472096873154016,0.010188153192559784,1.1314474575435394,0.5782557746318541,False,True,False,False,False,False,False,True,False,False,True,False,False,False,False,False,False,True,False,False,False,False,False,True,False,True,False
0.5335487667510319,2024-01-22,2024-01-22,0.823239707218323,0.6858451151120605,0.36754863345616673,-0.7876899940707833,0.7166698669772557,0.64191164041807,1.2864660704467643,1.0085578280632448,True,False,False,False,False,False,True,False,False,False,False,False,False,True,True,False,False,False,False,False,False,True,False,False,False,False,True
-1.2662238917122302,2024-01-03,2024-01-03,1.5997264058759175,-0.13171054014888472,0.633401304251273,-0.9107633116691889,1.0522765798782439,1.712842393579124,-0.49691616161662916,-0.4587721741377976,False,False,False,True,False,False,False,True,False,False,False,False,False,True,True,False,False,False,False,False,False,True,False,False,True,False,False
0.5335487667510319,2024-01-01,2024-01-01,-1.3565584670619784,1.1186686973090312,-0.11959617524509321,0.9588589976499343,-0.7211990423847868,0.04693693927623581,1.612539704484582,0.14795372120046338,True,False,False,False,False,False,True,False,False,False,True,False,False,False,False,True,False,False,False,False,False,False,True,False,True,False,False
-0.6491589802391117,2024-02-19,2024-02-19,-0.9676222384660863,0.5800437950194673,-0.3242725212265529,0.01963736573855258,-1.1909236795863565,-1.4479088430307039,-0.8604080815276394,1.0085578280632448,False,False,False,True,False,False,False,False,False,True,False,True,False,False,False,False,False,False,False,False,True,False,True,False,False,True,False
0.01932800719009993,2024-02-14,2024-02-14,-0.7819305948846748,-1.632165625098384,0.8901908158147277,-1.108184674369703,-0.14667528293904236,0.010188153192559784,0.6369915370763565,1.0085578280632448,False,False,False,False,True,False,False,False,True,False,False,False,True,False,True,False,False,False,False,False,False,False,True,False,True,False,False
1.3048799060924299,2024-01-21,2024-01-21,-1.4845101717188214,-0.7088086497448461,1.1620855927642684,-0.8406157210926234,0.06417057014745205,0.05547214120534758,-0.5236435086689093,-1.1429524390937087,True,False,False,False,False,False,False,False,True,False,False,False,True,False,False,False,True,False,False,False,False,False,False,True,False,True,False
1.3048799060924299,2024-01-16,2024-01-16,-1.3403912841630992,-0.4779694059064616,2.519293687704058,1.1638411784964253,0.393539240057716,1.2590541576813474,-0.7461486728791418,0.5782557746318541,False,False,True,False,False,False,False,False,True,False,True,False,False,False,False,False,False,True,False,False,False,False,True,False,False,False,True
0.5335487667510319,2024-01-08,2024-01-08,-0.28351944208780167,0.8108830388578521,1.551046176455972,-1.5198292178729023,0.7241555185661247,-0.7620105324495816,0.8922377014256321,-0.7126503856623181,False,False,False,False,True,True,False,False,False,False,False,True,False,False,False,True,False,False,False,False,False,False,False,True,True,False,False
1.3048799060924299,2024-02-01,2024-02-01,1.4556075183201949,0.10874700551609914,-1.1490200113068256,0.1813548649719524,1.0535241884763886,-0.29636784942803845,0.6456779248683475,0.14795372120046338,False,False,True,False,False,False,False,False,False,True,True,False,False,False,False,False,False,True,False,False,False,True,False,False,True,False,False
-0.6491589802391117,2024-01-10,2024-01-10,1.1835369261076292,1.3879811484538134,1.204380335845308,0.6186221810809631,0.9150396340823005,0.06661532150168795,-0.06994679245645366,0.5782557746318541,True,False,False,False,False,True,False,False,False,False,False,False,False,True,False,False,False,False,False,False,True,True,False,False,False,False,True
0.5335487667510319,2024-02-02,2024-02-02,0.07077282315334933,0.8397379443376499,1.211932968538351,-0.46887549558208114,0.1159463269704669,-1.439847818986543,1.2143022334056075,1.4388598814946356,False,False,True,False,False,False,False,False,True,False,True,False,False,False,False,False,False,False,False,True,False,True,False,False,False,False,True
-1.2662238917122302,2024-02-14,2024-02-14,1.5008756304370567,-0.5549158205192565,0.8123986990763868,-0.48231695006381825,1.4527589398827694,1.116682247724913,0.40112269933998407,1.4388598814946356,False,False,True,False,False,False,False,False,False,True,True,False,False,False,False,False,False,False,False,True,False,True,False,False,False,True,False
-1.2662238917122302,2024-02-06,2024-02-06,-1.535783237483838,-0.27598506754787516,1.1416934844930526,1.573805540189407,0.4602863000584707,1.605559647109038,1.4474983364367522,-0.28234833223092737,False,False,True,False,False,True,False,False,False,False,False,False,False,True,False,False,False,False,True,False,False,True,False,False,False,True,False
-0.6491589802391117,2024-01-15,2024-01-15,0.918857046077408,-1.632165625098384,-0.4035751645035023,-1.0275359474792802,0.8457973568852564,1.4974470893402894,-0.07328771083798873,0.14795372120046338,True,False,False,False,False,False,True,False,False,False,False,False,True,False,False,False,True,False,False,False,False,True,False,False,False,False,True
-0.6491589802391117,2024-01-30,2024-01-31,-0.46412997104385106,1.3398896393208164,3.105696970054118,-0.14460040621017306,0.2101407761304101,-1.4976975209505228,-1.156413450131642,0.14795372120046338,False,False,False,True,False,False,False,False,True,False,False,True,False,False,True,False,False,False,False,False,False,False,False,True,False,True,False
0.5335487667510319,2024-01-13,2024-01-13,1.6565425057776924,-0.6799537442650481,-1.3929700472921076,1.2318885418102197,0.3436348961319186,-0.43423506947744145,0.3643725971430988,0.14795372120046338,False,False,True,False,False,True,False,False,False,False,False,True,False,False,False,False,False,False,True,False,False,False,True,False,True,False,False
1.3048799060924299,2024-02-12,2024-02-12,1.35860442092692,3.0615656662821014,0.9823329346698497,-1.5387312632378451,0.13341284734449613,0.35195186377074444,-0.8523898774119554,1.4388598814946356,False,False,True,False,False,False,True,False,False,False,True,False,False,False,False,False,True,False,False,False,False,False,True,False,True,False,False
-0.6491589802391117,2024-01-19,2024-01-20,1.0569709799849758,0.1472202128224966,0.9657171427451556,-1.3072862188804342,0.4690195602454853,1.2188675819317794,0.11848100426212135,-1.1429524390937087,False,False,False,True,False,False,True,False,False,False,False,False,False,True,False,False,True,False,False,False,False,False,True,False,False,True,False
-1.2662238917122302,2024-02-03,2024-02-04,-1.6461820007076124,1.782331523344387,-1.1256068499583929,1.4461117226129048,-0.6401044835053655,0.010188153192559784,0.34365890317758174,1.0085578280632448,True,False,False,False,False,False,True,False,False,False,False,True,False,False,False,True,False,False,False,False,False,False,False,True,False,True,False
-3.1866342443188147,2024-01-12,2024-01-12,0.9835257776729248,1.0321039808696373,0.21196439997948535,-1.2841837189899483,-0.7636177347217147,-0.01707707519210267,-0.8410307549147361,0.14795372120046338,True,False,False,False,False,False,False,False,True,False,False,False,False,True,False,True,False,False,False,False,False,True,False,False,False,True,False
0.01932800719009993,2024-02-11,2024-02-11,-0.1703491617956477,-1.333998268473804,0.595638140786059,-0.6343734038884693,-0.2751789685479712,0.8523280768649232,-1.2132090626177374,0.5782557746318541,False,False,False,True,False,False,False,True,False,False,True,False,False,False,False,True,False,False,False,False,False,False,True,False,False,False,True
0.5335487667510319,2024-01-09,2024-01-09,0.5216062662763786,1.1475236027888296,-1.4246911046028876,0.38717713672355203,1.0603860357661858,-0.5862090816041263,-0.5343344474898214,1.2064967726416844,False,True,False,False,False,False,False,False,True,False,True,False,False,False,False,True,False,False,False,False,False,False,True,False,True,False,False
0.5335487667510319,2024-01-07,2024-01-07,-1.478967137582063,0.09912870368949957,1.502709327220498,-0.8826202663480519,-1.4385739863181266,-1.329127282850565,1.3172025195568866,-0.7987107963485962,False,False,False,False,True,False,False,False,True,False,False,False,True,False,False,False,False,False,False,False,True,False,False,True,False,False,True
-0.6491589802391117,2024-01-31,2024-01-31,0.5031294858205165,-0.3433131803340707,-1.579520074810265,0.43044181833664347,1.2450321082916371,0.18468561485440077,1.4715529487838042,1.4388598814946356,False,False,False,False,True,False,False,False,True,False,False,False,False,True,False,False,False,True,False,False,False,False,True,False,True,False,False
0.01932800719009993,2024-01-17,2024-01-17,-1.3228383427300303,-1.4013263812599996,-0.865796285317721,0.5627561358912432,0.47525760323620964,0.6838763832362029,1.384020887187587,-0.28234833223092737,False,False,True,False,False,False,False,True,False,False,False,False,True,False,False,True,False,False,False,False,False,False,True,False,True,False,False
-0.6491589802391117,2024-01-30,2024-01-30,-0.629035236612418,0.9551575662568422,-0.7026594191479969,-1.4685836726612795,0.3929154357586432,1.145370009764428,-0.8350171018279732,1.0085578280632448,False,False,False,True,False,False,False,True,False,False,True,False,False,False,False,False,False,True,False,False,False,False,True,False,False,True,False
0.01932800719009993,2024-02-17,2024-02-17,0.5913561124972571,-0.9300295917566312,1.466456690293893,0.22293936477482643,-1.1584858560345879,-0.599367517911507,-0.8076215710993859,-0.28234833223092737,False,False,False,True,False,False,False,True,False,False,False,True,False,False,False,False,False,True,False,False,False,False,True,False,False,True,False
-0.6491589802391117,2024-01-24,2024-01-24,1.7318353861353297,-0.7761367625310417,-0.014614580811798377,1.3007759960291219,-0.07119496275127395,1.6023589463856214,-0.9506128778290849,0.14795372120046338,True,False,False,False,False,True,False,False,False,False,True,False,False,False,False,False,False,False,False,False,True,False,True,False,True,False,False
-1.2662238917122302,2024-02-12,2024-02-12,-0.8378228557636569,0.04141889272990338,-1.5870727075033075,-0.048830043027796,0.043585028278060656,1.6412415329515755,0.5360958019539989,-1.5732544925250995,False,False,False,False,True,True,False,False,False,False,False,True,False,False,True,False,False,False,False,False,False,True,False,False,False,True,False
-1.2662238917122302,2024-02-12,2024-02-12,0.29157034960089845,1.3783628466272138,-0.281222514876209,1.4108279045983447,-3.204564465245229,-1.2005065315576997,-0.23164724212274862,-1.5732544925250995,False,False,True,False,False,False,False,False,False,True,False,True,False,False,False,False,True,False,False,False,False,False,True,False,True,False,False
0.5335487667510319,2024-02-16,2024-02-16,-1.323300262241427,-0.7665184607044423,0.5669381365524961,-0.18744504237070997,0.7073128024911682,0.010188153192559784,0.9049331912754652,0.5782557746318541,False,True,False,False,False,False,False,False,False,True,False,False,False,True,False,False,False,False,False,True,False,False,True,False,False,False,True
-0.6491589802391117,2024-01-09,2024-01-09,0.995535684969235,1.570728883159201,0.8637566013890778,-1.3135869006687484,-0.0761853971438536,-0.27325167753669416,0.8548194155524399,-0.16186375727013802,False,True,False,False,False,False,False,False,True,False,False,False,True,False,False,False,False,True,False,False,False,False,True,False,False,True,False
0.01932800719009993,2024-01-02,2024-01-02,0.7123790244831519,-0.3721680858138686,-1.6089753423131314,-0.29329649641438993,0.27314501033672983,0.07360944530471014,0.8721921911364219,-0.7944077758142822,False,True,False,False,False,False,True,False,False,False,True,False,False,False,True,False,False,False,False,False,False,True,False,False,False,False,True
-0.6491589802391117,2024-02-02,2024-02-02,-1.0059615579119998,1.3398896393208164,0.10396175246897346,1.4591331316420877,3.188399449343937,1.6008178682595318,0.4746229037337546,0.5782557746318541,False,False,False,False,True,False,True,False,False,False,True,False,False,False,False,False,False,False,False,True,False,False,True,False,False,False,True
0.5335487667510319,2024-01-22,2024-01-22,0.018113998854143037,-0.7376635552246442,0.7330960557994378,-0.18954526963348128,-1.2420756321102988,0.010188153192559784,-0.6372347336411001,-0.28234833223092737,False,False,True,False,False,False,False,False,True,False,False,True,False,False,False,False,True,False,False,False,False,False,False,True,False,False,True
-0.6491589802391117,2024-02-24,2024-02-24,-0.30199622254366343,-0.31445827485427263,-0.2208014533318666,-1.5542729449823536,2.4265174507348943,1.4475398669492325,1.592494194195372,-0.28234833223092737,False,False,True,False,False,False,False,False,True,False,True,False,False,False,True,False,False,False,False,False,False,False,True,False,False,False,True
-0.6491589802391117,2024-01-04,2024-01-04,1.2135616943484042,0.6473719078056631,-1.5364700684599208,0.06164191099398109,1.161442332215926,0.4748824804442018,1.5049621325991545,0.14795372120046338,False,False,False,False,True,False,False,False,True,False,False,True,False,False,False,False,True,False,False,False,False,False,True,False,False,True,False
-0.6491589802391117,2024-02-07,2024-02-07,0.8509548779021159,-0.0643824273626894,-0.551606765287141,-0.5705264951002179,-0.9757111964063543,-0.7986407740620197,-0.8677581019670163,-1.5732544925250995,False,False,False,False,True,True,False,False,False,False,False,False,False,True,False,False,False,True,False,False,False,False,False,True,True,False,False
0.5335487667510319,2024-01-24,2024-01-24,-0.6567504072962109,-1.3532348721270029,-0.01612510735040717,-0.9855314022238517,1.0029960402515183,-0.06639157522697074,0.8407875583499927,0.5782557746318541,True,False,False,False,False,False,False,True,False,False,False,False,True,False,False,False,False,True,False,False,False,False,True,False,False,False,True
-0.6491589802391117,2024-02-02,2024-02-02,-1.3260717793098062,1.214851715575025,1.1341408518000102,0.7958813620588714,-1.044329669304326,-0.5675975996198132,-0.7247667952373176,1.4388598814946356,False,False,False,True,False,False,True,False,False,False,False,False,False,True,False,True,False,False,False,False,False,True,False,False,False,True,False
1.3048799060924299,2024-01-11,2024-01-11,-0.22116030804926787,1.214851715575025,-1.46925163749184,-0.7414849942898121,0.047327854072495616,0.620336546652815,0.9857834161086125,-1.1429524390937087,False,False,False,False,True,False,False,False,True,False,False,True,False,False,False,False,False,True,False,False,False,True,False,False,True,False,False
0.01932800719009993,2024-01-01,2024-01-01,-1.188881684425032,1.2821798283612202,-0.4549330668161932,-0.9691496295742346,-0.37873048219400096,0.09281364964521138,1.2517205192788,1.4388598814946356,False,False,False,True,False,False,True,False,False,False,False,False,True,False,True,False,False,False,False,False,False,False,False,True,False,True,False
-1.2662238917122302,2024-01-14,2024-01-14,0.6061375368619465,1.3591262429740152,1.0034803062103697,1.0819323152483395,-0.8241267517317442,0.6314797269491553,-1.6535421053040529,-1.1429524390937087,False,False,False,True,False,False,True,False,False,False,False,False,True,False,False,False,False,False,True,False,False,True,False,False,False,True,False
0.5335487667510319,2024-01-26,2024-01-26,-1.347781996345444,1.2340883192282235,-0.014614580811798377,-1.839063761814159,0.15649360641017776,0.7387624734192412,1.114074681959557,-1.3494974247407763,False,True,False,False,False,False,False,False,True,False,False,False,False,True,False,False,True,False,False,False,False,False,True,False,True,False,False
-1.2662238917122302,2024-01-17,2024-01-17,-1.3196049061502546,3.073630064967379,-1.0055199901390126,1.4305700408683961,0.9705582166997503,0.18160345860222163,-0.5737572843919346,-0.7126503856623181,False,False,False,True,False,True,False,False,False,False,False,True,False,False,True,False,False,False,False,False,False,False,True,False,True,False,False
0.01932800719009993,2024-01-07,2024-01-08,0.5701078149730159,0.9551575662568422,-0.4594646464320188,-0.9170639934575032,0.6405657424904144,-0.24717189386440794,-0.18353801742864428,0.5782557746318541,True,False,False,False,False,False,True,False,False,False,False,False,True,False,False,True,False,False,False,False,False,False,True,False,False,True,False
0.01932800719009993,2024-02-05,2024-02-05,0.8694316583579776,-1.3436165703004037,-0.014614580811798377,0.8068025438252829,-0.08741387452715758,-0.6589953869440518,-0.9258900818057257,1.4388598814946356,False,False,True,False,False,False,False,False,True,False,False,True,False,False,False,False,False,False,False,True,False,False,True,False,False,False,True
-1.2662238917122302,2024-01-01,2024-01-01,0.36871090800412176,0.8782111516440474,0.35470915787799384,-1.3568515822818397,0.16647447519533706,-1.6119743912236306,1.2430341314868087,-0.28234833223092737,False,False,False,True,False,False,False,True,False,False,False,False,False,True,False,False,False,False,False,True,False,False,False,True,True,False,False
-0.6491589802391117,2024-01-27,2024-01-28,-0.5426562879812639,1.43607265758681,0.4105986398065107,0.45396436367968324,0.023623290707742058,-0.35492881821944444,0.9436878445012713,1.4388598814946356,False,True,False,False,False,True,False,False,False,False,True,False,False,False,False,False,False,False,False,True,False,True,False,False,False,False,True
0.5335487667510319,2024-02-18,2024-02-18,-0.014220366943614999,-1.0165943081960256,-1.45867795172158,-0.10511613367007006,0.9880247370737795,-1.1514291204653069,1.4642029283444271,0.14795372120046338,False,False,False,True,False,True,False,False,False,False,True,False,False,False,False,False,True,False,False,False,False,False,True,False,False,False,True
0.01932800719009993,2024-02-04,2024-02-04,0.40289295184746626,0.7435549260716563,1.5110172231828451,0.08012391090636954,-0.8422170764048458,1.413280514761548,-0.291783772990379,-1.1429524390937087,False,True,False,False,False,False,False,True,False,False,True,False,False,False,False,False,False,True,False,False,False,False,True,False,True,False,False
1.3048799060924299,2024-02-22,2024-02-22,0.24861183504101966,-0.8049916680108398,0.9030302913929006,1.1104954060220313,-0.5003723205131326,1.3905199762839162,0.8287602521764668,-1.5732544925250995,False,False,True,False,False,False,True,False,False,False,False,False,False,True,False,True,False,False,False,False,False,False,True,False,False,False,True
-0.6491589802391117,2024-01-24,2024-01-24,0.5765746881325675,-0.4010229912936667,-0.014614580811798377,0.6459251354969918,-0.8472075107974258,0.6319539048341063,0.7465736599907052,0.14795372120046338,False,False,True,False,False,True,False,False,False,False,False,False,True,False,False,False,False,False,True,False,False,False,True,False,False,False,True
-1.2662238917122302,2024-02-23,2024-02-23,0.25276911064358876,0.4069143621406792,0.543524975204064,-1.4761444908072567,1.3922499228727399,0.8314642499270941,-0.0011238737968323005,1.0085578280632448,False,True,False,False,False,False,True,False,False,False,False,False,False,True,False,False,False,False,True,False,False,False,True,False,False,False,True
1.3614441896441323,2024-01-29,2024-01-29,-1.6175429910010268,0.41653266396727834,-0.35750410507594127,-1.5110082633692623,-0.17599408499544836,-1.0028928980045144,0.7733010070429852,-1.5732544925250995,False,False,True,False,False,False,True,False,False,False,False,False,False,True,False,False,True,False,False,False,False,False,False,True,False,True,False
1.3048799060924299,2024-02-09,2024-02-09,-0.6059392610425908,0.8108830388578521,-1.542512174614355,0.46236527273076905,-1.0231203231358623,1.1383758859614057,-0.4247523245754728,-0.1876818804760213,False,False,True,False,False,False,False,True,False,False,False,True,False,False,False,False,True,False,False,False,False,True,False,False,False,True,False
-1.2662238917122302,2024-01-08,2024-01-08,-1.5681176032815964,0.05103719455650296,1.6379014524259639,-0.2323899057940185,-0.7673605605161496,1.8994313913072067,-0.8236579793307542,0.5782557746318541,False,True,False,False,False,False,True,False,False,False,False,False,True,False,False,False,False,True,False,False,False,False,True,False,False,False,True
1.3048799060924299,2024-02-10,2024-02-10,-1.9515107977407298,-0.20865695476167964,-1.537225331729225,0.47580672721250616,0.5632140094054277,1.4405457431462105,-1.0368085720726885,0.14795372120046338,True,False,False,False,False,False,False,True,False,False,False,True,False,False,False,False,False,False,False,True,False,False,False,True,False,True,False
-0.6491589802391117,2024-01-30,2024-01-30,-0.8267367874901399,-0.7472818570512436,0.40229074384416363,0.7194330896939918,-1.4984591990290839,-1.4149534800266335,0.548791291803832,-1.5732544925250995,False,False,False,True,False,False,True,False,False,False,True,False,False,False,False,False,False,False,False,True,False,False,True,False,False,False,True
-1.2662238917122302,2024-01-22,2024-01-22,-0.23732749094814704,0.2434032310884898,-0.6860436272233025,-0.21012749680864132,0.6093755275367909,0.3149659887445933,0.7445691089617841,1.4388598814946356,False,True,False,False,False,False,False,True,False,False,True,False,False,False,False,True,False,False,False,False,False,False,False,True,False,True,False
0.5335487667510319,2024-02-15,2024-02-15,-0.31908724446533554,0.05103719455650296,1.4392672125989387,-0.596989358611138,-1.3100703007091978,1.605559647109038,-1.5379463293029412,1.4388598814946356,False,False,False,True,False,False,False,True,False,False,False,False,True,False,False,False,True,False,False,False,False,True,False,False,False,False,True
1.3048799060924299,2024-01-20,2024-01-20,0.7188458976427037,0.8108830388578521,1.0858040025645364,-0.21516804223929295,1.315521994086826,-0.2583150741607483,-1.5259190231294153,0.5782557746318541,False,True,False,False,False,False,False,False,False,True,False,True,False,False,False,False,False,False,False,False,True,False,True,False,False,False,True
-0.6491589802391117,2024-02-05,2024-02-05,1.1770700529480775,2.8403447242703157,-1.2079305463125594,1.2734730416130937,0.044832636876205346,-1.455969867074865,-1.7397377995476564,-0.7126503856623181,False,True,False,False,False,True,False,False,False,False,False,True,False,False,False,False,False,False,True,False,False,False,True,False,False,True,False
-0.6491589802391117,2024-02-01,2024-02-01,1.2537486918399041,1.349507941147416,-0.6935962599163454,-1.0981035835084,-1.5265303924873452,1.368352160162473,-0.35993850797369337,0.5782557746318541,False,True,False,False,False,False,False,False,False,True,False,True,False,False,False,False,False,False,False,True,False,False,False,True,False,False,True
0.5335487667510319,2024-01-11,2024-01-11,-0.613791892736332,0.2626398347416885,1.3002987710469514,0.8987924979346713,1.0747335346448528,0.5718518579166105,-0.9552901635632339,-0.28234833223092737,True,False,False,False,False,False,False,False,False,True,False,True,False,False,False,False,True,False,False,False,False,False,True,False,True,False,False
-0.6491589802391117,2024-01-01,2024-01-01,0.7779715951014616,0.6473719078056631,-0.014614580811798377,0.9525583158616199,0.043585028278060656,0.8088222559207003,-1.2118726952651233,0.5782557746318541,False,False,True,False,False,False,False,False,True,False,False,True,False,False,False,False,False,True,False,False,False,False,True,False,False,True,False
0.01932800719009993,2024-01-20,2024-01-20,-0.9824036628307758,0.5608071913662686,-1.3189542469002886,-1.3799540821723255,-0.3032501620062325,0.07443925660337371,1.3646435605746834,-0.6782262213878067,False,True,False,False,False,False,True,False,False,False,False,False,False,True,False,False,True,False,False,False,False,True,False,False,False,True,False
-0.6491589802391117,2024-02-19,2024-02-19,0.018113998854143037,-1.1608688355950159,0.15305386497375148,-0.22734936036336717,-1.190299875287284,-0.34497108263548065,-0.17284707860773232,-0.7126503856623181,False,False,True,False,False,False,False,True,False,False,False,True,False,False,False,False,False,False,True,False,False,False,True,False,True,False,False
1.3048799060924299,2024-01-12,2024-01-12,1.6953437447350024,1.570728883159201,0.08961175035219206,-1.1056644016543773,1.1246378785706501,-1.3235556927023948,-0.5142889372006113,-0.28234833223092737,False,False,True,False,False,False,True,False,False,False,False,False,False,True,True,False,False,False,False,False,False,False,False,True,False,True,False
0.01932800719009993,2024-02-09,2024-02-09,0.04351957198095327,0.9070660571238457,-0.9579384041728431,-0.8851405390633775,-1.4204836616450252,0.4271090585354233,0.30891335200961756,1.4388598814946356,False,False,False,False,True,False,False,False,True,False,True,False,False,False,True,False,False,False,False,False,False,True,False,False,True,False,False
1.3048799060924299,2024-02-20,2024-02-20,0.46109481028343097,-0.46835110407986225,-0.14451986313213455,-1.1338074469755144,0.24881664267290352,-1.3052998441317947,-0.6004846314442149,1.0085578280632448,False,True,False,False,False,False,False,True,False,False,False,False,False,True,False,False,False,True,False,False,False,True,False,False,False,False,True
1.3048799060924299,2024-01-17,2024-01-17,0.19687684976460662,-0.5645341223458559,0.7542434273399578,1.194084451080334,1.2774699318434053,0.5468389744854636,-0.9172036940137347,-0.9278014123780134,False,False,False,False,True,True,False,False,False,False,False,True,False,False,False,False,False,True,False,False,False,True,False,False,False,True,False
-0.6491589802391117,2024-02-03,2024-02-03,-1.948277361160954,-0.7665184607044423,1.494401431258151,1.5733854947368533,0.12031295706397464,-1.0081088547389716,0.9897925181664546,-0.7126503856623181,False,False,False,True,False,True,False,False,False,False,False,True,False,False,True,False,False,False,False,False,False,False,True,False,False,True,False
-1.2662238917122302,2024-01-15,2024-01-15,0.6648013148093077,0.12798360916929788,1.450596161638503,-0.09503504280876712,0.0691610045400317,-0.13147248993644825,0.6516915779551106,-1.5732544925250995,True,False,False,False,False,False,False,False,True,False,False,False,True,False,True,False,False,False,False,False,False,True,False,False,False,False,True
0.01932800719009993,2024-02-02,2024-02-02,-1.2350736355646865,-1.439799588566397,1.4090566818267678,1.4427513589924708,-0.8765263128538319,1.0956998763158468,0.7031417210307498,-1.1429524390937087,False,False,False,False,True,False,True,False,False,False,False,False,True,False,False,True,False,False,False,False,False,False,False,True,True,False,False
1.3048799060924299,2024-01-06,2024-01-06,0.24168304237007154,1.4841641667198067,-0.865796285317721,0.46530559089864904,0.3685870680948177,-0.14249712576155105,0.2407586170263032,-0.28234833223092737,False,True,False,False,False,False,False,True,False,False,True,False,False,False,False,False,False,False,False,True,False,False,False,True,False,True,False
1.3048799060924299,2024-02-06,2024-02-06,0.6172236051354634,-0.5549158205192565,0.34791178845425536,-1.5895567629969138,-0.9638589147239774,0.33227348154529235,0.04498079986835106,-0.7126503856623181,True,False,False,False,False,False,False,False,True,False,False,True,False,False,True,False,False,False,False,False,False,False,True,False,False,False,True
0.5335487667510319,2024-02-16,2024-02-16,-1.2253733258253592,0.41653266396727834,-0.03274089927510122,0.4518641364169119,-1.0175060844442099,1.7271862745988815,0.5735140878271912,1.4388598814946356,False,True,False,False,False,False,False,False,True,False,False,True,False,False,False,False,False,False,False,False,True,False,True,False,False,True,False
-0.6491589802391117,2024-01-04,2024-01-04,1.7332211446695187,0.33958624935448345,-0.9654910368658859,1.5649845856857674,-0.36625439621255135,1.4535856349823533,-0.31316565063220314,-0.7126503856623181,False,False,False,False,True,False,False,False,True,False,True,False,False,False,True,False,False,False,False,False,False,False,False,True,True,False,False
0.5335487667510319,2024-01-14,2024-01-14,-1.2840371037727205,-0.01629091822969237,0.8962329219691618,0.09608563810343249,1.5419629546501321,0.19725132880559315,-0.20892899712831048,-0.28234833223092737,False,True,False,False,False,False,True,False,False,False,False,False,True,False,False,False,False,False,False,True,False,False,False,True,False,True,False
0.5335487667510319,2024-02-21,2024-02-21,2.4053140337514938,-0.01629091822969237,0.44231969711729024,-0.20886736045097842,-0.8116506657502951,0.6453494300839622,0.2501131884946013,1.4388598814946356,False,False,False,False,True,False,False,False,False,True,False,False,False,True,False,False,True,False,False,False,False,False,False,True,False,False,True
0.5335487667510319,2024-01-20,2024-01-20,0.7294700464048244,0.37805945666088087,-1.4141174188326275,-0.28615572372096704,1.4933062193224793,-1.3277047491957128,-1.445068798296268,0.14795372120046338,False,False,False,True,False,False,False,False,True,False,True,False,False,False,False,False,True,False,False,False,False,False,False,True,True,False,False
0.01932800719009993,2024-01-06,2024-01-06,-0.12277145212180342,-0.31445827485427263,-0.9058252385908477,-1.1942939921433313,-1.1085815121087903,0.010188153192559784,0.4806365568205176,1.0085578280632448,True,False,False,False,False,False,False,True,False,False,True,False,False,False,False,False,False,False,False,False,True,False,False,True,True,False,False
0.5335487667510319,2024-02-13,2024-02-13,-0.579147929381591,-0.09323733284248728,0.27163019825452334,-1.5979576720479993,-2.415451518665614,-1.1878222731352697,-1.1176587969058358,-1.1429524390937087,False,True,False,False,False,False,True,False,False,False,False,False,True,False,False,False,False,True,False,False,False,True,False,False,True,False,False
1.3048799060924299,2024-02-15,2024-02-15,-0.8345894191838811,-1.276288457514208,-1.3620042532506325,-1.308546355238097,0.014266226221654662,0.24407639494447053,-0.6946985298035023,0.5782557746318541,False,False,False,True,False,False,False,False,True,False,True,False,False,False,False,False,False,True,False,False,False,False,True,False,False,True,False
1.4282928883870538,2024-02-17,2024-02-17,-0.18974978127430275,0.9359209626036435,-0.19587776544482552,-0.3453821325311211,-0.7779652336003817,-0.937456349881324,0.387759025813844,1.0085578280632448,False,False,False,True,False,False,False,False,True,False,False,False,False,True,False,False,False,False,False,True,False,False,False,True,False,True,False
-1.2662238917122302,2024-02-23,2024-02-23,-1.483124413184632,1.109050395482432,0.30486178210391146,0.6207224083437347,-3.204564465245229,-0.8005374856018223,0.7445691089617841,1.0085578280632448,False,True,False,False,False,False,True,False,False,False,False,True,False,False,False,True,False,False,False,False,False,False,True,False,False,True,False
0.01932800719009993,2024-02-05,2024-02-05,-0.1888259422515095,-0.3529314821606701,0.7625513233023047,1.655294357984939,-0.12546593677057818,1.0418806863739472,-0.8229897956544471,1.0085578280632448,False,False,False,False,True,False,True,False,False,False,False,False,True,False,False,False,False,True,False,False,False,True,False,False,False,False,True
-1.2662238917122302,2024-02-16,2024-02-16,-1.3154476305476857,-0.16056544562868302,-1.0213805187944025,1.5859868583134817,1.4858205677336105,-0.38006024612182904,1.551066806264338,1.4388598814946356,True,False,False,False,False,False,False,False,False,True,False,False,True,False,False,False,False,True,False,False,False,False,True,False,False,True,False
