Battery Capacity (kWh),Charging Start Time,Charging End Time,Energy Consumed (kWh),Charging Duration (hours),Charging Rate (kW),Charging Cost (USD),State of Charge (Start %),State of Charge (End %),Distance Driven (since last charge) (km),Temperature (°C),Vehicle Age (years),Vehicle Model_BMW i3,Vehicle Model_Chevy Bolt,Vehicle Model_Hyundai Kona,Vehicle Model_Nissan Leaf,Vehicle Model_Tesla Model 3,Charging Station Location_Chicago,Charging Station Location_Houston,Charging Station Location_Los Angeles,Charging Station Location_New York,Charging Station Location_San Francisco,Time of Day_Afternoon,Time of Day_Evening,Time of Day_Morning,Time of Day_Night,Day of Week_Friday,Day of Week_Monday,Day of Week_Saturday,Day of Week_Sunday,Day of Week_Thursday,Day of Week_Tuesday,Day of Week_Wednesday,Charger Type_DC Fast Charger,Charger Type_Level 1,Charger Type_Level 2,User Type_Casual Driver,User Type_Commuter,User Type_Long-Distance Traveler
108.46,2024-01-01,2024-01-01,60.71,0.59,36.39,13.09,29.37,86.12,293.6,27.95,2.0,True,False,False,False,False,False,True,False,False,False,False,True,False,False,False,False,False,False,False,True,False,True,False,False,False,True,False
100.0,2024-01-01,2024-01-01,12.34,3.13,30.68,21.13,10.12,84.66,112.11,14.31,3.0,False,False,True,False,False,False,False,False,False,True,False,False,True,False,False,True,False,False,False,False,False,False,True,False,True,False,False
75.0,2024-01-01,2024-01-01,19.13,2.45,27.51,35.67,6.85,69.92,71.8,21.0,2.0,False,True,False,False,False,False,False,False,False,True,False,False,True,False,False,False,False,False,True,False,False,False,False,True,False,True,False
50.0,2024-01-01,2024-01-01,79.46,1.27,32.88,13.04,83.12,99.62,199.58,38.32,1.0,False,False,True,False,False,False,True,False,False,False,False,True,False,False,False,False,True,False,False,False,False,False,True,False,False,False,True
50.0,2024-01-01,2024-01-01,19.63,2.02,10.22,10.16,54.26,63.74,203.66,-7.83,1.0,False,False,True,False,False,False,False,True,False,False,False,False,True,False,False,False,True,False,False,False,False,False,True,False,False,False,True
50.0,2024-01-01,2024-01-01,43.18,1.17,14.33,36.9,75.22,71.98,143.68,-5.27,0.0,False,False,False,True,False,False,False,False,False,True,False,True,False,False,False,False,True,False,False,False,False,True,False,False,False,False,True
85.0,2024-01-01,2024-01-01,36.86,3.54,26.19,22.21,60.75,70.8,81.34,27.55,4.0,False,True,False,False,False,False,True,False,False,False,False,True,False,False,True,False,False,False,False,False,False,False,False,True,False,True,False
75.0,2024-01-01,2024-01-01,51.47,2.66,26.7,9.8,56.2,63.79,116.54,-4.42,0.0,False,True,False,False,False,False,False,True,False,False,True,False,False,False,False,True,False,False,False,False,False,False,False,True,False,False,True
62.0,2024-01-01,2024-01-01,43.59,1.72,14.29,32.47,33.47,92.96,208.26,22.52,4.0,False,True,False,False,False,False,False,True,False,False,False,True,False,False,False,False,False,False,False,False,True,False,True,False,False,True,False
50.0,2024-01-01,2024-01-01,78.87,2.03,11.76,21.31,27.4,70.05,54.01,27.51,2.83,False,False,True,False,False,True,False,False,False,False,False,False,True,False,False,False,False,False,False,False,True,True,False,False,False,True,False
50.0,2024-01-01,2024-01-01,18.21,2.65,10.31,38.22,76.09,82.27,64.63,0.5,3.0,True,False,False,False,False,False,False,True,False,False,False,False,False,True,False,False,False,False,True,False,False,True,False,False,True,False,False
85.0,2024-01-01,2024-01-01,22.56,2.06,4.46,14.05,14.62,85.86,194.76,34.26,0.0,False,True,False,False,False,False,False,False,False,True,False,True,False,False,False,False,False,True,False,False,False,True,False,False,False,False,True
100.0,2024-01-01,2024-01-01,34.26,3.07,5.52,10.97,19.21,51.63,249.13,23.66,0.0,False,False,True,False,False,False,False,False,False,True,True,False,False,False,False,True,False,False,False,False,False,False,False,True,True,False,False
75.0,2024-01-01,2024-01-01,16.56,3.59,19.77,37.44,25.78,69.2,159.23,34.11,7.0,False,False,False,True,False,False,True,False,False,False,False,False,True,False,True,False,False,False,False,False,False,False,False,True,False,True,False
85.0,2024-01-01,2024-01-01,12.93,3.42,24.21,18.55,71.68,63.71,155.36,39.51,4.0,True,False,False,False,False,False,True,False,False,False,True,False,False,False,False,True,False,False,False,False,False,False,True,False,True,False,False
100.0,2024-01-01,2024-01-01,27.35,2.7,11.11,33.09,10.68,72.4,247.66,-8.3,1.54,False,False,False,True,False,False,False,True,False,False,False,True,False,False,False,True,False,False,False,False,False,True,False,False,False,False,True
97.68,2024-01-01,2024-01-01,24.73,3.46,49.4,17.49,67.59,89.94,237.31,4.42,7.0,True,False,False,False,False,False,False,False,True,False,False,True,False,False,False,False,False,False,True,False,False,True,False,False,False,True,False
50.0,2024-01-01,2024-01-01,23.82,0.85,6.61,6.43,57.6,74.96,22.01,18.41,6.0,False,False,True,False,False,True,False,False,False,False,False,True,False,False,True,False,False,False,False,False,False,False,False,True,True,False,False
100.0,2024-01-01,2024-01-01,42.64,0.81,20.49,25.08,55.52,52.71,280.86,37.43,0.0,False,False,False,False,True,False,False,False,True,False,False,True,False,False,False,False,True,False,False,False,False,False,True,False,False,False,True
50.0,2024-01-01,2024-01-01,48.48,2.58,45.29,7.09,12.75,116.1,243.26,9.2,3.0,True,False,False,False,False,False,False,True,False,False,False,False,True,False,False,False,False,False,False,False,True,False,False,True,False,False,True
50.0,2024-01-01,2024-01-01,50.28,3.17,30.49,28.87,16.55,77.94,15.42,33.98,3.0,False,False,False,True,False,False,False,True,False,False,False,False,False,True,False,False,False,False,False,True,False,False,False,True,True,False,False
62.0,2024-01-01,2024-01-01,59.14,2.93,25.6,34.85,71.53,75.97,219.63,-2.76,5.0,False,False,True,False,False,False,False,False,True,False,False,True,False,False,False,False,False,True,False,False,False,False,True,False,False,True,False
75.0,2024-01-01,2024-01-02,49.2,2.56,19.19,14.86,49.02,64.48,298.19,39.96,4.26,True,False,False,False,False,True,False,False,False,False,True,False,False,False,False,False,True,False,False,False,False,True,False,False,False,False,True
100.0,2024-01-01,2024-01-01,68.45,2.07,49.71,38.41,19.23,74.01,280.92,3.58,5.0,False,False,False,False,True,False,False,False,True,False,False,False,True,False,True,False,False,False,False,False,False,True,False,False,False,True,False
100.0,2024-01-02,2024-01-02,27.6,0.96,11.24,24.04,65.49,65.35,173.47,35.98,4.0,False,False,False,False,True,False,True,False,False,False,False,False,True,False,False,False,False,False,False,False,True,False,True,False,False,False,True
75.0,2024-01-02,2024-01-02,40.18,3.6,12.32,38.76,80.34,80.0,82.75,21.54,1.0,False,True,False,False,False,False,False,False,False,True,False,False,True,False,False,False,True,False,False,False,False,True,False,False,False,True,False
75.0,2024-01-02,2024-01-02,43.49,3.65,36.18,27.45,88.75,87.82,80.91,29.87,0.36,False,True,False,False,False,False,True,False,False,False,True,False,False,False,False,False,False,False,True,False,False,False,True,False,False,True,False
50.0,2024-01-02,2024-01-02,10.34,1.55,45.78,9.86,98.33,94.5,162.69,5.5,0.0,False,False,False,True,False,False,False,False,False,True,False,False,False,True,False,False,False,True,False,False,False,False,True,False,False,False,True
75.0,2024-01-02,2024-01-02,31.68,2.44,48.65,25.62,34.73,54.4,152.26,20.38,3.0,True,False,False,False,False,False,False,True,False,False,True,False,False,False,True,False,False,False,False,False,False,False,False,True,True,False,False
75.0,2024-01-02,2024-01-02,56.59,3.15,45.81,33.13,29.21,85.01,186.16,12.33,0.0,True,False,False,False,False,True,False,False,False,False,True,False,False,False,True,False,False,False,False,False,False,True,False,False,True,False,False
100.0,2024-01-02,2024-01-02,19.47,1.44,7.04,36.95,31.32,78.06,152.26,8.35,2.0,False,True,False,False,False,False,False,False,True,False,True,False,False,False,False,False,False,False,False,False,True,True,False,False,True,False,False
100.0,2024-01-02,2024-01-02,38.29,2.01,12.06,17.01,75.64,65.62,238.91,2.27,6.0,True,False,False,False,False,True,False,False,False,False,False,True,False,False,False,False,False,False,False,False,True,False,True,False,False,True,False
100.0,2024-01-02,2024-01-02,16.14,1.31,21.52,26.44,23.6,88.2,35.5,39.38,1.0,True,False,False,False,False,False,False,False,True,False,False,True,False,False,False,True,False,False,False,False,False,False,False,True,True,False,False
62.0,2024-01-02,2024-01-02,60.07,1.0,7.65,18.03,22.88,51.43,46.36,13.99,1.0,False,False,False,False,True,False,True,False,False,False,True,False,False,False,False,True,False,False,False,False,False,False,False,True,True,False,False
75.0,2024-01-02,2024-01-02,57.72,1.87,4.49,35.5,41.87,79.65,157.61,28.43,1.81,False,True,False,False,False,False,True,False,False,False,True,False,False,False,True,False,False,False,False,False,False,True,False,False,False,False,True
75.0,2024-01-02,2024-01-02,37.37,2.89,18.87,29.87,24.49,73.38,76.2,59.75717528575633,4.0,False,False,True,False,False,False,False,False,True,False,False,True,False,False,False,False,False,False,False,True,False,False,True,False,False,True,False
75.0,2024-01-02,2024-01-02,39.94,3.47,28.63,15.86,85.86,50.4,102.43,31.46,1.0,False,True,False,False,False,True,False,False,False,False,False,True,False,False,False,False,False,False,True,False,False,True,False,False,True,False,False
75.0,2024-01-02,2024-01-02,73.39,1.04,38.45,15.88,49.28,94.6,42.1,33.93,6.0,False,False,True,False,False,False,False,False,True,False,False,False,False,True,False,False,False,False,False,False,True,True,False,False,False,False,True
85.0,2024-01-02,2024-01-02,61.52,1.28,12.51,26.51,87.98,79.39,141.24,5.76,7.0,False,False,False,False,True,False,False,True,False,False,True,False,False,False,False,True,False,False,False,False,False,False,False,True,False,True,False
100.0,2024-01-02,2024-01-02,68.18,3.24,23.31,8.5,17.04,56.08,130.38,-3.19,2.0,False,False,False,True,False,False,True,False,False,False,False,False,True,False,False,False,False,False,True,False,False,False,False,True,False,False,True
79.8,2024-01-02,2024-01-02,67.52,1.96,6.9,29.22,80.86,62.53,119.63,35.23,1.97,True,False,False,False,False,False,False,True,False,False,False,False,False,True,False,False,False,True,False,False,False,False,False,True,True,False,False
100.0,2024-01-02,2024-01-02,39.4,2.4,20.46,26.62,28.25,96.29,111.02,19.78,2.94,False,False,False,False,True,False,True,False,False,False,False,False,True,False,False,False,True,False,False,False,False,False,False,True,False,True,False
85.0,2024-01-02,2024-01-02,12.05,1.37,29.47,32.04,36.64,66.98,83.25,39.42,4.0,True,False,False,False,False,False,True,False,False,False,False,False,False,True,False,False,True,False,False,False,False,False,True,False,False,True,False
48.8,2024-01-02,2024-01-02,77.05,3.03,8.39,6.36,15.14,84.34,144.01,22.07,1.0,False,False,False,True,False,False,False,False,False,True,True,False,False,False,True,False,False,False,False,False,False,True,False,False,True,False,False
75.0,2024-01-02,2024-01-02,42.69,3.3,5.11,30.04,15.22,126.38347784460416,49.38,32.01,3.68,False,False,False,True,False,False,False,True,False,False,False,False,True,False,False,False,False,False,False,False,True,False,False,True,False,False,True
62.0,2024-01-02,2024-01-02,46.81,3.88,16.92,10.61,49.3,90.97,210.17,-0.04,1.0,False,False,False,False,True,False,False,True,False,False,False,True,False,False,False,False,True,False,False,False,False,True,False,False,False,True,False
75.0,2024-01-02,2024-01-03,67.48,2.11,49.6,19.03,63.04,81.75,97.45,3.19,5.0,False,False,False,True,False,False,False,False,False,True,False,False,False,True,False,False,False,True,False,False,False,False,True,False,False,True,False
62.0,2024-01-02,2024-01-02,30.71,1.63,6.35,18.13,76.12,76.68,18.93,27.9,0.0,False,False,True,False,False,True,False,False,False,False,False,False,True,False,False,False,False,False,False,False,True,False,False,True,False,True,False
85.0,2024-01-03,2024-01-03,42.69,1.74,14.15,13.11,77.81,87.95,212.94,-4.45,1.0,False,False,False,True,False,False,False,True,False,False,False,False,False,True,False,True,False,False,False,False,False,False,True,False,True,False,False
100.0,2024-01-03,2024-01-03,8.71,2.21,49.28,9.64,27.2,86.89,170.48,5.38,6.0,True,False,False,False,False,False,False,False,True,False,True,False,False,False,False,False,True,False,False,False,False,False,False,True,False,False,True
85.0,2024-01-03,2024-01-03,9.07,0.51,40.18,24.5,13.87,93.63,226.22,30.69,2.62,True,False,False,False,False,False,False,False,False,True,False,False,True,False,False,False,False,False,False,True,False,True,False,False,True,False,False
50.0,2024-01-03,2024-01-03,58.73,1.89,13.18,28.1,83.86,71.37,57.38,1.94,3.0,True,False,False,False,False,False,False,True,False,False,False,False,True,False,False,False,True,False,False,False,False,False,True,False,False,True,False
50.0,2024-01-03,2024-01-03,65.99,3.31,46.28,18.85,17.39,73.44,235.0,-7.72,0.0,True,False,False,False,False,True,False,False,False,False,False,False,True,False,False,False,False,False,False,False,True,False,False,True,False,False,True
62.0,2024-01-03,2024-01-03,75.0,1.91,35.93,34.09,87.29,80.42,51.83,17.81,5.0,False,False,True,False,False,False,False,True,False,False,False,False,False,True,False,False,False,False,False,True,False,True,False,False,False,False,True
100.0,2024-01-03,2024-01-03,17.77,3.31,34.46,9.8,27.7,70.51,166.31,19.7,4.0,False,True,False,False,False,False,True,False,False,False,False,True,False,False,False,False,False,False,True,False,False,True,False,False,True,False,False
76.88,2024-01-03,2024-01-03,50.27,1.68,36.3,38.94,13.49,82.7,133.99,3.04,0.0,False,False,False,False,True,False,False,False,True,False,False,True,False,False,False,False,True,False,False,False,False,True,False,False,True,False,False
69.88,2024-01-03,2024-01-03,76.45,3.87,11.34,30.19,63.67,55.39,191.94,10.42,2.0,True,False,False,False,False,False,False,False,False,True,False,True,False,False,False,False,False,False,False,False,True,False,False,True,False,True,False
62.0,2024-01-03,2024-01-03,77.86,0.92,47.15,28.3,56.92,57.47,129.39,38.47,3.0,False,False,False,True,False,False,True,False,False,False,True,False,False,False,False,False,True,False,False,False,False,True,False,False,True,False,False
100.0,2024-01-03,2024-01-03,21.89,1.29,25.37,8.64,80.23,64.67,148.42,5.07,7.0,True,False,False,False,False,True,False,False,False,False,False,False,True,False,False,False,True,False,False,False,False,True,False,False,True,False,False
100.0,2024-01-03,2024-01-03,71.28,2.41,40.62,6.74,26.16,89.92,140.47,33.06,5.0,False,False,False,True,False,False,True,False,False,False,False,True,False,False,False,False,False,False,False,False,True,False,False,True,True,False,False
62.0,2024-01-03,2024-01-03,21.83,2.08,26.51,36.07,33.26,51.5,48.04,38.66,7.0,False,False,False,True,False,False,True,False,False,False,False,True,False,False,False,False,False,False,False,True,False,False,True,False,True,False,False
75.0,2024-01-03,2024-01-03,62.72,2.12,31.0,30.04,82.84,72.83,282.94,32.85,7.0,True,False,False,False,False,True,False,False,False,False,False,False,True,False,False,True,False,False,False,False,False,True,False,False,True,False,False
124.32,2024-01-03,2024-01-03,46.2,0.65,47.88,30.86,53.01,59.9,25.03,6.17,1.0,False,False,True,False,False,False,True,False,False,False,True,False,False,False,False,False,False,True,False,False,False,False,False,True,False,True,False
100.0,2024-01-03,2024-01-03,29.35,2.48,6.87,24.65,85.33,67.48,127.02,34.06,0.0,False,False,False,True,False,False,False,False,False,True,False,False,False,True,False,False,True,False,False,False,False,False,True,False,False,False,True
50.0,2024-01-03,2024-01-03,76.93,2.12,34.18,34.23,27.17,92.14,295.89,7.94,2.59,False,False,False,True,False,False,False,True,False,False,False,False,False,True,True,False,False,False,False,False,False,True,False,False,True,False,False
62.0,2024-01-03,2024-01-03,59.25,1.28,25.6,12.22,77.04,91.83,167.3,35.27,7.0,True,False,False,False,False,False,True,False,False,False,False,False,False,True,False,False,False,False,True,False,False,False,False,True,False,False,True
100.0,2024-01-03,2024-01-03,37.06,1.61,15.23,37.88,7.52,67.8,98.15,16.48,2.0,False,False,False,True,False,False,False,False,False,True,False,False,True,False,False,False,False,False,False,False,True,False,False,True,False,False,True
85.0,2024-01-03,2024-01-03,67.7,0.86,32.98,13.78,22.49,86.78,81.28,-7.33,6.0,False,False,False,True,False,False,False,True,False,False,True,False,False,False,False,False,True,False,False,False,False,True,False,False,True,False,False
75.0,2024-01-03,2024-01-03,16.41,1.7,25.6,21.67,36.95,77.14,188.47,18.54,7.0,True,False,False,False,False,False,False,True,False,False,False,False,True,False,False,False,False,True,False,False,False,False,True,False,True,False,False
50.0,2024-01-03,2024-01-03,67.01,3.61,4.09,14.42,57.68,57.11,276.37,-2.72,4.12,True,False,False,False,False,False,True,False,False,False,False,False,False,True,False,True,False,False,False,False,False,False,True,False,False,False,True
75.0,2024-01-03,2024-01-04,70.62,3.28,26.07,15.47,86.23,57.97,23.0,34.85,2.77,False,False,False,False,True,False,False,False,False,True,False,True,False,False,False,False,False,False,False,False,True,False,True,False,False,True,False
75.0,2024-01-03,2024-01-04,61.13,0.95,23.28,37.15,34.9,92.36,58.86,7.66,1.0,False,False,True,False,False,False,True,False,False,False,False,True,False,False,False,False,True,False,False,False,False,True,False,False,False,False,True
85.0,2024-01-04,2024-01-04,22.88,1.57,29.99,10.71,15.67,96.6,98.47,19.21,3.0,False,False,True,False,False,True,False,False,False,False,False,True,False,False,False,False,False,False,True,False,False,True,False,False,False,True,False
59.83,2024-01-04,2024-01-04,12.89,0.58,40.88,15.2,31.55,97.46,183.17,28.64,2.0,False,False,False,True,False,False,False,True,False,False,False,False,False,True,True,False,False,False,False,False,False,False,True,False,False,False,True
85.0,2024-01-04,2024-01-04,69.17,2.29,5.56,20.77,41.09,74.4,276.57,20.01,4.0,False,False,True,False,False,False,True,False,False,False,True,False,False,False,False,False,False,False,False,False,True,False,True,False,True,False,False
50.0,2024-01-04,2024-01-04,42.69,3.52,9.57,24.79,51.28,93.2,171.9,-5.28,4.0,False,False,False,True,False,False,False,True,False,False,False,False,False,True,False,False,True,False,False,False,False,False,True,False,False,True,False
100.0,2024-01-04,2024-01-04,49.28,3.87,49.41,39.93,86.33,75.5,246.34,30.08,0.0,False,False,False,False,True,False,False,False,False,True,False,False,True,False,False,False,False,False,False,True,False,False,True,False,False,False,True
75.0,2024-01-04,2024-01-04,31.22,3.34,30.03,17.6,39.52,71.27,242.49,39.83,3.0,True,False,False,False,False,False,False,False,True,False,True,False,False,False,False,True,False,False,False,False,False,False,False,True,False,True,False
100.0,2024-01-04,2024-01-04,30.65,1.03,28.52,39.32,38.12,81.2,12.15,-4.93,1.0,True,False,False,False,False,False,True,False,False,False,False,True,False,False,True,False,False,False,False,False,False,True,False,False,True,False,False
75.0,2024-01-04,2024-01-04,59.99,3.73,23.42,15.68,88.1,96.13,281.76,15.06,0.0,True,False,False,False,False,False,True,False,False,False,True,False,False,False,False,False,False,False,False,False,True,False,True,False,False,True,False
48.05,2024-01-04,2024-01-04,51.67,0.69,46.6,18.01,55.07,62.94,222.27,2.55,7.0,False,False,True,False,False,False,False,True,False,False,True,False,False,False,False,False,True,False,False,False,False,False,False,True,True,False,False
50.0,2024-01-04,2024-01-04,35.91,2.73,25.6,19.28,48.89,43.05,93.86,33.08,6.0,False,False,False,False,True,False,False,False,False,True,False,False,False,True,True,False,False,False,False,False,False,False,True,False,True,False,False
85.0,2024-01-04,2024-01-04,41.61,0.81,25.6,29.53,55.0,97.26,94.65,17.74,3.0,False,False,True,False,False,True,False,False,False,False,True,False,False,False,False,False,False,False,False,True,False,False,True,False,False,True,False
62.0,2024-01-04,2024-01-04,32.83,3.41,44.49,39.67,26.65,63.71,279.9,5.8,1.0,False,False,True,False,False,False,False,False,False,True,False,False,False,True,False,False,False,False,False,False,True,False,False,True,True,False,False
50.0,2024-01-04,2024-01-04,57.92,1.26,12.54,19.82,49.87,54.26,64.14,1.83,1.0,False,False,False,False,True,False,True,False,False,False,False,False,True,False,True,False,False,False,False,False,False,False,True,False,True,False,False
100.0,2024-01-04,2024-01-04,21.66,1.89,32.95,18.03,78.43,97.73,170.56,10.4,3.0,False,False,False,False,True,True,False,False,False,False,True,False,False,False,False,False,False,False,False,False,True,False,True,False,True,False,False
62.0,2024-01-04,2024-01-04,41.01,3.37,45.32,18.07,73.62,83.05,103.79,-4.57,3.0,False,False,False,False,True,False,False,False,False,True,True,False,False,False,False,False,False,False,False,False,True,False,False,True,False,True,False
62.0,2024-01-04,2024-01-04,79.82,2.61,13.01,35.97,86.11,69.4,274.02,10.69,2.0,False,False,False,False,True,False,False,False,True,False,True,False,False,False,True,False,False,False,False,False,False,False,False,True,True,False,False
85.0,2024-01-04,2024-01-04,33.07,1.47,30.34,15.55,105.03,83.02,164.68,-6.51,1.0,True,False,False,False,False,False,False,True,False,False,False,True,False,False,False,False,False,False,False,False,True,False,False,True,False,False,True
75.0,2024-01-04,2024-01-04,27.84,2.54,17.0,12.28,47.99,85.87,79.35,7.52,7.0,False,True,False,False,False,False,False,False,False,True,False,False,False,True,False,False,False,False,False,True,False,False,False,True,True,False,False
50.0,2024-01-04,2024-01-04,28.44,1.08,42.43,13.78,13.67,96.35,398.36,27.81,0.0,False,True,False,False,False,False,False,False,False,True,False,False,False,True,True,False,False,False,False,False,False,False,False,True,False,False,True
62.0,2024-01-04,2024-01-04,68.57,2.93,5.45,15.89,50.32,93.89,191.46,37.9,4.0,False,False,False,False,True,False,False,False,True,False,False,True,False,False,False,False,True,False,False,False,False,False,True,False,False,True,False
85.0,2024-01-04,2024-01-04,65.43,0.93,20.27,10.4,76.47,75.85,71.44,30.2,6.0,False,True,False,False,False,False,True,False,False,False,False,False,False,True,False,False,False,True,False,False,False,True,False,False,False,False,True
75.0,2024-01-04,2024-01-04,71.62,3.52,31.27,21.26,51.79,64.55,16.68,-1.72,3.0,False,True,False,False,False,False,False,True,False,False,False,False,True,False,True,False,False,False,False,False,False,False,False,True,True,False,False
85.0,2024-01-04,2024-01-05,7.93,2.34,44.12,33.82,42.74,72.97,55.68,16.81,7.0,False,False,False,False,True,False,False,False,False,True,False,True,False,False,False,False,False,False,False,True,False,True,False,False,True,False,False
24.6,2024-01-04,2024-01-05,42.69,1.38,32.44,38.06,48.33,85.07,152.26,23.4,5.0,False,True,False,False,False,True,False,False,False,False,False,False,False,True,False,False,False,False,False,True,False,False,True,False,True,False,False
75.0,2024-01-05,2024-01-05,55.73,3.83,21.72,38.09,63.4,68.35,74.05,34.66,0.0,False,False,True,False,False,False,False,False,False,True,False,False,True,False,False,False,False,False,False,True,False,False,False,True,True,False,False
85.0,2024-01-05,2024-01-05,31.05,0.69,28.0,6.25,47.16,66.19,152.26,15.63,7.0,False,False,False,True,False,False,False,True,False,False,False,False,False,True,False,False,True,False,False,False,False,True,False,False,True,False,False
62.0,2024-01-05,2024-01-05,15.92,3.35,17.55,9.53,80.2,73.22,117.79,15.44,0.93,False,False,False,True,False,False,False,False,False,True,False,True,False,False,False,False,True,False,False,False,False,True,False,False,True,False,False
100.0,2024-01-05,2024-01-05,50.9,3.62,25.6,28.34,54.45,60.56,10.44,30.04,7.0,False,False,False,False,True,False,False,False,True,False,False,False,False,True,False,False,False,True,False,False,False,True,False,False,False,True,False
77.3,2024-01-05,2024-01-05,71.48,0.65,25.6,11.36,27.58,53.79,197.65,28.98,3.0,True,False,False,False,False,False,False,False,False,True,False,False,True,False,False,False,False,True,False,False,False,True,False,False,True,False,False
100.0,2024-01-05,2024-01-05,74.15,4.12,31.28,26.0,12.96,52.99,91.38,35.79,0.0,False,False,False,False,True,False,False,False,False,True,False,False,True,False,False,False,False,False,False,False,True,True,False,False,False,False,True
75.0,2024-01-05,2024-01-05,46.78,3.12,32.08,18.59,77.52,56.73,246.22,27.27,4.0,True,False,False,False,False,True,False,False,False,False,False,False,True,False,False,False,False,False,False,False,True,False,False,True,False,False,True
95.15,2024-01-05,2024-01-05,8.47,1.96,16.02,31.24,84.4,73.57,297.55,22.17,1.0,False,False,False,True,False,False,False,False,True,False,False,False,False,True,False,False,False,False,True,False,False,False,False,True,False,False,True
85.0,2024-01-05,2024-01-05,61.7,2.53,30.78,22.49,84.27,57.22,208.65,28.31,6.0,False,False,False,False,True,False,False,False,True,False,False,True,False,False,False,False,False,True,False,False,False,False,False,True,False,True,False
62.0,2024-01-05,2024-01-05,41.26,3.6,29.08,29.02,64.42,73.24,268.52,19.64,6.0,False,False,True,False,False,False,False,False,False,True,False,False,False,True,False,False,False,True,False,False,False,True,False,False,False,False,True
85.0,2024-01-05,2024-01-05,6.5,1.49,35.93,35.24,67.52,57.35,204.77,35.96,6.0,False,True,False,False,False,True,False,False,False,False,True,False,False,False,False,False,False,False,False,False,True,True,False,False,False,False,True
136.41540803505134,2024-01-05,2024-01-05,65.89,3.15,24.83,11.04,27.38,64.7,74.92,13.42,6.0,True,False,False,False,False,False,False,False,False,True,False,True,False,False,False,False,False,False,False,True,False,False,True,False,False,False,True
50.0,2024-01-05,2024-01-05,13.26,3.07,47.67,32.91,25.0,90.02,220.67,31.87,3.0,False,True,False,False,False,False,False,False,False,True,True,False,False,False,False,False,False,False,True,False,False,True,False,False,False,True,False
85.0,2024-01-05,2024-01-05,42.69,3.29,49.88,13.28,59.85,56.29,137.14,0.03,5.0,False,True,False,False,False,False,False,True,False,False,False,False,False,True,False,False,False,True,False,False,False,False,True,False,False,False,True
62.0,2024-01-05,2024-01-05,27.43,0.91,32.17,19.78,74.65,23.89999185236553,216.07,-4.15,5.0,False,False,False,False,True,False,False,True,False,False,False,True,False,False,False,False,False,False,False,True,False,False,True,False,False,False,True
100.0,2024-01-05,2024-01-05,7.36,2.43,11.48,13.79,77.49,71.63,166.67,-7.81,5.0,False,True,False,False,False,True,False,False,False,False,True,False,False,False,False,True,False,False,False,False,False,False,False,True,False,True,False
100.0,2024-01-05,2024-01-05,36.14,2.45,36.38,7.87,48.61,95.83,48.12,32.31,1.0,False,False,True,False,False,False,True,False,False,False,False,False,False,True,False,False,False,True,False,False,False,True,False,False,True,False,False
85.0,2024-01-05,2024-01-05,29.17,1.84,28.5,9.16,64.07,83.79,242.0,42.74,5.0,False,True,False,False,False,False,False,True,False,False,False,True,False,False,False,False,True,False,False,False,False,True,False,False,False,False,True
85.0,2024-01-05,2024-01-05,43.45,1.41,25.6,34.68,55.71,52.81,38.2,19.87,5.0,False,False,False,False,True,False,True,False,False,False,False,False,True,False,True,False,False,False,False,False,False,False,True,False,True,False,False
100.0,2024-01-05,2024-01-05,26.87,2.46,12.05,17.54,28.18,54.56,289.57,7.79,3.0,False,False,True,False,False,False,False,False,True,False,False,False,True,False,False,True,False,False,False,False,False,False,True,False,False,False,True
85.0,2024-01-05,2024-01-05,17.93,2.78,25.58,25.5,29.95,76.88,104.4,38.36,7.0,False,False,False,True,False,False,False,True,False,False,False,False,True,False,False,False,True,False,False,False,False,True,False,False,False,True,False
50.0,2024-01-05,2024-01-05,60.47,3.19,25.6,15.89,74.54,79.37,84.38,32.84,2.0,False,True,False,False,False,False,False,True,False,False,True,False,False,False,False,False,True,False,False,False,False,False,True,False,True,False,False
50.0,2024-01-05,2024-01-06,17.7,3.46,19.71,19.92,47.81,79.37,258.65,-9.35,7.0,False,False,False,False,True,True,False,False,False,False,True,False,False,False,False,False,False,False,False,True,False,True,False,False,False,True,False
63.1,2024-01-05,2024-01-06,47.71,1.18,25.6,15.35,49.54,57.94,214.47,34.28,1.0,False,False,False,True,False,False,True,False,False,False,False,False,False,True,False,False,False,False,False,False,True,True,False,False,True,False,False
85.0,2024-01-06,2024-01-06,71.19,1.43,10.3,5.14,36.88,73.97,276.22,-4.81,6.0,False,False,False,True,False,False,False,True,False,False,False,False,True,False,True,False,False,False,False,False,False,False,True,False,False,True,False
75.0,2024-01-06,2024-01-06,39.64,1.93,13.8,6.97,20.42,57.5,152.26,22.57,6.0,True,False,False,False,False,False,False,True,False,False,True,False,False,False,False,False,False,False,False,False,True,False,False,True,True,False,False
62.0,2024-01-06,2024-01-06,24.85,3.32,32.24,19.91,60.67,53.93,260.71,11.2,3.0,False,False,True,False,False,True,False,False,False,False,False,False,True,False,False,False,False,False,False,False,True,True,False,False,True,False,False
50.0,2024-01-06,2024-01-06,7.52,3.42,10.62,34.76,61.76,83.21,126.59,9.79,6.0,False,True,False,False,False,True,False,False,False,False,False,False,False,True,False,False,False,True,False,False,False,False,True,False,True,False,False
75.0,2024-01-06,2024-01-06,64.42,3.19,24.62,29.0,49.17,62.34,230.49,25.32,2.0,False,False,False,False,True,False,True,False,False,False,False,True,False,False,True,False,False,False,False,False,False,False,True,False,False,False,True
85.0,2024-01-06,2024-01-06,6.19,1.29,19.72,20.86,34.6,101.68,275.74,5.73,1.0,True,False,False,False,False,False,False,False,True,False,True,False,False,False,True,False,False,False,False,False,False,False,True,False,True,False,False
100.0,2024-01-06,2024-01-06,37.79,3.62,36.0,29.12,88.04,61.07,66.0,-0.33,1.0,False,False,True,False,False,False,False,False,True,False,True,False,False,False,False,True,False,False,False,False,False,True,False,False,True,False,False
85.0,2024-01-06,2024-01-06,9.15,2.58,34.05,27.67,71.45,50.02,223.1,-1.09,1.75,True,False,False,False,False,False,False,False,False,True,False,True,False,False,False,False,False,False,False,True,False,True,False,False,False,False,True
93.27,2024-01-06,2024-01-06,15.66,3.14,7.7,32.14,30.88,51.48,202.14,29.54,2.0,False,False,True,False,False,False,False,True,False,False,True,False,False,False,False,False,False,False,False,False,True,True,False,False,False,False,True
50.0,2024-01-06,2024-01-06,35.55,3.54,45.86,23.37,85.49,74.66,275.57,26.13,4.0,False,False,True,False,False,False,True,False,False,False,False,False,False,True,False,False,False,False,False,True,False,False,True,False,False,True,False
100.0,2024-01-06,2024-01-06,47.53,3.8,14.33,31.1,59.93,81.18,139.38,18.98,3.0,False,True,False,False,False,False,False,True,False,False,True,False,False,False,False,False,False,False,False,True,False,False,False,True,False,True,False
100.0,2024-01-06,2024-01-06,36.62,3.36,27.32,11.58,66.56,56.24,69.23,24.52,7.0,False,False,True,False,False,False,True,False,False,False,True,False,False,False,False,False,False,True,False,False,False,False,False,True,False,False,True
50.0,2024-01-06,2024-01-06,65.49,2.07,37.58,31.15,42.84,83.71,102.24,17.52,6.0,True,False,False,False,False,False,True,False,False,False,False,True,False,False,False,False,False,False,True,False,False,True,False,False,False,False,True
85.0,2024-01-06,2024-01-06,33.89,3.63,18.6,24.47,40.14,63.35,267.84,-4.16,2.78,False,False,True,False,False,False,True,False,False,False,False,False,False,True,False,True,False,False,False,False,False,True,False,False,False,False,True
48.47,2024-01-06,2024-01-06,47.29,3.29,15.41,46.27,28.21,50.64,277.49,7.12,7.0,False,True,False,False,False,False,False,True,False,False,False,False,True,False,False,False,False,False,False,False,True,True,False,False,False,False,True
100.0,2024-01-06,2024-01-06,48.49,0.56,16.76,7.6,35.89,90.85,103.91,0.53,7.0,False,True,False,False,False,True,False,False,False,False,False,False,True,False,False,False,True,False,False,False,False,False,False,True,False,False,True
75.0,2024-01-06,2024-01-06,15.01,0.65,13.76,13.73,84.24,77.86,220.2,19.99,6.0,True,False,False,False,False,False,False,True,False,False,False,True,False,False,True,False,False,False,False,False,False,False,False,True,False,True,False
85.0,2024-01-06,2024-01-06,30.07,1.27,35.87,35.04,13.95,93.6,122.76,33.02,1.0,False,False,False,True,False,False,True,False,False,False,False,False,False,True,True,False,False,False,False,False,False,True,False,False,False,False,True
85.0,2024-01-06,2024-01-06,74.11,2.97,32.29,25.66,33.44,86.9,179.59,14.12,4.0,False,False,False,True,False,False,False,False,False,True,False,True,False,False,False,False,False,False,False,True,False,False,True,False,False,False,True
62.0,2024-01-06,2024-01-06,66.15,3.06,50.17,36.3,75.49,56.12,46.81,32.29,1.0,False,False,True,False,False,False,False,False,True,False,False,True,False,False,False,True,False,False,False,False,False,False,False,True,False,True,False
100.0,2024-01-06,2024-01-06,47.38,1.3,48.16,28.11,23.64,68.06,152.26,8.51,4.0,False,False,False,False,True,False,True,False,False,False,False,False,True,False,False,True,False,False,False,False,False,True,False,False,True,False,False
62.0,2024-01-06,2024-01-06,45.99,2.85,30.6,23.61,34.87,77.64,108.66,3.85,6.0,False,False,True,False,False,False,False,False,False,True,False,False,False,True,False,False,False,False,False,False,True,False,False,True,False,True,False
75.0,2024-01-06,2024-01-07,48.29,2.07,34.39,30.24,61.87,92.69,208.75,-8.04,6.0,True,False,False,False,False,True,False,False,False,False,False,False,False,True,False,False,False,False,False,False,True,False,True,False,False,True,False
50.0,2024-01-06,2024-01-07,78.69,2.86,36.56,7.64,38.19,82.43,17.24,12.74,7.0,True,False,False,False,False,False,True,False,False,False,False,True,False,False,False,False,False,False,False,True,False,False,True,False,False,False,True
93.09,2024-01-07,2024-01-07,68.03,1.52,16.4,18.97,50.7,60.75,148.09,34.79,0.0,True,False,False,False,False,False,False,False,False,True,False,False,True,False,False,False,False,False,False,True,False,False,False,True,True,False,False
85.0,2024-01-07,2024-01-07,40.25,3.64,33.73,17.24,45.03,77.8,28.45,38.97,6.0,True,False,False,False,False,False,True,False,False,False,False,False,False,True,False,False,False,False,False,True,False,True,False,False,False,True,False
100.0,2024-01-07,2024-01-07,74.28,1.06,41.34,12.89,66.01,82.71,35.48,4.76,7.0,True,False,False,False,False,False,False,True,False,False,False,True,False,False,False,False,False,False,True,False,False,False,False,True,True,False,False
85.0,2024-01-07,2024-01-07,42.69,3.88,38.87,20.26,20.22,99.53,246.41,7.46,1.0,False,True,False,False,False,False,False,False,False,True,True,False,False,False,False,True,False,False,False,False,False,True,False,False,False,True,False
50.0,2024-01-07,2024-01-07,74.95,2.02,43.62,31.58,72.34,62.45,127.91,12.26,5.0,False,False,False,True,False,False,False,True,False,False,False,False,True,False,False,False,False,False,False,True,False,False,False,True,False,False,True
100.0,2024-01-07,2024-01-07,52.88,1.28,35.53,7.95,30.6,76.03,186.81,19.19,0.0,True,False,False,False,False,False,False,True,False,False,False,False,False,True,False,False,False,True,False,False,False,False,True,False,False,True,False
50.0,2024-01-07,2024-01-07,34.97,2.5,19.65,16.53,36.73,69.41,249.06,9.6,4.0,False,False,False,False,True,False,False,False,False,True,False,False,False,True,False,True,False,False,False,False,False,False,False,True,False,True,False
85.0,2024-01-07,2024-01-07,55.92,2.55,6.64,25.57,46.87,67.96,179.09,15.17,6.0,False,False,False,False,True,False,False,False,True,False,False,False,False,True,False,False,True,False,False,False,False,True,False,False,False,True,False
62.0,2024-01-07,2024-01-07,76.6,3.32,31.6,19.34,69.31,92.69,290.99,31.25,3.0,False,False,False,False,True,False,False,False,False,True,False,False,True,False,True,False,False,False,False,False,False,True,False,False,True,False,False
100.0,2024-01-07,2024-01-07,20.26,1.35,3.02,31.89,79.65,88.24,32.01,36.55,0.0,False,False,False,False,True,False,False,False,True,False,False,True,False,False,True,False,False,False,False,False,False,False,True,False,True,False,False
50.0,2024-01-07,2024-01-07,56.07,3.25,28.17,7.96,75.63,55.82,219.43,7.11,4.0,False,True,False,False,False,False,True,False,False,False,True,False,False,False,False,True,False,False,False,False,False,True,False,False,False,False,True
62.0,2024-01-07,2024-01-07,65.05,3.44,22.56,20.8,83.59,80.04,188.08,25.34,3.0,False,False,False,False,True,False,True,False,False,False,False,False,False,True,False,False,True,False,False,False,False,True,False,False,True,False,False
85.0,2024-01-07,2024-01-07,42.69,2.72,9.95,11.75,20.16,87.84,81.39,37.84,3.0,True,False,False,False,False,False,False,False,False,True,False,False,True,False,True,False,False,False,False,False,False,False,True,False,True,False,False
50.87,2024-01-07,2024-01-07,23.57,0.84,49.78,22.0,51.07,79.0,267.35,-3.09,3.0,False,False,True,False,False,False,True,False,False,False,False,False,False,True,True,False,False,False,False,False,False,True,False,False,True,False,False
62.0,2024-01-07,2024-01-07,42.69,1.99,21.74,8.61,45.19,52.94,56.9,38.59,3.0,False,False,False,False,True,True,False,False,False,False,False,True,False,False,True,False,False,False,False,False,False,True,False,False,False,False,True
100.0,2024-01-07,2024-01-07,41.09,5.22,7.85,37.37,10.71,64.16,35.44,-2.56,6.64,False,True,False,False,False,False,False,True,False,False,True,False,False,False,False,False,False,False,False,False,True,False,False,True,False,False,True
58.01,2024-01-07,2024-01-07,49.0,3.74,2.56,15.93,15.6,98.0,85.1,15.56,6.0,False,True,False,False,False,False,False,True,False,False,False,False,False,True,False,False,True,False,False,False,False,False,False,True,False,False,True
85.0,2024-01-07,2024-01-07,10.28,2.36,45.69,7.05,27.84,52.21,39.28,35.09,1.8,False,False,False,False,True,False,False,False,True,False,False,False,True,False,False,False,False,False,False,False,True,False,False,True,False,False,True
85.0,2024-01-07,2024-01-07,45.57,3.27,11.09,34.03,45.71,87.23,217.59,-9.09,1.0,False,False,True,False,False,False,True,False,False,False,False,True,False,False,False,True,False,False,False,False,False,False,False,True,False,True,False
62.0,2024-01-07,2024-01-07,69.11,3.28,22.99,9.36,58.58,62.96,101.38,1.5,1.0,False,False,False,False,True,False,False,False,True,False,True,False,False,False,False,True,False,False,False,False,False,False,False,True,False,False,True
102.95,2024-01-07,2024-01-07,37.76,3.4,32.73,26.22,74.68,64.65,156.42,2.22,6.0,False,True,False,False,False,False,False,True,False,False,False,False,True,False,False,False,False,False,True,False,False,False,False,True,False,False,True
85.0,2024-01-07,2024-01-07,14.5,2.55,21.24,30.87,30.76,56.51,119.36,-5.6,0.67,False,False,False,True,False,False,False,True,False,False,False,False,False,True,False,False,False,False,False,False,True,False,False,True,False,True,False
75.0,2024-01-07,2024-01-08,54.64,3.25,19.71,18.84,27.02,85.54,130.55,12.63,5.0,True,False,False,False,False,False,True,False,False,False,False,False,True,False,False,True,False,False,False,False,False,False,True,False,False,True,False
75.0,2024-01-07,2024-01-08,67.89,3.01,9.68,11.33,64.31,77.58,32.89,16.32,6.0,False,True,False,False,False,True,False,False,False,False,True,False,False,False,False,False,False,False,False,False,True,False,False,True,True,False,False
100.0,2024-01-08,2024-01-08,22.74,1.03,29.64,8.23,76.23,85.78,280.98,-2.91,4.0,False,False,False,False,True,True,False,False,False,False,False,True,False,False,False,False,False,False,True,False,False,True,False,False,True,False,False
85.0,2024-01-08,2024-01-08,56.02,1.04,37.85,14.58,18.04,61.93,14.72,11.49,7.0,True,False,False,False,False,False,True,False,False,False,False,True,False,False,False,True,False,False,False,False,False,False,True,False,False,False,True
85.0,2024-01-08,2024-01-08,108.17689631456926,0.98,9.29,20.34,27.65,90.3,103.96,18.41,1.0,False,False,False,False,True,False,True,False,False,False,False,False,False,True,False,True,False,False,False,False,False,False,False,True,True,False,False
100.0,2024-01-08,2024-01-08,13.88,0.52,9.91,26.91,40.8,71.38,136.28,24.76,5.0,False,False,False,False,True,False,False,False,True,False,False,False,False,True,False,True,False,False,False,False,False,False,False,True,False,True,False
75.0,2024-01-08,2024-01-08,42.69,3.47,32.6,37.21,68.79,75.67,62.41,27.9,7.0,False,False,False,True,False,False,True,False,False,False,False,False,False,True,False,True,False,False,False,False,False,True,False,False,True,False,False
100.0,2024-01-08,2024-01-08,47.82,2.05,6.08,35.99,61.58,97.96,90.11,7.17,2.0,True,False,False,False,False,True,False,False,False,False,False,False,False,True,False,False,False,False,False,True,False,False,True,False,True,False,False
50.0,2024-01-08,2024-01-08,71.14,1.73,14.83,37.02,73.16,75.75,150.27,17.42,5.0,True,False,False,False,False,False,True,False,False,False,True,False,False,False,False,False,True,False,False,False,False,True,False,False,False,False,True
85.0,2024-01-08,2024-01-08,6.09,3.28,4.87,9.19,14.45,61.79,54.82,6.17,2.0,False,False,False,True,False,False,False,False,True,False,False,False,False,True,False,False,True,False,False,False,False,True,False,False,False,True,False
50.0,2024-01-08,2024-01-08,33.1,2.18,16.69,36.52,79.5,53.57,174.43,-7.87,7.69,False,True,False,False,False,False,False,False,True,False,False,False,True,False,False,False,False,False,False,False,True,False,True,False,False,True,False
95.7,2024-01-08,2024-01-08,78.83,2.92,8.42,23.3,12.48,78.61,118.7,4.76,0.0,False,False,False,False,True,False,False,False,True,False,True,False,False,False,False,False,False,False,False,False,True,True,False,False,True,False,False
100.0,2024-01-08,2024-01-08,63.24,0.84,5.26,39.7,31.11,50.16,132.96,30.79,2.0,False,False,True,False,False,False,False,False,True,False,True,False,False,False,False,False,False,False,False,False,True,False,True,False,True,False,False
50.0,2024-01-08,2024-01-08,50.16,3.98,29.09,8.85,62.13,95.4,42.38,18.46,7.0,False,False,False,False,True,False,False,False,False,True,False,False,False,True,False,False,False,False,True,False,False,True,False,False,True,False,False
50.0,2024-01-08,2024-01-08,21.82,0.86,66.91422349904866,13.1,78.27,76.9,240.8,10.34,5.0,False,False,False,False,True,False,True,False,False,False,True,False,False,False,False,False,False,True,False,False,False,False,True,False,False,False,True
50.0,2024-01-08,2024-01-08,61.0,3.03,5.72,20.42,44.95,66.2,232.32,27.54,6.0,False,True,False,False,False,False,False,True,False,False,False,False,True,False,False,False,False,False,False,True,False,False,False,True,True,False,False
62.0,2024-01-08,2024-01-08,47.31,0.97,10.16,25.92,40.49,98.82,260.66,23.73,5.0,False,False,False,False,True,False,True,False,False,False,True,False,False,False,False,False,False,True,False,False,False,False,True,False,True,False,False
62.0,2024-01-08,2024-01-08,33.78,1.35,48.77,22.9,86.1,60.26,59.09,58.11,5.0,False,False,False,True,False,False,False,False,False,True,True,False,False,False,False,False,False,False,False,False,True,True,False,False,False,False,True
62.0,2024-01-08,2024-01-08,47.84,1.61,36.25,11.35,61.58,55.66,258.7,31.42,6.0,False,False,False,True,False,False,False,False,True,False,False,False,True,False,False,False,False,False,False,False,True,True,False,False,False,True,False
50.0,2024-01-08,2024-01-08,10.64,3.08,19.17,6.5,66.58,69.16,81.31,20.62,6.0,True,False,False,False,False,False,False,False,False,True,False,False,True,False,False,True,False,False,False,False,False,False,False,True,False,False,True
102.84,2024-01-08,2024-01-08,72.24,3.5,14.44,24.33,83.21,83.21,131.29,3.86,2.0,False,False,True,False,False,True,False,False,False,False,True,False,False,False,False,False,False,True,False,False,False,False,False,True,True,False,False
85.0,2024-01-08,2024-01-08,36.16,3.1,46.33,37.21,12.67,86.88,87.12,28.73,2.0,False,False,False,False,True,True,False,False,False,False,False,True,False,False,False,True,False,False,False,False,False,False,False,True,True,False,False
50.0,2024-01-08,2024-01-08,63.63,2.04,9.99,35.03,41.01,71.25,152.26,5.1,1.0,False,False,False,False,True,False,True,False,False,False,True,False,False,False,False,False,False,True,False,False,False,False,True,False,False,True,False
50.0,2024-01-08,2024-01-08,8.35,2.31,47.48,19.75,43.32,62.97,311.63,3.05,5.0,False,True,False,False,False,False,True,False,False,False,False,False,True,False,False,False,False,True,False,False,False,False,True,False,False,False,True
100.0,2024-01-08,2024-01-08,65.83,3.71,7.25,7.45,82.15,58.36,65.29,-7.43,0.0,False,False,False,True,False,False,False,True,False,False,False,False,True,False,False,True,False,False,False,False,False,False,True,False,True,False,False
100.0,2024-01-08,2024-01-09,55.19,1.41,25.6,23.68,121.35235113862505,68.13,249.05,30.7,0.0,False,False,True,False,False,False,False,True,False,False,False,False,True,False,False,False,False,False,False,False,True,False,True,False,False,True,False
85.0,2024-01-09,2024-01-09,55.98,1.11,13.8,31.53,2.33,71.04,67.87,11.44,5.0,True,False,False,False,False,True,False,False,False,False,False,True,False,False,False,True,False,False,False,False,False,False,True,False,True,False,False
62.0,2024-01-09,2024-01-09,38.51,0.98,15.81,38.19,37.91,57.54,252.97,21.38,3.0,False,False,False,True,False,False,False,False,True,False,False,False,True,False,False,False,False,False,False,False,True,True,False,False,False,True,False
85.0,2024-01-09,2024-01-09,13.11,0.57,14.55,28.93,12.04,91.07,201.56,1.86,7.0,True,False,False,False,False,False,False,False,False,True,False,False,False,True,False,False,False,True,False,False,False,True,False,False,True,False,False
75.0,2024-01-09,2024-01-09,7.82,3.46,5.1,32.27,70.55,50.1,50.31,29.88,6.0,False,True,False,False,False,False,False,True,False,False,False,False,False,True,False,False,False,False,True,False,False,True,False,False,True,False,False
50.0,2024-01-09,2024-01-09,52.51,2.76,17.13,43.16,30.48,90.93,152.26,-7.43,0.0,False,True,False,False,False,False,False,True,False,False,False,True,False,False,False,False,False,False,True,False,False,False,True,False,False,True,False
85.0,2024-01-09,2024-01-09,12.13,0.98,32.1,31.07,47.72,62.36,212.55,-1.21,3.0,False,False,False,False,True,False,False,False,True,False,False,False,True,False,True,False,False,False,False,False,False,False,False,True,False,True,False
75.0,2024-01-09,2024-01-09,28.99,3.28,25.6,8.69,39.67,60.73,195.96,7.19,3.0,False,False,True,False,False,False,False,False,True,False,False,False,True,False,False,False,False,False,False,True,False,True,False,False,True,False,False
62.0,2024-01-09,2024-01-09,13.49,2.67,29.87,27.32,82.89,52.65,152.26,-5.68,1.0,True,False,False,False,False,False,True,False,False,False,False,False,False,True,False,True,False,False,False,False,False,True,False,False,False,True,False
62.0,2024-01-09,2024-01-09,80.73,2.88,36.78,12.95,70.52,92.97,211.63,4.74,4.0,False,False,False,True,False,False,False,False,False,True,False,False,False,True,False,False,True,False,False,False,False,False,True,False,True,False,False
85.0,2024-01-09,2024-01-09,53.59,3.45,6.93,7.44,58.07,92.27,101.95,7.38,6.46,False,True,False,False,False,False,False,False,True,False,True,False,False,False,False,True,False,False,False,False,False,False,True,False,True,False,False
62.0,2024-01-09,2024-01-09,72.83,0.6,47.53,36.36,81.72,65.99,186.72,-8.82,2.0,False,False,False,False,True,False,False,True,False,False,False,True,False,False,False,False,False,False,False,True,False,False,True,False,False,False,True
85.0,2024-01-09,2024-01-09,64.23,2.82,29.93,5.94,69.29,64.34,268.93,3.95,0.0,False,False,False,False,True,False,False,True,False,False,True,False,False,False,False,False,False,True,False,False,False,True,False,False,True,False,False
100.0,2024-01-09,2024-01-09,17.85,2.51,48.38,38.5,43.82,58.45,268.97,19.26,2.01,True,False,False,False,False,True,False,False,False,False,False,True,False,False,False,False,False,False,False,True,False,False,False,True,True,False,False
62.0,2024-01-09,2024-01-09,63.85,3.89,37.23,8.32,17.58,74.05,128.35,28.17,3.28,False,True,False,False,False,False,False,False,True,False,False,False,True,False,False,False,False,True,False,False,False,False,True,False,False,True,False
85.0,2024-01-09,2024-01-09,70.99,0.78,12.56,13.17,72.9,68.05,189.38,4.76,7.0,False,False,True,False,False,False,True,False,False,False,False,False,True,False,True,False,False,False,False,False,False,False,True,False,False,False,True
85.0,2024-01-09,2024-01-09,62.25,3.43,18.59,15.58,78.6,99.52,102.92,20.81,6.0,False,True,False,False,False,False,False,False,False,True,False,True,False,False,False,False,False,False,False,True,False,False,False,True,False,True,False
89.03,2024-01-09,2024-01-09,78.64,0.61,34.82,31.45,74.35,50.72,152.26,21.96,6.0,True,False,False,False,False,False,True,False,False,False,True,False,False,False,False,False,False,False,False,False,True,False,False,True,False,True,False
85.0,2024-01-09,2024-01-09,6.96,2.42,22.67,26.22,16.34,78.76,86.56,29.56,1.0,True,False,False,False,False,False,False,True,False,False,False,False,False,True,False,True,False,False,False,False,False,False,False,True,True,False,False
85.0,2024-01-09,2024-01-09,75.19,3.62,53.17,14.74,17.16,64.31,150.05,24.92,5.0,False,True,False,False,False,False,True,False,False,False,False,True,False,False,False,False,False,False,False,True,False,False,True,False,True,False,False
50.0,2024-01-09,2024-01-09,1.75,0.8,8.43,22.72,27.12,78.97,65.89,25.94,2.0,True,False,False,False,False,False,False,True,False,False,False,True,False,False,False,False,False,False,False,False,True,False,True,False,True,False,False
81.65,2024-01-09,2024-01-09,73.61,3.67,3.86,14.12,46.81,86.6,162.06,33.86,7.0,False,True,False,False,False,False,False,True,False,False,False,True,False,False,False,False,False,False,False,True,False,True,False,False,False,True,False
62.0,2024-01-09,2024-01-10,6.38,0.9,33.84,27.8,46.18,99.01,169.11,-2.96,2.0,False,False,False,True,False,False,False,True,False,False,False,False,True,False,False,False,True,False,False,False,False,True,False,False,False,True,False
62.0,2024-01-09,2024-01-09,51.16,1.29,15.0,39.82,44.27,90.67,35.46,31.92,1.89,False,True,False,False,False,False,False,True,False,False,False,True,False,False,False,False,False,False,False,False,True,True,False,False,True,False,False
75.0,2024-01-09,2024-01-10,28.23,1.22,23.44,36.34,61.79,65.22,91.12,24.32,7.0,False,True,False,False,False,False,False,True,False,False,False,False,True,False,False,False,False,False,True,False,False,True,False,False,False,True,False
62.0,2024-01-10,2024-01-10,67.92,3.7,41.74,32.18,63.58,89.94,157.02,14.33,5.0,True,False,False,False,False,True,False,False,False,False,False,False,False,True,False,False,False,False,False,False,True,True,False,False,False,False,True
75.0,2024-01-10,2024-01-10,15.27,2.87,5.37,7.63,86.95,85.14,113.67,6.86,6.0,True,False,False,False,False,False,True,False,False,False,False,False,False,True,True,False,False,False,False,False,False,True,False,False,False,False,True
85.0,2024-01-10,2024-01-10,50.64,2.23,29.63,38.25,31.57,70.65,195.0,6.43,3.0,False,False,False,False,True,True,False,False,False,False,True,False,False,False,False,False,False,True,False,False,False,False,True,False,False,False,True
50.0,2024-01-10,2024-01-10,52.05,2.94,5.23,25.0,74.87,64.37,153.97,4.82,4.0,False,False,False,False,True,True,False,False,False,False,False,False,True,False,False,False,False,False,False,False,True,True,False,False,False,True,False
75.0,2024-01-10,2024-01-10,57.9,0.61,15.38,28.14,58.6,77.23,266.69,15.73,7.0,False,False,False,True,False,False,False,False,True,False,False,False,False,True,False,False,False,False,False,True,False,False,True,False,False,False,True
75.0,2024-01-10,2024-01-10,30.9,0.67,40.56,14.44,24.83,61.28,13.01,33.51,4.0,False,False,False,False,True,False,False,False,True,False,False,False,False,True,False,False,False,False,True,False,False,False,True,False,True,False,False
46.54,2024-01-10,2024-01-10,35.35,3.13,5.5,12.65,41.21,98.92,219.15,-8.72,4.0,False,True,False,False,False,False,False,False,True,False,True,False,False,False,False,False,False,False,True,False,False,False,False,True,True,False,False
75.0,2024-01-10,2024-01-10,11.93,2.75,49.42,25.99,29.33,88.43,192.18,-3.36,0.0,True,False,False,False,False,False,False,False,False,True,True,False,False,False,False,False,False,False,False,False,True,False,True,False,True,False,False
62.0,2024-01-10,2024-01-10,55.46,0.58,20.99,16.65,78.79,55.02,90.4,15.92,3.0,False,False,False,False,True,False,False,False,True,False,True,False,False,False,False,False,False,False,False,True,False,False,True,False,False,False,True
50.0,2024-01-10,2024-01-10,44.16,3.98,23.75,5.55,81.45,89.29,33.56,-5.33,7.0,False,False,False,False,True,False,True,False,False,False,False,False,True,False,False,False,False,False,True,False,False,False,True,False,False,False,True
100.0,2024-01-10,2024-01-10,65.24,0.88,46.97,24.75,27.08,55.75,95.66,20.43,4.0,False,False,False,True,False,True,False,False,False,False,False,True,False,False,False,False,True,False,False,False,False,False,False,True,False,True,False
50.0,2024-01-10,2024-01-10,20.46,3.65,18.6,7.67,18.13,56.11,62.93,25.43,7.0,False,False,False,True,False,False,True,False,False,False,False,False,True,False,False,False,False,False,False,False,True,False,True,False,True,False,False
27.03,2024-01-10,2024-01-10,49.19,1.91,32.36,9.12,64.42,99.6,120.4,2.8,5.0,False,True,False,False,False,False,False,False,True,False,True,False,False,False,False,False,False,False,False,False,True,False,False,True,False,True,False
85.0,2024-01-10,2024-01-10,32.64,0.56,29.2,5.78,51.56,73.55,183.59,29.94,0.0,True,False,False,False,False,False,False,False,False,True,False,True,False,False,False,False,False,True,False,False,False,True,False,False,False,False,True
85.0,2024-01-10,2024-01-10,66.62,1.23,45.51,22.34,62.39,79.43,286.07,-0.98,0.0,False,False,False,True,False,False,False,False,False,True,False,False,False,True,False,False,False,False,False,False,True,False,True,False,False,True,False
62.0,2024-01-10,2024-01-10,33.37,0.61,10.2,35.96,26.85,99.64,244.05,26.87,0.0,False,False,False,False,True,True,False,False,False,False,False,False,True,False,False,False,False,False,True,False,False,True,False,False,True,False,False
120.51,2024-01-10,2024-01-10,68.83,2.47,16.94,33.86,70.75,55.33,139.03,-1.97,0.0,True,False,False,False,False,False,True,False,False,False,True,False,False,False,False,True,False,False,False,False,False,False,True,False,False,True,False
75.0,2024-01-10,2024-01-10,65.89,0.74,36.49,9.14,18.87,65.02,77.27,11.73,5.0,True,False,False,False,False,False,False,True,False,False,True,False,False,False,False,False,False,False,False,True,False,False,False,True,False,True,False
62.0,2024-01-10,2024-01-10,42.69,2.17,41.53,9.08,18.86,98.32,139.22,1.57,3.0,False,False,False,False,True,False,True,False,False,False,False,True,False,False,True,False,False,False,False,False,False,True,False,False,False,False,True
75.0,2024-01-10,2024-01-10,12.67,2.82,18.72,32.18,35.92,67.08,296.13,29.4,3.0,False,False,False,True,False,False,False,False,True,False,False,False,True,False,True,False,False,False,False,False,False,False,True,False,False,False,True
50.0,2024-01-10,2024-01-10,25.35,0.61,16.88,19.33,72.4,67.43,73.38,2.98,0.0,False,False,False,False,True,False,False,True,False,False,False,False,False,True,False,False,False,False,False,True,False,False,True,False,False,False,True
100.0,2024-01-10,2024-01-10,37.93,1.71,25.6,36.21,35.55,87.94,69.64,-1.33,2.0,True,False,False,False,False,False,False,False,False,True,False,False,False,True,False,True,False,False,False,False,False,False,False,True,False,False,True
75.0,2024-01-10,2024-01-10,42.69,0.69,30.0,23.49,32.64,60.22,111.19,-8.61,6.0,False,False,True,False,False,True,False,False,False,False,False,True,False,False,False,False,False,True,False,False,False,False,True,False,True,False,False
50.0,2024-01-10,2024-01-11,31.88,1.38,23.47,38.29,68.82,92.84,249.76,38.19,6.0,False,False,True,False,False,True,False,False,False,False,False,True,False,False,False,False,False,True,False,False,False,True,False,False,True,False,False
50.0,2024-01-11,2024-01-11,29.58,3.2,37.18,16.67,24.74,80.6,248.92,5.8,5.0,False,True,False,False,False,False,False,False,False,True,False,False,False,True,False,False,False,True,False,False,False,False,False,True,False,True,False
100.0,2024-01-11,2024-01-11,37.51,3.52,6.34,23.23,31.2,76.03,203.73,30.13,1.0,False,False,False,False,True,False,False,False,True,False,False,True,False,False,False,False,False,True,False,False,False,True,False,False,True,False,False
62.0,2024-01-11,2024-01-11,7.85,2.56,25.6,25.95,89.85,85.15,26.36,39.57,3.0,False,False,False,False,True,False,False,False,False,True,False,True,False,False,False,False,False,False,False,True,False,True,False,False,False,True,False
100.0,2024-01-11,2024-01-11,66.52,0.21,15.1,34.74,19.51,63.49,123.57,-6.76,3.97,False,True,False,False,False,False,False,False,True,False,False,False,True,False,False,False,False,False,False,False,True,False,True,False,False,False,True
100.0,2024-01-11,2024-01-11,42.69,2.01,66.91422349904866,7.89,82.22,77.02,206.71,27.41,2.0,False,True,False,False,False,False,False,True,False,False,False,True,False,False,False,False,True,False,False,False,False,False,True,False,False,True,False
62.0,2024-01-11,2024-01-11,29.84,3.47,14.04,9.06,17.26,53.66,195.47,19.18,7.0,False,True,False,False,False,False,False,False,False,True,True,False,False,False,False,False,False,False,False,True,False,False,False,True,False,True,False
100.0,2024-01-11,2024-01-11,59.78,3.84,28.46,13.52,72.52,69.19,134.38,18.13,6.0,True,False,False,False,False,False,False,False,True,False,True,False,False,False,False,False,False,False,False,True,False,False,False,True,True,False,False
94.82,2024-01-11,2024-01-11,76.36,2.97,10.89,68.93,80.68,64.03,213.49,36.47,5.0,False,False,False,False,True,False,False,True,False,False,True,False,False,False,False,False,True,False,False,False,False,False,False,True,False,True,False
100.0,2024-01-11,2024-01-11,60.41,1.71,48.79,17.9,77.01,82.53,99.54,12.87,2.0,True,False,False,False,False,False,False,False,False,True,False,True,False,False,False,False,False,False,True,False,False,True,False,False,True,False,False
85.0,2024-01-11,2024-01-11,44.79,3.43,35.39,36.91,20.08,76.26,283.9,10.65,6.0,False,True,False,False,False,True,False,False,False,False,False,False,False,True,True,False,False,False,False,False,False,True,False,False,False,True,False
75.0,2024-01-11,2024-01-11,22.23,3.38,25.6,27.52,30.81,57.71,227.54,0.51,1.0,False,False,False,False,True,False,False,False,False,True,True,False,False,False,True,False,False,False,False,False,False,True,False,False,True,False,False
100.0,2024-01-11,2024-01-11,22.28,2.31,18.21,24.41,83.64,59.26,114.54,21.75,3.0,True,False,False,False,False,False,True,False,False,False,False,False,True,False,False,False,False,False,False,False,True,True,False,False,False,False,True
85.0,2024-01-11,2024-01-11,29.01,2.53,43.01,12.29,70.25,92.5,199.64,1.08,3.0,True,False,False,False,False,False,False,False,False,True,False,True,False,False,False,False,True,False,False,False,False,False,True,False,True,False,False
75.0,2024-01-11,2024-01-11,61.12,2.71,28.4,20.04,28.72,52.96,172.67,-3.13,1.0,False,True,False,False,False,False,True,False,False,False,False,False,False,True,False,False,False,True,False,False,False,False,False,True,False,False,True
62.0,2024-01-11,2024-01-11,65.55,3.58,12.16,24.21,47.91,97.31,153.22,28.69,3.0,False,False,False,False,True,False,False,True,False,False,False,False,False,True,False,False,False,True,False,False,False,False,True,False,True,False,False
50.0,2024-01-11,2024-01-11,76.58,0.62,10.57,36.69,47.06,71.89,33.63,16.47,0.0,False,True,False,False,False,False,False,False,False,True,False,True,False,False,False,False,False,False,False,False,True,False,True,False,False,False,True
50.0,2024-01-11,2024-01-11,37.09,0.85,23.62,19.54,53.71,53.3,180.15,14.73,7.0,False,False,False,False,True,False,False,True,False,False,False,True,False,False,False,False,False,False,True,False,False,True,False,False,False,False,True
100.0,2024-01-11,2024-01-11,56.36,3.21,25.6,35.07,25.44,68.93,233.91,5.86,0.0,False,False,True,False,False,False,False,True,False,False,False,False,True,False,False,False,False,False,False,False,True,False,False,True,True,False,False
85.0,2024-01-11,2024-01-11,6.35,1.05,4.11,10.03,47.2,85.13,40.66,-0.23,5.0,False,False,False,True,False,False,False,False,True,False,False,True,False,False,False,False,True,False,False,False,False,True,False,False,False,False,True
62.0,2024-01-11,2024-01-11,60.52,3.08,14.16,22.67,25.51,64.21,219.12,-8.82,4.0,False,False,False,True,False,False,False,True,False,False,False,True,False,False,False,False,True,False,False,False,False,True,False,False,False,True,False
50.0,2024-01-11,2024-01-11,49.62,3.73,28.55,12.88,43.91,98.39,260.69,11.26,6.0,False,False,False,True,False,False,False,True,False,False,False,False,False,True,False,True,False,False,False,False,False,False,False,True,False,True,False
100.0,2024-01-11,2024-01-11,54.13,1.25,13.62,31.94,69.63,88.99,175.21,-9.82,7.0,False,True,False,False,False,False,False,False,False,True,True,False,False,False,False,False,False,False,True,False,False,False,False,True,False,False,True
45.38,2024-01-11,2024-01-11,13.09,3.24,36.48,36.61,16.78,91.51,233.57,-1.4,3.0,False,False,True,False,False,False,False,False,False,True,True,False,False,False,False,False,True,False,False,False,False,False,True,False,False,False,True
75.0,2024-01-11,2024-01-12,7.42,1.91,15.1,36.54,61.36,59.94,152.26,22.18,5.0,False,False,False,False,True,True,False,False,False,False,False,False,False,True,False,False,True,False,False,False,False,True,False,False,False,False,True
136.41540803505134,2024-01-12,2024-01-12,47.09,3.31,5.13,31.22,85.19,76.4,35.08,13.41,7.0,True,False,False,False,False,False,False,False,True,False,False,True,False,False,False,False,False,False,True,False,False,True,False,False,True,False,False
100.0,2024-01-12,2024-01-12,42.69,0.5,25.6,23.6,48.54,78.14,269.5,-5.89,6.0,False,False,False,False,True,False,False,True,False,False,False,False,True,False,False,False,False,True,False,False,False,True,False,False,False,True,False
85.0,2024-01-12,2024-01-12,56.82,0.87,21.27,15.83,17.45,53.85,263.74,39.8,2.0,True,False,False,False,False,False,False,False,True,False,True,False,False,False,False,False,False,False,False,True,False,False,False,True,False,False,True
75.0,2024-01-12,2024-01-12,36.53,2.65,5.09,32.24,80.02,75.53,97.73,11.3,7.0,False,False,False,False,True,False,True,False,False,False,False,True,False,False,False,False,False,True,False,False,False,True,False,False,False,False,True
100.0,2024-01-12,2024-01-12,58.15,1.99,34.97,25.39,17.46,82.13,236.83,35.59,7.0,False,False,True,False,False,False,False,True,False,False,True,False,False,False,False,False,False,False,False,True,False,True,False,False,True,False,False
12.653970752827462,2024-01-12,2024-01-12,63.59,3.33,28.6,5.09,18.28,63.03,149.96,2.79,4.0,True,False,False,False,False,False,False,False,True,False,False,False,False,True,False,True,False,False,False,False,False,True,False,False,False,True,False
85.0,2024-01-12,2024-01-12,55.42,2.31,30.64,36.43,88.07,64.81,176.93,-8.43,5.0,False,True,False,False,False,True,False,False,False,False,True,False,False,False,False,False,False,True,False,False,False,True,False,False,False,False,True
50.0,2024-01-12,2024-01-12,12.92,3.38,9.14,11.5,48.08,71.16,188.6,-2.41,4.0,False,False,False,False,True,True,False,False,False,False,False,False,False,True,False,False,True,False,False,False,False,False,True,False,False,True,False
75.0,2024-01-12,2024-01-12,70.24,3.37,31.88,18.53,72.55,91.9,34.52,7.14,4.0,False,False,False,False,True,False,False,True,False,False,False,False,False,True,False,False,False,False,True,False,False,False,False,True,True,False,False
50.0,2024-01-12,2024-01-12,47.9,1.16,22.06,35.04,48.98,75.49,32.24,-3.0,5.0,True,False,False,False,False,False,True,False,False,False,False,False,False,True,False,False,False,False,True,False,False,False,True,False,False,True,False
62.0,2024-01-12,2024-01-12,59.15,3.88,14.88,32.07,40.0,57.35,152.26,-1.86,3.0,False,True,False,False,False,True,False,False,False,False,False,False,True,False,False,False,False,False,False,True,False,False,False,True,False,False,True
75.0,2024-01-12,2024-01-12,6.46,3.47,5.34,37.46,88.22,91.94,152.26,38.41,4.0,False,True,False,False,False,True,False,False,False,False,False,True,False,False,False,False,False,True,False,False,False,True,False,False,False,False,True
100.0,2024-01-12,2024-01-12,79.0,3.89,26.98,11.29,22.53,93.3,39.75,7.68,3.0,False,False,True,False,False,False,True,False,False,False,False,False,False,True,True,False,False,False,False,False,False,False,False,True,False,True,False
78.38,2024-01-12,2024-01-12,19.92,2.81,32.21,10.47,43.91,80.06,205.64,10.38,7.0,False,True,False,False,False,False,False,False,True,False,False,False,False,True,True,False,False,False,False,False,False,False,True,False,True,False,False
62.0,2024-01-12,2024-01-12,73.23,3.52,23.62,16.97,14.08,60.69,152.26,35.83,5.0,False,True,False,False,False,True,False,False,False,False,True,False,False,False,False,False,True,False,False,False,False,True,False,False,True,False,False
75.0,2024-01-12,2024-01-12,15.06,3.22,14.77,15.67,49.87,82.18,68.52,28.06,1.0,False,True,False,False,False,False,False,False,False,True,False,True,False,False,False,False,False,False,False,True,False,False,True,False,True,False,False
62.0,2024-01-12,2024-01-12,12.13,2.67,40.2,34.87,32.07,77.49,92.12,25.2,7.0,False,False,False,True,False,True,False,False,False,False,False,False,True,False,False,False,True,False,False,False,False,False,True,False,True,False,False
100.0,2024-01-12,2024-01-12,30.53,2.3,19.02,35.16,52.91,67.22,132.6,2.33,6.0,False,False,True,False,False,False,False,False,True,False,False,False,True,False,False,False,False,False,False,False,True,False,True,False,False,False,True
50.0,2024-01-12,2024-01-12,20.35,2.42,11.16,26.17,109.27,82.33,116.18,2.77,1.0,False,False,False,False,True,False,False,False,True,False,True,False,False,False,False,False,False,False,True,False,False,False,False,True,False,True,False
50.0,2024-01-12,2024-01-12,6.48,2.13,25.6,37.21,52.62,83.35,77.8,26.62,0.0,True,False,False,False,False,False,False,True,False,False,False,False,True,False,False,False,False,True,False,False,False,False,True,False,False,False,True
100.0,2024-01-12,2024-01-12,14.02,1.83,6.29,25.54,59.0,90.81,22.54,33.28,7.52,False,False,False,False,True,False,False,False,False,True,True,False,False,False,False,False,False,True,False,False,False,False,False,True,False,True,False
85.0,2024-01-12,2024-01-12,61.83,1.4,49.16,8.02,36.85,92.68,81.0,-2.34,0.0,False,False,True,False,False,False,False,False,True,False,False,True,False,False,False,False,True,False,False,False,False,False,True,False,False,True,False
75.0,2024-01-12,2024-01-13,51.62,1.3,43.16,28.15,22.79,58.66,185.95,7.94,7.0,True,False,False,False,False,False,True,False,False,False,True,False,False,False,False,True,False,False,False,False,False,False,True,False,True,False,False
100.0,2024-01-12,2024-01-13,13.32,0.89,21.63,9.97,81.56,126.38347784460416,87.3,38.77,7.0,False,False,True,False,False,False,False,False,False,True,True,False,False,False,False,False,False,True,False,False,False,False,False,True,True,False,False
85.0,2024-01-13,2024-01-13,37.64,2.67,19.6,27.9,34.93,79.46,152.26,-9.68,0.0,False,True,False,False,False,False,False,False,False,True,False,False,False,True,True,False,False,False,False,False,False,False,False,True,False,True,False
75.0,2024-01-13,2024-01-13,70.62,0.64,18.34,14.74,25.72,99.59,188.46,-4.84,2.0,True,False,False,False,False,False,True,False,False,False,False,False,True,False,False,False,True,False,False,False,False,False,True,False,False,True,False
75.0,2024-01-13,2024-01-13,74.49,2.86,32.95,31.65,55.66,52.57,160.68,26.31,5.0,False,True,False,False,False,True,False,False,False,False,False,True,False,False,False,False,False,False,False,False,True,False,True,False,False,True,False
75.0,2024-01-13,2024-01-13,32.52,2.29,31.55,10.04,23.43,83.74,294.06,25.93,2.0,False,False,False,False,True,False,True,False,False,False,False,True,False,False,False,False,False,False,True,False,False,True,False,False,False,False,True
100.0,2024-01-13,2024-01-13,78.4,0.53,29.75,34.3,49.66,83.25,119.79,-9.3,1.0,False,False,False,False,True,False,True,False,False,False,False,False,False,True,False,False,False,True,False,False,False,False,True,False,False,True,False
50.0,2024-01-13,2024-01-13,65.32,1.29,41.88,17.84,54.3,87.55,32.15,-9.4,3.0,True,False,False,False,False,True,False,False,False,False,True,False,False,False,False,False,False,False,False,False,True,False,True,False,False,False,True
62.0,2024-01-13,2024-01-13,30.64,1.63,46.85,36.96,62.18,53.74,151.51,21.08,3.0,True,False,False,False,False,True,False,False,False,False,False,True,False,False,False,False,True,False,False,False,False,True,False,False,False,True,False
85.0,2024-01-13,2024-01-13,78.16,1.55,7.35,15.06,78.18,80.78,114.77,20.83,4.0,False,False,True,False,False,True,False,False,False,False,False,True,False,False,False,False,False,False,True,False,False,False,True,False,True,False,False
75.0,2024-01-13,2024-01-13,5.34,1.35,29.15,39.59,16.36,88.04,67.72,29.25,0.29,False,False,True,False,False,True,False,False,False,False,True,False,False,False,False,False,False,False,True,False,False,False,True,False,False,True,False
75.0,2024-01-13,2024-01-13,29.32,2.06,36.76,26.74,54.75,80.77,200.52,6.33,0.0,False,True,False,False,False,True,False,False,False,False,True,False,False,False,False,False,False,False,False,True,False,False,False,True,False,True,False
75.0,2024-01-13,2024-01-13,23.99,3.27,32.93,20.65,87.85,75.36,205.17,5.92,5.0,True,False,False,False,False,False,True,False,False,False,False,True,False,False,False,False,False,False,False,True,False,False,False,True,False,False,True
100.0,2024-01-13,2024-01-13,5.7,1.09,40.48,16.58,54.54,81.03,221.58,32.63,3.0,False,False,False,False,True,False,False,True,False,False,True,False,False,False,False,True,False,False,False,False,False,False,False,True,False,True,False
65.05,2024-01-13,2024-01-13,54.53,0.64,41.49,9.77,73.36,73.14,250.37,31.25,0.0,False,False,True,False,False,False,False,True,False,False,False,False,True,False,False,True,False,False,False,False,False,False,True,False,False,False,True
50.0,2024-01-13,2024-01-13,56.32,3.35,14.25,31.34,63.93,87.7,174.14,-6.26,7.0,False,False,True,False,False,False,False,False,True,False,False,True,False,False,False,False,False,True,False,False,False,False,False,True,False,False,True
75.0,2024-01-13,2024-01-13,42.69,2.76,15.29,26.58,75.32,89.87,197.67,21.14,6.0,False,False,False,False,True,False,False,True,False,False,True,False,False,False,False,False,False,False,False,False,True,False,True,False,True,False,False
75.0,2024-01-13,2024-01-13,65.23,2.76,18.07,29.44,45.51,83.41,206.99,4.07,0.0,False,False,True,False,False,False,False,True,False,False,False,True,False,False,False,False,False,False,False,True,False,True,False,False,True,False,False
100.0,2024-01-13,2024-01-13,23.54,2.59,3.51,23.22,17.17,39.32,192.86,14.54,4.0,False,True,False,False,False,False,True,False,False,False,False,True,False,False,False,False,False,False,True,False,False,False,False,True,True,False,False
75.0,2024-01-13,2024-01-13,18.55,1.83,13.86,16.48,37.87,66.17,46.22,26.69,7.0,True,False,False,False,False,True,False,False,False,False,False,False,False,True,False,False,False,False,False,True,False,True,False,False,True,False,False
33.38,2024-01-13,2024-01-13,20.76,2.69,23.99,30.69,27.4,55.23,155.22,8.32,2.0,False,False,False,False,True,True,False,False,False,False,False,False,True,False,False,False,False,False,True,False,False,False,True,False,False,False,True
85.0,2024-01-13,2024-01-13,46.45,3.94,42.84,5.06,12.79,70.72,3.82,26.51,1.76,True,False,False,False,False,False,True,False,False,False,False,False,True,False,False,False,False,False,False,True,False,False,True,False,False,True,False
85.0,2024-01-13,2024-01-13,49.75,2.01,33.7,18.59,62.64,87.47,177.27,31.46,0.0,False,False,True,False,False,False,False,True,False,False,False,False,False,True,False,False,False,False,True,False,False,True,False,False,False,False,True
100.0,2024-01-13,2024-01-14,66.17,1.59,4.1,37.06,57.52,59.22,19.84,12.63,2.0,False,False,True,False,False,False,True,False,False,False,False,False,False,True,False,False,False,False,False,False,True,True,False,False,True,False,False
85.0,2024-01-13,2024-01-13,42.69,2.14,12.43,30.35,11.31,61.9,50.07,22.77,1.0,False,False,False,False,True,False,False,False,True,False,False,True,False,False,False,False,False,False,False,True,False,True,False,False,False,True,False
59.79,2024-01-13,2024-01-13,49.84,1.65,20.87,12.25,41.38,62.03,40.84,-4.84,5.69,False,True,False,False,False,True,False,False,False,False,False,False,True,False,True,False,False,False,False,False,False,True,False,False,False,False,True
75.0,2024-01-14,2024-01-14,50.66,0.56,41.88,34.02,79.26,76.34,206.67,14.06,2.0,False,False,False,True,False,False,False,False,False,True,False,False,False,True,True,False,False,False,False,False,False,False,False,True,False,True,False
62.0,2024-01-14,2024-01-14,6.89,3.5,29.45,13.15,63.0,70.59,270.38,4.06,7.0,False,False,False,False,True,False,False,False,True,False,True,False,False,False,False,False,False,False,True,False,False,True,False,False,False,False,True
75.0,2024-01-14,2024-01-14,64.76,0.54,31.45,9.0,68.68,63.14,213.73,-5.43,1.0,False,False,False,True,False,False,False,False,True,False,False,True,False,False,False,False,False,False,False,False,True,False,False,True,False,True,False
50.0,2024-01-14,2024-01-14,55.42,3.67,39.08,11.68,74.61,62.06,204.67,-9.37,1.0,False,False,False,True,False,False,True,False,False,False,False,False,True,False,False,False,False,False,True,False,False,True,False,False,False,True,False
85.0,2024-01-14,2024-01-14,37.77,4.62,4.03,32.36,52.13,93.21,96.84,1.73,7.0,False,True,False,False,False,False,False,True,False,False,False,True,False,False,False,False,False,False,False,False,True,True,False,False,True,False,False
75.0,2024-01-14,2024-01-14,44.07,0.74,18.14,37.81,43.36,72.86,261.51,21.12,6.0,False,False,False,True,False,True,False,False,False,False,False,True,False,False,False,True,False,False,False,False,False,False,False,True,True,False,False
50.0,2024-01-14,2024-01-14,76.71,2.72,37.73,9.42,57.42,53.72,189.9,20.61,2.0,False,False,False,True,False,False,False,False,False,True,True,False,False,False,False,False,False,False,False,True,False,False,True,False,False,True,False
75.0,2024-01-14,2024-01-14,6.52,0.95,34.45,9.84,80.47,52.87,86.12,1.22,7.0,False,True,False,False,False,False,False,False,True,False,True,False,False,False,False,False,False,False,False,False,True,False,True,False,False,True,False
85.0,2024-01-14,2024-01-14,23.02,2.91,23.68,20.86,78.1,68.35,89.42,12.02,3.0,False,False,False,True,False,False,False,False,False,True,False,False,False,True,False,False,False,False,True,False,False,False,True,False,True,False,False
100.0,2024-01-14,2024-01-14,62.32,2.92,22.42,7.16,21.82,61.29,22.62,11.13,6.0,False,False,False,True,False,False,False,True,False,False,True,False,False,False,False,False,False,True,False,False,False,False,True,False,False,False,True
62.0,2024-01-14,2024-01-14,64.52,1.72,39.25,38.18,31.49,66.3,75.83,0.4,6.0,False,False,False,True,False,False,False,True,False,False,False,False,True,False,False,False,False,True,False,False,False,False,False,True,False,True,False
100.0,2024-01-14,2024-01-14,53.0,3.53,38.37,6.45,10.95,69.3,27.93,14.18,6.0,False,False,False,False,True,False,False,False,False,True,False,False,False,True,False,True,False,False,False,False,False,False,True,False,False,False,True
75.0,2024-01-14,2024-01-14,74.74,0.1,44.05,27.74,27.62,61.33,56.33,9.99,3.18,False,False,False,False,True,True,False,False,False,False,False,False,True,False,False,False,False,True,False,False,False,False,False,True,True,False,False
62.0,2024-01-14,2024-01-14,17.89,3.71,3.66,25.22,32.15,113.21,152.26,-4.31,5.0,False,False,False,False,True,False,False,True,False,False,False,False,True,False,False,False,False,False,True,False,False,False,False,True,False,True,False
100.0,2024-01-14,2024-01-14,18.85,2.41,47.45,7.32,84.31,62.8,237.05,-2.88,1.0,False,True,False,False,False,False,False,False,False,True,False,False,False,True,True,False,False,False,False,False,False,False,False,True,False,False,True
100.0,2024-01-14,2024-01-14,58.38,1.88,4.67,33.86,15.36,56.58,96.86,16.97,3.0,False,False,True,False,False,False,False,False,True,False,True,False,False,False,True,False,False,False,False,False,False,False,False,True,True,False,False
62.0,2024-01-14,2024-01-14,57.82,2.17,25.6,31.92,66.55,77.72,222.67,34.04,1.0,False,False,False,True,False,False,False,False,False,True,False,True,False,False,False,False,False,False,False,True,False,False,False,True,False,True,False
85.0,2024-01-14,2024-01-14,13.32,1.38,24.74,12.39,52.79,92.87,283.99,35.7,4.0,False,False,False,True,False,False,False,False,False,True,True,False,False,False,False,False,True,False,False,False,False,True,False,False,False,False,True
85.0,2024-01-14,2024-01-14,14.5,2.24,37.66,11.91,51.14,99.99,168.04,12.25,3.0,False,True,False,False,False,False,True,False,False,False,False,False,True,False,False,False,False,False,False,True,False,False,False,True,False,True,False
85.0,2024-01-14,2024-01-14,26.34,1.97,19.95,17.65,11.86,57.09,216.47,-2.06,3.0,False,False,False,True,False,False,False,True,False,False,False,False,True,False,False,False,False,True,False,False,False,False,True,False,False,False,True
12.653970752827462,2024-01-14,2024-01-14,50.6,3.47,9.86,27.99,29.94,73.76,211.63,33.23,2.0,False,False,False,False,True,True,False,False,False,False,False,False,False,True,False,True,False,False,False,False,False,False,False,True,False,False,True
75.0,2024-01-14,2024-01-14,42.69,1.08,11.05,17.59,71.3,95.31,56.54,19.37,7.0,False,False,True,False,False,True,False,False,False,False,False,False,True,False,False,False,False,True,False,False,False,False,True,False,False,True,False
62.0,2024-01-14,2024-01-15,103.81,3.53,16.59,17.67,52.8,89.35,99.94,8.33,3.1,True,False,False,False,False,False,True,False,False,False,False,False,False,True,True,False,False,False,False,False,False,False,False,True,True,False,False
62.0,2024-01-14,2024-01-15,70.4,0.55,20.75,20.16,84.36,62.15,240.33,-7.88,7.0,False,False,False,True,False,True,False,False,False,False,False,False,False,True,False,False,False,False,False,False,True,False,True,False,False,True,False
45.63,2024-01-15,2024-01-15,77.17,1.41,17.57,11.76,19.95,95.1,152.26,3.5,4.0,False,False,False,False,True,False,False,False,False,True,True,False,False,False,True,False,False,False,False,False,False,False,False,True,True,False,False
62.0,2024-01-15,2024-01-15,62.19,0.56,20.45,19.48,24.39,88.83,277.72,14.28,4.0,True,False,False,False,False,False,True,False,False,False,False,False,True,False,False,False,True,False,False,False,False,True,False,False,False,False,True
62.0,2024-01-15,2024-01-15,71.91,2.89,10.55,21.33,86.49,70.9,140.1,-4.76,7.0,False,False,True,False,False,False,False,False,True,False,True,False,False,False,False,False,False,False,False,True,False,False,True,False,False,False,True
62.0,2024-01-15,2024-01-15,79.98,0.92,25.6,27.86,88.19,62.31,295.82,6.25,7.55,True,False,False,False,False,False,False,True,False,False,False,True,False,False,False,False,False,False,True,False,False,False,True,False,False,False,True
100.0,2024-01-15,2024-01-15,5.78,1.84,33.75,24.99,25.12,59.05,96.33,37.1,1.0,False,False,False,False,True,False,False,True,False,False,True,False,False,False,False,False,False,True,False,False,False,False,False,True,True,False,False
50.0,2024-01-15,2024-01-15,53.81,0.51,22.34,15.79,52.44,82.42,116.73,-0.03,2.0,True,False,False,False,False,False,False,True,False,False,False,False,True,False,False,True,False,False,False,False,False,False,True,False,False,False,True
100.0,2024-01-15,2024-01-15,38.66,2.37,26.72,16.32,68.12,56.48,257.88,29.18,6.0,False,True,False,False,False,False,False,False,False,True,False,True,False,False,False,False,True,False,False,False,False,False,False,True,False,True,False
50.0,2024-01-15,2024-01-15,56.69,2.39,45.0,32.99,46.59,76.38,140.31,25.13,0.0,True,False,False,False,False,False,False,False,True,False,False,False,True,False,True,False,False,False,False,False,False,True,False,False,False,False,True
85.0,2024-01-15,2024-01-15,40.16,2.52,28.48,13.37,35.04,94.56,94.0,13.35,2.0,False,False,False,True,False,False,True,False,False,False,False,True,False,False,False,False,False,False,False,False,True,True,False,False,True,False,False
62.0,2024-01-15,2024-01-15,42.52,0.93,39.91,7.23,88.95,63.74,191.08,10.33,4.0,False,False,False,True,False,False,True,False,False,False,False,False,True,False,False,False,True,False,False,False,False,False,False,True,True,False,False
50.0,2024-01-15,2024-01-15,29.3,1.87,30.98,37.16,121.35235113862505,97.06,296.22,7.64,7.0,False,True,False,False,False,False,False,True,False,False,True,False,False,False,False,False,False,False,False,False,True,False,False,True,False,True,False
50.0,2024-01-15,2024-01-15,67.23,0.5,37.24,21.01,38.02,94.37,57.59,12.27,6.0,False,False,False,False,True,False,False,False,True,False,False,False,True,False,False,False,False,False,False,False,True,True,False,False,False,True,False
85.0,2024-01-15,2024-01-15,42.69,2.92,17.93,28.0,35.8,95.56,73.05,-4.13,5.0,False,False,False,True,False,False,False,False,True,False,False,False,False,True,False,True,False,False,False,False,False,False,True,False,True,False,False
50.0,2024-01-15,2024-01-15,76.72,3.77,44.14,35.85,10.9,69.96,247.41,27.96,0.0,False,False,True,False,False,False,False,False,True,False,False,False,False,True,False,False,False,False,False,False,True,False,True,False,True,False,False
62.0,2024-01-15,2024-01-15,60.97,2.5,6.68,37.05,75.86,92.36,266.82,20.47,6.0,False,False,False,True,False,True,False,False,False,False,True,False,False,False,False,False,False,False,False,False,True,False,True,False,False,True,False
62.0,2024-01-15,2024-01-15,48.32,2.31,19.59,49.14,27.01,55.86,161.4,3.5,2.0,False,False,False,True,False,True,False,False,False,False,True,False,False,False,True,False,False,False,False,False,False,True,False,False,False,True,False
62.0,2024-01-15,2024-01-15,65.54,1.16,31.86,37.49,25.2,96.76,78.61,0.95,6.0,False,False,False,False,True,False,False,True,False,False,False,True,False,False,False,True,False,False,False,False,False,False,False,True,False,True,False
100.0,2024-01-15,2024-01-15,68.75,0.55,10.76,28.29,81.28,66.08,284.85,13.79,3.0,True,False,False,False,False,False,False,False,True,False,True,False,False,False,False,False,False,False,True,False,False,True,False,False,False,True,False
85.0,2024-01-15,2024-01-15,67.44,1.81,16.1,15.0,89.87,93.9,36.06,34.08,3.0,False,False,False,True,False,False,False,False,True,False,False,False,False,True,False,False,False,False,True,False,False,False,True,False,True,False,False
75.0,2024-01-15,2024-01-15,10.45,1.43,39.89,32.56,82.76,60.78,85.92,20.63,0.0,False,True,False,False,False,False,True,False,False,False,True,False,False,False,False,False,False,False,False,False,True,False,False,True,False,False,True
100.0,2024-01-15,2024-01-15,30.81,1.04,18.98,18.35,60.73,61.21,155.71,29.11,5.0,True,False,False,False,False,False,True,False,False,False,False,False,False,True,False,False,True,False,False,False,False,False,False,True,True,False,False
85.0,2024-01-15,2024-01-15,62.1,2.48,30.53,8.86,43.89,81.47,285.79,-8.56,1.0,False,False,True,False,False,False,False,True,False,False,True,False,False,False,False,False,False,False,False,True,False,False,True,False,False,True,False
100.0,2024-01-15,2024-01-15,28.86,2.11,38.34,37.45,27.68,92.57,107.0,13.19,2.0,False,False,False,False,True,False,False,False,True,False,False,False,False,True,False,True,False,False,False,False,False,False,False,True,True,False,False
75.0,2024-01-15,2024-01-16,33.37,2.49,41.93,7.41,58.61,71.22,279.52,15.42,8.02,False,False,True,False,False,False,False,True,False,False,False,True,False,False,False,False,False,True,False,False,False,False,True,False,False,True,False
77.61,2024-01-16,2024-01-16,73.09,1.75,30.39,9.6,29.67,99.86,227.73,2.59,7.0,True,False,False,False,False,False,True,False,False,False,False,False,True,False,False,False,False,False,False,True,False,True,False,False,True,False,False
75.0,2024-01-16,2024-01-16,26.99,3.55,46.58,36.5,23.69,56.11,237.51,25.11,1.0,True,False,False,False,False,False,True,False,False,False,False,False,True,False,False,True,False,False,False,False,False,False,False,True,False,True,False
85.0,2024-01-16,2024-01-16,6.94,3.29,13.29,16.89,88.61,81.44,230.32,1.2,3.0,True,False,False,False,False,True,False,False,False,False,False,False,False,True,False,True,False,False,False,False,False,False,True,False,False,True,False
50.0,2024-01-16,2024-01-16,42.29,2.01,37.81,7.81,81.1,92.83,242.45,36.83,10.542355329753589,False,False,True,False,False,False,False,True,False,False,True,False,False,False,True,False,False,False,False,False,False,False,True,False,True,False,False
100.0,2024-01-16,2024-01-16,30.04,1.64,13.37,35.95,14.36,80.39,217.92,34.95,6.0,True,False,False,False,False,False,False,True,False,False,True,False,False,False,False,False,False,False,False,False,True,True,False,False,False,True,False
62.0,2024-01-16,2024-01-16,10.39,1.24,47.77,21.49,56.66,73.29,188.15,16.83,0.0,False,False,True,False,False,False,False,False,True,False,False,False,True,False,True,False,False,False,False,False,False,False,False,True,False,False,True
50.0,2024-01-16,2024-01-16,45.72,2.87,47.84,31.23,35.42,88.85,156.88,34.3,7.0,True,False,False,False,False,False,False,False,True,False,False,False,False,True,False,False,True,False,False,False,False,False,False,True,False,True,False
50.0,2024-01-16,2024-01-16,24.6,2.01,11.82,29.23,51.19,63.47,263.83,14.21,1.0,False,True,False,False,False,True,False,False,False,False,True,False,False,False,False,False,False,True,False,False,False,False,False,True,False,True,False
62.0,2024-01-16,2024-01-16,23.15,3.28,25.4,11.0,76.82,50.97,61.05,15.61,4.0,True,False,False,False,False,False,False,False,False,True,False,False,True,False,False,False,False,False,False,True,False,False,False,True,False,True,False
85.0,2024-01-16,2024-01-16,52.72,0.56,6.42,34.4,37.68,81.91,225.3,0.17,7.0,False,False,True,False,False,False,False,False,False,True,False,False,False,True,False,False,False,False,False,True,False,True,False,False,False,False,True
100.0,2024-01-16,2024-01-16,42.69,2.27,46.49,36.94,15.27,60.95,264.9,36.57,4.0,False,False,False,True,False,False,False,False,False,True,False,True,False,False,False,False,False,False,True,False,False,True,False,False,True,False,False
48.64,2024-01-16,2024-01-16,68.25,1.63,29.21,9.46,85.9,91.28,50.41,37.53,0.0,True,False,False,False,False,False,False,True,False,False,True,False,False,False,False,False,True,False,False,False,False,False,False,True,False,False,True
85.0,2024-01-16,2024-01-16,56.42,0.83,25.4,29.85,32.61,65.16,12.81,17.6,4.0,False,False,False,True,False,False,False,True,False,False,True,False,False,False,False,False,False,True,False,False,False,False,True,False,False,False,True
75.0,2024-01-16,2024-01-16,52.9,1.55,15.57,18.54,89.84,97.5,36.74,32.57,3.0,False,True,False,False,False,False,True,False,False,False,False,False,False,True,False,False,True,False,False,False,False,False,False,True,False,False,True
50.0,2024-01-16,2024-01-16,28.16,2.29,23.39,29.76,72.9,23.89999185236553,23.47,15.45,3.0,False,False,False,False,True,False,False,True,False,False,False,False,True,False,True,False,False,False,False,False,False,False,False,True,True,False,False
100.0,2024-01-16,2024-01-16,1.36,1.57,16.27,23.87,40.92,83.07,152.26,-6.55,3.0,False,True,False,False,False,False,False,True,False,False,False,False,False,True,True,False,False,False,False,False,False,False,True,False,False,True,False
85.0,2024-01-16,2024-01-16,8.93,3.78,25.6,0.23,86.75,71.8,275.08,1.42,2.0,True,False,False,False,False,False,False,True,False,False,False,False,True,False,False,False,True,False,False,False,False,False,False,True,False,False,True
75.0,2024-01-16,2024-01-16,55.78,1.38,46.33,30.47,29.61,88.38,10.88,14.24,4.0,False,False,False,True,False,True,False,False,False,False,False,False,False,True,True,False,False,False,False,False,False,False,True,False,False,True,False
85.0,2024-01-16,2024-01-16,16.67,1.81,32.99,28.16,77.49,88.67,281.89,33.73,6.0,False,False,False,True,False,False,False,True,False,False,False,True,False,False,False,False,False,False,True,False,False,True,False,False,False,False,True
100.0,2024-01-16,2024-01-16,13.28,1.76,59.15,13.61,76.56,81.58,257.61,4.21,5.0,False,False,True,False,False,False,False,False,True,False,True,False,False,False,False,False,False,True,False,False,False,False,True,False,False,False,True
50.0,2024-01-16,2024-01-16,7.67,0.75,25.46,17.36,86.16,81.62,53.31,27.26,2.54,False,False,False,True,False,False,False,False,True,False,False,False,True,False,False,False,False,True,False,False,False,True,False,False,False,False,True
75.0,2024-01-16,2024-01-17,42.69,3.62,23.22,17.86,70.6,89.35,71.32,33.11,4.0,False,False,True,False,False,False,True,False,False,False,False,True,False,False,True,False,False,False,False,False,False,False,False,True,False,False,True
62.0,2024-01-16,2024-01-17,64.94,3.64,49.32,15.32,49.3,73.24,41.76,12.25,4.0,False,False,False,False,True,True,False,False,False,False,False,False,False,True,True,False,False,False,False,False,False,False,True,False,False,False,True
100.0,2024-01-16,2024-01-17,70.06,3.4,42.95,15.24,95.79,66.38,164.03,38.87,1.0,True,False,False,False,False,False,False,False,True,False,False,False,True,False,False,False,False,True,False,False,False,False,True,False,False,False,True
85.0,2024-01-17,2024-01-17,42.69,1.33,27.85,24.65,10.01,58.15,284.58,22.17,7.0,False,False,True,False,False,True,False,False,False,False,False,False,True,False,False,False,True,False,False,False,False,False,False,True,True,False,False
100.0,2024-01-17,2024-01-17,46.56,1.67,35.78,23.56,77.28,95.75,197.53,1.65,1.5,False,False,False,False,True,True,False,False,False,False,False,True,False,False,False,False,False,True,False,False,False,True,False,False,False,True,False
50.0,2024-01-17,2024-01-17,54.88,1.89,6.99,6.56,64.28,82.38,127.07,30.59,2.82,False,False,False,True,False,False,True,False,False,False,False,False,False,True,False,False,True,False,False,False,False,False,True,False,False,True,False
50.0,2024-01-17,2024-01-17,13.73,5.45254316916102,12.48,21.09,82.91,90.83,166.72,6.79,2.0,False,False,False,True,False,True,False,False,False,False,False,True,False,False,True,False,False,False,False,False,False,False,True,False,True,False,False
75.0,2024-01-17,2024-01-17,74.22,2.83,3.57,29.17,55.29,90.1,152.26,3.21,4.0,False,False,False,False,True,False,False,True,False,False,False,False,False,True,True,False,False,False,False,False,False,False,False,True,False,False,True
50.0,2024-01-17,2024-01-17,20.58,1.54,37.03,31.68,22.54,84.67,205.51,6.74,2.0,False,False,False,True,False,True,False,False,False,False,False,True,False,False,False,False,True,False,False,False,False,True,False,False,True,False,False
75.0,2024-01-17,2024-01-17,36.05,1.65,49.85,7.46,46.33,52.15,57.66,6.88,4.0,False,False,False,False,True,False,True,False,False,False,False,True,False,False,False,False,False,False,False,True,False,False,False,True,True,False,False
62.0,2024-01-17,2024-01-17,31.74,1.96,11.13,11.74,58.97,81.67,87.27,-9.57,3.0,False,False,True,False,False,False,True,False,False,False,False,True,False,False,False,False,False,False,False,False,True,False,True,False,True,False,False
85.0,2024-01-17,2024-01-17,64.54,3.97,17.56,32.97,17.19,57.14,258.38,12.33,7.0,False,False,True,False,False,False,True,False,False,False,False,True,False,False,False,False,False,False,False,True,False,False,False,True,False,True,False
85.0,2024-01-17,2024-01-17,41.57,2.53,27.88,37.11,25.53,73.36,240.39,-2.13,0.0,False,False,False,False,True,False,False,False,True,False,False,False,False,True,True,False,False,False,False,False,False,False,False,True,True,False,False
75.0,2024-01-17,2024-01-17,34.38,3.15,3.81,35.35,41.11,63.03,150.83,18.0,6.0,False,False,True,False,False,False,False,True,False,False,True,False,False,False,False,True,False,False,False,False,False,True,False,False,False,False,True
60.79,2024-01-17,2024-01-17,12.12,2.85,8.0,37.31,30.07,90.21,256.23,20.99,2.0,False,False,True,False,False,False,False,False,True,False,False,True,False,False,False,True,False,False,False,False,False,True,False,False,True,False,False
85.0,2024-01-17,2024-01-17,48.27,3.65,43.14,10.33,60.6,71.95,152.26,33.55,4.0,False,False,True,False,False,False,False,False,False,True,False,False,False,True,False,False,False,False,True,False,False,False,False,True,False,True,False
50.0,2024-01-17,2024-01-17,26.4,0.96,47.76,10.57,29.48,87.34,247.34,22.88,7.0,False,True,False,False,False,False,False,True,False,False,True,False,False,False,False,False,False,False,False,True,False,False,False,True,False,True,False
62.0,2024-01-17,2024-01-17,54.63,2.23,27.77,37.76,55.81,60.03,246.29,-4.37,2.0,True,False,False,False,False,True,False,False,False,False,False,False,True,False,False,False,True,False,False,False,False,False,False,True,False,False,True
75.0,2024-01-17,2024-01-17,69.45,1.07,49.42,15.31,27.56,63.29,150.11,37.9,7.0,False,False,False,True,False,False,True,False,False,False,False,False,True,False,False,False,False,False,True,False,False,False,True,False,True,False,False
85.0,2024-01-17,2024-01-17,66.19,2.5,2.54,13.99,88.32,103.06,69.74,21.85,1.0,False,True,False,False,False,False,False,False,False,True,False,True,False,False,False,False,False,False,True,False,False,True,False,False,False,False,True
75.0,2024-01-17,2024-01-17,13.66,0.8,14.33,8.28,62.25,82.89,209.09,36.09,3.0,False,False,True,False,False,False,False,True,False,False,False,False,True,False,False,True,False,False,False,False,False,False,True,False,True,False,False
71.65,2024-01-17,2024-01-17,31.81,3.67,32.84,32.94,78.61,55.81,188.7,14.48,3.0,False,False,False,False,True,False,False,False,True,False,False,True,False,False,False,False,False,False,False,True,False,True,False,False,False,False,True
62.0,2024-01-17,2024-01-17,79.46,2.9,25.41,18.27,28.46,49.1,48.23,32.54,3.0,False,False,True,False,False,False,True,False,False,False,False,True,False,False,False,False,False,False,False,False,True,True,False,False,False,False,True
50.0,2024-01-17,2024-01-17,26.62,1.32,22.74,29.94,59.93,69.52,193.0,28.9,5.0,True,False,False,False,False,False,False,False,True,False,True,False,False,False,False,False,False,True,False,False,False,False,True,False,False,False,True
62.0,2024-01-17,2024-01-17,42.69,0.81,19.93,22.62,45.15,83.96,284.75,28.97,4.0,False,False,True,False,False,False,False,True,False,False,False,False,True,False,False,False,True,False,False,False,False,False,True,False,False,True,False
100.0,2024-01-17,2024-01-17,64.4,1.46,35.93,14.25,96.12,57.32,139.55,5.97,7.0,False,False,False,False,True,False,False,True,False,False,False,True,False,False,False,False,False,False,False,True,False,False,False,True,False,True,False
75.0,2024-01-17,2024-01-18,41.59,3.31,39.75,35.66,76.77,55.04,53.09,-3.18,5.0,True,False,False,False,False,False,False,False,False,True,False,False,True,False,False,False,False,False,True,False,False,True,False,False,True,False,False
75.0,2024-01-18,2024-01-18,76.45,2.52,19.77,35.76,81.36,66.48,131.79,18.51,6.0,False,False,True,False,False,True,False,False,False,False,True,False,False,False,True,False,False,False,False,False,False,True,False,False,False,True,False
100.0,2024-01-18,2024-01-18,19.9,1.85,33.64,30.71,14.37,93.02,10.03,22.19,7.0,True,False,False,False,False,False,False,False,True,False,False,False,True,False,False,False,False,False,True,False,False,True,False,False,False,False,True
46.88,2024-01-18,2024-01-18,25.1,3.78,24.43,30.55,19.64,65.47,289.54,-8.68,6.0,False,False,False,True,False,False,False,False,False,True,True,False,False,False,False,False,False,False,False,True,False,False,False,True,False,True,False
50.0,2024-01-18,2024-01-18,27.05,1.11,4.52,33.46,52.03,105.62,58.73,20.57,3.0,False,False,False,True,False,False,True,False,False,False,True,False,False,False,False,True,False,False,False,False,False,True,False,False,False,True,False
50.0,2024-01-18,2024-01-18,30.18,2.97,40.18,7.26,64.16,65.4,104.54,26.18,0.0,False,False,True,False,False,True,False,False,False,False,True,False,False,False,False,False,False,True,False,False,False,True,False,False,True,False,False
85.0,2024-01-18,2024-01-18,15.34,3.39,43.5,30.95,41.89,95.38,172.29,36.04,0.0,True,False,False,False,False,False,False,False,False,True,False,True,False,False,False,False,False,False,False,True,False,False,True,False,False,False,True
62.0,2024-01-18,2024-01-18,45.34,3.02,11.27,11.66,78.22,74.81,277.64,37.97,0.0,False,False,False,False,True,False,False,False,True,False,False,False,False,True,False,False,False,False,False,False,True,False,True,False,False,True,False
50.0,2024-01-18,2024-01-18,60.26,3.03,31.22,11.47,51.19,66.23,175.97,6.87,7.0,False,False,True,False,False,False,False,True,False,False,False,True,False,False,False,False,True,False,False,False,False,False,False,True,False,True,False
100.0,2024-01-18,2024-01-18,5.65,0.64,11.67,25.63,58.4,65.02,83.27,23.06,6.0,False,False,False,True,False,False,True,False,False,False,False,False,True,False,False,False,True,False,False,False,False,True,False,False,True,False,False
85.0,2024-01-18,2024-01-18,32.49,0.78,47.26,7.59,84.13,76.17,143.61,17.16,0.0,False,False,False,True,False,False,False,False,True,False,False,True,False,False,True,False,False,False,False,False,False,False,False,True,True,False,False
62.0,2024-01-18,2024-01-18,61.46,2.47,31.65,10.99,15.97,62.93,57.16,-9.47,0.46,False,False,True,False,False,True,False,False,False,False,False,True,False,False,True,False,False,False,False,False,False,False,True,False,False,False,True
85.0,2024-01-18,2024-01-18,41.58,1.08,35.42,7.27,45.89,90.42,149.93,21.28,0.0,True,False,False,False,False,True,False,False,False,False,False,False,False,True,False,False,False,False,True,False,False,True,False,False,True,False,False
100.0,2024-01-18,2024-01-18,41.6,1.5,4.91,13.57,61.83,61.69,32.05,18.1,2.0,False,False,False,True,False,False,False,True,False,False,False,False,True,False,False,False,False,False,False,True,False,True,False,False,False,False,True
85.0,2024-01-18,2024-01-18,29.7,3.92,32.3,21.48,42.99,50.44,180.45,8.2,4.0,True,False,False,False,False,False,False,True,False,False,True,False,False,False,False,False,True,False,False,False,False,False,False,True,False,False,True
69.45,2024-01-18,2024-01-18,72.72,0.68,32.25,28.12,28.9,57.74,151.62,4.49,2.0,False,False,False,True,False,False,True,False,False,False,True,False,False,False,False,True,False,False,False,False,False,True,False,False,False,True,False
85.0,2024-01-18,2024-01-18,61.93,0.8,25.27,27.12,73.66,93.03,152.26,7.69,3.0,False,False,False,True,False,False,True,False,False,False,False,False,True,False,False,False,False,False,False,False,True,True,False,False,False,True,False
50.0,2024-01-18,2024-01-18,12.67,2.32,36.16,30.67,75.3,65.45,199.26,25.33,3.0,False,True,False,False,False,False,False,True,False,False,False,True,False,False,False,False,False,False,True,False,False,False,True,False,False,True,False
100.0,2024-01-18,2024-01-18,78.96,3.8,41.31,26.94,50.09,74.79,91.26,37.21,6.0,False,False,False,True,False,False,False,True,False,False,False,False,False,True,False,False,False,False,False,True,False,False,False,True,False,True,False
100.0,2024-01-18,2024-01-18,64.98,3.73,38.5,24.82,67.11,66.71,133.72,1.17,2.0,False,False,False,False,True,True,False,False,False,False,False,False,False,True,False,True,False,False,False,False,False,False,True,False,False,True,False
85.0,2024-01-18,2024-01-18,37.29,1.9,29.15,10.42,29.09,78.13,46.65,6.23,2.0,False,False,True,False,False,False,False,True,False,False,False,False,True,False,False,False,False,False,False,True,False,False,False,True,False,False,True
100.0,2024-01-18,2024-01-18,72.09,2.02,7.42,7.96,32.51,89.84,255.12,-3.31,3.0,False,False,True,False,False,False,False,False,False,True,False,False,True,False,False,True,False,False,False,False,False,False,True,False,False,True,False
62.0,2024-01-18,2024-01-18,65.75,0.88,42.51,20.24,18.32,81.15,80.83,18.96,1.0,True,False,False,False,False,False,False,False,True,False,False,True,False,False,False,False,False,True,False,False,False,False,False,True,False,True,False
12.653970752827462,2024-01-18,2024-01-19,42.87,2.19,33.88,6.19,87.89,67.78,65.34,-5.56,2.0,False,False,False,True,False,False,False,True,False,False,False,False,False,True,False,False,False,False,False,True,False,True,False,False,False,True,False
62.0,2024-01-18,2024-01-19,33.4,2.46,14.42,15.41,23.34,68.14,23.11,27.28,2.0,False,False,False,False,True,False,True,False,False,False,False,False,True,False,False,False,False,False,False,True,False,True,False,False,False,False,True
62.0,2024-01-19,2024-01-19,46.51,2.81,10.48,15.91,70.98,94.38,223.26,38.45,5.0,True,False,False,False,False,False,False,False,False,True,False,True,False,False,False,False,False,True,False,False,False,False,False,True,True,False,False
50.0,2024-01-19,2024-01-19,74.54,3.59,16.94,28.37,51.81,76.08,31.44,10.75,2.0,False,True,False,False,False,False,True,False,False,False,False,True,False,False,False,False,True,False,False,False,False,False,False,True,True,False,False
100.0,2024-01-19,2024-01-19,53.84,0.95,25.61,39.91,65.22,88.66,207.67,4.72,5.0,True,False,False,False,False,False,False,False,False,True,False,False,True,False,False,False,False,False,True,False,False,False,False,True,False,True,False
12.653970752827462,2024-01-19,2024-01-19,42.47,1.38,25.6,5.16,31.21,95.21,51.92,32.47,4.0,True,False,False,False,False,False,False,True,False,False,False,False,False,True,False,False,False,False,False,True,False,False,False,True,True,False,False
75.0,2024-01-19,2024-01-19,42.69,2.66,30.72,23.56,44.91,51.97,249.81,39.07,6.0,False,False,False,True,False,False,False,False,True,False,True,False,False,False,False,False,False,False,False,True,False,True,False,False,False,False,True
100.0,2024-01-19,2024-01-19,76.5,3.01,37.45,31.95,24.87,58.71,59.59,45.75,2.0,False,True,False,False,False,False,True,False,False,False,False,True,False,False,False,False,False,False,True,False,False,False,False,True,False,True,False
62.0,2024-01-19,2024-01-19,5.61,2.46,18.56,54.89,42.53,64.4,127.33,5.26,7.0,True,False,False,False,False,False,False,False,False,True,True,False,False,False,False,False,False,False,True,False,False,True,False,False,False,False,True
50.0,2024-01-19,2024-01-19,26.47,1.38,15.86,18.34,25.36,23.89999185236553,79.43,14.94,5.0,False,False,False,False,True,True,False,False,False,False,False,True,False,False,True,False,False,False,False,False,False,True,False,False,False,False,True
50.0,2024-01-19,2024-01-19,6.87,1.49,42.84,23.71,60.64,55.02,122.64,38.71,5.0,False,False,False,False,True,False,False,True,False,False,False,False,False,True,True,False,False,False,False,False,False,False,False,True,False,True,False
67.54,2024-01-19,2024-01-19,21.58,1.27,32.63,29.88,14.54,87.11,124.12,-5.86,4.69,False,False,True,False,False,False,False,False,True,False,True,False,False,False,False,False,True,False,False,False,False,True,False,False,False,False,True
75.0,2024-01-19,2024-01-19,7.57,3.27,40.84,36.54,55.75,53.49,299.56,26.73,0.74,False,True,False,False,False,False,False,True,False,False,False,False,True,False,False,False,False,False,True,False,False,False,False,True,False,True,False
100.0,2024-01-19,2024-01-19,49.55,0.67,27.01,5.38,48.44,92.5,60.59,36.81,7.0,False,True,False,False,False,True,False,False,False,False,False,True,False,False,False,False,False,True,False,False,False,True,False,False,False,False,True
85.0,2024-01-19,2024-01-19,72.83,1.61,45.38,5.71,81.63,52.32,152.26,31.78,0.91,False,False,True,False,False,False,False,False,True,False,False,False,True,False,False,False,False,False,False,False,True,False,False,True,True,False,False
100.0,2024-01-19,2024-01-19,71.13,0.82,14.17,11.35,78.36,91.25,50.62,-1.71,5.0,True,False,False,False,False,True,False,False,False,False,False,False,True,False,False,False,True,False,False,False,False,False,False,True,True,False,False
100.0,2024-01-19,2024-01-19,36.24,0.7,12.83,9.74,83.71,52.59,125.23,-7.5,6.0,False,True,False,False,False,False,False,True,False,False,False,False,False,True,False,True,False,False,False,False,False,False,True,False,True,False,False
127.28,2024-01-19,2024-01-19,53.4,3.43,49.77,15.32,51.06,50.98,215.46,31.62,6.0,False,False,False,False,True,False,False,False,False,True,False,False,True,False,False,False,False,False,True,False,False,False,True,False,False,False,True
107.43,2024-01-19,2024-01-19,5.75,0.58,7.01,20.65,60.71,67.3,140.0,16.98,3.0,False,False,False,False,True,False,False,True,False,False,False,True,False,False,True,False,False,False,False,False,False,False,False,True,False,True,False
62.0,2024-01-19,2024-01-19,9.74,3.07,3.65,39.66,75.78,97.16,157.88,13.52,4.0,False,False,False,True,False,False,False,True,False,False,False,False,True,False,False,False,False,False,False,True,False,False,True,False,True,False,False
85.0,2024-01-19,2024-01-19,39.46,1.65,41.0,21.67,72.99,64.45,53.94,-1.26,2.0,False,True,False,False,False,False,False,True,False,False,False,False,True,False,False,False,False,False,True,False,False,True,False,False,False,True,False
85.0,2024-01-19,2024-01-19,63.83,2.46,38.14,6.76,11.08,74.41,295.99,13.92,2.04,True,False,False,False,False,False,True,False,False,False,False,True,False,False,False,False,False,False,True,False,False,False,False,True,True,False,False
85.0,2024-01-19,2024-01-19,72.95,3.76,14.79,10.52,38.58,78.14,14.89,34.42,2.0,False,False,True,False,False,True,False,False,False,False,False,False,True,False,True,False,False,False,False,False,False,False,False,True,True,False,False
62.0,2024-01-19,2024-01-20,21.1,3.47,37.26,25.55,66.2,78.7,197.85,-3.53,1.0,False,False,True,False,False,True,False,False,False,False,False,False,False,True,True,False,False,False,False,False,False,False,False,True,False,False,True
62.0,2024-01-19,2024-01-19,58.79,2.47,34.24,19.22,63.05,97.72,29.98,-4.12,7.0,True,False,False,False,False,True,False,False,False,False,False,True,False,False,False,False,False,False,False,False,True,False,True,False,True,False,False
62.0,2024-01-19,2024-01-20,65.18,2.41,38.58,33.19,17.73,82.79,254.22,17.15,1.0,False,False,False,True,False,False,True,False,False,False,False,False,False,True,False,False,True,False,False,False,False,False,True,False,False,True,False
85.0,2024-01-20,2024-01-20,72.55,0.36,35.11,32.07,61.85,64.37,44.42,9.69,0.0,False,False,True,False,False,False,False,False,False,True,False,False,True,False,True,False,False,False,False,False,False,True,False,False,False,True,False
100.0,2024-01-20,2024-01-20,57.56,3.34,13.04,14.26,55.28,93.58,249.42,24.25,2.0,False,True,False,False,False,False,False,True,False,False,True,False,False,False,True,False,False,False,False,False,False,False,True,False,True,False,False
52.33,2024-01-20,2024-01-20,67.41,3.04,48.63,11.13,93.25,69.23,206.55,32.36,6.24,False,False,False,True,False,False,False,False,False,True,False,False,False,True,True,False,False,False,False,False,False,False,True,False,False,True,False
75.0,2024-01-20,2024-01-20,21.03,2.84,8.33,8.85,16.0,70.41,157.68,35.8,2.08,False,True,False,False,False,False,True,False,False,False,False,False,False,True,False,False,True,False,False,False,False,True,False,False,False,True,False
62.0,2024-01-20,2024-01-20,16.47,1.77,22.11,24.11,90.7,91.82,141.29,39.91,0.0,False,False,False,False,True,True,False,False,False,False,False,False,True,False,False,False,False,False,False,True,False,False,False,True,False,True,False
50.0,2024-01-20,2024-01-20,78.31,2.4,11.81,29.76,18.94,51.59,20.62,4.69,1.0,False,False,False,True,False,False,False,True,False,False,True,False,False,False,False,False,False,False,True,False,False,False,False,True,False,True,False
85.0,2024-01-20,2024-01-20,38.6,3.91,31.47,22.31,52.9,72.18,116.3,2.04,6.0,False,False,True,False,False,False,False,False,True,False,False,True,False,False,False,False,False,False,True,False,False,True,False,False,False,True,False
85.0,2024-01-20,2024-01-20,26.57,1.07,43.38,32.63,13.35,65.43,32.84,37.67,7.0,False,False,False,True,False,False,False,False,True,False,True,False,False,False,True,False,False,False,False,False,False,False,True,False,True,False,False
100.0,2024-01-20,2024-01-20,23.02,2.65,7.0,5.06,62.42,91.38,230.8,4.62,6.0,False,False,False,True,False,False,False,False,False,True,False,True,False,False,False,False,False,True,False,False,False,True,False,False,False,True,False
85.0,2024-01-20,2024-01-20,62.05,1.18,31.37,35.34,88.13,58.36,205.23,11.03,5.0,False,False,False,True,False,True,False,False,False,False,False,False,True,False,False,False,False,True,False,False,False,True,False,False,False,True,False
85.0,2024-01-20,2024-01-20,58.09,2.65,7.07,30.93,42.04,99.21,39.4,-6.25,4.0,False,False,False,True,False,False,False,False,True,False,True,False,False,False,False,False,True,False,False,False,False,False,False,True,True,False,False
75.0,2024-01-20,2024-01-20,63.3,0.83,30.69,5.54,37.27,70.75,152.26,7.96,4.0,False,True,False,False,False,False,False,False,False,True,False,False,True,False,False,False,False,False,False,False,True,False,True,False,False,False,True
39.3,2024-01-20,2024-01-20,21.0,1.86,26.23,33.58,32.28,58.87,216.69,37.2,7.0,False,False,False,False,True,False,True,False,False,False,False,False,False,True,True,False,False,False,False,False,False,False,False,True,False,True,False
62.0,2024-01-20,2024-01-20,36.32,2.01,19.41,32.62,22.32,89.41,254.27,-1.52,1.09,True,False,False,False,False,False,False,False,False,True,True,False,False,False,False,False,True,False,False,False,False,False,False,True,False,False,True
129.52,2024-01-20,2024-01-20,65.45,3.92,47.44,11.06,17.57,99.94,117.86,10.84,0.0,False,False,False,True,False,False,False,False,False,True,False,True,False,False,False,False,True,False,False,False,False,True,False,False,False,False,True
85.0,2024-01-20,2024-01-20,46.92,2.22,38.7,16.96,48.06,81.16,129.33,11.8,6.0,False,False,True,False,False,False,False,False,False,True,False,False,False,True,False,False,False,False,False,False,True,False,False,True,True,False,False
62.0,2024-01-20,2024-01-20,45.36,1.46,25.6,34.75,86.24,85.21,191.28,29.74,6.0,False,False,False,True,False,False,False,True,False,False,False,True,False,False,False,False,True,False,False,False,False,False,False,True,False,False,True
75.0,2024-01-20,2024-01-20,44.73,1.35,36.47,23.68,84.84,62.85,174.43,12.81,0.0,False,False,True,False,False,False,False,False,False,True,False,False,False,True,False,False,False,False,True,False,False,False,False,True,False,False,True
100.0,2024-01-20,2024-01-20,57.86,3.1,40.17,36.94,43.73,96.36,129.61,-7.46,5.0,False,True,False,False,False,False,False,False,False,True,False,True,False,False,False,False,False,False,False,False,True,False,True,False,False,False,True
85.0,2024-01-20,2024-01-20,25.89,2.57,23.44,36.65,36.58,44.09,75.87,-6.7,6.0,False,False,True,False,False,False,False,True,False,False,False,True,False,False,False,False,False,False,False,False,True,False,True,False,True,False,False
50.0,2024-01-20,2024-01-20,65.9,2.16,39.46,10.08,73.79,95.29,161.2,26.15,3.0,True,False,False,False,False,False,False,True,False,False,False,False,True,False,False,True,False,False,False,False,False,False,False,True,False,True,False
75.0,2024-01-20,2024-01-21,34.8,0.85,16.6,28.33,64.52,57.8,152.26,14.22,2.0,False,False,False,False,True,False,True,False,False,False,False,False,False,True,False,False,False,False,False,False,True,True,False,False,True,False,False
12.653970752827462,2024-01-20,2024-01-20,18.87,3.99,44.01,13.01,58.05,66.33,185.65,-9.97,5.0,False,False,True,False,False,True,False,False,False,False,False,False,True,False,False,False,False,False,False,False,True,True,False,False,True,False,False
78.84,2024-01-20,2024-01-21,77.35,1.82,7.85,37.61,63.62,82.11,152.26,-5.39,7.0,False,False,True,False,False,False,False,False,True,False,False,False,True,False,False,False,False,False,False,True,False,False,False,True,True,False,False
100.0,2024-01-21,2024-01-21,31.73,2.65,66.91422349904866,16.75,39.61,85.43,107.68,-9.3,1.0,False,False,False,False,True,False,False,False,True,False,False,False,True,False,False,False,False,False,True,False,False,False,True,False,False,True,False
100.0,2024-01-21,2024-01-21,41.27,3.49,6.79,27.61,10.87,72.77,244.03,-8.04,1.0,True,False,False,False,False,False,False,False,False,True,False,False,True,False,True,False,False,False,False,False,False,True,False,False,False,False,True
75.0,2024-01-21,2024-01-21,41.95,1.02,39.26,21.6,89.08,96.16,44.23,11.05,7.0,False,False,False,True,False,False,True,False,False,False,False,True,False,False,False,True,False,False,False,False,False,True,False,False,False,True,False
85.0,2024-01-21,2024-01-21,46.41,0.85,28.16,32.59,19.46,67.77,87.22,-6.86,5.0,False,False,True,False,False,False,False,False,False,True,False,False,True,False,False,False,False,False,False,False,True,False,True,False,False,False,True
75.0,2024-01-21,2024-01-21,21.41,2.69,24.63,14.9,33.35,84.37,86.9,29.3,7.0,False,False,False,False,True,False,False,False,True,False,False,False,True,False,False,False,False,False,False,True,False,False,True,False,False,True,False
100.0,2024-01-21,2024-01-21,55.0,1.25,23.09,36.97,57.08,88.93,11.22,3.24,7.0,False,True,False,False,False,False,False,True,False,False,False,False,True,False,False,False,False,False,False,True,False,True,False,False,True,False,False
100.0,2024-01-21,2024-01-21,7.74,2.1,36.45,15.49,77.59,99.58,100.99,-9.73,6.0,False,False,False,False,True,True,False,False,False,False,False,True,False,False,False,False,True,False,False,False,False,False,False,True,True,False,False
62.0,2024-01-21,2024-01-21,11.48,3.62,21.48,13.03,35.54,91.08,267.4,-9.31,0.0,False,True,False,False,False,False,True,False,False,False,False,False,False,True,True,False,False,False,False,False,False,True,False,False,False,False,True
75.0,2024-01-21,2024-01-21,39.47,2.4,21.77,7.4,43.73,23.89999185236553,73.21,-2.09,3.0,True,False,False,False,False,False,False,True,False,False,False,True,False,False,True,False,False,False,False,False,False,False,True,False,True,False,False
100.0,2024-01-21,2024-01-21,27.61,2.17,41.06,5.52,27.55,68.85,95.48,34.21,6.0,False,False,False,True,False,True,False,False,False,False,False,True,False,False,False,False,False,True,False,False,False,False,True,False,True,False,False
85.0,2024-01-21,2024-01-21,15.25,3.31,6.76,1.64,42.74,88.23,263.83,-2.26,5.17,False,False,False,False,True,False,True,False,False,False,False,True,False,False,False,False,False,False,True,False,False,False,True,False,False,True,False
85.0,2024-01-21,2024-01-21,45.07,1.71,41.03,7.4,51.66,92.06,76.48,37.01,6.0,False,False,True,False,False,False,True,False,False,False,False,False,False,True,False,False,False,True,False,False,False,False,True,False,False,False,True
100.0,2024-01-21,2024-01-21,10.16,1.52,41.18,6.57,28.84,76.3,156.08,7.54,1.0,True,False,False,False,False,False,False,False,True,False,False,False,True,False,False,False,True,False,False,False,False,False,False,True,False,True,False
75.0,2024-01-21,2024-01-21,55.0,3.48,34.58,36.06,42.7,60.69,2.91,22.33,1.0,False,False,False,False,True,False,False,True,False,False,False,False,True,False,False,False,False,False,False,False,True,True,False,False,False,True,False
75.0,2024-01-21,2024-01-21,64.87,3.23,38.99,5.2,26.65,56.36,90.13,27.33,4.0,False,False,True,False,False,False,True,False,False,False,False,False,False,True,False,False,False,False,False,True,False,False,True,False,True,False,False
50.0,2024-01-21,2024-01-21,25.13,1.9,16.21,32.62,25.68,94.53,127.43,40.26,4.0,False,False,False,False,True,False,True,False,False,False,False,False,False,True,False,True,False,False,False,False,False,False,True,False,False,True,False
100.0,2024-01-21,2024-01-21,14.46,3.4,44.04,18.41,14.15,64.61,55.74,1.78,2.0,False,True,False,False,False,True,False,False,False,False,True,False,False,False,False,False,False,False,True,False,False,False,True,False,False,False,True
100.0,2024-01-21,2024-01-21,79.42,2.45,40.54,21.03,41.24,60.46,54.66,-0.38,6.0,False,False,False,False,True,False,False,False,True,False,False,False,True,False,False,False,False,False,False,False,True,True,False,False,True,False,False
75.0,2024-01-21,2024-01-21,44.42,2.34,19.66,6.19,22.98,94.86,116.42,36.39,2.0,False,False,False,False,True,False,False,False,False,True,False,True,False,False,False,False,True,False,False,False,False,False,True,False,False,False,True
104.92,2024-01-21,2024-01-21,74.02,2.69,31.7,16.63,37.01,80.97,171.66,17.89,5.0,False,False,False,False,True,False,False,False,True,False,False,True,False,False,True,False,False,False,False,False,False,True,False,False,False,False,True
85.0,2024-01-21,2024-01-21,36.51,2.26,11.41,18.47,70.63,79.49,272.3,11.1,5.0,True,False,False,False,False,False,False,False,False,True,False,False,True,False,False,False,True,False,False,False,False,False,False,True,False,False,True
50.0,2024-01-21,2024-01-21,39.07,3.87,16.67,18.4,76.15,88.86,110.7,18.62,5.0,False,False,False,False,True,False,False,True,False,False,False,False,False,True,False,False,False,False,False,False,True,False,True,False,False,False,True
50.0,2024-01-21,2024-01-22,63.79,0.78,25.34,18.77,35.17,92.9,208.1,22.74,2.0,False,False,True,False,False,False,False,True,False,False,True,False,False,False,False,False,True,False,False,False,False,False,False,True,False,True,False
85.0,2024-01-21,2024-01-21,67.45,0.85,45.02,28.34,36.07,61.53,277.49,20.71,0.0,False,True,False,False,False,False,True,False,False,False,False,True,False,False,True,False,False,False,False,False,False,True,False,False,True,False,False
62.0,2024-01-22,2024-01-22,56.89,3.0,4.87,28.25,24.39,64.47,153.07,29.96,4.0,False,True,False,False,False,False,False,True,False,False,True,False,False,False,False,False,False,False,False,False,True,False,False,True,False,True,False
75.0,2024-01-22,2024-01-22,21.82,1.99,25.6,34.26,77.22,96.77,199.57,38.08,7.0,False,False,False,False,True,False,True,False,False,False,False,True,False,False,False,True,False,False,False,False,False,False,True,False,True,False,False
62.0,2024-01-22,2024-01-22,47.01,1.67,32.35,5.89,27.33,82.11,18.73,15.72,6.0,True,False,False,False,False,False,False,False,True,False,False,True,False,False,False,False,False,True,False,False,False,False,False,True,False,True,False
75.0,2024-01-22,2024-01-22,73.62,3.51,25.28,24.75,36.21,85.98,253.85,36.16,2.0,True,False,False,False,False,False,False,True,False,False,False,False,True,False,False,False,False,False,True,False,False,False,False,True,True,False,False
85.0,2024-01-22,2024-01-22,42.69,1.49,35.5,23.11,44.34,55.36,152.26,5.84,3.0,False,False,True,False,False,False,False,False,True,False,False,True,False,False,False,False,True,False,False,False,False,False,False,True,False,False,True
51.4,2024-01-22,2024-01-22,41.94,2.54,11.34,23.05,18.61,79.1,192.78,-0.31,3.0,False,False,False,False,True,False,False,False,True,False,True,False,False,False,True,False,False,False,False,False,False,False,False,True,False,False,True
50.0,2024-01-22,2024-01-22,37.16,2.51,16.71,34.26,43.85,85.04,177.97,26.52,7.0,False,True,False,False,False,False,False,True,False,False,True,False,False,False,False,True,False,False,False,False,False,False,False,True,False,True,False
75.0,2024-01-22,2024-01-22,34.66,3.18,20.94,8.05,27.06,96.57,207.74,5.41,2.0,True,False,False,False,False,False,False,False,True,False,False,False,True,False,False,False,False,False,False,True,False,True,False,False,False,True,False
99.54,2024-01-22,2024-01-22,42.69,1.82,24.3,28.01,61.03,94.54,33.45,37.89,5.0,False,False,False,False,True,False,False,True,False,False,False,True,False,False,False,True,False,False,False,False,False,True,False,False,False,False,True
136.41540803505134,2024-01-22,2024-01-22,8.89,2.88,48.74,8.59,45.45,52.4,152.26,25.21,4.0,True,False,False,False,False,False,False,True,False,False,True,False,False,False,False,True,False,False,False,False,False,False,True,False,False,True,False
62.0,2024-01-22,2024-01-22,29.38,3.71,9.76,38.97,53.31,57.52,269.38,26.35,7.0,True,False,False,False,False,False,False,True,False,False,False,False,False,True,False,True,False,False,False,False,False,True,False,False,False,True,False
85.0,2024-01-22,2024-01-22,6.54,0.48,25.6,38.99,67.81,60.72,91.92,30.05,2.0,False,True,False,False,False,False,False,False,False,True,False,False,True,False,True,False,False,False,False,False,False,True,False,False,True,False,False
50.0,2024-01-22,2024-01-22,70.39,1.64,25.6,32.26,112.49,70.28,188.31,-7.64,4.0,False,False,False,True,False,False,False,False,True,False,False,False,False,True,False,False,False,False,False,True,False,False,True,False,True,False,False
62.0,2024-01-22,2024-01-22,16.08,3.27,36.73,69.41,12.69,82.09,208.9,38.08,0.0,False,False,True,False,False,True,False,False,False,False,True,False,False,False,False,False,False,False,True,False,False,True,False,False,True,False,False
75.0,2024-01-22,2024-01-22,7.56,1.5,43.23,28.52,17.75,99.07,22.22,39.7,3.0,False,False,True,False,False,False,False,True,False,False,False,False,False,True,False,True,False,False,False,False,False,False,True,False,False,True,False
54.37,2024-01-22,2024-01-22,15.81,0.73,7.18,30.31,74.09,67.42,53.31,22.8,7.0,False,True,False,False,False,False,False,False,True,False,False,False,True,False,True,False,False,False,False,False,False,False,True,False,False,False,True
85.0,2024-01-22,2024-01-22,60.12,2.97,30.66,19.63,30.1,86.76,205.55,34.63,6.0,True,False,False,False,False,False,True,False,False,False,False,False,False,True,True,False,False,False,False,False,False,True,False,False,False,False,True
85.0,2024-01-22,2024-01-22,67.94,1.22,17.9,0.31,46.18,57.47,109.01,5.54,3.0,False,False,False,False,True,False,False,True,False,False,True,False,False,False,False,False,False,False,True,False,False,False,False,True,False,False,True
50.0,2024-01-22,2024-01-22,70.04,2.93,32.41,16.58,19.34,87.55,149.71,-1.34,7.0,True,False,False,False,False,False,False,True,False,False,False,False,False,True,False,False,False,True,False,False,False,False,True,False,False,False,True
85.0,2024-01-22,2024-01-22,68.56,0.62,6.33,13.37,19.2,69.22,40.61,-7.03,0.92,False,True,False,False,False,True,False,False,False,False,False,False,False,True,False,False,False,False,False,False,True,False,False,True,True,False,False
75.0,2024-01-22,2024-01-22,36.57,1.59,46.27,23.29,58.63,66.0,152.26,6.77,1.81,False,False,True,False,False,False,False,False,False,True,False,False,False,True,False,False,False,False,False,True,False,False,True,False,True,False,False
100.0,2024-01-22,2024-01-22,20.45,0.92,26.5,9.32,57.96,73.66,200.18,7.5,1.0,True,False,False,False,False,False,False,False,False,True,False,True,False,False,False,False,False,False,False,True,False,True,False,False,False,True,False
100.0,2024-01-22,2024-01-23,9.72,2.37,43.56,25.72,17.34,75.08,100.96,5.94,4.0,False,False,True,False,False,False,False,True,False,False,True,False,False,False,False,False,True,False,False,False,False,False,False,True,False,False,True
62.0,2024-01-22,2024-01-22,61.68,0.67,13.41,29.84,86.67,87.84,277.82,37.44,6.0,False,False,False,False,True,False,False,False,True,False,False,False,False,True,False,True,False,False,False,False,False,False,True,False,False,True,False
62.0,2024-01-23,2024-01-23,28.58,0.98,18.89,36.56,25.49,91.47,268.46,17.68,3.0,False,False,True,False,False,False,True,False,False,False,True,False,False,False,False,False,False,False,False,False,True,True,False,False,False,False,True
62.0,2024-01-23,2024-01-23,21.13,3.9,32.29,10.73,44.71,79.2,72.35,-1.21,5.0,False,False,True,False,False,False,True,False,False,False,False,False,False,True,False,False,False,True,False,False,False,False,False,True,False,False,True
85.0,2024-01-23,2024-01-23,46.77,0.9,1.47,36.7,18.36,58.13,122.1,6.27,7.0,False,False,False,True,False,False,False,False,True,False,False,False,True,False,False,False,False,False,False,True,False,True,False,False,False,True,False
87.49,2024-01-23,2024-01-23,17.76,2.72,42.82,29.87,17.02,77.28,175.12,28.12,0.0,False,False,False,True,False,False,False,True,False,False,False,False,True,False,False,False,False,True,False,False,False,True,False,False,True,False,False
50.0,2024-01-23,2024-01-23,79.39,2.71,19.14,21.85,63.91,87.44,152.26,14.46,4.0,False,False,False,True,False,False,True,False,False,False,False,False,True,False,False,False,True,False,False,False,False,False,False,True,False,True,False
100.0,2024-01-23,2024-01-23,21.07,3.72,28.51,37.41,37.97,66.65,222.29,5.92,7.0,False,False,True,False,False,False,False,False,False,True,False,False,False,True,False,True,False,False,False,False,False,False,True,False,False,True,False
50.0,2024-01-23,2024-01-23,19.4,2.05,5.01,12.1,22.71,51.01,111.92,-9.28,6.0,False,True,False,False,False,False,False,False,True,False,True,False,False,False,False,False,False,False,False,False,True,False,True,False,False,False,True
62.0,2024-01-23,2024-01-23,42.69,1.74,27.83,36.42,42.44,57.46,63.46,8.41,6.0,False,False,True,False,False,True,False,False,False,False,False,False,True,False,True,False,False,False,False,False,False,True,False,False,True,False,False
85.0,2024-01-23,2024-01-23,44.87,1.59,41.42,34.24,39.5,81.21,63.19,7.07,3.0,False,True,False,False,False,False,False,True,False,False,False,True,False,False,False,True,False,False,False,False,False,False,True,False,False,True,False
62.0,2024-01-23,2024-01-23,46.21,3.41,48.97,28.83,28.23,72.28,36.74,15.69,4.0,False,True,False,False,False,False,False,False,True,False,False,False,True,False,False,False,False,False,False,False,True,False,False,True,True,False,False
85.0,2024-01-23,2024-01-23,42.69,4.14,34.69,32.21,49.72,75.85,152.26,-8.77,2.0,False,False,False,True,False,False,True,False,False,False,False,False,True,False,False,False,False,False,True,False,False,False,False,True,True,False,False
62.0,2024-01-23,2024-01-23,57.04,2.19,43.97,8.96,65.23,89.09,181.05,8.22,5.0,True,False,False,False,False,False,False,True,False,False,False,True,False,False,False,False,False,False,False,True,False,True,False,False,True,False,False
62.0,2024-01-23,2024-01-23,32.94,3.26,38.71,29.96,57.61,73.14,29.21,-3.49,2.0,False,False,False,False,True,False,False,False,False,True,False,False,True,False,False,False,False,True,False,False,False,True,False,False,True,False,False
75.0,2024-01-23,2024-01-23,63.02,1.33,8.56,17.57,42.43,74.74,190.24,-2.82,9.08,False,False,False,True,False,False,False,True,False,False,False,False,False,True,False,True,False,False,False,False,False,False,False,True,False,False,True
51.11,2024-01-23,2024-01-23,33.01,2.66,31.9,31.92,51.94,68.81,20.47,18.8,0.0,False,False,False,True,False,False,False,True,False,False,False,False,False,True,False,False,True,False,False,False,False,False,False,True,False,False,True
62.0,2024-01-23,2024-01-23,56.62,1.26,25.6,37.14,57.72,88.57,107.01,28.94,4.0,True,False,False,False,False,False,False,False,False,True,False,False,True,False,True,False,False,False,False,False,False,True,False,False,False,False,True
50.0,2024-01-23,2024-01-23,53.17,0.63,19.15,26.69,40.52,70.55,105.45,37.89,2.0,False,False,False,False,True,False,False,False,False,True,True,False,False,False,False,False,True,False,False,False,False,True,False,False,False,False,True
50.0,2024-01-23,2024-01-23,51.87,3.86,28.75,20.19,85.34,72.42,261.23,-0.23,4.0,False,False,True,False,False,False,False,True,False,False,True,False,False,False,False,False,False,True,False,False,False,False,False,True,False,False,True
100.0,2024-01-23,2024-01-23,64.31,2.47,33.31,14.2,42.86,96.57,232.11,-7.68,6.0,False,False,True,False,False,False,False,False,False,True,False,False,True,False,False,True,False,False,False,False,False,True,False,False,False,True,False
75.0,2024-01-23,2024-01-23,4.29,2.46,38.84,41.87,16.67,66.47,107.4,-8.96,5.0,False,False,False,True,False,False,False,False,True,False,False,True,False,False,False,False,False,False,False,True,False,False,True,False,True,False,False
85.0,2024-01-23,2024-01-23,56.73,2.01,11.93,19.14,37.88,62.64,288.2,10.57,6.0,False,False,False,False,True,False,False,False,False,True,False,False,False,True,False,False,False,False,False,True,False,False,False,True,False,False,True
75.0,2024-01-23,2024-01-23,44.91,0.89,16.75,32.16,32.68,97.14,14.13,27.19,6.0,False,False,False,True,False,False,False,False,False,True,False,False,False,True,False,False,False,False,False,False,True,False,False,True,True,False,False
85.0,2024-01-23,2024-01-23,13.88,2.16,46.76,9.89,68.86,76.93,192.99,37.25,7.0,False,True,False,False,False,False,False,True,False,False,False,False,False,True,False,False,True,False,False,False,False,True,False,False,False,False,True
62.0,2024-01-23,2024-01-24,39.37,1.41,26.04,27.08,85.47,86.87,79.76,27.35,5.0,False,False,False,True,False,False,False,False,True,False,False,False,True,False,False,False,True,False,False,False,False,True,False,False,False,False,True
46.67,2024-01-24,2024-01-24,11.76,3.04,34.72,13.29,14.29,70.95,272.88,-5.12,3.0,False,False,False,True,False,True,False,False,False,False,False,False,False,True,True,False,False,False,False,False,False,False,False,True,False,True,False
100.0,2024-01-24,2024-01-24,49.9,2.4,44.05,37.87,56.78,72.15,233.24,18.01,2.0,False,False,True,False,False,True,False,False,False,False,False,False,True,False,False,False,False,True,False,False,False,True,False,False,True,False,False
85.0,2024-01-24,2024-01-24,64.61,1.23,3.99,37.08,21.98,72.94,116.18,17.11,4.0,False,False,True,False,False,False,True,False,False,False,False,False,True,False,False,False,False,False,False,False,True,False,True,False,False,False,True
50.0,2024-01-24,2024-01-24,12.59,3.42,13.29,25.14,70.25,87.17,67.62,34.25,2.0,False,False,True,False,False,False,False,False,False,True,True,False,False,False,True,False,False,False,False,False,False,True,False,False,False,False,True
75.0,2024-01-24,2024-01-24,65.6,1.03,5.59,2.35,17.67,86.32,152.26,-9.27,1.0,False,True,False,False,False,False,False,False,False,True,False,True,False,False,False,True,False,False,False,False,False,False,False,True,False,True,False
50.0,2024-01-24,2024-01-24,8.11,1.65,37.29,32.13,28.37,94.76,286.34,-8.48,1.96,False,False,True,False,False,False,False,False,True,False,False,True,False,False,False,True,False,False,False,False,False,True,False,False,True,False,False
85.0,2024-01-24,2024-01-24,48.96,2.97,28.6,12.33,68.69,85.61,122.75,6.66,4.0,False,False,False,False,True,True,False,False,False,False,False,True,False,False,False,False,True,False,False,False,False,False,False,True,True,False,False
62.0,2024-01-24,2024-01-24,34.38,2.52,6.56,22.88,51.17,88.33,108.59,-9.83,7.0,True,False,False,False,False,False,True,False,False,False,False,False,False,True,False,False,False,True,False,False,False,False,True,False,False,False,True
50.0,2024-01-24,2024-01-24,52.56,1.04,37.5,26.92,71.55,74.06,49.57,31.53,1.0,False,False,False,False,True,False,False,False,True,False,True,False,False,False,False,False,False,False,False,False,True,False,False,True,False,True,False
62.0,2024-01-24,2024-01-24,37.23,1.32,4.3,24.63,66.89,90.57,207.17,9.71,6.0,False,False,False,False,True,False,False,False,False,True,True,False,False,False,False,False,False,True,False,False,False,False,True,False,False,True,False
62.0,2024-01-24,2024-01-24,54.78,1.84,25.6,30.79,64.23,61.69,204.71,26.55,4.0,False,False,True,False,False,True,False,False,False,False,False,False,True,False,False,False,False,False,True,False,False,False,True,False,False,False,True
75.0,2024-01-24,2024-01-24,37.43,2.35,16.98,5.47,94.44,90.54,136.96,15.36,6.0,True,False,False,False,False,False,True,False,False,False,True,False,False,False,False,False,False,False,False,True,False,False,True,False,True,False,False
85.0,2024-01-24,2024-01-24,28.08,0.85,25.58,11.34,25.39,91.35,145.8,27.96,5.0,True,False,False,False,False,False,False,True,False,False,False,False,True,False,False,False,False,True,False,False,False,False,True,False,False,False,True
62.0,2024-01-24,2024-01-24,79.79,1.45,25.6,15.68,79.82,74.13,286.57,1.15,4.0,True,False,False,False,False,True,False,False,False,False,True,False,False,False,False,False,False,False,False,False,True,False,True,False,True,False,False
85.0,2024-01-24,2024-01-24,75.62,1.75,16.79,30.05,72.64,68.33,214.72,38.11,2.0,False,True,False,False,False,False,True,False,False,False,False,False,True,False,False,False,False,True,False,False,False,True,False,False,False,True,False
85.0,2024-01-24,2024-01-24,48.58,3.59,1.72,22.02,117.66,91.72,41.58,28.45,1.0,False,False,True,False,False,False,False,False,True,False,False,False,False,True,False,False,False,False,False,False,True,False,True,False,False,False,True
50.0,2024-01-24,2024-01-24,60.64,1.75,7.7,14.59,71.59,56.17,136.0,12.17,0.0,True,False,False,False,False,False,False,True,False,False,True,False,False,False,False,True,False,False,False,False,False,True,False,False,False,False,True
75.0,2024-01-24,2024-01-24,66.85,2.59,20.27,38.77,24.35,61.21,297.89,35.23,4.0,False,True,False,False,False,False,True,False,False,False,False,True,False,False,False,False,False,False,False,True,False,True,False,False,False,False,True
62.0,2024-01-24,2024-01-24,32.35,3.91,15.17,16.52,71.05,83.01,254.04,11.66,1.0,False,False,False,True,False,False,True,False,False,False,False,False,True,False,False,False,False,True,False,False,False,True,False,False,True,False,False
47.01,2024-01-24,2024-01-24,42.69,0.95,3.58,19.07,22.46,51.02,27.58,8.72,4.0,False,False,False,True,False,False,False,False,False,True,True,False,False,False,False,False,False,True,False,False,False,False,False,True,True,False,False
15.42,2024-01-24,2024-01-24,67.71,3.92,13.86,33.84,79.21,57.57,259.63,-2.73,0.0,False,True,False,False,False,True,False,False,False,False,True,False,False,False,False,False,False,True,False,False,False,False,False,True,False,True,False
91.29,2024-01-24,2024-01-25,8.38,2.0,40.18,11.68,75.62,76.11,283.73,18.41,3.0,False,True,False,False,False,False,False,False,False,True,False,False,True,False,False,False,False,False,False,False,True,False,True,False,True,False,False
50.0,2024-01-24,2024-01-25,60.94,1.81,18.88,30.06,81.44,66.37,88.26,1.9,3.9,False,False,True,False,False,False,False,True,False,False,True,False,False,False,False,False,False,True,False,False,False,True,False,False,True,False,False
100.0,2024-01-24,2024-01-25,42.69,0.56,21.46,15.09,30.14,85.01,61.68,16.34,2.0,False,False,True,False,False,False,True,False,False,False,False,True,False,False,False,True,False,False,False,False,False,False,False,True,False,False,True
85.0,2024-01-25,2024-01-25,42.69,0.42,13.14,19.95,49.35,81.13,55.84,23.17,5.0,False,False,False,True,False,False,False,False,False,True,False,False,True,False,False,True,False,False,False,False,False,True,False,False,False,True,False
85.0,2024-01-25,2024-01-25,7.6,0.81,25.6,5.58,38.78,94.04,87.86,0.21,3.0,True,False,False,False,False,True,False,False,False,False,False,False,True,False,False,False,True,False,False,False,False,False,False,True,False,True,False
85.0,2024-01-25,2024-01-25,70.54,2.48,42.1,19.81,87.15,66.97,173.21,30.27,6.0,False,False,False,True,False,False,False,True,False,False,False,False,True,False,False,False,True,False,False,False,False,True,False,False,False,False,True
100.0,2024-01-25,2024-01-25,73.32,2.9,23.97,18.39,18.39,80.43,86.38,17.74,1.0,True,False,False,False,False,False,False,False,True,False,False,False,True,False,False,False,False,False,False,False,True,False,False,True,True,False,False
50.0,2024-01-25,2024-01-25,62.87,2.92,15.49,10.01,33.81,61.34,112.92,1.9,4.0,True,False,False,False,False,False,False,False,False,True,False,False,True,False,False,False,False,False,False,False,True,False,True,False,True,False,False
100.0,2024-01-25,2024-01-25,14.36,1.77,47.8,35.25,13.13,53.73,274.8,21.98,2.0,False,False,True,False,False,False,False,True,False,False,False,True,False,False,False,True,False,False,False,False,False,False,True,False,False,False,True
85.0,2024-01-25,2024-01-25,74.79,1.88,21.11,10.34,16.31,69.89,260.0,32.75,3.0,False,False,False,False,True,False,False,False,True,False,False,False,True,False,False,False,True,False,False,False,False,False,True,False,False,False,True
75.0,2024-01-25,2024-01-25,41.98,1.73,14.09,37.62,14.26,60.36,156.73,15.62,4.81,False,False,False,False,True,False,False,False,False,True,False,True,False,False,False,False,False,True,False,False,False,True,False,False,True,False,False
91.78,2024-01-25,2024-01-25,66.82,2.99,11.9,22.69,76.66,84.9,108.85,36.04,5.0,False,True,False,False,False,False,False,True,False,False,False,True,False,False,False,False,False,True,False,False,False,False,True,False,False,True,False
50.0,2024-01-25,2024-01-25,47.19,3.33,5.34,29.79,17.56,54.49,156.46,5.11,3.0,False,False,True,False,False,False,False,True,False,False,False,True,False,False,False,False,False,False,False,False,True,False,True,False,False,False,True
100.0,2024-01-25,2024-01-25,46.3,2.15,10.6,13.9,72.23,84.04,89.6,9.89,6.82,True,False,False,False,False,False,False,False,False,True,False,False,True,False,False,False,False,False,False,True,False,False,False,True,True,False,False
75.0,2024-01-25,2024-01-25,37.11,2.94,20.08,20.35,33.3,58.82,32.18,15.65,1.9,False,False,False,False,True,False,False,True,False,False,False,True,False,False,False,True,False,False,False,False,False,False,False,True,False,False,True
62.0,2024-01-25,2024-01-25,71.98,1.06,23.65,32.02,63.1,64.0,103.92,21.53,5.0,True,False,False,False,False,False,True,False,False,False,False,False,True,False,False,True,False,False,False,False,False,False,False,True,False,True,False
85.0,2024-01-25,2024-01-25,42.69,3.74,22.13,31.0,45.03,62.32,254.54,-4.04,4.0,False,False,False,False,True,False,False,False,False,True,False,True,False,False,False,False,False,False,False,False,True,False,True,False,False,True,False
50.0,2024-01-25,2024-01-25,45.13,2.02,25.6,10.68,51.05,75.88,193.91,2.87,3.0,False,False,False,False,True,False,False,True,False,False,False,False,True,False,False,False,False,False,False,False,True,False,False,True,True,False,False
85.0,2024-01-25,2024-01-25,23.92,2.15,25.8,6.98,86.84,89.25,11.97,22.17,4.42,False,False,False,False,True,False,False,False,True,False,True,False,False,False,False,False,False,False,False,False,True,False,False,True,False,True,False
85.0,2024-01-25,2024-01-25,40.63,2.75,25.77,9.17,31.28,70.9,250.28,17.41,4.0,False,False,True,False,False,False,False,False,True,False,True,False,False,False,False,False,False,True,False,False,False,False,True,False,False,False,True
62.0,2024-01-25,2024-01-25,75.41,3.15,17.73,9.08,32.03,101.61,93.79,12.46,0.0,False,False,False,True,False,False,True,False,False,False,False,True,False,False,False,False,False,True,False,False,False,False,False,True,False,True,False
62.0,2024-01-25,2024-01-25,42.69,3.31,18.87,31.58,47.88,66.78,55.86,10.72,7.0,True,False,False,False,False,False,False,False,False,True,False,False,False,True,False,False,False,False,False,True,False,True,False,False,True,False,False
75.0,2024-01-25,2024-01-25,36.49,0.7,5.95,23.36,64.23,76.17,241.98,36.05,2.0,False,False,True,False,False,False,False,True,False,False,False,False,False,True,False,True,False,False,False,False,False,False,False,True,False,False,True
85.0,2024-01-25,2024-01-25,67.56,2.81,8.97,37.67,69.31,96.94,145.67,35.82,7.0,False,False,True,False,False,False,False,True,False,False,True,False,False,False,False,False,False,False,True,False,False,True,False,False,False,True,False
75.0,2024-01-25,2024-01-25,52.57,3.27,4.71,12.33,89.1,82.22,165.45,16.54,5.0,False,False,True,False,False,False,False,False,True,False,False,True,False,False,False,False,False,False,False,True,False,False,False,True,False,True,False
85.0,2024-01-25,2024-01-25,28.28,2.69,13.23,24.96,62.57,88.36,190.68,12.39,0.0,False,False,True,False,False,False,True,False,False,False,False,True,False,False,False,False,False,False,False,True,False,False,False,True,False,True,False
62.0,2024-01-25,2024-01-25,28.87,1.15,32.83,46.06,81.27,95.97,210.28,30.9,4.0,False,False,True,False,False,False,False,False,True,False,False,True,False,False,False,False,False,True,False,False,False,True,False,False,True,False,False
85.0,2024-01-26,2024-01-26,13.12,3.54,25.6,25.8,5.07,77.78,213.72,32.05,0.52,False,True,False,False,False,False,False,False,True,False,False,False,False,True,False,False,True,False,False,False,False,False,True,False,True,False,False
50.0,2024-01-26,2024-01-26,21.42,0.73,9.19,28.07,86.49,52.98,74.38,12.04,7.0,True,False,False,False,False,False,True,False,False,False,True,False,False,False,False,True,False,False,False,False,False,True,False,False,False,True,False
100.0,2024-01-26,2024-01-26,45.12,3.95,4.27,7.07,13.58,76.37,162.81,-3.86,0.0,False,False,True,False,False,False,False,False,False,True,False,True,False,False,False,False,False,True,False,False,False,False,True,False,False,False,True
62.0,2024-01-26,2024-01-26,26.29,1.78,3.59,33.69,40.48,69.67,177.81,32.06,2.0,True,False,False,False,False,False,False,True,False,False,True,False,False,False,False,False,False,False,True,False,False,False,False,True,False,True,False
75.0,2024-01-26,2024-01-26,51.64,0.78,14.61,13.48,32.41,78.64,277.73,31.3,0.0,False,True,False,False,False,False,False,False,False,True,True,False,False,False,False,True,False,False,False,False,False,False,True,False,False,False,True
85.0,2024-01-26,2024-01-26,44.82,1.04,12.55,32.94,66.4,88.7,174.93,-6.16,1.66,False,True,False,False,False,True,False,False,False,False,False,False,True,False,False,False,False,False,False,True,False,False,True,False,False,False,True
50.0,2024-01-26,2024-01-26,19.36,2.54,29.63,35.26,47.23,83.91,107.75,0.37,7.0,True,False,False,False,False,True,False,False,False,False,False,False,False,True,False,False,False,False,False,False,True,True,False,False,True,False,False
75.0,2024-01-26,2024-01-26,55.4,2.25,31.55,12.86,12.98,61.22,163.25,29.72,6.0,False,False,False,False,True,True,False,False,False,False,True,False,False,False,False,True,False,False,False,False,False,False,True,False,False,True,False
50.0,2024-01-26,2024-01-26,22.02,1.27,41.2,35.94,23.67,74.9,236.57,11.54,0.0,False,False,False,True,False,False,True,False,False,False,False,False,True,False,False,True,False,False,False,False,False,False,True,False,True,False,False
75.0,2024-01-26,2024-01-26,67.38,0.8,2.64,25.82,12.05,86.49,233.88,5.89,2.0,False,False,False,False,True,False,False,False,True,False,False,False,False,True,False,False,False,False,False,False,True,True,False,False,False,True,False
75.0,2024-01-26,2024-01-26,68.24,2.71,8.99,39.69,30.23,80.04,245.31,11.71,7.0,False,False,False,False,True,False,False,False,False,True,False,True,False,False,False,False,False,False,True,False,False,False,True,False,False,False,True
62.0,2024-01-26,2024-01-26,67.13,1.23,27.96,32.7,23.51,76.15,7.62,8.09,4.0,False,False,False,False,True,False,False,True,False,False,False,True,False,False,False,False,False,False,True,False,False,False,True,False,True,False,False
75.0,2024-01-26,2024-01-26,42.92,3.17,13.1,22.07,34.83,97.25,129.4,6.36,5.0,False,False,True,False,False,True,False,False,False,False,False,False,True,False,False,True,False,False,False,False,False,True,False,False,True,False,False
50.0,2024-01-26,2024-01-26,42.69,0.89,15.34,22.67,63.51,89.39,96.03,28.42,0.0,False,True,False,False,False,False,False,False,False,True,False,True,False,False,False,False,False,True,False,False,False,True,False,False,True,False,False
62.0,2024-01-26,2024-01-26,35.33,1.47,44.67,25.36,51.42,73.34,128.32,29.21,3.0,False,False,False,False,True,True,False,False,False,False,False,False,True,False,False,False,False,False,False,False,True,True,False,False,False,False,True
62.0,2024-01-26,2024-01-26,74.51,1.59,7.99,29.6,70.43,95.66,298.3,36.38,1.0,False,True,False,False,False,True,False,False,False,False,False,False,True,False,False,False,True,False,False,False,False,False,True,False,True,False,False
50.0,2024-01-26,2024-01-26,42.69,1.01,37.57,17.34,43.71,73.82,73.81,35.31,6.0,True,False,False,False,False,False,False,True,False,False,False,True,False,False,False,True,False,False,False,False,False,False,False,True,False,True,False
85.0,2024-01-26,2024-01-26,49.74,2.02,32.87,19.58,85.73,52.83,272.19,7.81,6.0,False,False,False,True,False,False,True,False,False,False,False,False,False,True,False,False,False,False,False,False,True,True,False,False,False,True,False
12.653970752827462,2024-01-26,2024-01-26,23.52,1.84,42.38,0.67,74.93,96.9,162.19,13.68,5.0,True,False,False,False,False,False,False,False,True,False,False,False,True,False,False,False,False,False,False,True,False,True,False,False,False,False,True
100.0,2024-01-26,2024-01-26,44.95,1.59,34.04,26.38,66.85,61.31,232.24,22.59,5.0,True,False,False,False,False,False,True,False,False,False,False,False,False,True,False,False,True,False,False,False,False,False,True,False,True,False,False
121.21,2024-01-26,2024-01-26,66.71,1.9,6.51,32.29,56.72,83.65,166.62,32.85,7.0,False,False,True,False,False,False,False,False,False,True,False,False,False,True,False,False,False,False,False,False,True,False,False,True,False,True,False
62.0,2024-01-26,2024-01-26,44.06,2.71,12.64,5.45,74.68,73.06,10.9,3.8,3.0,False,False,False,True,False,False,True,False,False,False,False,False,True,False,False,False,False,True,False,False,False,False,False,True,True,False,False
100.0,2024-01-26,2024-01-26,14.03,2.28,30.77,10.79,87.72,85.39,274.27,9.34,7.0,True,False,False,False,False,False,False,False,False,True,False,False,False,True,False,True,False,False,False,False,False,False,True,False,False,True,False
85.0,2024-01-26,2024-01-27,21.76,2.01,20.32,23.21,64.88,59.02,204.08,20.68,7.0,True,False,False,False,False,False,False,False,False,True,False,False,True,False,True,False,False,False,False,False,False,True,False,False,False,False,True
50.0,2024-01-27,2024-01-27,16.55,5.45254316916102,36.75,30.02,69.43,52.06,299.26,-1.64,0.0,False,False,False,True,False,False,False,False,True,False,False,True,False,False,False,False,False,False,True,False,False,False,True,False,False,True,False
65.24,2024-01-27,2024-01-27,15.47,0.79,8.61,15.06,46.07,58.59,152.26,12.6,5.0,False,False,False,True,False,False,False,True,False,False,False,True,False,False,False,True,False,False,False,False,False,False,False,True,False,True,False
50.0,2024-01-27,2024-01-27,43.51,1.18,26.14,6.62,17.37,95.17,141.17,21.08,3.0,True,False,False,False,False,False,False,False,True,False,False,True,False,False,False,False,False,False,False,False,True,True,False,False,False,True,False
75.0,2024-01-27,2024-01-27,38.6,1.37,26.56,45.04,37.93,75.1,298.32,6.16,6.0,False,False,False,True,False,False,True,False,False,False,False,True,False,False,False,False,True,False,False,False,False,False,False,True,False,False,True
62.0,2024-01-27,2024-01-27,45.08,2.4,25.6,6.56,40.17,94.6,250.42,7.34,5.0,True,False,False,False,False,False,False,False,False,True,False,True,False,False,False,False,True,False,False,False,False,False,False,True,False,True,False
85.0,2024-01-27,2024-01-27,58.77,2.75,12.8,22.04,70.88,72.25,87.25,4.7,6.0,True,False,False,False,False,True,False,False,False,False,False,False,False,True,False,False,False,False,False,False,True,False,False,True,False,False,True
62.0,2024-01-27,2024-01-27,65.54,1.97,5.21,32.85,45.97,51.33,166.16,8.9,6.0,False,False,True,False,False,True,False,False,False,False,False,False,False,True,False,False,False,False,True,False,False,False,False,True,False,False,True
62.0,2024-01-27,2024-01-27,79.21,2.6,20.61,22.48,37.5,96.68,152.26,-1.2,4.0,False,False,False,False,True,False,False,False,False,True,False,False,False,True,False,True,False,False,False,False,False,True,False,False,False,True,False
62.0,2024-01-27,2024-01-27,62.92,1.11,37.24,38.97,39.36,50.6,268.55,21.52,4.0,True,False,False,False,False,False,False,False,True,False,True,False,False,False,False,False,True,False,False,False,False,True,False,False,True,False,False
35.04,2024-01-27,2024-01-27,18.4,2.07,5.9,28.02,36.51,85.77,160.42,15.83,0.0,False,True,False,False,False,False,False,True,False,False,True,False,False,False,False,False,True,False,False,False,False,True,False,False,False,True,False
62.0,2024-01-27,2024-01-27,47.49,3.41,44.87,6.15,62.16,63.08,46.77,-5.25,7.0,False,False,False,False,True,False,False,False,True,False,False,False,True,False,True,False,False,False,False,False,False,False,True,False,False,False,True
85.0,2024-01-27,2024-01-27,21.47,3.12,47.19,26.87,53.35,86.03,281.26,16.6,4.0,False,False,False,False,True,False,False,False,False,True,True,False,False,False,False,False,False,False,False,True,False,True,False,False,True,False,False
75.0,2024-01-27,2024-01-27,21.87,3.38,29.88,40.43,43.84,61.37,229.7,35.01,2.0,False,False,False,False,True,False,False,False,False,True,False,True,False,False,True,False,False,False,False,False,False,False,False,True,False,True,False
75.0,2024-01-27,2024-01-27,78.24,2.78,10.33,10.55,76.1,59.31,66.64,30.19,2.0,False,False,True,False,False,False,False,True,False,False,False,True,False,False,False,False,False,False,False,True,False,False,False,True,False,True,False
62.0,2024-01-27,2024-01-27,79.75,3.43,25.6,12.67,19.73,69.33,187.46,29.39,3.0,True,False,False,False,False,False,True,False,False,False,False,True,False,False,False,False,True,False,False,False,False,True,False,False,False,True,False
85.0,2024-01-27,2024-01-27,66.9,2.77,39.32,17.09,22.59,75.4,227.43,-4.07,6.0,False,False,True,False,False,False,True,False,False,False,False,False,True,False,False,False,False,False,False,True,False,True,False,False,False,True,False
62.0,2024-01-27,2024-01-27,68.07,1.32,34.4,29.47,62.06,82.69,135.73,-4.99,1.0,True,False,False,False,False,False,False,True,False,False,False,False,True,False,False,True,False,False,False,False,False,False,True,False,False,True,False
50.0,2024-01-27,2024-01-27,40.05,1.04,26.33,36.05,21.78,92.33,114.76,30.29,2.0,False,False,True,False,False,False,True,False,False,False,False,False,True,False,False,False,True,False,False,False,False,True,False,False,True,False,False
85.0,2024-01-27,2024-01-27,77.68,2.88,36.88,31.19,18.75,92.78,169.2,16.72,5.0,False,False,True,False,False,True,False,False,False,False,False,False,True,False,False,False,True,False,False,False,False,False,True,False,False,True,False
62.0,2024-01-27,2024-01-27,38.36,1.3,38.34,10.23,72.51,86.3,281.03,5.5,4.0,False,True,False,False,False,False,True,False,False,False,False,False,False,True,False,False,False,False,False,True,False,True,False,False,False,False,True
75.0,2024-01-27,2024-01-27,6.34,0.94,4.32,12.55,44.29,55.52,170.92,26.71,4.0,False,False,True,False,False,False,True,False,False,False,False,False,True,False,False,False,False,False,False,False,True,False,True,False,False,False,True
100.0,2024-01-27,2024-01-27,6.98,2.89,35.79,23.12,23.83,78.78,76.95,27.36,6.0,False,False,False,True,False,False,True,False,False,False,False,False,True,False,False,False,False,False,False,True,False,True,False,False,True,False,False
62.0,2024-01-27,2024-01-28,30.55,3.75,31.23,28.46,59.66,75.65,121.46,29.5,7.0,False,True,False,False,False,True,False,False,False,False,True,False,False,False,False,False,False,False,False,True,False,True,False,False,False,False,True
50.0,2024-01-27,2024-01-28,62.42,2.5,29.91,8.08,119.05,50.38,263.5,23.67,0.0,False,False,True,False,False,False,True,False,False,False,False,False,False,True,False,False,False,False,True,False,False,True,False,False,True,False,False
25.57,2024-01-28,2024-01-28,34.79,3.41,11.92,19.59,12.13,76.19,152.26,33.37,1.0,False,False,False,False,True,True,False,False,False,False,False,True,False,False,False,False,False,False,True,False,False,False,True,False,False,False,True
41.66,2024-01-28,2024-01-28,58.46,1.02,25.6,37.03,30.1,76.86,73.79,20.69,7.0,False,False,False,True,False,False,False,True,False,False,True,False,False,False,False,True,False,False,False,False,False,False,False,True,True,False,False
100.0,2024-01-28,2024-01-28,50.16,3.63,41.57,14.25,54.06,50.36,246.84,6.78,7.0,False,False,False,True,False,False,False,False,True,False,False,False,True,False,False,True,False,False,False,False,False,False,True,False,False,True,False
100.0,2024-01-28,2024-01-28,76.07,3.72,5.49,8.83,15.22,83.98,233.27,10.68,1.0,False,False,False,True,False,False,False,True,False,False,False,True,False,False,False,False,False,False,False,False,True,True,False,False,False,False,True
75.0,2024-01-28,2024-01-28,51.22,1.85,18.28,35.14,89.53,56.6,54.84,14.46,5.0,False,True,False,False,False,False,False,False,True,False,False,True,False,False,False,False,False,False,True,False,False,False,False,True,False,False,True
85.0,2024-01-28,2024-01-28,39.68,3.94,5.85,23.86,89.27,83.82,106.71,-1.36,1.0,False,False,True,False,False,False,False,True,False,False,False,True,False,False,True,False,False,False,False,False,False,False,True,False,True,False,False
50.0,2024-01-28,2024-01-28,68.27,1.53,15.06,8.01,72.33,63.8,205.71,11.87,3.0,False,False,True,False,False,False,False,False,True,False,True,False,False,False,False,True,False,False,False,False,False,False,True,False,True,False,False
62.0,2024-01-28,2024-01-28,30.55,2.83,8.83,38.44,44.7,95.15,135.04,29.81,7.0,False,False,False,False,True,False,False,False,True,False,False,False,False,True,False,True,False,False,False,False,False,False,False,True,True,False,False
75.0,2024-01-28,2024-01-28,44.76,3.49,19.4,5.78,28.44,98.27,293.21,3.86,5.0,False,False,False,False,True,False,False,False,False,True,False,False,False,True,False,False,False,False,True,False,False,True,False,False,False,False,True
75.0,2024-01-28,2024-01-28,59.16,2.87,19.1,20.11,14.43,54.77,276.61,34.33,3.0,False,False,False,True,False,False,False,False,True,False,False,True,False,False,False,False,False,False,True,False,False,False,False,True,True,False,False
100.0,2024-01-28,2024-01-28,57.15,2.57,5.96,13.63,82.43,93.34,245.05,38.02,7.0,False,False,False,False,True,False,False,False,True,False,False,False,True,False,False,False,False,False,False,False,True,True,False,False,False,True,False
75.0,2024-01-28,2024-01-28,42.69,2.07,38.69,38.3,48.45,82.51,39.05,2.06,3.0,False,True,False,False,False,False,False,False,False,True,False,False,False,True,False,False,False,False,True,False,False,False,False,True,True,False,False
75.0,2024-01-28,2024-01-28,23.84,2.85,12.33,36.24,63.2,73.81,192.32,29.03,2.83,False,False,True,False,False,False,True,False,False,False,False,False,False,True,False,False,False,True,False,False,False,False,True,False,False,True,False
47.65,2024-01-28,2024-01-28,29.35,2.56,30.32,13.51,72.6,23.89999185236553,95.27,36.69,1.0,False,False,False,True,False,False,True,False,False,False,False,False,True,False,False,False,False,False,False,True,False,False,True,False,False,True,False
85.0,2024-01-28,2024-01-28,47.06,2.45,10.41,31.58,63.14,92.64,152.06,-7.16,6.0,False,False,False,False,True,False,False,False,False,True,True,False,False,False,False,False,True,False,False,False,False,False,True,False,True,False,False
75.0,2024-01-28,2024-01-28,27.17,3.32,23.82,9.89,46.82,79.21,163.13,4.16,4.0,False,True,False,False,False,True,False,False,False,False,True,False,False,False,True,False,False,False,False,False,False,True,False,False,False,True,False
50.0,2024-01-28,2024-01-28,48.94,3.79,31.17,10.16,75.81,89.15,112.73,31.51,4.0,False,True,False,False,False,False,False,False,True,False,False,False,True,False,False,False,True,False,False,False,False,True,False,False,False,True,False
50.0,2024-01-28,2024-01-28,19.15,2.8,35.45,7.52,56.82,55.05,153.05,24.15,1.0,False,False,False,False,True,False,False,False,True,False,True,False,False,False,False,False,False,False,False,True,False,False,False,True,False,True,False
75.0,2024-01-28,2024-01-28,58.2,1.76,6.51,38.3,25.84,83.12,221.21,19.9,5.0,False,False,True,False,False,False,False,False,False,True,False,True,False,False,False,False,False,True,False,False,False,True,False,False,True,False,False
62.0,2024-01-28,2024-01-28,65.2,2.95,22.57,9.02,13.91,77.58,214.92,15.03,7.2,False,False,False,False,True,False,False,False,False,True,False,False,False,True,False,False,False,True,False,False,False,True,False,False,True,False,False
12.653970752827462,2024-01-28,2024-01-28,51.14,1.78,21.12,34.74,58.19,69.16,290.77,18.39,2.0,False,False,False,True,False,True,False,False,False,False,True,False,False,False,False,False,False,False,False,True,False,False,False,True,False,True,False
50.0,2024-01-28,2024-01-28,69.72,3.78,10.06,37.12,20.43,79.52,205.77,-4.48,4.0,False,False,False,False,True,False,True,False,False,False,False,True,False,False,False,False,True,False,False,False,False,True,False,False,False,False,True
85.0,2024-01-28,2024-01-29,41.98,3.2,49.31,19.56,11.42,88.5,260.49,8.22,5.0,False,True,False,False,False,False,False,True,False,False,False,True,False,False,False,False,False,False,False,True,False,False,False,True,False,True,False
50.0,2024-01-28,2024-01-28,69.42,1.94,9.89,10.83,29.13,99.89,74.04,37.27,5.0,False,False,False,False,True,False,True,False,False,False,False,True,False,False,False,True,False,False,False,False,False,True,False,False,True,False,False
50.0,2024-01-29,2024-01-29,78.98,2.9,37.48,32.76,30.86,89.89,222.76,9.57,0.0,False,False,True,False,False,False,False,False,True,False,False,True,False,False,False,False,False,True,False,False,False,True,False,False,False,True,False
85.0,2024-01-29,2024-01-29,8.53,2.93,9.81,17.86,40.4,66.03,99.23,39.93,1.0,True,False,False,False,False,False,False,False,False,True,False,True,False,False,False,False,True,False,False,False,False,False,True,False,False,True,False
96.99,2024-01-29,2024-01-29,54.86,1.74,38.7,18.79,16.5,126.38347784460416,225.64,-7.67,0.0,False,False,False,False,True,True,False,False,False,False,False,False,True,False,False,False,False,False,False,True,False,True,False,False,True,False,False
105.55,2024-01-29,2024-01-29,48.5,3.26,43.61,13.98,28.21,64.31,94.94,23.89,4.0,False,False,True,False,False,False,True,False,False,False,False,False,False,True,False,True,False,False,False,False,False,False,False,True,True,False,False
62.0,2024-01-29,2024-01-29,52.53,0.75,40.99,17.65,29.72,63.9,62.2,36.52,0.0,False,False,True,False,False,True,False,False,False,False,False,False,False,True,False,False,False,False,True,False,False,False,False,True,False,False,True
75.0,2024-01-29,2024-01-29,45.47,2.96,48.01,7.39,56.83,89.62,289.79,26.5,6.0,False,True,False,False,False,False,True,False,False,False,False,False,True,False,False,False,False,True,False,False,False,False,True,False,False,True,False
50.0,2024-01-29,2024-01-29,34.68,1.5,41.81,36.03,79.03,54.0,218.29,37.35,6.0,False,False,True,False,False,False,False,False,True,False,False,False,True,False,True,False,False,False,False,False,False,False,False,True,False,True,False
50.0,2024-01-29,2024-01-29,5.36,3.0,18.32,13.65,79.19,69.74,152.26,27.78,4.0,False,False,True,False,False,False,False,True,False,False,False,True,False,False,True,False,False,False,False,False,False,False,True,False,False,True,False
100.0,2024-01-29,2024-01-29,27.28,1.0,24.48,12.45,54.57,74.29,130.79,-3.34,0.0,False,False,True,False,False,True,False,False,False,False,True,False,False,False,False,False,False,False,False,True,False,True,False,False,False,False,True
75.0,2024-01-29,2024-01-29,11.51,2.46,3.8,31.19,18.89,82.47,234.88,-4.09,3.0,False,False,True,False,False,True,False,False,False,False,False,False,False,True,True,False,False,False,False,False,False,False,True,False,False,False,True
62.0,2024-01-29,2024-01-29,9.45,1.47,40.52,17.59,75.62,93.74,115.38,-4.81,2.9,False,False,False,True,False,False,False,True,False,False,True,False,False,False,False,True,False,False,False,False,False,True,False,False,False,True,False
85.0,2024-01-29,2024-01-29,53.1,1.86,12.62,40.32,33.66,52.83,74.38,14.12,6.0,False,False,False,True,False,True,False,False,False,False,False,False,False,True,False,False,False,False,True,False,False,False,False,True,True,False,False
75.0,2024-01-29,2024-01-29,28.79,3.19,33.37,11.34,40.83,61.65,125.83,1.31,0.0,False,True,False,False,False,True,False,False,False,False,False,True,False,False,False,False,False,False,False,True,False,False,True,False,False,True,False
75.0,2024-01-29,2024-01-29,51.21,1.29,9.98,24.58,67.39,59.76,178.12,12.32,5.0,False,False,False,False,True,False,True,False,False,False,True,False,False,False,False,False,False,False,False,False,True,False,False,True,False,True,False
101.1,2024-01-29,2024-01-29,7.28,2.69,21.06,34.65,12.88,72.45,66.8,26.95,0.0,False,False,True,False,False,False,True,False,False,False,False,False,False,True,False,False,True,False,False,False,False,False,False,True,False,True,False
83.14,2024-01-29,2024-01-29,42.69,3.14,49.23,38.38,68.85,86.41,109.39,34.41,4.0,False,False,False,False,True,False,False,True,False,False,False,False,False,True,False,False,False,True,False,False,False,False,False,True,True,False,False
100.0,2024-01-29,2024-01-29,74.35,2.23,18.03,31.42,78.78,62.0,144.44,-8.06,1.0,False,False,False,False,True,False,False,False,True,False,False,True,False,False,True,False,False,False,False,False,False,False,False,True,False,False,True
50.0,2024-01-29,2024-01-29,79.96,2.97,9.81,13.15,20.76,98.43,278.48,4.75,2.0,False,True,False,False,False,True,False,False,False,False,True,False,False,False,True,False,False,False,False,False,False,False,False,True,False,False,True
100.0,2024-01-29,2024-01-29,57.23,1.39,30.94,5.66,22.44,63.15,36.0,0.83,4.0,False,False,True,False,False,False,False,False,True,False,False,True,False,False,False,False,False,False,False,True,False,False,True,False,False,True,False
62.0,2024-01-29,2024-01-29,39.22,3.07,25.6,11.95,14.13,66.71,252.93,36.2,3.0,False,False,True,False,False,False,False,True,False,False,True,False,False,False,False,False,True,False,False,False,False,False,False,True,False,True,False
100.0,2024-01-29,2024-01-29,10.42,1.23,18.9,8.94,54.98,59.78,143.56,21.29,2.0,True,False,False,False,False,False,False,True,False,False,True,False,False,False,False,False,True,False,False,False,False,False,True,False,False,True,False
85.0,2024-01-29,2024-01-29,47.2,1.55,23.43,9.99,74.88,94.07,278.93,28.42,7.0,False,False,False,False,True,False,True,False,False,False,False,False,False,True,True,False,False,False,False,False,False,False,True,False,True,False,False
75.0,2024-01-29,2024-01-30,64.45,4.0,21.47,31.67,46.22,89.44,231.19,18.97,1.0,False,False,False,False,True,True,False,False,False,False,False,False,True,False,True,False,False,False,False,False,False,False,True,False,False,True,False
85.0,2024-01-29,2024-01-30,37.85,2.26,2.83,8.33,55.25,101.7,173.23,24.38,4.0,False,False,False,True,False,False,False,False,False,True,True,False,False,False,False,False,False,False,False,False,True,False,False,True,True,False,False
61.38,2024-01-30,2024-01-30,42.69,2.5,41.13,8.82,36.35,78.66,200.39,38.24,0.0,True,False,False,False,False,False,False,True,False,False,True,False,False,False,False,False,True,False,False,False,False,False,False,True,False,True,False
62.0,2024-01-30,2024-01-30,79.26,0.62,27.65,27.61,80.47,81.06,108.96,17.2,7.0,False,False,False,True,False,True,False,False,False,False,False,True,False,False,False,True,False,False,False,False,False,False,True,False,False,True,False
100.0,2024-01-30,2024-01-30,38.62,2.53,43.01,10.4,70.99,55.5,283.14,34.32,2.0,False,False,False,True,False,False,False,False,True,False,True,False,False,False,False,False,False,True,False,False,False,False,False,True,False,True,False
62.0,2024-01-30,2024-01-30,24.4,1.48,31.12,24.13,65.98,51.25,32.04,23.59,0.0,False,False,False,True,False,False,True,False,False,False,True,False,False,False,False,False,False,False,False,True,False,False,True,False,False,False,True
75.0,2024-01-30,2024-01-30,26.18,3.81,25.86,26.6,66.54,81.33,243.87,-5.32,1.0,False,True,False,False,False,False,False,False,True,False,True,False,False,False,False,False,False,False,False,True,False,False,False,True,False,True,False
75.0,2024-01-30,2024-01-30,42.69,2.85,45.46,22.85,46.28,58.48,151.87,31.55,5.0,False,True,False,False,False,False,False,True,False,False,True,False,False,False,False,False,False,False,False,False,True,False,False,True,False,True,False
62.0,2024-01-30,2024-01-30,28.68,3.25,16.49,30.52,13.89,81.57,248.02,2.88,6.0,False,False,False,True,False,False,False,True,False,False,True,False,False,False,False,False,False,True,False,False,False,False,True,False,False,True,False
62.0,2024-01-30,2024-01-30,34.73,2.96,24.02,25.48,80.99,94.76,264.73,-5.83,6.0,True,False,False,False,False,False,False,False,True,False,False,False,True,False,False,False,False,False,False,False,True,False,False,True,False,True,False
100.0,2024-01-30,2024-01-30,56.66,0.61,21.07,12.85,84.62,89.0,151.97,17.37,0.0,False,False,False,False,True,False,False,True,False,False,False,False,False,True,False,True,False,False,False,False,False,False,True,False,True,False,False
50.0,2024-01-30,2024-01-30,5.58,2.83,35.82,35.01,68.6,95.59,125.26,16.51,3.0,True,False,False,False,False,True,False,False,False,False,True,False,False,False,False,False,False,False,True,False,False,False,True,False,True,False,False
85.0,2024-01-30,2024-01-30,9.67,1.62,37.51,16.72,48.39,71.21,145.13,-1.95,3.61,False,False,True,False,False,False,False,True,False,False,False,True,False,False,False,False,False,False,False,True,False,False,False,True,False,True,False
136.41540803505134,2024-01-30,2024-01-30,42.74,1.18,40.21,14.26,19.56,67.8,119.49,-4.17,4.0,False,True,False,False,False,False,True,False,False,False,False,True,False,False,False,False,True,False,False,False,False,False,False,True,True,False,False
75.0,2024-01-30,2024-01-30,58.28,2.28,32.98,31.95,34.46,84.49,205.4,26.13,5.49,False,False,False,False,True,True,False,False,False,False,True,False,False,False,False,False,False,True,False,False,False,False,True,False,False,True,False
50.0,2024-01-30,2024-01-30,47.89,4.23,26.43,13.43,82.18,83.01,235.9,36.41,5.0,False,False,False,False,True,False,False,False,False,True,True,False,False,False,True,False,False,False,False,False,False,False,True,False,False,True,False
62.0,2024-01-30,2024-01-30,10.56,3.99,17.23,29.84,64.66,58.69,37.99,32.26,0.0,False,False,True,False,False,False,False,True,False,False,True,False,False,False,False,False,False,True,False,False,False,False,True,False,True,False,False
62.0,2024-01-30,2024-01-30,12.13,2.95,9.58,38.12,48.95,77.68,81.64,23.62,2.0,False,False,True,False,False,False,False,True,False,False,False,False,True,False,False,True,False,False,False,False,False,True,False,False,True,False,False
75.0,2024-01-30,2024-01-30,45.91,0.71,26.31,11.23,40.72,97.29,194.25,28.4,5.0,False,False,False,True,False,False,True,False,False,False,False,False,False,True,False,False,False,False,False,True,False,False,False,True,False,True,False
75.0,2024-01-30,2024-01-30,8.12,1.98,25.6,26.85,22.19,99.63,223.41,33.69,0.0,False,True,False,False,False,False,True,False,False,False,False,True,False,False,False,False,True,False,False,False,False,True,False,False,False,False,True
50.0,2024-01-30,2024-01-30,9.62,3.94,34.94,29.81,68.59,61.58,28.96,15.4,0.0,False,True,False,False,False,False,False,False,True,False,False,False,True,False,False,True,False,False,False,False,False,False,True,False,False,True,False
100.0,2024-01-30,2024-01-30,27.85,1.87,37.69,37.96,12.17,98.08,89.81,-1.66,6.0,True,False,False,False,False,False,False,False,True,False,False,False,True,False,False,False,False,False,True,False,False,True,False,False,False,True,False
85.0,2024-01-30,2024-01-30,23.22,0.66,5.41,30.84,17.51,97.24,214.2,22.91,0.0,False,False,False,True,False,False,False,False,True,False,True,False,False,False,False,False,True,False,False,False,False,False,True,False,False,False,True
50.0,2024-01-30,2024-01-30,21.31,3.74,28.04,39.93,78.3,91.72,198.73,-5.47,1.0,False,False,False,True,False,False,True,False,False,False,False,False,False,True,False,False,False,False,False,True,False,True,False,False,True,False,False
50.0,2024-01-30,2024-01-30,77.46,3.01,47.33,38.26,63.57,68.75,273.7,-3.04,1.0,False,False,False,True,False,False,False,False,True,False,True,False,False,False,False,False,False,True,False,False,False,True,False,False,False,False,True
62.0,2024-01-30,2024-01-31,32.25,3.65,66.91422349904866,35.48,45.41,78.64,25.06,-1.93,4.0,False,False,False,True,False,False,False,False,True,False,False,True,False,False,True,False,False,False,False,False,False,False,False,True,False,True,False
50.0,2024-01-31,2024-01-31,17.93,2.96,35.14,11.48,87.37,77.09,219.14,-7.57,2.0,False,True,False,False,False,False,False,False,False,True,False,False,False,True,False,False,True,False,False,False,False,False,False,True,True,False,False
100.0,2024-01-31,2024-01-31,77.3,0.68,5.97,8.43,52.9,74.05,86.46,-8.89,5.0,False,True,False,False,False,False,False,False,True,False,True,False,False,False,False,False,False,False,False,True,False,True,False,False,False,False,True
75.0,2024-01-31,2024-01-31,26.49,2.12,7.15,27.97,55.39,56.75,261.41,19.68,5.0,False,False,False,True,False,False,False,True,False,False,False,True,False,False,False,True,False,False,False,False,False,False,True,False,False,False,True
50.0,2024-01-31,2024-01-31,55.3,2.54,37.35,24.08,71.92,88.38,106.94,30.19,1.0,True,False,False,False,False,False,True,False,False,False,False,False,True,False,False,False,False,False,True,False,False,False,False,True,False,True,False
100.0,2024-01-31,2024-01-31,10.19,2.19,14.44,29.62,14.18,71.75,298.97,-5.39,3.0,False,False,False,False,True,True,False,False,False,False,False,True,False,False,False,False,True,False,False,False,False,True,False,False,False,False,True
42.22,2024-01-31,2024-01-31,62.63,1.31,37.57,18.48,69.88,89.71,38.61,1.2,1.0,False,False,False,False,True,False,False,False,False,True,False,True,False,False,False,True,False,False,False,False,False,False,True,False,False,True,False
12.653970752827462,2024-01-31,2024-01-31,36.23,1.89,11.09,31.09,43.36,91.94,144.45,17.4,1.0,True,False,False,False,False,False,True,False,False,False,False,True,False,False,False,True,False,False,False,False,False,False,False,True,True,False,False
62.0,2024-01-31,2024-01-31,12.35,1.5,44.05,24.31,47.07,68.83,152.26,15.01,4.0,False,False,False,True,False,False,True,False,False,False,False,False,False,True,False,False,False,False,False,False,True,True,False,False,False,False,True
75.0,2024-01-31,2024-01-31,28.25,2.57,26.64,16.52,53.82,67.23,149.0,16.69,6.0,False,True,False,False,False,False,False,True,False,False,False,False,True,False,False,True,False,False,False,False,False,False,True,False,True,False,False
62.0,2024-01-31,2024-01-31,53.19,1.9,4.88,36.93,59.1,95.23,166.98,37.4,7.0,False,False,False,False,True,False,False,False,True,False,False,False,False,True,False,False,False,True,False,False,False,False,True,False,True,False,False
62.0,2024-01-31,2024-01-31,63.97,1.98,41.35,10.34,54.84,99.13,90.79,9.19,0.69,False,False,True,False,False,False,False,True,False,False,False,False,True,False,False,False,True,False,False,False,False,True,False,False,False,True,False
75.0,2024-01-31,2024-01-31,48.66,1.76,36.32,15.4,49.28,91.75,178.12,21.01,0.0,False,False,True,False,False,False,False,False,True,False,True,False,False,False,False,False,False,False,True,False,False,False,True,False,False,False,True
75.0,2024-01-31,2024-01-31,51.16,1.92,14.9,35.91,40.36,79.6,258.29,31.56,10.542355329753589,True,False,False,False,False,False,False,False,True,False,True,False,False,False,True,False,False,False,False,False,False,True,False,False,True,False,False
75.0,2024-01-31,2024-01-31,68.24,3.38,49.36,33.36,57.91,88.31,276.39,14.83,2.0,False,False,False,True,False,False,True,False,False,False,False,True,False,False,False,False,False,False,False,False,True,False,True,False,False,False,True
62.0,2024-01-31,2024-01-31,70.38,1.05,20.62,25.44,32.46,75.46,302.85,-6.5,6.0,False,False,False,False,True,False,False,False,True,False,False,True,False,False,False,True,False,False,False,False,False,True,False,False,False,False,True
75.0,2024-01-31,2024-01-31,56.55,2.62,4.34,38.85,29.26,88.25,12.02,10.51,6.0,False,False,False,True,False,False,False,False,False,True,False,False,False,True,False,False,True,False,False,False,False,False,False,True,False,False,True
85.0,2024-01-31,2024-01-31,16.83,2.74,14.51,11.58,30.62,82.46,199.3,25.96,6.0,False,False,False,False,True,False,False,False,False,True,False,False,True,False,False,False,False,True,False,False,False,False,True,False,False,False,True
62.0,2024-01-31,2024-01-31,76.47,3.68,25.6,37.06,72.55,51.92,270.49,38.65,6.0,True,False,False,False,False,False,False,False,False,True,False,False,True,False,False,False,False,True,False,False,False,True,False,False,True,False,False
100.0,2024-01-31,2024-01-31,6.07,3.6,46.62,16.18,19.65,71.19,92.4,27.29,3.7,True,False,False,False,False,False,True,False,False,False,False,False,True,False,False,False,False,True,False,False,False,True,False,False,False,False,True
62.0,2024-01-31,2024-01-31,10.14,1.58,36.08,26.55,34.89,99.87,217.6,40.82,1.0,False,False,True,False,False,False,False,True,False,False,False,True,False,False,False,False,False,False,False,True,False,False,True,False,False,True,False
75.0,2024-01-31,2024-01-31,62.54,3.11,24.19,21.66,14.82,69.84,257.31,19.15,5.0,False,False,False,True,False,True,False,False,False,False,False,True,False,False,False,False,False,False,False,False,True,False,False,True,False,True,False
62.0,2024-01-31,2024-01-31,42.69,2.37,31.71,18.1,81.0,84.05,158.36,36.39,6.0,False,False,True,False,False,False,False,False,True,False,False,False,True,False,False,False,False,False,True,False,False,True,False,False,False,False,True
37.33,2024-01-31,2024-01-31,16.5,1.81,9.55,12.19,50.53,93.95,225.26,31.8,0.0,False,False,False,True,False,True,False,False,False,False,False,True,False,False,False,False,False,False,False,True,False,False,False,True,False,False,True
94.2,2024-01-31,2024-02-01,9.13,0.99,25.6,8.66,54.35,51.27,191.15,6.72,2.0,False,False,True,False,False,False,False,True,False,False,False,False,True,False,False,False,False,False,True,False,False,False,True,False,False,True,False
50.0,2024-02-01,2024-02-01,44.0,3.56,30.24,24.31,89.63,67.71,138.77,-6.94,0.0,False,True,False,False,False,False,False,True,False,False,False,False,False,True,False,False,False,False,False,True,False,False,False,True,False,False,True
62.0,2024-02-01,2024-02-01,41.77,4.59,21.83,36.7,42.36,51.49,14.59,38.81,6.0,False,True,False,False,False,False,True,False,False,False,True,False,False,False,True,False,False,False,False,False,False,False,True,False,True,False,False
100.0,2024-02-01,2024-02-01,6.7,2.13,4.05,34.46,82.33,23.89999185236553,104.72,1.63,5.0,False,True,False,False,False,False,False,False,False,True,False,False,True,False,False,False,False,False,True,False,False,True,False,False,False,False,True
62.0,2024-02-01,2024-02-01,69.44,3.66,16.61,12.61,22.71,50.8,266.83,9.99,5.0,False,True,False,False,False,False,False,False,False,True,False,True,False,False,False,False,False,False,False,True,False,False,False,True,False,False,True
75.0,2024-02-01,2024-02-01,38.71,2.97,14.53,14.36,28.63,61.66,260.49,-6.36,5.0,False,False,False,False,True,False,False,True,False,False,False,False,False,True,False,False,False,True,False,False,False,False,True,False,True,False,False
81.37,2024-02-01,2024-02-01,57.98,2.86,6.5,14.34,58.31,63.87,114.88,7.64,5.0,False,True,False,False,False,False,True,False,False,False,False,True,False,False,False,False,False,False,True,False,False,True,False,False,False,False,True
75.0,2024-02-01,2024-02-01,74.11,2.22,45.7,14.76,72.9,51.69,177.21,3.26,3.0,True,False,False,False,False,False,True,False,False,False,False,True,False,False,False,False,False,False,False,False,True,False,False,True,True,False,False
100.0,2024-02-01,2024-02-01,40.32,1.74,11.77,15.1,31.09,86.58,99.19,0.53,7.0,True,False,False,False,False,False,False,False,True,False,False,True,False,False,False,False,False,False,True,False,False,False,True,False,True,False,False
50.0,2024-02-01,2024-02-01,47.2,2.86,44.34,27.39,65.48,84.23,86.61,4.25,6.0,False,False,False,False,True,False,False,False,False,True,False,False,True,False,False,False,True,False,False,False,False,False,False,True,False,True,False
100.0,2024-02-01,2024-02-01,22.52,3.56,35.15,11.22,40.14,59.07,80.16,16.34,6.0,False,True,False,False,False,False,False,True,False,False,False,False,False,True,False,False,False,False,True,False,False,True,False,False,False,True,False
62.0,2024-02-01,2024-02-01,68.26,2.41,33.64,17.03,46.38,88.39,152.26,-9.54,7.0,False,True,False,False,False,True,False,False,False,False,False,False,True,False,False,False,False,False,False,True,False,True,False,False,False,False,True
50.0,2024-02-01,2024-02-01,73.51,1.84,30.93,31.85,60.77,63.57,246.29,2.32,2.0,False,True,False,False,False,False,False,False,False,True,True,False,False,False,False,False,False,False,True,False,False,False,True,False,False,True,False
75.0,2024-02-01,2024-02-01,73.87,1.2,26.09,5.64,80.7,88.21,180.45,21.29,4.0,False,False,True,False,False,False,False,False,True,False,False,False,True,False,True,False,False,False,False,False,False,False,False,True,False,False,True
50.0,2024-02-01,2024-02-01,64.38,2.31,15.26,8.81,15.59,98.81,199.76,25.41,3.0,False,False,False,True,False,False,True,False,False,False,True,False,False,False,False,True,False,False,False,False,False,False,False,True,False,False,True
50.0,2024-02-01,2024-02-01,12.01,0.75,47.9,35.09,41.66,83.16,133.45,23.95,5.0,False,False,True,False,False,False,False,True,False,False,False,False,False,True,False,False,False,False,False,False,True,True,False,False,False,True,False
29.59,2024-02-01,2024-02-01,36.23,3.99,27.2,21.93,80.58,91.08,34.04,23.33,3.0,False,False,False,True,False,False,False,False,False,True,False,False,False,True,False,False,True,False,False,False,False,False,False,True,False,True,False
100.0,2024-02-01,2024-02-01,28.85,3.29,11.03,10.43,41.59,90.0,298.63,-0.46,4.0,False,True,False,False,False,True,False,False,False,False,False,False,True,False,False,False,False,True,False,False,False,False,False,True,False,False,True
85.0,2024-02-01,2024-02-01,76.58,2.68,41.12,21.32,31.36,93.56,233.21,14.09,1.0,False,True,False,False,False,False,False,False,True,False,False,False,True,False,False,False,False,False,False,True,False,False,False,True,False,False,True
50.0,2024-02-01,2024-02-01,74.13,2.19,47.82,11.35,71.9,99.36,151.07,18.24,6.0,False,False,True,False,False,False,False,False,True,False,False,True,False,False,False,False,False,True,False,False,False,False,True,False,False,False,True
100.0,2024-02-01,2024-02-01,73.81,2.37,10.58,5.31,53.17,92.16,126.4,25.04,4.0,False,False,True,False,False,False,False,False,False,True,True,False,False,False,False,False,False,True,False,False,False,True,False,False,True,False,False
50.0,2024-02-01,2024-02-01,35.03,1.74,22.03,28.81,26.28,59.2,208.48,-8.71,2.0,False,False,False,True,False,True,False,False,False,False,False,True,False,False,False,False,False,False,True,False,False,False,True,False,False,False,True
62.0,2024-02-01,2024-02-01,42.69,2.2,10.6,15.11,64.48,60.64,172.64,39.37,7.0,True,False,False,False,False,False,False,False,True,False,False,True,False,False,False,False,False,False,True,False,False,True,False,False,False,False,True
85.0,2024-02-01,2024-02-01,35.9,1.77,12.51,20.25,16.49,53.08,150.28,15.06,4.0,False,False,False,True,False,False,False,True,False,False,False,False,False,True,False,False,False,False,True,False,False,False,True,False,False,False,True
62.0,2024-02-01,2024-02-02,48.33,2.15,14.81,15.3,56.27,65.99,229.18,18.03,4.0,False,False,True,False,False,False,False,False,True,False,False,False,True,False,False,False,False,False,False,False,True,False,True,False,False,True,False
75.0,2024-02-02,2024-02-02,53.71,1.69,23.73,30.14,15.9,58.17,152.26,-6.37,7.0,False,False,True,False,False,True,False,False,False,False,False,False,False,True,False,False,True,False,False,False,False,False,True,False,False,True,False
75.0,2024-02-02,2024-02-02,15.56,0.76,44.45,28.84,83.2,61.22,243.83,25.9,1.0,False,False,False,False,True,False,True,False,False,False,False,False,True,False,False,True,False,False,False,False,False,False,False,True,True,False,False
50.0,2024-02-02,2024-02-02,40.74,2.53,9.87,36.57,33.93,67.7,119.1,13.55,0.0,False,False,True,False,False,False,True,False,False,False,False,False,False,True,True,False,False,False,False,False,False,True,False,False,False,False,True
62.0,2024-02-02,2024-02-02,11.58,3.62,9.63,5.78,26.11,71.4,157.61,36.04,1.0,False,False,False,False,True,False,False,False,False,True,False,False,False,True,False,False,True,False,False,False,False,False,True,False,False,False,True
75.0,2024-02-02,2024-02-02,39.68,5.45254316916102,43.12,15.3,71.93,57.05,14.59,-8.63,2.0,True,False,False,False,False,True,False,False,False,False,False,False,False,True,True,False,False,False,False,False,False,False,False,True,False,False,True
100.0,2024-02-02,2024-02-02,5.76,1.59,10.88,25.17,65.91,52.24,18.71,11.11,3.0,False,False,False,True,False,False,False,False,True,False,True,False,False,False,False,False,False,True,False,False,False,False,True,False,False,False,True
50.0,2024-02-02,2024-02-02,54.49,1.61,25.6,11.3,67.91,54.64,71.13,4.67,1.0,False,False,False,True,False,False,False,False,True,False,False,False,False,True,False,False,True,False,False,False,False,False,False,True,False,False,True
62.0,2024-02-02,2024-02-02,20.52,3.65,27.17,13.37,83.59,126.38347784460416,286.44,22.48,5.0,False,False,False,False,True,False,True,False,False,False,True,False,False,False,False,False,False,False,False,True,False,False,True,False,False,False,True
62.0,2024-02-02,2024-02-02,13.59,3.52,40.81,37.9,67.8,58.53,103.52,4.53,7.0,False,False,False,True,False,False,True,False,False,False,False,False,False,True,False,True,False,False,False,False,False,True,False,False,False,True,False
50.0,2024-02-02,2024-02-02,19.98,2.29,35.9,22.64,73.29,58.58,299.46,14.43,2.0,False,False,True,False,False,False,False,True,False,False,False,False,True,False,False,True,False,False,False,False,False,True,False,False,True,False,False
50.0,2024-02-02,2024-02-02,73.37,3.02,45.51,11.87,62.53,62.34,180.45,7.72,4.0,False,True,False,False,False,False,True,False,False,False,True,False,False,False,False,False,False,False,False,False,True,False,True,False,False,True,False
75.0,2024-02-02,2024-02-02,75.62,3.74,37.18,17.8,87.25,76.17,75.65,6.21,6.0,False,False,False,False,True,False,False,True,False,False,False,False,True,False,False,False,True,False,False,False,False,False,True,False,False,True,False
64.77,2024-02-02,2024-02-02,15.57,1.22,49.64,18.55,54.12,58.53,31.6,35.7,6.0,False,False,False,True,False,False,False,False,True,False,False,False,True,False,False,False,False,False,True,False,False,False,True,False,False,True,False
50.0,2024-02-02,2024-02-02,36.63,0.97,17.5,31.16,35.98,56.84,59.1,-1.76,5.0,False,False,False,False,True,False,False,True,False,False,False,False,True,False,False,True,False,False,False,False,False,False,True,False,True,False,False
50.0,2024-02-02,2024-02-02,6.31,2.8,21.85,23.88,89.79,83.85,179.09,10.36,2.0,False,False,False,False,True,False,False,True,False,False,True,False,False,False,False,False,True,False,False,False,False,False,False,True,False,False,True
50.0,2024-02-02,2024-02-02,52.18,2.88,37.91,13.0,12.06,75.36,259.57,-2.66,3.0,False,True,False,False,False,False,False,False,False,True,False,True,False,False,False,False,False,False,True,False,False,True,False,False,True,False,False
75.0,2024-02-02,2024-02-02,42.69,1.77,29.84,36.89,41.5,54.94,38.02,5.46,6.0,False,False,True,False,False,False,True,False,False,False,True,False,False,False,False,False,False,False,False,False,True,False,False,True,False,True,False
61.46,2024-02-02,2024-02-02,17.22,0.96,47.75,15.18,53.67,76.2,20.49,20.02,1.0,False,False,False,False,True,False,False,True,False,False,False,True,False,False,False,False,False,True,False,False,False,True,False,False,False,True,False
50.0,2024-02-02,2024-02-02,48.15,2.87,15.52,31.84,16.54,99.98,33.09,32.23,0.0,False,False,False,True,False,False,False,False,True,False,True,False,False,False,False,False,False,True,False,False,False,False,True,False,False,True,False
62.0,2024-02-02,2024-02-02,25.12,1.01,32.09,14.44,58.39,93.65,272.29,-6.05,3.0,True,False,False,False,False,True,False,False,False,False,False,False,False,True,False,False,True,False,False,False,False,True,False,False,False,True,False
85.0,2024-02-02,2024-02-02,67.9,0.84,41.07,25.57,45.58,87.8,120.37,25.59,1.0,False,False,False,False,True,False,False,True,False,False,False,True,False,False,False,False,True,False,False,False,False,False,True,False,False,False,True
85.0,2024-02-02,2024-02-02,43.25,3.21,19.28,13.37,16.43,85.24,156.2,27.82,1.0,False,False,False,False,True,False,True,False,False,False,False,False,False,True,False,False,False,False,False,True,False,False,True,False,False,True,False
62.0,2024-02-02,2024-02-03,62.62,1.82,19.79,16.79,84.03,92.44,209.63,21.45,3.0,False,True,False,False,False,False,False,False,False,True,False,True,False,False,False,False,True,False,False,False,False,False,False,True,False,True,False
85.0,2024-02-02,2024-02-02,43.83,3.13,41.84,58.75,37.69,77.13,29.94,33.55,7.0,False,False,True,False,False,False,False,False,True,False,True,False,False,False,False,False,False,False,False,True,False,True,False,False,False,False,True
100.0,2024-02-03,2024-02-03,31.19,1.86,11.58,17.26,69.86,23.89999185236553,18.85,28.33,6.0,True,False,False,False,False,False,False,False,False,True,True,False,False,False,False,False,False,False,True,False,False,False,False,True,False,True,False
75.0,2024-02-03,2024-02-03,74.83,1.4,43.13,26.22,23.73,53.81,238.74,30.96,3.04,False,False,False,True,False,True,False,False,False,False,False,True,False,False,False,False,False,True,False,False,False,False,False,True,False,False,True
85.0,2024-02-03,2024-02-03,42.69,1.68,9.43,22.95,15.0,66.92,0.86,25.36,7.0,True,False,False,False,False,False,False,True,False,False,False,False,False,True,False,False,False,False,True,False,False,False,False,True,True,False,False
75.0,2024-02-03,2024-02-03,78.9,1.23,30.75,7.26,62.09,80.77,73.61,16.52,4.0,False,False,False,True,False,False,False,True,False,False,False,False,True,False,False,False,False,True,False,False,False,False,False,True,False,False,True
62.0,2024-02-03,2024-02-03,10.24,1.39,29.22,34.65,14.96,70.51,295.92,18.15,3.0,False,False,True,False,False,False,True,False,False,False,False,True,False,False,False,False,False,True,False,False,False,True,False,False,False,True,False
85.0,2024-02-03,2024-02-03,5.14,2.0,9.23,21.49,83.67,80.52,66.52,8.64,0.0,False,False,False,True,False,False,False,True,False,False,False,True,False,False,False,True,False,False,False,False,False,True,False,False,False,False,True
50.0,2024-02-03,2024-02-03,59.92,3.75,30.43,14.12,41.64,95.01,239.16,7.18,7.0,False,True,False,False,False,False,False,False,True,False,False,False,False,True,False,False,False,False,False,False,True,False,False,True,False,True,False
62.0,2024-02-03,2024-02-03,8.35,3.43,34.72,35.66,13.14,97.26,42.55,2.82,7.0,False,True,False,False,False,True,False,False,False,False,False,False,True,False,False,False,False,False,False,True,False,True,False,False,False,True,False
58.37,2024-02-03,2024-02-03,40.76,0.94,41.33,24.91,57.81,87.27,196.51,35.55,3.0,False,True,False,False,False,False,False,False,False,True,False,True,False,False,False,False,False,True,False,False,False,False,True,False,True,False,False
85.0,2024-02-03,2024-02-03,18.89,1.42,17.01,28.24,54.31,57.66,73.26,32.95,2.0,False,True,False,False,False,True,False,False,False,False,False,False,True,False,False,True,False,False,False,False,False,True,False,False,False,True,False
50.0,2024-02-03,2024-02-03,42.8,2.34,33.79,12.78,67.95,57.87,17.76,12.92,3.0,True,False,False,False,False,False,False,True,False,False,False,False,True,False,True,False,False,False,False,False,False,False,False,True,False,True,False
62.0,2024-02-03,2024-02-03,12.81,2.59,27.38,29.64,66.46,68.41,251.17,22.61,1.0,False,False,True,False,False,False,False,False,False,True,True,False,False,False,False,True,False,False,False,False,False,False,True,False,False,True,False
75.0,2024-02-03,2024-02-03,8.92,1.56,16.24,8.64,16.99,55.83,15.21,9.11,1.21,False,False,False,True,False,False,True,False,False,False,False,False,False,True,False,False,False,False,True,False,False,False,True,False,False,False,True
62.0,2024-02-03,2024-02-03,0.12,1.46,45.58,37.71,86.31,77.2,66.36,30.19,2.0,False,False,False,True,False,True,False,False,False,False,False,True,False,False,True,False,False,False,False,False,False,False,True,False,False,True,False
62.0,2024-02-03,2024-02-03,10.91,1.98,20.99,15.14,85.05,65.39,256.6,31.63,5.0,False,True,False,False,False,False,False,False,False,True,False,True,False,False,False,True,False,False,False,False,False,False,True,False,False,True,False
75.0,2024-02-03,2024-02-03,7.86,3.36,4.83,36.51,81.87,96.13,284.65,23.7,0.0,False,True,False,False,False,False,False,False,False,True,False,False,True,False,False,False,True,False,False,False,False,False,True,False,False,True,False
75.0,2024-02-03,2024-02-03,70.17,3.83,12.96,13.92,11.95,52.68,155.73,1.5,3.29,False,False,False,False,True,False,False,False,False,True,False,True,False,False,False,False,False,False,False,False,True,False,False,True,True,False,False
62.0,2024-02-03,2024-02-03,15.19,2.73,13.08,26.15,11.88,59.53,252.85,37.0,2.0,False,False,True,False,False,False,False,False,True,False,False,False,True,False,False,False,False,False,False,True,False,False,False,True,True,False,False
85.0,2024-02-03,2024-02-03,77.86,0.71,30.14,37.13,63.1,66.61,20.66,0.79,0.0,True,False,False,False,False,True,False,False,False,False,False,True,False,False,False,False,True,False,False,False,False,False,True,False,False,False,True
62.0,2024-02-03,2024-02-03,37.19,1.23,3.86,17.77,49.07,85.1,269.15,19.86,0.09,False,False,False,True,False,False,False,False,False,True,False,False,False,True,True,False,False,False,False,False,False,False,False,True,True,False,False
62.0,2024-02-03,2024-02-03,25.71,2.31,32.62,29.45,37.09,84.74,190.28,8.01,5.0,False,False,False,False,True,True,False,False,False,False,False,True,False,False,False,False,False,True,False,False,False,True,False,False,True,False,False
50.0,2024-02-03,2024-02-04,9.09,2.01,14.09,16.95,50.01,64.81,278.43,-8.98,5.0,False,False,False,False,True,False,False,False,False,True,False,False,True,False,False,False,False,False,False,False,True,False,False,True,False,False,True
75.0,2024-02-03,2024-02-04,27.0,3.44,46.41,38.53,88.18,61.44,298.87,8.77,2.0,False,False,False,True,False,False,True,False,False,False,False,False,True,False,False,False,False,True,False,False,False,True,False,False,True,False,False
50.0,2024-02-03,2024-02-04,6.66,4.11,10.89,30.9,83.28,65.01,152.26,20.52,6.0,True,False,False,False,False,False,True,False,False,False,False,True,False,False,False,True,False,False,False,False,False,False,False,True,False,True,False
100.0,2024-02-04,2024-02-04,53.65,3.41,47.29,14.67,21.46,98.16,292.87,12.03,2.0,False,False,False,False,True,False,True,False,False,False,False,True,False,False,False,False,True,False,False,False,False,True,False,False,False,True,False
85.0,2024-02-04,2024-02-04,40.66,3.38,49.92,38.45,73.71,55.68,189.6,8.45,0.0,False,False,False,False,True,False,False,True,False,False,False,False,True,False,False,False,False,False,True,False,False,True,False,False,False,True,False
100.0,2024-02-04,2024-02-04,71.16,1.2,44.74,23.7,48.96,92.57,287.06,3.71,3.73,False,False,True,False,False,False,False,False,False,True,True,False,False,False,False,False,False,False,True,False,False,False,True,False,True,False,False
85.0,2024-02-04,2024-02-04,16.11,1.06,22.46,25.8,67.72,53.72,75.5,-7.66,4.0,True,False,False,False,False,False,False,True,False,False,True,False,False,False,False,False,False,False,False,False,True,False,False,True,False,False,True
47.6,2024-02-04,2024-02-04,58.91,2.28,23.38,9.75,30.45,52.12,138.88,-8.6,1.0,False,False,False,False,True,True,False,False,False,False,False,True,False,False,False,False,False,False,True,False,False,False,True,False,True,False,False
100.0,2024-02-04,2024-02-04,8.75,3.14,11.6,5.04,53.36,91.29,49.68,4.85,0.0,True,False,False,False,False,False,False,True,False,False,False,False,False,True,False,False,False,False,False,True,False,True,False,False,False,False,True
100.0,2024-02-04,2024-02-04,31.89,1.39,39.84,21.15,23.17,56.49,124.72,15.85,4.0,False,False,False,True,False,True,False,False,False,False,False,True,False,False,False,False,False,True,False,False,False,False,False,True,False,True,False
50.0,2024-02-04,2024-02-04,64.04,0.53,46.35,38.26,10.96,99.44,200.64,29.88,0.0,False,True,False,False,False,True,False,False,False,False,False,False,False,True,False,False,False,False,False,False,True,False,False,True,False,False,True
100.0,2024-02-04,2024-02-04,56.05,2.49,19.01,13.47,37.92,97.56,152.26,12.44,7.0,False,False,False,False,True,True,False,False,False,False,False,True,False,False,False,False,False,False,False,False,True,False,True,False,False,True,False
62.0,2024-02-04,2024-02-04,10.32,2.35,18.57,25.09,86.6,83.45,87.14,33.27,3.0,False,False,True,False,False,False,False,True,False,False,False,False,True,False,False,False,False,False,True,False,False,False,False,True,True,False,False
100.0,2024-02-04,2024-02-04,72.8,3.68,15.44,19.06,85.32,90.17,172.53,24.18,5.0,False,False,False,True,False,False,False,False,False,True,False,True,False,False,False,False,False,False,False,False,True,False,False,True,True,False,False
85.0,2024-02-04,2024-02-04,67.89,1.95,30.13,9.41,32.61,58.44,249.54,16.01,3.0,True,False,False,False,False,False,False,True,False,False,False,False,False,True,False,True,False,False,False,False,False,False,False,True,False,False,True
75.0,2024-02-04,2024-02-04,41.25,2.83,32.95,34.56,18.35,50.6,154.35,3.22,5.0,False,False,False,True,False,False,False,False,False,True,False,False,False,True,True,False,False,False,False,False,False,True,False,False,True,False,False
100.0,2024-02-04,2024-02-04,35.02,0.92,32.09,8.52,15.99,91.81,120.73,14.62,4.79,False,False,False,False,True,False,False,False,False,True,False,True,False,False,False,False,True,False,False,False,False,False,True,False,False,False,True
100.0,2024-02-04,2024-02-04,54.91,2.04,7.6,32.22,40.23,86.3,57.95,2.77,1.0,True,False,False,False,False,True,False,False,False,False,False,True,False,False,True,False,False,False,False,False,False,True,False,False,True,False,False
75.0,2024-02-04,2024-02-04,51.02,3.03,45.8,39.13,50.76,61.77,270.62,11.01,1.0,False,True,False,False,False,False,False,True,False,False,True,False,False,False,False,False,False,True,False,False,False,False,True,False,True,False,False
12.653970752827462,2024-02-04,2024-02-04,62.63,0.67,9.04,17.68,14.34,94.94,288.55,47.32,0.0,False,False,False,True,False,False,False,False,False,True,False,True,False,False,False,False,True,False,False,False,False,True,False,False,True,False,False
105.29,2024-02-04,2024-02-04,42.69,1.85,8.13,37.22,45.28,23.89999185236553,276.56,-0.27,6.0,False,False,False,False,True,False,True,False,False,False,False,True,False,False,False,False,False,False,True,False,False,True,False,False,False,False,True
62.0,2024-02-04,2024-02-04,42.22,2.32,35.75,22.33,79.82,51.08,258.22,18.58,1.0,False,False,True,False,False,False,False,False,False,True,False,False,True,False,False,False,False,False,False,True,False,True,False,False,False,False,True
136.41540803505134,2024-02-04,2024-02-04,60.08,2.08,46.15,17.11,37.69,93.8,221.9,-10.72,6.0,True,False,False,False,False,False,True,False,False,False,False,False,False,True,False,False,False,False,False,True,False,True,False,False,False,False,True
100.0,2024-02-04,2024-02-04,47.2,4.15,43.11,28.56,36.35,90.26,85.6,37.58,5.0,False,False,False,True,False,False,False,True,False,False,True,False,False,False,False,False,False,False,True,False,False,False,True,False,True,False,False
50.0,2024-02-04,2024-02-05,58.56,2.34,18.58,9.84,52.13,62.52,70.4,-2.28,7.0,False,False,False,True,False,False,False,True,False,False,False,False,True,False,False,False,False,True,False,False,False,False,False,True,False,True,False
75.0,2024-02-04,2024-02-05,18.53,2.34,6.35,18.27,49.89,52.11,187.58,38.79,1.0,False,True,False,False,False,False,False,True,False,False,False,True,False,False,False,False,False,False,True,False,False,False,True,False,False,False,True
75.0,2024-02-04,2024-02-05,20.03,1.83,41.62,28.41,20.45,35.97,190.8,25.26,4.0,False,True,False,False,False,False,False,False,False,True,False,False,False,True,False,False,False,False,False,False,True,False,False,True,False,True,False
75.0,2024-02-05,2024-02-05,61.12,0.86,25.6,29.08,68.06,73.87,95.81,1.52,7.0,False,False,True,False,False,False,False,False,True,False,False,True,False,False,False,False,False,False,False,True,False,False,True,False,False,False,True
100.0,2024-02-05,2024-02-05,48.0,2.69,39.15,10.68,54.79,78.98,292.7,17.59,2.0,False,False,True,False,False,False,False,False,False,True,False,True,False,False,True,False,False,False,False,False,False,False,True,False,False,False,True
100.0,2024-02-05,2024-02-05,60.7,3.07,8.36,38.67,51.67,69.69,156.64,50.54,6.0,False,False,False,False,True,False,False,False,False,True,False,True,False,False,False,False,False,False,True,False,False,False,True,False,False,True,False
50.0,2024-02-05,2024-02-05,35.84,0.58,8.06,9.08,22.81,94.52,219.1,-9.08,6.81,False,False,False,False,True,True,False,False,False,False,False,True,False,False,False,False,False,True,False,False,False,False,True,False,False,True,False
75.0,2024-02-05,2024-02-05,77.26,2.94,25.6,28.1,52.2,54.65,128.63,18.92,1.0,False,False,True,False,False,True,False,False,False,False,False,False,False,True,False,False,False,True,False,False,False,True,False,False,True,False,False
75.0,2024-02-05,2024-02-05,44.88,1.68,9.77,9.1,62.89,65.65,245.36,22.97,4.06,False,False,True,False,False,False,False,False,False,True,False,False,True,False,True,False,False,False,False,False,False,False,True,False,False,True,False
75.0,2024-02-05,2024-02-05,61.57,3.71,41.32,8.42,17.25,58.88,279.52,-2.21,1.0,True,False,False,False,False,False,True,False,False,False,False,True,False,False,False,False,True,False,False,False,False,False,True,False,False,False,True
50.0,2024-02-05,2024-02-05,24.8,3.82,36.22,14.31,20.94,31.8,51.64,23.35,7.0,False,True,False,False,False,True,False,False,False,False,False,True,False,False,True,False,False,False,False,False,False,False,False,True,False,True,False
62.0,2024-02-05,2024-02-05,73.08,5.45254316916102,8.46,37.45,36.79,95.09,228.32,-0.41,2.0,False,False,False,False,True,False,False,False,False,True,True,False,False,False,False,False,False,True,False,False,False,True,False,False,False,True,False
85.0,2024-02-05,2024-02-05,6.54,1.71,13.42,14.0,61.58,77.78,152.26,36.79,2.0,False,True,False,False,False,False,False,False,True,False,True,False,False,False,False,False,False,False,False,True,False,True,False,False,False,True,False
62.0,2024-02-05,2024-02-05,22.57,2.96,25.29,22.22,51.55,74.14,49.08,24.41,0.0,False,True,False,False,False,False,True,False,False,False,False,False,False,True,False,False,True,False,False,False,False,False,True,False,False,True,False
96.61,2024-02-05,2024-02-05,56.52,3.0,47.83,38.13,58.11,83.74,31.2,59.75717528575633,0.0,False,False,True,False,False,False,False,True,False,False,False,True,False,False,True,False,False,False,False,False,False,False,True,False,True,False,False
75.0,2024-02-05,2024-02-05,42.69,3.1,5.17,14.67,13.24,59.17,280.32,17.79,1.0,True,False,False,False,False,False,False,False,False,True,False,True,False,False,False,False,False,False,False,False,True,True,False,False,False,False,True
85.0,2024-02-05,2024-02-05,76.45,2.27,20.55,11.35,18.76,62.33,42.62,32.61,3.0,False,False,False,True,False,False,False,False,False,True,False,True,False,False,False,False,False,False,False,False,True,True,False,False,False,False,True
62.0,2024-02-05,2024-02-05,51.49,3.91,35.22,21.38,62.12,81.29,32.48,-4.12,5.0,True,False,False,False,False,False,True,False,False,False,False,False,False,True,False,False,False,False,False,True,False,False,True,False,False,False,True
100.0,2024-02-05,2024-02-05,55.78,1.28,5.59,8.05,50.34,86.23,50.91,15.81,1.0,True,False,False,False,False,True,False,False,False,False,False,False,False,True,False,False,False,False,False,False,True,False,True,False,True,False,False
62.0,2024-02-05,2024-02-05,67.78,5.21,9.8,38.0,79.17,75.99,28.58,-10.66,2.0,False,True,False,False,False,True,False,False,False,False,False,True,False,False,False,False,False,False,True,False,False,False,True,False,False,True,False
73.85,2024-02-05,2024-02-05,37.06,1.68,7.32,38.65,34.22,63.35,23.62,5.66,7.0,True,False,False,False,False,True,False,False,False,False,False,True,False,False,False,False,True,False,False,False,False,False,False,True,False,False,True
50.0,2024-02-05,2024-02-05,40.27,2.78,7.68,14.4,25.04,23.89999185236553,202.21,7.7,3.0,False,False,False,False,True,False,False,True,False,False,False,False,False,True,False,False,False,False,False,True,False,True,False,False,False,False,True
75.0,2024-02-05,2024-02-05,44.77,0.64,20.59,29.61,64.11,90.55,168.53,24.26,2.0,False,True,False,False,False,False,True,False,False,False,False,True,False,False,False,False,True,False,False,False,False,False,False,True,False,True,False
75.0,2024-02-05,2024-02-05,38.21,1.89,35.89,22.23,88.26,73.26,239.29,3.06,6.0,False,False,False,False,True,False,True,False,False,False,False,False,True,False,False,False,False,True,False,False,False,True,False,False,False,False,True
53.97,2024-02-05,2024-02-06,65.12,2.43,12.31,14.96,10.43,107.09,256.21,16.4,7.0,False,False,False,True,False,True,False,False,False,False,False,False,True,False,True,False,False,False,False,False,False,True,False,False,False,True,False
50.0,2024-02-05,2024-02-05,64.0,3.45,30.23,29.53,25.46,89.74,220.64,38.35,0.0,False,True,False,False,False,True,False,False,False,False,False,False,False,True,False,False,False,False,True,False,False,True,False,False,True,False,False
85.0,2024-02-05,2024-02-06,5.01,1.01,46.88,24.11,12.62,93.11,139.94,1.6,1.0,False,False,False,True,False,False,False,False,True,False,False,False,True,False,False,False,False,False,False,True,False,True,False,False,False,False,True
85.0,2024-02-06,2024-02-06,49.98,1.44,25.6,34.37,60.08,76.74,152.26,2.01,3.0,False,True,False,False,False,False,False,False,True,False,True,False,False,False,True,False,False,False,False,False,False,True,False,False,False,False,True
100.0,2024-02-06,2024-02-06,42.69,0.6,25.6,21.59,56.46,119.98,110.22,4.14,0.0,False,False,True,False,False,False,False,False,False,True,False,True,False,False,True,False,False,False,False,False,False,False,True,False,False,True,False
62.0,2024-02-06,2024-02-06,74.94,1.5,14.43,38.3,58.89,55.66,22.0,27.28,4.0,True,False,False,False,False,False,False,False,False,True,True,False,False,False,True,False,False,False,False,False,False,False,False,True,True,False,False
75.0,2024-02-06,2024-02-06,40.26,1.44,17.95,18.66,28.84,85.28,61.05,31.6,6.0,False,False,True,False,False,False,True,False,False,False,True,False,False,False,True,False,False,False,False,False,False,False,False,True,False,False,True
62.0,2024-02-06,2024-02-06,51.2,1.45,45.19,39.2,75.56,56.57,129.49,15.65,0.0,False,False,False,True,False,False,True,False,False,False,True,False,False,False,True,False,False,False,False,False,False,True,False,False,False,True,False
85.0,2024-02-06,2024-02-06,54.88,3.04,15.01,31.99,88.51,94.47,139.54,2.59,5.0,True,False,False,False,False,False,False,True,False,False,False,False,True,False,False,False,False,False,False,True,False,False,False,True,True,False,False
85.0,2024-02-06,2024-02-06,50.62,3.76,34.85,28.05,21.38,58.17,152.26,-7.01,0.0,False,True,False,False,False,False,False,True,False,False,False,True,False,False,False,False,False,False,False,False,True,False,False,True,False,True,False
100.0,2024-02-06,2024-02-06,55.66,1.68,30.4,31.64,11.01,59.82,179.43,16.05,2.0,True,False,False,False,False,False,False,False,True,False,False,True,False,False,True,False,False,False,False,False,False,False,True,False,False,False,True
85.0,2024-02-06,2024-02-06,48.76,2.52,34.48,11.65,18.66,51.65,182.12,30.58,5.0,False,False,False,False,True,False,False,False,False,True,False,False,False,True,False,False,False,True,False,False,False,True,False,False,False,False,True
85.0,2024-02-06,2024-02-06,72.96,2.92,29.99,20.52,40.21,62.27,256.27,12.99,3.0,True,False,False,False,False,False,False,False,True,False,True,False,False,False,False,False,False,True,False,False,False,False,True,False,False,False,True
62.0,2024-02-06,2024-02-06,58.11,2.57,43.48,36.44,74.64,59.83,293.12,24.13,3.0,False,False,False,False,True,False,False,False,True,False,False,False,True,False,False,False,False,False,True,False,False,False,False,True,False,True,False
62.0,2024-02-06,2024-02-06,56.52,2.3,12.89,9.43,31.17,68.26,114.19,19.1,1.0,True,False,False,False,False,False,False,False,False,True,True,False,False,False,False,False,False,False,False,True,False,True,False,False,True,False,False
100.0,2024-02-06,2024-02-06,42.69,2.62,47.98,20.98,42.92,93.85,244.86,8.96,0.0,False,False,False,False,True,False,False,True,False,False,True,False,False,False,False,True,False,False,False,False,False,True,False,False,False,False,True
26.14,2024-02-06,2024-02-06,28.78,0.77,7.45,27.52,27.24,95.0,162.47,5.29,7.0,False,False,False,True,False,False,False,False,False,True,False,True,False,False,False,False,False,False,False,False,True,True,False,False,False,False,True
50.0,2024-02-06,2024-02-06,9.05,1.97,40.91,25.27,86.32,82.65,286.84,37.04,3.0,False,False,True,False,False,True,False,False,False,False,False,False,False,True,False,False,False,False,True,False,False,True,False,False,False,True,False
62.0,2024-02-06,2024-02-06,51.09,0.95,25.84,7.18,44.7,82.63,121.44,16.95,0.0,False,True,False,False,False,True,False,False,False,False,False,False,True,False,False,False,False,True,False,False,False,True,False,False,False,False,True
62.0,2024-02-06,2024-02-06,36.26,2.01,38.15,35.15,58.32,67.01,85.38,-0.5,1.0,True,False,False,False,False,True,False,False,False,False,False,True,False,False,True,False,False,False,False,False,False,True,False,False,False,True,False
62.0,2024-02-06,2024-02-06,77.45,3.31,29.41,5.69,80.65,90.09,238.87,2.25,4.0,False,False,True,False,False,False,True,False,False,False,True,False,False,False,False,False,False,False,False,True,False,False,True,False,False,False,True
62.0,2024-02-06,2024-02-06,68.22,0.89,14.88,17.27,38.04,62.46,221.38,1.82,4.0,False,True,False,False,False,False,False,True,False,False,False,True,False,False,False,False,False,False,False,True,False,False,True,False,True,False,False
100.0,2024-02-06,2024-02-06,57.68,2.88,46.31,33.67,67.46,64.98,124.08,3.26,0.0,False,True,False,False,False,False,False,True,False,False,True,False,False,False,True,False,False,False,False,False,False,False,False,True,False,False,True
88.87,2024-02-06,2024-02-06,20.17,2.45,40.42,37.26,31.56,97.83,96.25,2.84,2.0,False,False,False,False,True,False,True,False,False,False,False,False,True,False,False,False,False,True,False,False,False,True,False,False,False,True,False
100.0,2024-02-06,2024-02-07,78.17,2.13,49.0,37.74,37.68,72.05,214.62,-4.14,1.0,False,False,False,True,False,False,False,False,True,False,False,True,False,False,False,False,False,False,True,False,False,True,False,False,False,False,True
85.0,2024-02-06,2024-02-07,76.95,3.44,36.81,35.73,66.79,76.5,36.4,9.26,7.0,False,False,False,True,False,True,False,False,False,False,False,True,False,False,False,False,False,False,False,True,False,False,True,False,False,True,False
50.0,2024-02-06,2024-02-07,62.75,2.07,15.84,33.01,102.58,80.98,152.26,8.27,1.0,False,False,True,False,False,True,False,False,False,False,False,True,False,False,False,False,True,False,False,False,False,False,False,True,False,True,False
85.0,2024-02-07,2024-02-07,47.63,1.55,26.01,18.48,18.16,114.53,59.99,24.22,3.0,False,False,False,True,False,False,False,False,True,False,False,True,False,False,False,False,False,True,False,False,False,False,False,True,False,True,False
100.0,2024-02-07,2024-02-07,51.74,1.36,26.69,16.05,42.49,93.3,252.94,15.61,3.0,True,False,False,False,False,False,False,False,False,True,False,True,False,False,False,False,False,True,False,False,False,True,False,False,True,False,False
75.0,2024-02-07,2024-02-07,41.89,3.74,23.02,26.36,59.32,94.75,88.92,7.81,3.0,False,False,False,True,False,False,False,False,False,True,False,False,True,False,False,False,False,False,False,False,True,False,False,True,True,False,False
85.0,2024-02-07,2024-02-07,71.96,1.66,39.22,26.31,30.7,98.24,263.06,12.97,7.0,False,False,True,False,False,False,False,True,False,False,False,False,False,True,False,False,False,False,True,False,False,False,False,True,False,False,True
100.0,2024-02-07,2024-02-07,39.93,2.71,49.12,20.72,43.61,54.32,327.39,8.66,5.0,False,False,False,True,False,False,True,False,False,False,False,False,True,False,False,False,False,True,False,False,False,True,False,False,False,True,False
85.0,2024-02-07,2024-02-07,30.58,1.01,49.46,22.34,12.87,85.48,260.14,19.09,6.0,True,False,False,False,False,False,False,True,False,False,False,True,False,False,True,False,False,False,False,False,False,True,False,False,True,False,False
75.0,2024-02-07,2024-02-07,73.61,1.38,26.09,25.48,65.82,65.55,152.26,-0.78,1.0,False,False,False,False,True,False,False,False,False,True,True,False,False,False,False,False,False,True,False,False,False,True,False,False,False,True,False
100.0,2024-02-07,2024-02-07,14.11,0.94,26.4,13.57,38.22,95.65,152.26,25.19,6.0,False,False,True,False,False,False,False,False,True,False,True,False,False,False,False,False,False,False,True,False,False,False,True,False,False,False,True
50.0,2024-02-07,2024-02-07,38.96,2.43,28.44,10.64,73.11,70.34,77.42,-0.23,6.0,False,False,False,False,True,False,False,True,False,False,False,True,False,False,False,False,True,False,False,False,False,True,False,False,False,True,False
62.0,2024-02-07,2024-02-07,60.72,2.19,18.49,20.47,35.27,59.63,84.03,2.39,0.0,False,False,False,False,True,True,False,False,False,False,False,False,False,True,False,False,False,True,False,False,False,False,False,True,True,False,False
50.0,2024-02-07,2024-02-07,79.28,3.89,21.28,38.07,69.27,57.64,11.6,38.03,2.0,False,False,False,False,True,True,False,False,False,False,False,True,False,False,False,False,False,False,True,False,False,False,True,False,True,False,False
100.0,2024-02-07,2024-02-07,30.28,1.79,9.9,15.67,89.57,60.3,214.47,31.55,4.0,False,True,False,False,False,False,False,False,True,False,False,False,True,False,False,False,False,True,False,False,False,False,False,True,False,True,False
50.0,2024-02-07,2024-02-07,42.69,1.63,25.6,13.49,60.9,80.19,191.69,-5.79,2.0,False,True,False,False,False,False,False,False,False,True,False,False,False,True,False,True,False,False,False,False,False,False,True,False,False,True,False
85.0,2024-02-07,2024-02-07,50.92,2.75,43.41,30.01,15.91,82.34,120.88,12.46,4.0,False,False,False,False,True,True,False,False,False,False,False,False,False,True,True,False,False,False,False,False,False,True,False,False,False,True,False
100.0,2024-02-07,2024-02-07,58.92,2.2,33.53,18.01,40.21,58.33,95.64,4.84,2.0,False,False,True,False,False,True,False,False,False,False,False,False,True,False,False,False,False,False,False,False,True,False,False,True,False,True,False
50.0,2024-02-07,2024-02-07,6.27,5.45254316916102,25.6,7.74,65.99,126.38347784460416,151.08,25.07,1.0,True,False,False,False,False,False,True,False,False,False,False,False,False,True,True,False,False,False,False,False,False,False,True,False,False,True,False
85.0,2024-02-07,2024-02-07,13.09,0.75,31.91,26.6,54.26,53.8,272.2,14.52,4.0,True,False,False,False,False,False,False,True,False,False,False,True,False,False,False,True,False,False,False,False,False,False,False,True,False,True,False
50.0,2024-02-07,2024-02-07,31.1,0.99,40.14,19.36,55.59,99.51,10.93,13.78,0.0,False,False,False,True,False,False,False,False,False,True,False,True,False,False,True,False,False,False,False,False,False,True,False,False,False,False,True
43.72,2024-02-07,2024-02-07,42.69,2.3,21.69,8.6,46.2,85.31,152.26,26.44,2.0,False,False,True,False,False,False,False,True,False,False,True,False,False,False,True,False,False,False,False,False,False,False,True,False,False,False,True
75.0,2024-02-07,2024-02-07,27.69,1.4,47.33,7.23,27.04,65.83,32.83,19.27,6.0,False,True,False,False,False,False,False,False,False,True,False,False,True,False,False,False,False,False,False,False,True,False,False,True,True,False,False
100.0,2024-02-07,2024-02-07,50.51,2.23,19.09,11.06,12.87,50.66,121.1,29.29,2.0,False,False,False,False,True,True,False,False,False,False,False,False,False,True,False,True,False,False,False,False,False,False,True,False,False,True,False
62.0,2024-02-07,2024-02-07,20.85,1.5,26.58,15.77,61.83,85.04,139.37,-2.38,4.0,False,False,False,True,False,False,True,False,False,False,False,False,False,True,True,False,False,False,False,False,False,True,False,False,False,False,True
100.0,2024-02-07,2024-02-08,45.62,0.91,36.53,36.95,55.56,94.0,152.26,33.5,6.0,True,False,False,False,False,False,False,True,False,False,False,False,False,True,False,False,True,False,False,False,False,False,True,False,False,True,False
58.34,2024-02-07,2024-02-08,39.69,1.4,4.32,13.12,37.05,86.27,103.75,4.34,6.0,False,True,False,False,False,True,False,False,False,False,False,True,False,False,False,False,False,True,False,False,False,False,True,False,True,False,False
50.0,2024-02-08,2024-02-08,6.82,3.06,17.69,22.37,21.39,50.86,244.39,37.49,3.0,False,True,False,False,False,False,False,False,False,True,False,False,True,False,True,False,False,False,False,False,False,False,False,True,False,False,True
50.0,2024-02-08,2024-02-08,55.17,2.29,8.4,10.73,40.12,67.16,186.42,34.59,7.0,False,False,False,False,True,False,False,True,False,False,False,True,False,False,False,False,False,False,False,True,False,False,True,False,False,True,False
101.02,2024-02-08,2024-02-08,108.17689631456926,0.71,36.09,32.59,13.8,58.93,145.16,39.54,5.0,True,False,False,False,False,False,False,True,False,False,False,False,False,True,True,False,False,False,False,False,False,True,False,False,False,True,False
85.0,2024-02-08,2024-02-08,60.29,1.85,51.36,34.59,78.96,69.48,113.36,41.89,4.0,False,False,True,False,False,True,False,False,False,False,False,True,False,False,False,False,False,False,False,False,True,False,False,True,False,True,False
76.34,2024-02-08,2024-02-08,16.38,0.86,33.3,13.8,70.55,76.78,193.4,3.32,0.36,False,True,False,False,False,False,False,True,False,False,False,False,False,True,False,False,False,False,False,True,False,False,True,False,False,True,False
50.0,2024-02-08,2024-02-08,37.61,3.44,21.07,32.78,30.6,101.91,14.92,38.34,1.0,False,False,False,False,True,False,True,False,False,False,False,False,False,True,False,False,True,False,False,False,False,True,False,False,False,True,False
100.0,2024-02-08,2024-02-08,38.01,2.83,6.59,7.78,48.29,98.25,233.17,-4.15,1.0,False,False,True,False,False,False,True,False,False,False,False,True,False,False,False,False,False,True,False,False,False,True,False,False,False,True,False
75.0,2024-02-08,2024-02-08,51.89,1.85,29.9,13.05,15.75,57.05,74.53,33.36,3.0,True,False,False,False,False,True,False,False,False,False,False,False,False,True,False,False,True,False,False,False,False,False,True,False,True,False,False
62.0,2024-02-08,2024-02-08,9.89,1.61,40.44,19.35,14.65,62.33,20.02,19.95,0.0,False,True,False,False,False,False,False,False,False,True,False,True,False,False,False,False,True,False,False,False,False,False,True,False,False,True,False
75.0,2024-02-08,2024-02-08,73.63,0.96,40.54,27.4,25.6,50.36,152.26,19.8,2.8,False,False,True,False,False,True,False,False,False,False,True,False,False,False,False,True,False,False,False,False,False,False,False,True,False,True,False
62.0,2024-02-08,2024-02-08,10.34,3.71,25.6,31.69,32.99,84.17,47.54,5.19,7.0,False,False,True,False,False,False,True,False,False,False,False,True,False,False,False,False,True,False,False,False,False,True,False,False,False,False,True
62.0,2024-02-08,2024-02-08,69.11,1.26,27.38,20.79,20.57,63.35,217.31,41.34,7.0,False,False,True,False,False,False,False,False,True,False,True,False,False,False,False,False,False,False,True,False,False,True,False,False,False,True,False
75.0,2024-02-08,2024-02-08,18.31,5.45254316916102,23.92,31.25,14.15,82.2,226.73,13.58,7.0,False,True,False,False,False,False,False,False,True,False,True,False,False,False,False,False,False,False,False,False,True,True,False,False,False,True,False
75.0,2024-02-08,2024-02-08,41.74,2.61,11.14,16.29,26.09,66.72,166.77,19.76,6.0,False,True,False,False,False,False,False,True,False,False,False,True,False,False,False,True,False,False,False,False,False,False,True,False,False,False,True
100.0,2024-02-08,2024-02-08,42.69,2.1,25.34,37.42,67.27,91.48,102.65,18.68,5.75,False,False,False,True,False,False,False,True,False,False,False,False,True,False,False,False,False,False,False,True,False,False,True,False,False,False,True
75.0,2024-02-08,2024-02-08,39.15,1.32,9.94,29.7,14.67,60.12,232.78,32.05,4.0,True,False,False,False,False,False,False,False,True,False,False,False,True,False,False,False,False,False,True,False,False,False,True,False,False,True,False
75.0,2024-02-08,2024-02-08,37.12,0.56,8.69,15.12,39.8,91.68,18.94,-0.54,5.4,False,False,False,False,True,False,True,False,False,False,False,True,False,False,False,True,False,False,False,False,False,False,False,True,True,False,False
100.0,2024-02-08,2024-02-08,35.35,2.11,20.0,60.4,21.96,69.3,81.97,-7.26,2.0,False,False,True,False,False,False,False,True,False,False,False,True,False,False,False,False,False,False,False,False,True,True,False,False,False,False,True
62.0,2024-02-08,2024-02-08,18.03,2.76,20.38,19.46,58.41,126.38347784460416,245.74,4.27,5.0,False,False,False,True,False,True,False,False,False,False,False,False,False,True,False,False,False,False,False,True,False,True,False,False,False,False,True
136.41540803505134,2024-02-08,2024-02-08,42.69,2.4,13.48,40.21,33.29,62.65,144.82,-3.74,0.0,False,False,False,False,True,True,False,False,False,False,False,False,False,True,False,False,False,False,False,False,True,False,True,False,False,True,False
50.0,2024-02-08,2024-02-08,45.66,2.51,40.68,31.63,67.91,65.24,168.81,22.74,6.0,False,False,False,True,False,False,True,False,False,False,False,True,False,False,False,False,False,False,False,False,True,False,False,True,False,False,True
75.0,2024-02-08,2024-02-08,37.97,1.74,4.28,12.13,35.8,64.91,299.76,18.33,1.0,False,True,False,False,False,False,False,True,False,False,False,False,True,False,False,False,False,False,False,True,False,False,False,True,False,True,False
75.0,2024-02-08,2024-02-08,45.39,2.09,10.27,32.86,87.41,87.13,92.58,6.02,3.0,False,False,True,False,False,True,False,False,False,False,False,False,False,True,False,False,True,False,False,False,False,False,False,True,True,False,False
50.0,2024-02-08,2024-02-09,29.98,0.66,7.85,24.38,45.77,71.42,96.13,-0.64,6.0,False,False,False,False,True,False,False,True,False,False,False,False,False,True,True,False,False,False,False,False,False,False,False,True,True,False,False
62.0,2024-02-09,2024-02-09,6.01,2.34,35.13,30.04,23.71,58.83,191.87,4.79,7.0,False,False,False,False,True,False,False,True,False,False,False,False,True,False,False,False,False,False,False,False,True,False,False,True,False,True,False
50.0,2024-02-09,2024-02-09,6.62,2.7,19.76,26.55,24.96,68.64,174.82,28.62,7.0,False,False,False,False,True,True,False,False,False,False,False,True,False,False,False,False,True,False,False,False,False,False,True,False,True,False,False
100.0,2024-02-09,2024-02-09,11.43,1.94,66.91422349904866,16.14,12.43,91.49,166.55,21.35,0.0,False,False,False,False,True,False,False,False,True,False,False,False,True,False,False,False,False,True,False,False,False,False,True,False,False,True,False
12.653970752827462,2024-02-09,2024-02-09,78.94,2.76,16.98,7.87,21.53,54.86,135.61,-9.44,2.06,False,False,False,False,True,True,False,False,False,False,True,False,False,False,False,False,False,False,False,True,False,False,True,False,False,False,True
50.0,2024-02-09,2024-02-09,58.74,2.91,19.94,20.61,19.43,59.52,46.37,-0.0,6.0,False,False,False,True,False,False,True,False,False,False,False,False,False,True,False,False,False,False,False,False,True,True,False,False,False,False,True
62.0,2024-02-09,2024-02-09,68.83,1.62,25.6,39.38,19.29,58.57,137.23,32.8,6.0,False,False,True,False,False,False,False,False,False,True,False,False,False,True,True,False,False,False,False,False,False,False,False,True,False,True,False
75.0,2024-02-09,2024-02-09,59.22,1.6,41.43,33.6,42.3,56.84,222.96,20.42,7.0,False,True,False,False,False,True,False,False,False,False,False,False,False,True,False,False,False,True,False,False,False,False,False,True,False,True,False
75.0,2024-02-09,2024-02-09,40.86,2.54,6.5,35.75,13.96,64.56,33.99,3.31,1.0,False,True,False,False,False,False,False,True,False,False,False,False,True,False,False,False,False,False,False,True,False,True,False,False,False,False,True
62.0,2024-02-09,2024-02-09,56.07,3.59,47.96,37.31,38.27,40.63,219.24,-5.19,4.0,False,True,False,False,False,False,False,True,False,False,False,False,True,False,False,True,False,False,False,False,False,False,False,True,False,True,False
62.0,2024-02-09,2024-02-09,78.24,3.82,16.39,17.73,75.68,85.29,46.84,37.88,6.0,False,True,False,False,False,True,False,False,False,False,False,True,False,False,False,True,False,False,False,False,False,False,False,True,False,False,True
50.0,2024-02-09,2024-02-09,17.47,0.83,25.79,13.85,64.0,93.61,167.69,9.46,5.0,False,False,False,True,False,False,False,False,False,True,False,False,False,True,False,False,True,False,False,False,False,False,False,True,False,True,False
75.0,2024-02-09,2024-02-09,26.22,1.11,29.54,33.15,45.55,63.63,30.16,35.51,0.0,True,False,False,False,False,True,False,False,False,False,True,False,False,False,False,True,False,False,False,False,False,False,False,True,False,False,True
50.0,2024-02-09,2024-02-09,70.1,3.62,11.68,15.92,55.57,60.12,165.14,-5.45,4.79,False,False,True,False,False,False,False,False,False,True,False,True,False,False,False,False,False,False,True,False,False,False,False,True,True,False,False
100.0,2024-02-09,2024-02-09,55.41,3.84,29.6,33.46,16.38,86.68,125.62,5.18,7.0,False,False,False,False,True,False,False,False,False,True,False,False,True,False,False,False,False,False,False,False,True,False,True,False,True,False,False
62.0,2024-02-09,2024-02-09,33.47,3.3,43.48,33.64,76.46,81.41,27.77,8.66,6.0,True,False,False,False,False,False,True,False,False,False,True,False,False,False,False,False,False,False,False,False,True,False,False,True,False,False,True
50.0,2024-02-09,2024-02-09,53.58,0.83,27.33,37.02,18.33,83.75,273.12,5.57,0.0,False,True,False,False,False,False,False,True,False,False,False,True,False,False,False,False,False,False,False,True,False,False,True,False,False,False,True
94.36,2024-02-09,2024-02-09,11.29,2.39,6.34,16.39,81.48,83.17,184.15,23.16,4.0,True,False,False,False,False,False,False,True,False,False,False,False,True,False,False,False,False,False,True,False,False,False,True,False,False,False,True
85.0,2024-02-09,2024-02-09,6.27,1.08,14.86,11.24,12.44,64.04,195.2,2.88,2.65,False,False,True,False,False,False,False,False,False,True,True,False,False,False,False,False,False,False,False,False,True,False,True,False,False,False,True
75.0,2024-02-09,2024-02-09,42.95,1.61,9.87,16.53,61.35,77.19,40.74,3.73,2.0,False,False,False,False,True,False,False,True,False,False,False,True,False,False,False,False,False,False,False,True,False,False,True,False,False,False,True
75.0,2024-02-09,2024-02-09,43.24,3.2,13.11,26.87,27.78,52.5,187.43,20.0,7.0,False,False,False,False,True,False,False,False,True,False,True,False,False,False,True,False,False,False,False,False,False,True,False,False,True,False,False
136.41540803505134,2024-02-09,2024-02-09,12.44,2.92,41.67,18.8,35.47,85.9,168.22,-9.11,5.0,False,False,True,False,False,False,False,False,False,True,False,False,True,False,False,False,False,False,False,False,True,False,True,False,False,False,True
100.0,2024-02-09,2024-02-09,29.18,3.1,5.37,31.67,59.86,58.87,247.43,9.02,3.22,False,False,True,False,False,False,False,True,False,False,False,True,False,False,False,False,True,False,False,False,False,True,False,False,False,True,False
100.0,2024-02-09,2024-02-10,74.18,1.07,19.44,22.26,76.2,93.65,119.34,26.65,6.38,False,True,False,False,False,False,False,False,True,False,False,False,True,False,False,False,False,False,False,False,True,True,False,False,True,False,False
100.0,2024-02-09,2024-02-10,72.09,2.5,7.49,20.29,22.9,94.21,87.68,3.93,4.0,False,False,False,False,True,False,True,False,False,False,False,False,False,True,True,False,False,False,False,False,False,False,True,False,False,False,True
75.0,2024-02-10,2024-02-10,25.33,1.74,29.15,16.59,17.4,70.37,32.91,6.32,3.0,True,False,False,False,False,False,False,True,False,False,False,False,False,True,True,False,False,False,False,False,False,False,False,True,False,True,False
85.0,2024-02-10,2024-02-10,58.51,1.61,19.9,30.09,74.91,80.23,111.46,21.78,4.0,False,False,False,True,False,False,False,False,True,False,True,False,False,False,False,False,False,False,False,False,True,False,False,True,True,False,False
85.0,2024-02-10,2024-02-10,76.58,1.81,28.36,9.01,68.53,65.88,196.8,28.21,2.0,False,False,False,True,False,True,False,False,False,False,False,False,False,True,True,False,False,False,False,False,False,False,True,False,False,True,False
75.0,2024-02-10,2024-02-10,32.02,1.29,37.87,22.47,70.43,87.67,105.96,-2.48,5.0,False,False,True,False,False,True,False,False,False,False,False,False,True,False,False,False,False,False,False,True,False,False,True,False,False,False,True
100.0,2024-02-10,2024-02-10,63.43,2.75,18.59,19.85,81.92,90.06,152.26,-0.7,6.0,False,True,False,False,False,False,False,False,True,False,True,False,False,False,False,False,False,False,False,False,True,True,False,False,False,True,False
78.21,2024-02-10,2024-02-10,8.26,0.93,39.04,14.44,65.25,98.51,152.26,-3.2,4.0,False,False,False,True,False,False,False,False,False,True,False,True,False,False,False,False,False,False,False,False,True,True,False,False,False,True,False
62.0,2024-02-10,2024-02-10,65.03,2.24,38.78,22.16,61.33,66.03,185.22,-4.85,3.0,False,False,False,False,True,False,False,False,False,True,False,False,True,False,False,True,False,False,False,False,False,False,False,True,True,False,False
85.0,2024-02-10,2024-02-10,39.19,2.73,19.26,27.63,16.99,86.18,85.43,32.83,5.0,False,False,True,False,False,False,False,True,False,False,False,True,False,False,False,False,True,False,False,False,False,True,False,False,False,True,False
100.0,2024-02-10,2024-02-10,79.36,3.37,12.8,17.5,28.93,89.16,222.16,24.91,7.0,True,False,False,False,False,True,False,False,False,False,False,True,False,False,False,False,False,False,False,False,True,True,False,False,False,True,False
62.0,2024-02-10,2024-02-10,76.66,4.19,14.23,37.13,35.73,84.33,284.29,26.6,0.0,False,False,True,False,False,False,False,False,False,True,False,True,False,False,False,False,False,True,False,False,False,False,True,False,True,False,False
50.0,2024-02-10,2024-02-10,54.32,3.68,34.09,34.42,11.57,82.6,119.02,-4.2,5.0,True,False,False,False,False,False,False,False,False,True,False,True,False,False,False,True,False,False,False,False,False,True,False,False,False,False,True
50.0,2024-02-10,2024-02-10,31.55,3.33,38.11,36.81,78.98,89.78,152.26,46.8,3.0,False,False,True,False,False,True,False,False,False,False,False,False,True,False,True,False,False,False,False,False,False,True,False,False,False,True,False
50.0,2024-02-10,2024-02-10,45.81,3.44,17.35,7.4,68.43,86.8,235.84,28.43,0.0,False,False,True,False,False,False,True,False,False,False,False,False,False,True,False,False,True,False,False,False,False,True,False,False,False,False,True
100.0,2024-02-10,2024-02-10,60.39,3.46,8.66,25.99,64.08,83.38,225.16,22.61,6.0,False,False,True,False,False,False,False,False,False,True,False,False,True,False,False,False,True,False,False,False,False,False,False,True,True,False,False
100.0,2024-02-10,2024-02-10,32.6,2.39,41.22,38.59,59.29,75.73,240.31,37.07,6.0,True,False,False,False,False,False,False,False,True,False,False,False,False,True,True,False,False,False,False,False,False,False,True,False,False,False,True
100.0,2024-02-10,2024-02-10,0.05,2.04,5.44,29.97,60.18,84.3,272.92,-0.14,4.0,True,False,False,False,False,False,False,True,False,False,False,True,False,False,False,False,False,False,False,True,False,False,False,True,False,True,False
101.88,2024-02-10,2024-02-10,53.4,3.24,40.58,21.94,33.83,95.04,145.85,27.9,4.19,False,False,True,False,False,False,False,False,False,True,False,False,False,True,False,True,False,False,False,False,False,False,True,False,False,True,False
62.0,2024-02-10,2024-02-10,73.45,3.64,15.42,14.89,17.43,87.44,183.99,37.31,4.0,False,False,False,True,False,False,False,False,False,True,False,True,False,False,False,False,False,False,False,False,True,False,True,False,False,False,True
62.0,2024-02-10,2024-02-10,75.52,3.33,24.89,10.1,82.54,70.7,125.54,0.58,2.0,False,True,False,False,False,False,True,False,False,False,True,False,False,False,False,True,False,False,False,False,False,True,False,False,False,False,True
75.0,2024-02-10,2024-02-10,42.69,2.55,47.55,30.98,11.93,96.69,293.29,-7.79,2.0,False,True,False,False,False,False,False,False,True,False,False,True,False,False,True,False,False,False,False,False,False,False,False,True,False,True,False
50.0,2024-02-10,2024-02-10,65.04,3.46,25.89,6.82,20.32,72.49,229.85,20.23,7.0,False,True,False,False,False,False,False,True,False,False,False,False,False,True,True,False,False,False,False,False,False,False,False,True,True,False,False
85.0,2024-02-10,2024-02-11,63.99,3.27,42.39,34.01,38.33,77.07,191.77,21.3,6.0,True,False,False,False,False,False,False,False,False,True,True,False,False,False,False,False,False,True,False,False,False,True,False,False,False,True,False
104.0,2024-02-10,2024-02-11,65.93,3.3,38.54,11.9,19.68,54.41,38.46,-9.6,7.0,True,False,False,False,False,False,False,True,False,False,True,False,False,False,False,False,False,False,False,True,False,False,False,True,False,True,False
75.0,2024-02-10,2024-02-11,26.76,0.17,6.24,9.58,66.79,91.05,77.15,23.12,2.0,False,False,False,True,False,True,False,False,False,False,False,True,False,False,False,False,True,False,False,False,False,False,True,False,False,False,True
62.0,2024-02-11,2024-02-11,8.82,3.39,25.6,22.21,48.19,50.22,78.6,7.67,2.0,False,True,False,False,False,False,False,False,False,True,False,False,True,False,False,False,True,False,False,False,False,False,True,False,False,True,False
100.0,2024-02-11,2024-02-11,73.78,3.81,46.81,13.47,87.32,50.13,16.73,36.67,6.0,False,True,False,False,False,False,False,False,False,True,False,False,False,True,True,False,False,False,False,False,False,False,True,False,False,False,True
62.0,2024-02-11,2024-02-11,26.51,3.15,28.53,10.13,65.58,76.29,292.32,14.42,0.0,False,False,True,False,False,True,False,False,False,False,True,False,False,False,False,True,False,False,False,False,False,True,False,False,True,False,False
100.0,2024-02-11,2024-02-11,77.64,3.58,8.13,33.52,23.24,94.69,67.03,-3.39,7.0,True,False,False,False,False,False,True,False,False,False,False,False,True,False,False,False,True,False,False,False,False,False,False,True,False,True,False
100.0,2024-02-11,2024-02-11,78.13,3.37,3.98,9.49,57.11,66.24,115.0,13.3,10.542355329753589,False,True,False,False,False,False,False,False,False,True,False,True,False,False,False,False,False,True,False,False,False,False,True,False,True,False,False
91.92,2024-02-11,2024-02-11,5.6,3.25,16.32,30.15,43.65,58.45,54.32,-0.75,3.0,False,False,False,True,False,False,False,True,False,False,False,True,False,False,False,False,False,True,False,False,False,True,False,False,True,False,False
85.0,2024-02-11,2024-02-11,20.09,1.15,46.35,22.7,18.7,97.36,68.59,28.7,3.0,False,False,False,True,False,False,False,False,True,False,False,True,False,False,False,False,False,False,False,False,True,False,True,False,False,True,False
100.0,2024-02-11,2024-02-11,40.28,1.22,3.83,20.63,89.21,82.22,23.23,22.79,7.0,False,True,False,False,False,False,False,True,False,False,False,True,False,False,False,False,False,False,False,False,True,False,True,False,False,False,True
75.0,2024-02-11,2024-02-11,53.96,3.74,17.87,14.89,89.98,95.04,17.09,6.8,2.0,True,False,False,False,False,False,True,False,False,False,False,False,False,True,False,True,False,False,False,False,False,False,False,True,False,False,True
62.0,2024-02-11,2024-02-11,60.61,3.07,20.92,12.51,54.47,78.51,103.51,32.52,4.0,False,False,False,True,False,False,False,False,True,False,True,False,False,False,False,False,False,False,False,True,False,True,False,False,False,True,False
75.0,2024-02-11,2024-02-11,63.31,3.8,6.45,25.09,85.0,59.29,170.15,27.58,5.0,False,False,True,False,False,False,False,True,False,False,False,False,False,True,False,False,False,False,False,False,True,False,True,False,False,False,True
75.0,2024-02-11,2024-02-11,38.61,0.87,33.68,33.72,33.75,70.86,223.3,-2.78,5.0,False,False,False,True,False,False,False,True,False,False,True,False,False,False,False,True,False,False,False,False,False,False,True,False,False,False,True
62.0,2024-02-11,2024-02-11,65.61,3.94,7.33,21.66,17.41,91.3,81.05,1.85,5.0,False,False,False,False,True,True,False,False,False,False,False,False,True,False,False,True,False,False,False,False,False,True,False,False,True,False,False
85.0,2024-02-11,2024-02-11,46.62,1.56,7.39,16.71,70.09,59.04,210.75,-0.46,5.0,False,False,False,False,True,False,True,False,False,False,False,False,True,False,True,False,False,False,False,False,False,True,False,False,False,False,True
136.41540803505134,2024-02-11,2024-02-11,49.36,1.23,2.25,25.57,33.05,53.87,60.01,-6.55,1.0,True,False,False,False,False,True,False,False,False,False,True,False,False,False,False,False,True,False,False,False,False,False,False,True,False,False,True
100.0,2024-02-11,2024-02-11,24.87,0.93,11.44,19.97,33.95,58.14,60.81,7.88,7.0,False,True,False,False,False,False,False,False,True,False,False,True,False,False,True,False,False,False,False,False,False,False,True,False,False,True,False
62.0,2024-02-11,2024-02-11,54.36,1.93,36.36,26.48,46.39,77.34,294.48,31.48,7.0,True,False,False,False,False,True,False,False,False,False,False,False,True,False,False,False,True,False,False,False,False,False,False,True,True,False,False
50.0,2024-02-11,2024-02-11,6.44,2.63,14.99,8.86,81.6,84.93,11.74,-4.28,7.0,True,False,False,False,False,False,True,False,False,False,False,False,False,True,False,False,False,False,False,True,False,False,True,False,False,False,True
75.0,2024-02-11,2024-02-11,28.22,2.41,23.69,26.55,18.52,86.58,293.58,28.84,1.04,True,False,False,False,False,False,False,False,False,True,True,False,False,False,False,False,False,False,False,True,False,False,False,True,False,True,False
75.0,2024-02-11,2024-02-11,42.29,2.71,19.17,12.96,89.04,98.83,52.38,37.9,5.0,True,False,False,False,False,False,False,False,False,True,False,False,True,False,False,False,False,False,False,True,False,False,True,False,False,False,True
85.0,2024-02-11,2024-02-11,76.17,1.51,28.59,17.68,56.07,93.04,369.85,18.05,0.0,False,False,True,False,False,False,False,False,True,False,True,False,False,False,False,True,False,False,False,False,False,True,False,False,True,False,False
75.0,2024-02-11,2024-02-11,35.0,0.79,20.39,8.16,68.92,67.95,283.05,36.24,3.3,False,False,True,False,False,False,False,False,False,True,False,True,False,False,False,True,False,False,False,False,False,False,False,True,True,False,False
75.0,2024-02-11,2024-02-12,26.51,2.19,25.6,24.69,69.67,79.5,14.45,3.48,2.0,False,False,False,True,False,True,False,False,False,False,True,False,False,False,True,False,False,False,False,False,False,True,False,False,True,False,False
50.0,2024-02-11,2024-02-11,34.96,1.68,12.03,9.96,65.09,78.38,262.09,4.95,1.06,False,False,False,False,True,False,False,False,True,False,False,False,True,False,False,False,False,False,False,False,True,False,True,False,True,False,False
50.0,2024-02-12,2024-02-12,62.05,0.92,18.56,37.55,88.39,77.93,43.03,-0.97,5.0,True,False,False,False,False,False,True,False,False,False,True,False,False,False,False,False,False,True,False,False,False,True,False,False,True,False,False
50.0,2024-02-12,2024-02-12,69.87,2.01,16.51,6.59,40.28,72.01,245.08,2.77,4.0,False,False,False,True,False,False,False,False,True,False,False,False,True,False,False,False,True,False,False,False,False,False,False,True,True,False,False
100.0,2024-02-12,2024-02-12,10.43,3.31,31.39,38.61,47.66,72.19,227.14,5.44,7.0,False,False,False,False,True,False,False,False,True,False,False,False,True,False,False,False,True,False,False,False,False,False,False,True,False,True,False
50.0,2024-02-12,2024-02-12,46.54,3.43,7.2,34.71,78.59,82.78,150.65,29.37,3.0,False,True,False,False,False,False,False,True,False,False,False,False,True,False,False,False,False,False,False,True,False,True,False,False,True,False,False
50.0,2024-02-12,2024-02-12,53.21,3.95,47.63,33.42,82.9,91.6,146.68,11.39,2.0,False,False,True,False,False,False,False,True,False,False,False,False,False,True,False,False,True,False,False,False,False,False,True,False,False,False,True
62.0,2024-02-12,2024-02-12,42.69,1.09,43.49,21.47,30.43,87.88,271.75,-9.55,4.0,False,False,False,False,True,False,False,False,True,False,False,True,False,False,False,False,False,False,True,False,False,False,False,True,False,False,True
50.0,2024-02-12,2024-02-12,26.97,2.74,15.82,28.82,71.88,94.01,114.82,39.77,6.0,False,True,False,False,False,False,False,False,False,True,False,True,False,False,False,False,False,False,False,True,False,False,True,False,False,False,True
62.0,2024-02-12,2024-02-12,68.52,2.36,48.59,33.0,68.46,92.97,77.71,-2.27,2.0,False,False,False,False,True,False,False,True,False,False,True,False,False,False,False,False,False,True,False,False,False,False,False,True,False,False,True
100.0,2024-02-12,2024-02-12,71.71,5.44,38.8,37.1,12.22,77.41,181.09,2.62,7.0,False,False,True,False,False,False,True,False,False,False,True,False,False,False,False,False,True,False,False,False,False,False,True,False,True,False,False
50.0,2024-02-12,2024-02-12,79.25,1.77,33.01,13.89,51.38,73.61,252.84,12.54,0.81,False,False,True,False,False,True,False,False,False,False,False,False,True,False,True,False,False,False,False,False,False,False,True,False,True,False,False
136.41540803505134,2024-02-12,2024-02-12,34.15,3.98,48.77,13.08,33.91,92.75,257.46,19.73,5.0,False,False,False,True,False,False,False,True,False,False,False,True,False,False,False,False,True,False,False,False,False,True,False,False,False,True,False
86.09,2024-02-12,2024-02-12,66.71,2.83,25.29,9.16,44.01,99.69,142.08,31.49,6.0,True,False,False,False,False,False,False,False,True,False,True,False,False,False,False,True,False,False,False,False,False,False,True,False,True,False,False
62.0,2024-02-12,2024-02-12,30.77,3.1,49.75,13.85,2.48,83.48,234.75,12.81,1.0,False,False,False,False,True,False,False,False,False,True,True,False,False,False,True,False,False,False,False,False,False,False,False,True,False,False,True
50.0,2024-02-12,2024-02-12,24.16,2.3,4.78,13.9,47.69,75.97,289.85,23.4,0.0,False,False,False,False,True,True,False,False,False,False,False,True,False,False,True,False,False,False,False,False,False,True,False,False,False,True,False
62.0,2024-02-12,2024-02-12,10.35,3.32,9.39,39.78,42.66,79.51,40.14,37.46,7.0,False,True,False,False,False,False,False,True,False,False,False,False,True,False,True,False,False,False,False,False,False,False,False,True,False,True,False
62.0,2024-02-12,2024-02-12,26.3,3.58,49.89,9.56,52.3,71.44,97.82,31.42,3.0,False,False,True,False,False,False,False,False,False,True,True,False,False,False,False,False,False,False,True,False,False,True,False,False,False,True,False
85.0,2024-02-12,2024-02-12,26.73,0.67,12.95,26.76,83.74,88.15,131.4,-4.6,1.0,False,False,False,False,True,False,False,False,False,True,False,False,True,False,False,False,False,False,True,False,False,True,False,False,False,True,False
50.0,2024-02-12,2024-02-12,48.61,3.69,22.07,31.5,82.44,23.89999185236553,50.13,11.91,0.0,False,False,True,False,False,False,False,False,False,True,False,True,False,False,False,False,True,False,False,False,False,False,True,False,True,False,False
85.0,2024-02-12,2024-02-12,1.33,1.34,23.29,11.81,86.16,89.97,324.52,-3.94,0.0,False,False,False,False,True,False,False,False,True,False,False,True,False,False,False,False,False,False,False,True,False,False,True,False,False,True,False
85.0,2024-02-12,2024-02-12,44.02,1.32,38.11,32.94,73.35,78.16,78.12,5.88,5.0,False,False,False,True,False,False,True,False,False,False,True,False,False,False,False,False,True,False,False,False,False,False,False,True,True,False,False
85.0,2024-02-12,2024-02-12,18.43,1.62,22.32,10.41,53.52,95.65,104.38,30.52,2.0,True,False,False,False,False,False,False,False,False,True,True,False,False,False,False,False,True,False,False,False,False,False,False,True,False,True,False
62.0,2024-02-12,2024-02-13,37.7,2.73,34.72,24.67,46.56,52.46,274.46,6.67,5.0,False,False,False,False,True,True,False,False,False,False,False,True,False,False,False,False,True,False,False,False,False,False,True,False,True,False,False
100.0,2024-02-12,2024-02-12,56.2,0.18,40.72,19.62,56.03,65.41,39.68,34.06,1.0,False,False,True,False,False,False,False,True,False,False,False,False,True,False,False,False,False,True,False,False,False,False,False,True,True,False,False
85.0,2024-02-12,2024-02-13,73.28,1.49,23.32,23.61,78.6,23.89999185236553,152.26,31.15,7.0,False,False,False,True,False,True,False,False,False,False,False,False,True,False,False,True,False,False,False,False,False,False,False,True,False,False,True
100.0,2024-02-13,2024-02-13,76.89,5.45254316916102,10.45,39.79,7.17,101.84,226.39,32.88,2.0,False,False,False,False,True,False,False,False,True,False,False,False,False,True,True,False,False,False,False,False,False,False,True,False,True,False,False
75.0,2024-02-13,2024-02-13,23.93,1.63,42.93,21.83,69.67,52.64,219.75,38.26,1.0,False,True,False,False,False,False,False,False,True,False,False,True,False,False,False,False,False,False,False,False,True,True,False,False,False,True,False
50.0,2024-02-13,2024-02-13,50.49,0.72,42.79,15.84,65.94,62.64,221.59,29.6,0.0,True,False,False,False,False,True,False,False,False,False,True,False,False,False,False,False,False,True,False,False,False,False,True,False,False,True,False
60.66,2024-02-13,2024-02-13,66.09,1.27,37.6,14.81,42.3,70.73,167.66,9.95,1.72,False,False,False,False,True,False,True,False,False,False,False,True,False,False,False,False,False,False,False,True,False,False,False,True,True,False,False
62.0,2024-02-13,2024-02-13,6.92,5.45254316916102,49.06,9.21,24.67,70.79,196.35,26.2,1.0,False,False,False,True,False,False,False,False,True,False,True,False,False,False,False,False,False,False,False,True,False,True,False,False,True,False,False
100.0,2024-02-13,2024-02-13,42.69,1.58,46.92,23.95,65.79,63.29,161.64,0.97,3.0,False,True,False,False,False,False,False,False,True,False,False,False,True,False,True,False,False,False,False,False,False,False,True,False,True,False,False
85.0,2024-02-13,2024-02-13,61.04,1.99,41.55,35.55,33.07,56.8,95.53,27.06,5.0,False,False,False,True,False,True,False,False,False,False,True,False,False,False,False,False,False,False,False,True,False,True,False,False,True,False,False
85.0,2024-02-13,2024-02-13,64.23,2.13,18.16,14.83,83.32,83.8,171.22,14.39,2.0,False,False,False,True,False,False,False,False,True,False,False,False,False,True,True,False,False,False,False,False,False,False,False,True,False,False,True
50.0,2024-02-13,2024-02-13,44.89,2.04,28.98,7.09,81.96,70.54,184.69,22.75,7.0,False,True,False,False,False,False,True,False,False,False,False,False,True,False,False,False,False,False,False,True,False,True,False,False,False,False,True
100.0,2024-02-13,2024-02-13,58.94,3.21,43.7,37.33,82.36,92.04,81.18,19.46,6.0,False,False,False,True,False,False,True,False,False,False,False,False,False,True,False,False,True,False,False,False,False,False,False,True,False,False,True
109.8,2024-02-13,2024-02-13,10.04,1.3,25.6,26.59,35.98,70.68,81.82,35.15,2.0,False,True,False,False,False,False,True,False,False,False,False,True,False,False,False,True,False,False,False,False,False,False,True,False,False,False,True
100.0,2024-02-13,2024-02-13,17.53,3.72,7.64,26.12,89.91,73.01,89.8,-4.38,4.0,False,False,False,False,True,False,False,True,False,False,True,False,False,False,False,False,False,True,False,False,False,True,False,False,False,False,True
85.0,2024-02-13,2024-02-13,29.76,2.16,29.39,20.07,10.81,36.55,51.2,-1.35,1.0,False,True,False,False,False,False,True,False,False,False,False,False,True,False,False,False,False,True,False,False,False,True,False,False,True,False,False
75.0,2024-02-13,2024-02-13,69.6,2.34,14.86,38.13,60.64,73.01,288.98,59.75717528575633,6.0,False,True,False,False,False,False,True,False,False,False,True,False,False,False,False,False,False,False,False,True,False,True,False,False,False,False,True
75.0,2024-02-13,2024-02-13,49.93,1.11,37.93,28.29,121.35235113862505,52.83,56.71,27.01,2.0,True,False,False,False,False,False,False,True,False,False,False,False,False,True,False,False,False,True,False,False,False,False,False,True,False,False,True
75.0,2024-02-13,2024-02-13,14.49,3.89,41.38,16.38,42.79,51.76,97.06,25.0,3.0,False,True,False,False,False,False,False,False,False,True,False,False,True,False,False,False,False,False,False,True,False,False,True,False,True,False,False
85.0,2024-02-13,2024-02-13,38.41,2.5,22.12,19.83,10.82,56.54,152.26,-3.61,2.0,False,True,False,False,False,False,False,False,True,False,False,False,False,True,False,False,False,False,False,False,True,False,True,False,True,False,False
100.0,2024-02-13,2024-02-13,8.23,0.9,43.81,8.68,23.36,97.66,298.72,38.57,3.0,False,False,False,False,True,False,True,False,False,False,False,False,True,False,False,False,False,True,False,False,False,False,False,True,False,True,False
75.0,2024-02-13,2024-02-13,34.86,3.47,4.94,24.3,47.98,70.0,155.73,35.4,3.0,True,False,False,False,False,False,False,False,True,False,False,True,False,False,False,True,False,False,False,False,False,True,False,False,False,True,False
62.0,2024-02-13,2024-02-13,57.93,1.72,25.6,31.54,67.65,78.31,59.43,34.66,5.0,False,False,True,False,False,True,False,False,False,False,False,True,False,False,False,False,False,True,False,False,False,False,False,True,False,True,False
50.0,2024-02-13,2024-02-13,49.41,2.88,34.01,38.92,75.99,84.94,274.98,-7.57,5.0,False,False,False,False,True,False,False,False,True,False,True,False,False,False,False,False,True,False,False,False,False,False,False,True,False,False,True
50.0,2024-02-13,2024-02-14,9.98,1.85,33.33,21.1,35.85,67.58,30.43,37.81,5.0,False,False,False,False,True,False,False,True,False,False,False,False,False,True,False,True,False,False,False,False,False,False,True,False,True,False,False
62.0,2024-02-13,2024-02-14,29.05,2.95,15.96,7.68,25.85,90.97,195.62,-1.97,4.0,False,False,True,False,False,False,False,False,True,False,False,False,False,True,False,False,False,True,False,False,False,False,False,True,False,True,False
75.0,2024-02-13,2024-02-14,42.09,1.0,6.31,3.67,51.68,95.81,103.28,30.72,0.0,False,True,False,False,False,False,False,False,True,False,False,False,True,False,False,True,False,False,False,False,False,True,False,False,False,True,False
75.0,2024-02-14,2024-02-14,45.77,0.96,17.4,14.02,30.74,81.85,152.26,1.26,4.0,False,False,False,True,False,False,False,False,True,False,False,True,False,False,False,False,False,True,False,False,False,False,False,True,False,False,True
75.0,2024-02-14,2024-02-14,53.71,0.89,18.62,29.03,49.92,56.18,36.42,23.76,4.0,True,False,False,False,False,False,False,False,False,True,True,False,False,False,False,False,False,False,False,True,False,False,False,True,False,True,False
55.82,2024-02-14,2024-02-14,66.41,3.03,39.86,35.47,15.56,78.85,61.61,33.79,0.0,False,False,False,True,False,False,False,False,False,True,False,True,False,False,False,False,False,False,True,False,False,False,False,True,True,False,False
85.0,2024-02-14,2024-02-14,11.46,3.51,18.91,27.03,89.11,51.82,99.81,15.44,2.0,False,False,True,False,False,True,False,False,False,False,False,False,False,True,False,False,False,False,False,True,False,True,False,False,True,False,False
100.0,2024-02-14,2024-02-14,75.57,2.57,21.51,5.99,32.75,57.68,281.31,13.41,4.0,False,False,False,False,True,False,False,True,False,False,True,False,False,False,True,False,False,False,False,False,False,False,False,True,False,True,False
50.0,2024-02-14,2024-02-14,44.36,2.87,3.92,6.98,72.82,64.6,63.03,39.94,7.0,False,False,False,False,True,False,False,False,True,False,False,True,False,False,False,False,False,True,False,False,False,False,True,False,True,False,False
62.0,2024-02-14,2024-02-14,28.25,0.91,30.0,12.17,77.23,82.61,151.41,1.94,4.02,True,False,False,False,False,False,False,False,True,False,False,True,False,False,False,False,False,False,False,False,True,False,False,True,False,True,False
100.0,2024-02-14,2024-02-14,39.49,0.86,16.37,27.77,26.69,90.02,250.81,35.75,7.0,False,False,False,False,True,False,False,False,True,False,False,False,True,False,False,True,False,False,False,False,False,False,False,True,False,True,False
75.0,2024-02-14,2024-02-14,25.37,0.56,37.58,7.14,22.47,72.92,152.26,24.91,6.0,False,False,False,False,True,False,False,False,True,False,False,False,True,False,True,False,False,False,False,False,False,False,True,False,True,False,False
62.0,2024-02-14,2024-02-14,69.21,2.29,28.76,5.55,27.77,55.46,66.2,11.89,5.0,True,False,False,False,False,False,False,False,False,True,False,False,False,True,False,False,True,False,False,False,False,False,True,False,True,False,False
45.82,2024-02-14,2024-02-14,34.6,2.52,5.58,29.24,21.24,73.44,155.18,5.1,6.0,True,False,False,False,False,True,False,False,False,False,False,True,False,False,True,False,False,False,False,False,False,False,True,False,False,False,True
62.0,2024-02-14,2024-02-14,40.79,3.43,11.03,22.86,68.76,55.15,159.62,-0.66,3.0,False,False,True,False,False,False,True,False,False,False,False,False,True,False,False,False,False,False,True,False,False,False,True,False,False,False,True
62.0,2024-02-14,2024-02-14,21.87,0.57,10.6,25.99,44.92,53.75,296.58,33.4,1.0,False,False,False,False,True,False,False,True,False,False,False,True,False,False,False,False,False,True,False,False,False,False,True,False,False,True,False
75.0,2024-02-14,2024-02-14,47.23,3.64,42.96,37.9,12.43,68.06,208.82,10.74,2.0,False,False,False,False,True,False,False,False,True,False,True,False,False,False,False,True,False,False,False,False,False,False,True,False,True,False,False
62.0,2024-02-14,2024-02-14,42.69,2.88,18.56,13.93,64.49,126.38347784460416,246.15,28.1,5.0,False,False,True,False,False,True,False,False,False,False,False,True,False,False,False,False,False,False,False,True,False,True,False,False,False,True,False
82.67,2024-02-14,2024-02-14,18.79,1.64,38.26,39.52,41.77,67.07,152.26,-2.74,3.0,False,True,False,False,False,False,True,False,False,False,False,True,False,False,False,True,False,False,False,False,False,False,False,True,False,False,True
100.0,2024-02-14,2024-02-14,47.29,0.66,3.6,11.97,64.57,63.96,295.21,-3.67,1.0,False,True,False,False,False,True,False,False,False,False,False,False,False,True,False,False,False,False,False,False,True,True,False,False,False,True,False
62.0,2024-02-14,2024-02-14,30.17,1.17,21.34,27.39,77.6,58.55,185.55,37.22,5.0,False,True,False,False,False,False,False,False,False,True,True,False,False,False,False,True,False,False,False,False,False,True,False,False,True,False,False
85.0,2024-02-14,2024-02-14,34.9,1.6,4.88,33.68,61.53,89.0,269.89,-6.43,1.0,False,False,True,False,False,False,True,False,False,False,True,False,False,False,True,False,False,False,False,False,False,False,True,False,True,False,False
100.0,2024-02-14,2024-02-14,54.96,3.52,41.41,38.77,19.83,92.78,141.47,39.53,3.0,False,False,False,False,True,True,False,False,False,False,False,False,True,False,True,False,False,False,False,False,False,False,False,True,False,False,True
50.0,2024-02-14,2024-02-14,74.79,1.68,36.55,31.3,37.37,98.56,245.6,21.38,7.0,False,False,True,False,False,False,False,False,False,True,True,False,False,False,False,False,False,False,False,True,False,True,False,False,False,True,False
75.0,2024-02-14,2024-02-14,34.79,1.81,23.22,31.8,42.67,75.7,247.75,17.24,5.0,False,False,True,False,False,True,False,False,False,False,False,False,False,True,False,False,False,False,False,True,False,False,False,True,False,True,False
75.0,2024-02-14,2024-02-14,69.13,3.01,10.71,17.39,28.9,78.35,91.55,3.44,2.0,False,True,False,False,False,True,False,False,False,False,False,False,True,False,False,False,False,False,False,True,False,False,False,True,True,False,False
78.43,2024-02-14,2024-02-15,38.09,1.95,1.65,15.63,11.83,97.63,135.71,-5.94,7.0,False,False,False,True,False,False,True,False,False,False,False,True,False,False,False,False,True,False,False,False,False,False,True,False,False,False,True
50.0,2024-02-15,2024-02-15,27.75,0.9,31.66,17.09,24.84,87.94,265.69,34.02,1.0,False,False,False,False,True,False,False,False,False,True,True,False,False,False,False,False,False,True,False,False,False,False,False,True,True,False,False
85.0,2024-02-15,2024-02-15,41.65,0.14,11.11,33.39,90.93,52.84,111.86,13.07,2.93,False,True,False,False,False,False,False,False,True,False,False,True,False,False,False,False,False,False,False,False,True,True,False,False,True,False,False
85.0,2024-02-15,2024-02-15,35.39,2.31,44.85,38.4,34.64,54.27,286.84,-7.64,7.0,False,False,False,True,False,False,False,True,False,False,False,False,True,False,False,False,True,False,False,False,False,True,False,False,False,False,True
85.0,2024-02-15,2024-02-15,68.57,1.56,16.48,24.53,68.27,93.57,92.04,-9.83,2.0,False,False,False,True,False,False,True,False,False,False,True,False,False,False,False,False,True,False,False,False,False,False,True,False,True,False,False
106.82,2024-02-15,2024-02-15,42.69,2.22,38.97,6.56,18.34,86.04,30.65,17.78,6.0,True,False,False,False,False,False,False,False,False,True,False,False,True,False,False,False,True,False,False,False,False,True,False,False,False,True,False
50.0,2024-02-15,2024-02-15,36.47,1.21,37.86,9.94,21.02,82.18,56.43,36.15,1.0,False,False,False,False,True,True,False,False,False,False,False,False,True,False,False,True,False,False,False,False,False,False,True,False,False,True,False
100.0,2024-02-15,2024-02-15,44.64,1.2,25.6,17.66,32.3,69.58,294.76,-6.26,6.0,False,False,False,True,False,False,False,False,False,True,True,False,False,False,False,False,False,False,True,False,False,True,False,False,False,True,False
50.0,2024-02-15,2024-02-15,40.27,2.69,49.57,25.55,21.83,68.0,156.49,33.79,2.0,False,True,False,False,False,False,False,True,False,False,True,False,False,False,False,False,False,True,False,False,False,True,False,False,True,False,False
62.0,2024-02-15,2024-02-15,34.43,0.68,34.17,12.65,77.3,54.74,265.84,22.21,3.0,True,False,False,False,False,False,False,True,False,False,False,False,True,False,False,True,False,False,False,False,False,False,True,False,False,False,True
50.0,2024-02-15,2024-02-15,42.69,0.94,15.42,31.47,21.39,70.38,266.59,20.78,3.0,False,False,False,False,True,False,False,False,True,False,False,False,False,True,False,False,False,False,False,True,False,False,False,True,False,False,True
85.0,2024-02-15,2024-02-15,18.56,1.58,25.6,7.25,28.8,51.48,397.82,26.2,1.0,False,False,True,False,False,False,False,False,True,False,True,False,False,False,False,False,False,False,False,False,True,False,True,False,False,False,True
75.0,2024-02-15,2024-02-15,59.8,2.12,14.56,22.93,28.19,96.03,276.23,-0.64,4.0,False,True,False,False,False,False,False,True,False,False,False,False,True,False,False,False,True,False,False,False,False,False,False,True,False,False,True
75.0,2024-02-15,2024-02-15,59.77,3.25,35.05,39.3,81.95,59.95,166.33,18.16,2.0,False,False,False,True,False,False,True,False,False,False,False,True,False,False,False,True,False,False,False,False,False,False,False,True,False,False,True
62.0,2024-02-15,2024-02-15,36.7,1.87,19.12,5.56,26.35,95.16,49.55,30.29,6.45,False,False,False,True,False,False,True,False,False,False,False,True,False,False,False,False,False,True,False,False,False,False,True,False,True,False,False
62.0,2024-02-15,2024-02-15,10.23,2.69,44.96,36.64,58.95,54.52,112.01,-3.82,5.0,False,True,False,False,False,True,False,False,False,False,True,False,False,False,True,False,False,False,False,False,False,False,True,False,False,False,True
100.0,2024-02-15,2024-02-15,24.23,0.93,7.76,23.53,17.7,75.5,171.99,4.98,5.0,False,False,False,True,False,False,False,False,True,False,True,False,False,False,False,False,False,True,False,False,False,False,True,False,False,True,False
85.0,2024-02-15,2024-02-15,21.71,2.51,47.98,8.12,17.08,94.51,169.83,18.75,5.0,True,False,False,False,False,True,False,False,False,False,False,True,False,False,False,False,True,False,False,False,False,False,False,True,True,False,False
85.0,2024-02-15,2024-02-15,57.9,1.73,10.41,23.09,53.19,96.34,101.55,23.91,5.0,False,False,False,False,True,False,False,False,True,False,False,False,True,False,False,False,False,True,False,False,False,False,False,True,False,True,False
85.0,2024-02-15,2024-02-15,35.17,1.39,38.82,39.91,78.18,39.33,178.01,8.22,1.0,True,False,False,False,False,False,False,True,False,False,False,False,True,False,False,True,False,False,False,False,False,False,False,True,False,False,True
75.0,2024-02-15,2024-02-15,15.73,3.88,38.32,19.63,10.87,80.29,279.03,10.75,5.0,False,False,False,True,False,False,True,False,False,False,False,False,True,False,True,False,False,False,False,False,False,False,False,True,False,False,True
85.0,2024-02-15,2024-02-15,34.08,2.36,12.6,19.57,70.12,61.6,152.26,5.37,1.0,False,False,True,False,False,False,True,False,False,False,False,False,False,True,False,True,False,False,False,False,False,False,True,False,False,True,False
100.0,2024-02-15,2024-02-16,26.05,2.03,27.15,36.22,88.85,69.47,211.49,19.39,2.0,False,False,False,False,True,False,False,True,False,False,True,False,False,False,False,True,False,False,False,False,False,False,True,False,False,True,False
85.0,2024-02-15,2024-02-15,21.85,3.28,25.6,11.77,19.55,54.51,240.66,11.91,0.0,False,False,False,False,True,True,False,False,False,False,False,False,False,True,False,False,True,False,False,False,False,False,False,True,True,False,False
75.0,2024-02-15,2024-02-16,15.43,1.71,19.0,22.77,27.1,55.42,218.14,0.01,1.0,False,True,False,False,False,True,False,False,False,False,False,False,False,True,False,True,False,False,False,False,False,True,False,False,False,False,True
85.0,2024-02-16,2024-02-16,13.65,1.46,33.3,38.31,44.39,86.61,152.26,28.92,5.0,False,True,False,False,False,False,False,False,False,True,False,False,False,True,False,False,False,False,False,True,False,False,True,False,False,False,True
75.0,2024-02-16,2024-02-16,24.78,0.88,25.6,7.64,41.9,52.62,171.11,0.95,6.66,False,False,True,False,False,False,False,False,True,False,False,False,False,True,False,False,False,True,False,False,False,True,False,False,False,False,True
75.0,2024-02-16,2024-02-16,67.46,0.87,17.89,29.52,58.36,83.42,93.35,24.42,4.0,False,False,False,False,True,True,False,False,False,False,False,False,True,False,True,False,False,False,False,False,False,True,False,False,False,True,False
62.0,2024-02-16,2024-02-16,12.04,1.03,25.6,22.74,22.71,62.28,284.19,12.59,5.0,False,False,True,False,False,False,False,True,False,False,True,False,False,False,False,False,False,False,False,False,True,True,False,False,False,False,True
85.0,2024-02-16,2024-02-16,61.23,2.33,9.14,38.66,53.24,85.78,13.79,38.96,7.0,False,True,False,False,False,True,False,False,False,False,True,False,False,False,False,False,False,False,True,False,False,False,False,True,True,False,False
50.0,2024-02-16,2024-02-16,23.19,2.01,31.98,5.81,72.88,86.94,181.05,17.08,7.0,False,True,False,False,False,False,True,False,False,False,False,False,False,True,False,False,False,True,False,False,False,False,True,False,True,False,False
85.0,2024-02-16,2024-02-16,48.39,3.74,27.81,15.99,19.32,81.93,112.1,17.95,7.0,False,False,False,False,True,False,False,False,True,False,True,False,False,False,False,False,True,False,False,False,False,True,False,False,False,True,False
75.0,2024-02-16,2024-02-16,29.68,3.72,45.67,21.06,79.22,54.37,265.98,34.19,3.0,True,False,False,False,False,False,False,False,False,True,False,True,False,False,True,False,False,False,False,False,False,False,False,True,False,True,False
85.0,2024-02-16,2024-02-16,25.09,3.45,4.96,21.53,36.84,58.6,152.26,-9.6,5.0,False,False,False,True,False,False,False,False,True,False,False,False,True,False,False,False,False,False,False,True,False,False,True,False,True,False,False
75.0,2024-02-16,2024-02-16,42.69,2.22,47.66,19.81,25.18,80.24,200.88,20.78,6.0,False,True,False,False,False,False,True,False,False,False,True,False,False,False,True,False,False,False,False,False,False,False,False,True,False,True,False
100.0,2024-02-16,2024-02-16,56.12,1.06,5.49,16.35,22.35,80.09,81.97,36.59,7.0,False,True,False,False,False,False,True,False,False,False,False,False,True,False,False,False,False,False,False,False,True,False,True,False,False,True,False
50.0,2024-02-16,2024-02-16,15.9,3.17,40.44,12.07,46.22,60.73,211.55,-5.07,7.0,True,False,False,False,False,False,True,False,False,False,False,True,False,False,False,False,True,False,False,False,False,False,True,False,False,False,True
85.0,2024-02-16,2024-02-16,41.16,3.26,46.13,13.44,31.47,77.45,125.76,29.45,5.0,True,False,False,False,False,False,True,False,False,False,False,False,True,False,True,False,False,False,False,False,False,False,False,True,True,False,False
50.0,2024-02-16,2024-02-16,41.91,1.89,24.48,26.73,46.4,58.93,44.51,11.77,5.0,False,False,True,False,False,False,False,True,False,False,False,True,False,False,False,False,False,True,False,False,False,True,False,False,False,False,True
85.0,2024-02-16,2024-02-16,8.34,2.43,41.76,8.21,15.63,42.51,206.27,-7.33,4.0,False,False,True,False,False,False,False,False,False,True,False,False,False,True,False,False,False,False,False,True,False,False,True,False,True,False,False
62.0,2024-02-16,2024-02-16,90.24,1.29,4.84,35.03,70.55,50.52,102.76,36.37,1.0,False,False,False,True,False,False,True,False,False,False,True,False,False,False,False,False,True,False,False,False,False,False,True,False,False,False,True
62.0,2024-02-16,2024-02-16,18.1,1.93,41.55,37.7,33.3,99.7,51.24,1.1,3.0,False,False,False,True,False,False,True,False,False,False,False,False,False,True,False,False,False,False,False,True,False,True,False,False,True,False,False
50.0,2024-02-16,2024-02-16,59.2,3.4,10.55,7.03,32.9,90.24,286.82,2.48,6.0,False,False,False,False,True,True,False,False,False,False,True,False,False,False,False,False,True,False,False,False,False,False,True,False,True,False,False
85.0,2024-02-16,2024-02-16,42.69,3.78,7.75,11.57,25.61,76.51,249.13,5.15,5.0,False,False,True,False,False,False,False,False,False,True,False,False,False,True,False,False,False,False,True,False,False,True,False,False,True,False,False
85.0,2024-02-16,2024-02-16,15.77,2.69,25.36,36.23,59.61,58.96,297.1,23.96,7.0,False,True,False,False,False,False,False,False,True,False,False,True,False,False,False,False,False,False,False,False,True,False,True,False,False,True,False
50.0,2024-02-16,2024-02-16,75.09,1.85,12.37,6.12,61.93,50.51,150.26,23.98,3.0,False,False,True,False,False,False,False,False,False,True,True,False,False,False,False,False,False,False,True,False,False,True,False,False,False,False,True
100.0,2024-02-16,2024-02-16,23.92,2.33,33.5,5.59,38.27,84.48,295.97,4.83,2.0,False,True,False,False,False,False,False,False,False,True,False,False,False,True,False,False,False,True,False,False,False,False,True,False,False,True,False
50.0,2024-02-16,2024-02-16,13.82,2.09,12.27,20.84,86.61,99.09,119.34,38.59,7.0,True,False,False,False,False,False,False,False,False,True,False,False,True,False,False,False,False,True,False,False,False,False,True,False,False,True,False
62.0,2024-02-16,2024-02-17,79.97,1.16,37.46,8.47,75.83,67.98,117.7,16.05,5.0,False,False,True,False,False,False,True,False,False,False,False,False,True,False,False,False,False,True,False,False,False,False,True,False,True,False,False
50.0,2024-02-17,2024-02-17,5.16,3.91,5.27,7.41,32.17,56.72,45.4,-9.82,2.0,True,False,False,False,False,False,True,False,False,False,False,False,False,True,False,True,False,False,False,False,False,True,False,False,True,False,False
75.0,2024-02-17,2024-02-17,55.1,1.29,45.21,8.63,54.16,56.7,100.84,3.29,3.0,False,False,False,True,False,False,False,True,False,False,False,True,False,False,False,False,False,True,False,False,False,False,True,False,False,True,False
102.4,2024-02-17,2024-02-17,38.19,3.23,23.2,8.64,40.63,62.8,72.32,21.18,6.0,False,False,False,True,False,False,False,False,True,False,False,False,False,True,False,False,False,False,False,True,False,False,False,True,False,True,False
60.31,2024-02-17,2024-02-17,41.13,0.63,46.54,10.68,64.75,92.69,224.56,11.13,4.44,False,False,False,False,True,True,False,False,False,False,False,False,True,False,False,False,False,False,True,False,False,False,False,True,False,True,False
100.0,2024-02-17,2024-02-17,55.2,1.7,26.97,13.32,28.69,81.11,152.26,15.3,6.0,False,False,True,False,False,False,False,False,False,True,True,False,False,False,False,False,False,False,False,True,False,False,False,True,True,False,False
75.0,2024-02-17,2024-02-17,72.31,0.95,34.26,23.89,59.49,92.31,54.14,8.41,0.0,True,False,False,False,False,False,False,False,True,False,True,False,False,False,False,False,True,False,False,False,False,False,True,False,True,False,False
75.0,2024-02-17,2024-02-17,37.49,1.85,15.8,7.39,86.54,93.38,215.9,0.4,7.0,False,True,False,False,False,False,False,False,True,False,False,False,False,True,False,False,False,False,False,True,False,True,False,False,True,False,False
62.0,2024-02-17,2024-02-17,55.37,3.14,18.05,8.62,57.07,92.42,270.04,-2.64,2.0,False,False,False,True,False,False,False,True,False,False,True,False,False,False,False,True,False,False,False,False,False,True,False,False,False,False,True
75.0,2024-02-17,2024-02-17,33.47,3.39,18.94,33.22,44.25,91.06,40.32,26.83,6.0,False,False,False,True,False,True,False,False,False,False,False,False,True,False,False,False,False,False,False,True,False,False,True,False,False,True,False
85.0,2024-02-17,2024-02-17,53.36,3.38,11.31,23.06,29.88,95.54,152.26,3.51,0.0,False,True,False,False,False,False,False,False,False,True,True,False,False,False,False,False,True,False,False,False,False,False,False,True,False,True,False
62.0,2024-02-17,2024-02-17,76.04,2.2,14.89,14.96,87.91,67.05,259.72,23.19,4.0,True,False,False,False,False,True,False,False,False,False,False,False,False,True,False,False,True,False,False,False,False,True,False,False,False,False,True
75.0,2024-02-17,2024-02-17,9.79,3.76,12.89,20.91,89.04,54.07,60.33,31.35,6.0,True,False,False,False,False,False,False,True,False,False,False,False,False,True,False,False,False,False,True,False,False,False,True,False,False,True,False
85.0,2024-02-17,2024-02-17,45.45,1.44,28.19,39.6,18.31,66.43,131.05,28.51,7.0,False,False,True,False,False,False,True,False,False,False,False,False,False,True,False,False,False,True,False,False,False,True,False,False,False,True,False
100.0,2024-02-17,2024-02-17,31.73,2.29,37.5,28.38,76.84,87.56,47.42,7.58,0.0,False,False,True,False,False,False,False,False,True,False,False,False,True,False,False,False,False,False,False,False,True,False,False,True,False,True,False
62.0,2024-02-17,2024-02-17,76.16,2.48,32.56,26.77,24.93,79.56,83.0,38.5,4.0,False,False,False,False,True,False,False,False,False,True,False,True,False,False,True,False,False,False,False,False,False,False,False,True,False,False,True
75.0,2024-02-17,2024-02-17,59.17,2.77,15.22,18.82,50.51,68.6,156.81,29.06,1.0,False,False,False,True,False,False,True,False,False,False,True,False,False,False,False,False,False,False,True,False,False,True,False,False,False,False,True
136.41540803505134,2024-02-17,2024-02-17,15.1,2.89,5.05,22.01,51.48,72.7,152.89,18.97,6.0,False,False,True,False,False,False,False,True,False,False,False,False,False,True,False,True,False,False,False,False,False,False,True,False,False,True,False
62.0,2024-02-17,2024-02-17,66.25,1.25,37.46,13.37,43.85,61.65,152.26,8.95,3.0,True,False,False,False,False,True,False,False,False,False,False,True,False,False,True,False,False,False,False,False,False,False,True,False,True,False,False
75.0,2024-02-17,2024-02-17,30.73,3.0,11.22,37.96,41.9,79.16,207.48,-4.45,5.0,False,True,False,False,False,False,False,False,True,False,False,False,False,True,False,False,False,False,False,True,False,True,False,False,False,True,False
85.0,2024-02-17,2024-02-17,77.69,3.62,25.6,21.99,11.3,81.0,15.22,-8.37,0.0,True,False,False,False,False,False,False,False,False,True,False,False,False,True,False,False,False,False,True,False,False,False,False,True,False,True,False
100.0,2024-02-17,2024-02-17,77.13,1.23,39.43,29.79,62.32,81.41,272.8,-3.66,1.0,False,False,False,True,False,False,True,False,False,False,False,False,True,False,True,False,False,False,False,False,False,False,True,False,True,False,False
100.0,2024-02-17,2024-02-17,8.28,1.25,11.02,27.33,76.67,62.01,216.5,-2.65,2.0,True,False,False,False,False,False,True,False,False,False,False,False,True,False,False,False,False,True,False,False,False,True,False,False,False,True,False
75.0,2024-02-17,2024-02-17,50.53,1.03,34.64,5.11,25.35,63.66,62.53,-9.16,0.0,False,False,False,False,True,False,False,False,True,False,False,True,False,False,False,False,False,True,False,False,False,True,False,False,False,True,False
65.97,2024-02-17,2024-02-17,64.93,3.73,45.6,38.45,58.16,72.86,115.73,26.68,2.0,False,False,False,True,False,True,False,False,False,False,False,False,False,True,False,False,False,False,True,False,False,False,False,True,False,False,True
85.0,2024-02-18,2024-02-18,42.69,3.34,39.4,11.08,34.07,98.87,152.26,32.31,5.0,False,True,False,False,False,False,False,True,False,False,True,False,False,False,False,False,False,True,False,False,False,False,False,True,False,True,False
62.0,2024-02-18,2024-02-18,55.63,1.38,8.18,25.72,50.63,53.25,294.29,14.56,6.0,False,False,False,False,True,True,False,False,False,False,True,False,False,False,False,False,False,False,False,True,False,False,True,False,True,False,False
85.0,2024-02-18,2024-02-18,41.99,1.2,6.48,30.38,46.35,91.11,54.27,37.29,4.0,False,False,False,True,False,True,False,False,False,False,True,False,False,False,False,False,True,False,False,False,False,False,True,False,False,False,True
24.74,2024-02-18,2024-02-18,38.7,0.55,30.85,12.73,27.79,54.74,384.69,36.66,5.0,False,True,False,False,False,True,False,False,False,False,False,True,False,False,False,False,False,False,True,False,False,False,True,False,False,False,True
84.63,2024-02-18,2024-02-18,62.26,1.7,23.58,17.19,34.7,51.28,299.66,9.25,2.0,False,False,False,False,True,False,False,False,True,False,False,False,True,False,False,True,False,False,False,False,False,False,False,True,True,False,False
62.0,2024-02-18,2024-02-18,35.84,3.79,34.74,13.91,55.96,87.11,263.58,9.19,6.0,False,False,False,False,True,False,False,False,True,False,False,True,False,False,True,False,False,False,False,False,False,True,False,False,True,False,False
100.0,2024-02-18,2024-02-18,55.47,3.54,26.48,14.83,38.48,82.3,76.93,1.36,0.0,False,False,False,True,False,False,False,True,False,False,False,False,True,False,True,False,False,False,False,False,False,False,True,False,False,False,True
62.0,2024-02-18,2024-02-18,19.72,1.48,47.61,9.04,58.69,84.55,32.32,35.77,1.41,False,False,True,False,False,True,False,False,False,False,True,False,False,False,True,False,False,False,False,False,False,False,True,False,False,True,False
28.59,2024-02-18,2024-02-18,68.45,2.19,14.97,14.5,26.46,98.79,61.81,18.6,4.39,False,False,False,False,True,False,False,False,True,False,True,False,False,False,False,False,False,False,True,False,False,False,True,False,False,True,False
62.0,2024-02-18,2024-02-18,79.95,1.66,10.89,17.62,52.14,93.02,176.22,34.43,6.0,False,False,False,False,True,False,False,True,False,False,False,False,True,False,False,False,False,False,False,True,False,True,False,False,False,False,True
85.0,2024-02-18,2024-02-18,60.47,3.72,28.75,19.65,33.68,78.91,147.74,-2.66,1.0,False,True,False,False,False,False,False,True,False,False,True,False,False,False,False,False,False,False,True,False,False,False,True,False,False,True,False
75.0,2024-02-18,2024-02-18,35.38,1.72,23.77,16.08,54.48,70.46,33.69,33.89,5.0,True,False,False,False,False,True,False,False,False,False,False,True,False,False,False,False,False,False,True,False,False,False,True,False,False,False,True
62.0,2024-02-18,2024-02-18,37.69,0.6,45.36,33.81,17.97,67.46,172.1,26.07,1.0,False,False,False,True,False,False,False,False,False,True,False,False,True,False,False,False,False,True,False,False,False,False,False,True,True,False,False
110.66,2024-02-18,2024-02-18,20.79,1.47,30.19,16.08,33.55,93.65,155.78,13.66,6.0,False,False,False,True,False,True,False,False,False,False,True,False,False,False,False,False,True,False,False,False,False,False,False,True,False,True,False
100.0,2024-02-18,2024-02-18,53.36,3.8,38.63,13.61,33.27,92.04,42.14,29.88,4.0,False,False,True,False,False,False,False,False,False,True,False,False,False,True,True,False,False,False,False,False,False,False,False,True,False,True,False
100.0,2024-02-18,2024-02-18,24.27,1.64,30.49,15.81,74.68,79.53,80.32,11.7,6.0,False,False,True,False,False,False,False,True,False,False,True,False,False,False,False,False,False,False,False,True,False,True,False,False,False,False,True
62.0,2024-02-18,2024-02-18,68.21,2.84,21.9,38.65,87.9,63.86,71.17,34.38,5.0,False,False,False,True,False,False,False,False,True,False,False,False,False,True,False,False,False,False,False,False,True,False,False,True,False,False,True
100.0,2024-02-18,2024-02-18,27.71,2.86,45.33,38.04,46.48,98.63,104.86,19.03,4.0,False,False,True,False,False,False,True,False,False,False,True,False,False,False,False,False,False,False,False,True,False,False,True,False,False,True,False
50.0,2024-02-18,2024-02-18,76.69,0.73,45.76,35.27,33.29,52.04,190.94,38.74,1.0,False,True,False,False,False,False,False,True,False,False,False,False,False,True,False,False,False,True,False,False,False,False,True,False,False,True,False
50.0,2024-02-18,2024-02-18,45.36,0.56,25.04,33.71,39.08,91.73,109.93,37.33,5.0,False,False,False,True,False,False,False,False,True,False,True,False,False,False,False,False,False,False,True,False,False,True,False,False,False,True,False
50.0,2024-02-18,2024-02-18,27.5,1.37,46.48,8.15,61.56,63.29,97.46,12.41,3.0,False,False,True,False,False,False,False,True,False,False,False,False,False,True,False,True,False,False,False,False,False,True,False,False,True,False,False
100.0,2024-02-18,2024-02-18,74.71,3.68,33.46,38.77,56.91,90.24,166.68,7.88,1.0,False,False,False,True,False,True,False,False,False,False,False,False,True,False,False,False,False,False,False,True,False,False,True,False,False,True,False
100.0,2024-02-18,2024-02-18,37.52,2.78,24.98,12.98,23.17,79.15,27.72,-7.65,0.0,True,False,False,False,False,False,False,False,False,True,False,False,True,False,True,False,False,False,False,False,False,True,False,False,False,True,False
100.57,2024-02-18,2024-02-19,24.04,2.91,26.03,25.49,81.15,50.45,146.92,8.83,1.0,False,False,False,False,True,False,False,True,False,False,False,False,False,True,False,True,False,False,False,False,False,False,True,False,False,False,True
75.0,2024-02-19,2024-02-19,9.52,1.28,48.58,15.14,18.26,88.41,207.1,27.83,0.0,False,False,False,True,False,False,False,False,True,False,True,False,False,False,False,False,False,False,False,False,True,False,False,True,True,False,False
48.35,2024-02-19,2024-02-19,39.88,3.04,19.46,20.34,58.02,52.29,172.52,31.64,4.0,False,False,False,False,True,True,False,False,False,False,False,True,False,False,False,False,False,False,False,False,True,False,True,False,False,False,True
50.0,2024-02-19,2024-02-19,5.76,2.29,39.13,34.4,63.62,73.81,107.67,18.96,3.0,False,False,True,False,False,False,True,False,False,False,False,True,False,False,False,True,False,False,False,False,False,True,False,False,False,True,False
100.0,2024-02-19,2024-02-19,13.0,1.7,41.18,18.41,40.69,57.67,245.86,39.63,6.0,False,False,False,False,True,True,False,False,False,False,False,True,False,False,False,False,False,True,False,False,False,False,False,True,True,False,False
62.0,2024-02-19,2024-02-19,21.35,2.86,21.5,19.3,49.32,56.18,29.26,2.5,6.0,False,False,False,True,False,False,False,False,False,True,False,True,False,False,False,False,False,False,False,False,True,False,True,False,False,True,False
100.0,2024-02-19,2024-02-19,48.85,1.66,7.24,17.93,22.71,62.07,107.31,-0.34,3.0,True,False,False,False,False,True,False,False,False,False,False,False,False,True,False,True,False,False,False,False,False,True,False,False,True,False,False
100.0,2024-02-19,2024-02-19,9.21,2.86,14.83,34.45,46.61,66.15,280.54,18.46,7.0,False,False,True,False,False,False,True,False,False,False,False,False,True,False,False,False,False,False,True,False,False,True,False,False,True,False,False
75.0,2024-02-19,2024-02-19,19.94,1.91,26.75,37.02,12.43,126.38347784460416,105.66,3.37,3.0,False,False,False,True,False,False,False,False,True,False,False,False,True,False,False,True,False,False,False,False,False,False,False,True,True,False,False
62.0,2024-02-19,2024-02-19,42.69,1.05,27.82,12.43,43.44,56.19,122.3,12.79,2.0,False,False,True,False,False,False,False,True,False,False,False,True,False,False,False,False,False,False,True,False,False,False,True,False,True,False,False
85.0,2024-02-19,2024-02-19,76.19,2.85,14.98,22.65,10.29,76.73,69.19,15.25,0.0,False,True,False,False,False,False,False,False,False,True,False,False,True,False,False,False,False,True,False,False,False,False,True,False,True,False,False
75.0,2024-02-19,2024-02-19,72.94,3.61,13.83,35.86,44.09,61.94,19.31,38.67,6.0,False,False,False,False,True,False,True,False,False,False,False,False,False,True,True,False,False,False,False,False,False,True,False,False,True,False,False
75.0,2024-02-19,2024-02-19,24.54,1.71,25.6,31.06,18.63,76.46,81.74,-1.64,4.59,False,True,False,False,False,False,False,False,False,True,False,True,False,False,True,False,False,False,False,False,False,False,False,True,False,False,True
85.0,2024-02-19,2024-02-19,7.45,3.48,25.6,15.13,65.87,84.11,30.92,10.51,2.08,False,False,False,True,False,True,False,False,False,False,False,False,False,True,False,False,False,False,False,False,True,False,True,False,False,False,True
85.0,2024-02-19,2024-02-19,17.2,1.66,25.6,38.89,24.07,76.81,160.29,-4.25,1.0,True,False,False,False,False,False,False,False,False,True,False,False,False,True,False,False,True,False,False,False,False,False,False,True,False,True,False
50.0,2024-02-19,2024-02-19,42.69,2.29,21.67,8.33,58.69,84.96,116.66,-3.11,1.0,False,False,True,False,False,False,True,False,False,False,True,False,False,False,False,False,True,False,False,False,False,True,False,False,True,False,False
75.0,2024-02-19,2024-02-19,72.28,1.1,7.44,11.99,87.22,65.57,155.31,4.7,7.0,False,False,False,False,True,False,False,True,False,False,False,False,False,True,False,True,False,False,False,False,False,False,True,False,True,False,False
85.0,2024-02-19,2024-02-19,18.02,2.46,43.7,17.78,71.41,76.22,28.55,19.17,4.0,False,False,True,False,False,False,False,True,False,False,True,False,False,False,False,False,False,True,False,False,False,True,False,False,False,False,True
75.0,2024-02-19,2024-02-19,59.13,2.42,6.94,37.99,47.38,51.07,238.74,19.75,0.0,False,False,False,True,False,False,False,False,False,True,False,True,False,False,False,False,False,False,True,False,False,False,True,False,False,True,False
85.0,2024-02-19,2024-02-19,35.87,4.23,32.8,25.03,83.52,85.7,258.03,8.25,5.35,False,False,True,False,False,False,False,False,True,False,False,False,False,True,True,False,False,False,False,False,False,True,False,False,False,True,False
62.0,2024-02-19,2024-02-19,5.2,1.89,49.33,30.87,18.98,89.64,179.29,37.58,2.4,False,False,False,False,True,False,False,False,False,True,False,False,True,False,False,False,False,True,False,False,False,False,True,False,False,False,True
50.0,2024-02-19,2024-02-19,28.77,1.19,25.8,17.02,27.99,69.5,163.04,37.49,6.0,False,False,False,True,False,True,False,False,False,False,False,True,False,False,True,False,False,False,False,False,False,False,False,True,False,False,True
75.0,2024-02-19,2024-02-20,61.91,3.1,37.77,31.22,18.22,88.06,291.18,18.77,3.0,False,False,True,False,False,False,False,True,False,False,False,False,False,True,True,False,False,False,False,False,False,False,True,False,True,False,False
100.0,2024-02-19,2024-02-19,35.02,2.85,12.54,26.83,19.07,77.59,49.67,10.2,3.0,True,False,False,False,False,False,False,True,False,False,False,False,False,True,False,False,False,False,False,False,True,False,True,False,False,False,True
50.0,2024-02-19,2024-02-20,14.8,2.61,27.5,33.99,19.6,82.03,58.87,27.22,3.0,False,False,False,True,False,False,False,True,False,False,False,False,True,False,True,False,False,False,False,False,False,True,False,False,True,False,False
75.0,2024-02-20,2024-02-20,65.1,1.02,47.44,31.7,17.25,99.67,41.26,10.93,4.0,False,False,False,True,False,False,False,False,True,False,True,False,False,False,False,False,True,False,False,False,False,False,True,False,False,True,False
75.0,2024-02-20,2024-02-20,18.12,3.41,35.16,15.37,41.08,126.38347784460416,277.02,4.6,7.0,True,False,False,False,False,False,False,False,True,False,False,False,False,True,False,False,False,False,False,True,False,False,True,False,True,False,False
86.72,2024-02-20,2024-02-20,61.63,2.94,20.39,32.96,23.36,96.41,83.92,-6.98,3.0,False,True,False,False,False,False,True,False,False,False,False,False,False,True,False,False,False,False,False,False,True,False,True,False,False,False,True
75.0,2024-02-20,2024-02-20,71.81,3.74,39.47,21.01,49.9,60.39,55.97,-0.83,2.0,False,False,False,False,True,False,False,False,False,True,False,False,True,False,False,True,False,False,False,False,False,True,False,False,True,False,False
100.0,2024-02-20,2024-02-20,45.99,1.6,42.36,19.23,63.54,60.39,113.46,5.82,3.0,False,True,False,False,False,False,False,False,False,True,False,True,False,False,False,False,False,False,False,True,False,False,True,False,True,False,False
100.0,2024-02-20,2024-02-20,45.86,1.31,47.5,35.55,26.45,50.88,85.0,7.16,4.0,False,False,True,False,False,True,False,False,False,False,False,False,False,True,False,False,False,False,False,False,True,False,False,True,False,False,True
100.0,2024-02-20,2024-02-20,55.69,2.87,3.86,5.43,25.91,91.24,152.26,11.35,0.0,True,False,False,False,False,False,False,True,False,False,True,False,False,False,False,False,False,True,False,False,False,False,False,True,True,False,False
61.95,2024-02-20,2024-02-20,23.05,3.66,36.77,9.64,36.14,50.59,286.38,-7.86,2.0,False,True,False,False,False,False,False,False,True,False,True,False,False,False,False,False,False,False,False,False,True,True,False,False,False,True,False
50.0,2024-02-20,2024-02-20,39.97,0.69,37.68,35.48,88.3,71.14,60.92,11.02,4.0,False,False,False,True,False,True,False,False,False,False,False,False,True,False,False,False,False,False,True,False,False,False,True,False,True,False,False
75.0,2024-02-20,2024-02-20,21.05,1.46,6.31,46.17,50.71,64.14,135.64,26.19,5.0,False,False,True,False,False,True,False,False,False,False,True,False,False,False,False,False,False,False,False,True,False,True,False,False,False,False,True
100.0,2024-02-20,2024-02-20,8.79,2.91,25.6,15.66,49.82,86.76,98.66,-9.12,1.0,False,False,True,False,False,False,False,False,True,False,False,False,False,True,False,False,False,False,False,True,False,False,True,False,False,False,True
62.0,2024-02-20,2024-02-20,97.67,2.82,34.01,14.87,31.72,64.0,249.07,-7.75,5.0,False,True,False,False,False,False,False,False,False,True,True,False,False,False,False,False,True,False,False,False,False,True,False,False,False,False,True
100.0,2024-02-20,2024-02-20,39.95,2.71,34.1,29.24,15.07,98.61,132.79,-5.5,1.0,False,True,False,False,False,False,False,True,False,False,False,False,False,True,False,False,False,False,False,True,False,False,True,False,True,False,False
86.17,2024-02-20,2024-02-20,41.01,3.07,35.24,43.37,56.93,79.68,223.72,31.59,2.0,True,False,False,False,False,False,False,False,False,True,False,False,True,False,True,False,False,False,False,False,False,False,True,False,False,True,False
75.0,2024-02-20,2024-02-20,11.42,3.25,26.14,12.86,75.86,60.2,31.31,-2.44,4.0,False,False,False,False,True,True,False,False,False,False,True,False,False,False,False,False,True,False,False,False,False,True,False,False,False,False,True
100.0,2024-02-20,2024-02-20,52.28,1.77,23.88,23.7,21.86,79.26,41.29,6.39,6.0,False,True,False,False,False,False,False,True,False,False,False,False,False,True,False,False,False,True,False,False,False,True,False,False,False,False,True
75.0,2024-02-20,2024-02-20,77.63,3.31,11.18,10.91,54.64,58.02,101.4,2.21,2.0,False,True,False,False,False,False,True,False,False,False,False,True,False,False,True,False,False,False,False,False,False,True,False,False,False,True,False
50.0,2024-02-20,2024-02-20,14.18,2.21,21.86,23.92,18.14,64.34,295.96,8.01,7.0,False,False,False,True,False,True,False,False,False,False,False,False,False,True,False,False,True,False,False,False,False,False,True,False,False,False,True
62.0,2024-02-20,2024-02-20,28.34,2.26,36.29,35.18,25.45,95.75,85.89,15.73,7.0,False,False,True,False,False,False,False,False,False,True,False,False,False,True,False,True,False,False,False,False,False,True,False,False,True,False,False
100.0,2024-02-20,2024-02-20,17.63,1.73,11.38,30.59,88.54,54.64,179.75,36.45,5.0,False,False,False,False,True,False,False,False,False,True,False,False,True,False,False,False,False,True,False,False,False,False,True,False,False,False,True
75.0,2024-02-20,2024-02-20,45.45,1.13,12.82,29.15,59.31,59.87,39.89,37.73,0.0,False,False,False,True,False,False,False,False,False,True,False,False,False,True,False,False,True,False,False,False,False,False,False,True,False,False,True
50.0,2024-02-20,2024-02-21,49.66,3.59,17.66,12.39,68.71,84.88,236.73,-4.14,0.0,True,False,False,False,False,False,False,False,True,False,False,False,True,False,False,True,False,False,False,False,False,False,False,True,True,False,False
85.0,2024-02-20,2024-02-21,23.94,2.16,18.82,23.77,24.12,90.83,190.2,-3.24,3.0,True,False,False,False,False,True,False,False,False,False,False,False,False,True,False,False,True,False,False,False,False,False,True,False,False,True,False
85.0,2024-02-20,2024-02-21,23.87,2.44,23.6,10.91,75.64,58.59,158.22,11.05,0.0,False,True,False,False,False,False,False,True,False,False,False,False,False,True,False,True,False,False,False,False,False,False,True,False,False,True,False
50.0,2024-02-21,2024-02-21,8.64,2.49,19.67,21.98,13.25,85.29,132.61,0.87,4.0,False,True,False,False,False,False,False,False,False,True,False,False,False,True,True,False,False,False,False,False,False,True,False,False,False,False,True
75.0,2024-02-21,2024-02-21,11.14,0.77,25.6,37.34,75.44,98.86,246.71,35.78,5.0,True,False,False,False,False,False,False,False,False,True,False,False,True,False,False,False,False,True,False,False,False,False,True,False,True,False,False
100.0,2024-02-21,2024-02-21,46.4,0.98,38.51,6.69,61.77,58.63,18.64,-1.9,3.0,False,True,False,False,False,False,False,False,True,False,False,False,False,True,False,False,False,True,False,False,False,False,True,False,True,False,False
64.93,2024-02-21,2024-02-21,77.27,3.5,28.93,37.51,34.59,92.21,27.66,12.0,3.0,False,False,False,False,True,False,False,True,False,False,False,False,True,False,False,False,True,False,False,False,False,False,False,True,False,True,False
100.0,2024-02-21,2024-02-21,6.0,3.98,34.95,30.41,36.4,62.03,270.66,22.98,5.0,False,True,False,False,False,True,False,False,False,False,False,True,False,False,False,False,False,False,True,False,False,True,False,False,False,True,False
54.03,2024-02-21,2024-02-21,21.27,3.34,40.18,12.19,23.97,90.94,75.73,31.35,6.0,False,False,True,False,False,False,True,False,False,False,False,False,True,False,False,False,True,False,False,False,False,True,False,False,False,True,False
62.0,2024-02-21,2024-02-21,38.14,0.95,42.52,21.81,79.21,126.38347784460416,145.03,39.71,7.0,False,True,False,False,False,False,False,False,True,False,False,True,False,False,False,True,False,False,False,False,False,False,True,False,True,False,False
85.0,2024-02-21,2024-02-21,38.0,2.06,10.49,16.65,21.31,58.47,214.38,-1.84,1.0,False,False,False,True,False,True,False,False,False,False,False,False,True,False,False,False,False,True,False,False,False,True,False,False,True,False,False
50.0,2024-02-21,2024-02-21,12.89,2.14,17.34,18.14,78.39,78.82,88.54,20.06,0.0,False,False,False,False,True,False,True,False,False,False,False,False,True,False,False,False,False,False,False,False,True,False,False,True,True,False,False
85.0,2024-02-21,2024-02-21,60.62,1.96,22.68,32.74,71.58,66.87,286.42,29.72,4.0,False,False,False,True,False,False,False,False,False,True,False,False,False,True,True,False,False,False,False,False,False,False,False,True,False,False,True
100.0,2024-02-21,2024-02-21,42.69,1.62,27.8,58.25,74.48,75.87,58.28,33.67,7.0,False,False,False,True,False,False,False,False,False,True,True,False,False,False,False,False,False,False,True,False,False,False,False,True,False,False,True
75.0,2024-02-21,2024-02-21,5.87,0.89,21.33,21.91,28.9,97.35,280.98,-1.56,4.0,False,False,True,False,False,False,False,True,False,False,True,False,False,False,False,False,False,False,False,False,True,False,True,False,False,True,False
62.0,2024-02-21,2024-02-21,42.69,1.28,36.6,29.78,76.96,83.76,11.77,12.24,1.0,False,False,False,False,True,False,True,False,False,False,False,False,False,True,False,False,False,False,False,False,True,False,True,False,False,True,False
100.0,2024-02-21,2024-02-21,77.7,1.22,26.42,17.06,52.5,66.18,196.29,36.64,5.0,False,False,False,False,True,False,False,False,False,True,False,True,False,False,True,False,False,False,False,False,False,False,False,True,False,False,True
85.0,2024-02-21,2024-02-21,94.37,2.24,31.65,38.09,43.88,62.26,205.84,19.12,7.0,False,False,False,False,True,False,False,False,False,True,False,False,False,True,False,False,True,False,False,False,False,False,False,True,False,False,True
62.0,2024-02-21,2024-02-21,43.96,1.77,36.0,10.43,60.9,81.09,49.91,3.92,4.0,False,False,False,False,True,False,False,True,False,False,True,False,False,False,False,False,False,False,False,True,False,True,False,False,False,False,True
85.0,2024-02-21,2024-02-21,76.48,1.91,42.37,15.66,27.95,85.82,92.33,5.65,3.0,False,False,False,False,True,True,False,False,False,False,False,False,True,False,False,False,False,False,True,False,False,True,False,False,False,False,True
78.51,2024-02-21,2024-02-21,66.18,3.26,5.92,37.28,40.62,54.01,108.14,2.24,3.0,False,False,True,False,False,False,False,False,False,True,False,False,False,True,False,False,True,False,False,False,False,True,False,False,False,True,False
50.0,2024-02-21,2024-02-21,76.24,3.73,6.8,21.09,76.96,61.47,94.43,2.55,4.0,False,True,False,False,False,False,False,False,True,False,False,True,False,False,True,False,False,False,False,False,False,True,False,False,False,False,True
75.0,2024-02-21,2024-02-21,35.16,0.15,17.64,19.96,76.28,83.59,31.79,-6.23,4.0,False,False,False,True,False,False,False,False,True,False,False,False,False,True,False,False,False,False,False,True,False,False,False,True,False,False,True
85.0,2024-02-21,2024-02-21,53.12,1.81,41.69,33.39,79.45,60.94,139.24,18.71,6.0,False,False,False,False,True,True,False,False,False,False,True,False,False,False,True,False,False,False,False,False,False,True,False,False,True,False,False
50.0,2024-02-21,2024-02-22,43.13,2.77,5.77,21.6,69.62,77.4,167.62,31.06,2.12,False,True,False,False,False,False,True,False,False,False,False,False,True,False,True,False,False,False,False,False,False,False,False,True,False,True,False
75.0,2024-02-21,2024-02-22,60.68,2.22,15.63,31.65,52.46,69.58,61.52,15.95,2.0,False,True,False,False,False,False,False,True,False,False,True,False,False,False,False,False,False,False,False,False,True,False,False,True,False,True,False
85.0,2024-02-21,2024-02-22,33.67,2.01,24.86,37.4,57.2,71.73,230.79,25.43,1.0,False,False,False,True,False,False,False,False,True,False,True,False,False,False,False,False,False,True,False,False,False,False,True,False,True,False,False
100.0,2024-02-22,2024-02-22,54.55,1.6,19.1,17.03,65.65,86.26,44.41,26.23,3.0,False,False,True,False,False,False,False,False,True,False,True,False,False,False,False,False,True,False,False,False,False,True,False,False,False,True,False
62.0,2024-02-22,2024-02-22,14.12,0.94,21.38,3.71,27.57,60.91,262.13,0.67,5.0,True,False,False,False,False,True,False,False,False,False,True,False,False,False,True,False,False,False,False,False,False,False,False,True,False,True,False
62.0,2024-02-22,2024-02-22,11.32,1.82,39.96,3.06,59.78,53.01,111.7,-0.89,5.0,True,False,False,False,False,False,True,False,False,False,False,False,True,False,False,False,True,False,False,False,False,False,True,False,False,False,True
50.0,2024-02-22,2024-02-22,26.59,1.72,24.45,25.2,77.98,91.45,191.39,5.32,1.0,False,True,False,False,False,False,True,False,False,False,True,False,False,False,False,False,False,False,False,True,False,False,True,False,False,False,True
75.0,2024-02-22,2024-02-22,65.92,3.32,37.52,8.2,34.71,99.83,31.82,-0.65,3.0,False,False,False,True,False,True,False,False,False,False,False,True,False,False,False,False,False,False,False,False,True,False,False,True,False,True,False
62.0,2024-02-22,2024-02-22,37.52,0.8,25.6,9.59,26.14,69.59,238.75,-2.56,7.0,True,False,False,False,False,False,False,False,True,False,False,True,False,False,False,False,False,False,False,True,False,False,False,True,True,False,False
100.0,2024-02-22,2024-02-22,20.07,2.47,48.07,13.66,27.43,68.09,35.45,6.23,0.0,False,True,False,False,False,False,False,True,False,False,True,False,False,False,False,False,False,False,False,True,False,True,False,False,True,False,False
100.0,2024-02-22,2024-02-22,10.39,1.48,38.42,39.8,88.86,73.18,243.31,39.39,4.0,False,False,True,False,False,False,False,False,True,False,False,True,False,False,False,False,False,False,False,False,True,True,False,False,False,True,False
75.0,2024-02-22,2024-02-22,5.89,1.24,40.78,11.65,12.91,57.54,100.99,16.89,1.0,True,False,False,False,False,False,True,False,False,False,True,False,False,False,False,False,True,False,False,False,False,False,False,True,False,True,False
75.0,2024-02-22,2024-02-22,48.52,3.0,6.02,6.77,53.07,90.08,119.99,37.13,6.0,False,True,False,False,False,False,False,False,True,False,False,False,True,False,False,False,False,False,False,True,False,False,False,True,False,True,False
100.0,2024-02-22,2024-02-22,51.94,2.46,9.17,29.47,61.46,96.39,220.78,14.48,3.0,False,True,False,False,False,False,False,True,False,False,False,False,True,False,False,True,False,False,False,False,False,False,True,False,False,True,False
85.0,2024-02-22,2024-02-22,20.79,3.25,41.24,25.79,49.97,63.11,259.92,22.9,2.0,False,False,False,False,True,False,False,False,False,True,False,True,False,False,False,False,True,False,False,False,False,False,True,False,False,False,True
100.0,2024-02-22,2024-02-22,49.48,1.73,18.94,37.66,23.26,53.99,49.05,-7.48,4.0,False,False,True,False,False,False,False,False,True,False,False,True,False,False,False,False,False,True,False,False,False,False,True,False,False,False,True
75.0,2024-02-22,2024-02-22,25.53,0.43,25.6,25.02,20.07,80.32,265.24,19.0,4.0,False,False,False,False,True,True,False,False,False,False,True,False,False,False,False,False,False,True,False,False,False,False,True,False,False,True,False
50.0,2024-02-22,2024-02-22,19.96,1.3,43.01,37.06,15.82,53.37,51.42,30.01,2.0,False,False,False,True,False,False,False,False,False,True,False,False,False,True,True,False,False,False,False,False,False,False,True,False,True,False,False
50.0,2024-02-22,2024-02-22,33.69,3.98,22.71,35.8,87.13,70.56,29.81,10.61,4.0,False,False,False,False,True,True,False,False,False,False,True,False,False,False,False,False,False,False,False,False,True,True,False,False,False,False,True
50.0,2024-02-22,2024-02-22,45.16,0.92,31.31,39.25,11.79,50.75,61.51,17.26,5.0,False,False,False,False,True,True,False,False,False,False,True,False,False,False,False,False,False,True,False,False,False,False,True,False,False,True,False
100.0,2024-02-22,2024-02-22,60.83,3.57,48.32,9.98,26.45,83.9,29.67,3.17,6.56,True,False,False,False,False,True,False,False,False,False,False,False,True,False,False,False,False,False,False,False,True,False,False,True,True,False,False
75.0,2024-02-22,2024-02-22,42.69,1.23,43.98,22.56,76.7,87.03,286.32,15.61,3.22,False,True,False,False,False,False,False,False,True,False,False,False,False,True,False,False,True,False,False,False,False,True,False,False,False,False,True
100.0,2024-02-22,2024-02-22,47.68,1.42,37.75,36.55,75.29,67.25,268.7,27.78,0.0,False,False,True,False,False,False,True,False,False,False,False,False,False,True,False,True,False,False,False,False,False,False,True,False,False,False,True
85.0,2024-02-22,2024-02-22,27.64,1.92,57.1,10.22,38.42,73.06,206.44,9.38,7.0,False,False,False,False,True,False,False,False,False,True,True,False,False,False,False,True,False,False,False,False,False,False,True,False,False,True,False
62.0,2024-02-22,2024-02-22,66.46,3.89,47.72,21.57,61.05,70.39,250.86,18.39,0.02,False,False,True,False,False,False,False,True,False,False,False,False,True,False,False,True,False,False,False,False,False,False,True,False,True,False,False
75.0,2024-02-22,2024-02-23,42.69,0.55,37.25,15.37,19.89,62.23,49.12,-2.46,4.0,False,False,False,False,True,False,True,False,False,False,False,True,False,False,False,True,False,False,False,False,False,False,False,True,False,True,False
75.0,2024-02-22,2024-02-23,42.69,2.34,36.93,25.86,74.55,83.23,56.9,37.49,7.0,False,False,False,True,False,False,False,False,True,False,False,False,True,False,False,False,False,False,True,False,False,False,True,False,False,False,True
62.0,2024-02-23,2024-02-23,10.2,3.99,36.8,36.57,67.36,94.85,131.97,12.62,1.0,False,False,False,False,True,True,False,False,False,False,False,True,False,False,False,False,False,False,False,False,True,False,False,True,True,False,False
85.0,2024-02-23,2024-02-23,67.61,3.93,23.4,24.02,65.53,55.09,227.06,6.14,0.0,True,False,False,False,False,False,False,True,False,False,False,False,True,False,False,False,False,False,False,True,False,False,False,True,False,False,True
85.0,2024-02-23,2024-02-23,8.94,3.62,35.32,9.93,27.05,93.46,79.49,14.33,6.0,False,True,False,False,False,False,False,False,False,True,False,False,False,True,False,False,False,False,False,False,True,False,True,False,False,True,False
62.0,2024-02-23,2024-02-23,26.44,3.69,27.12,27.37,63.48,80.48,265.56,14.39,3.0,False,False,False,True,False,False,True,False,False,False,False,False,True,False,False,False,False,True,False,False,False,False,True,False,False,True,False
100.0,2024-02-23,2024-02-23,42.02,0.73,13.3,13.09,55.04,70.45,1.9,14.64,5.0,False,False,False,False,True,False,True,False,False,False,True,False,False,False,False,False,False,False,False,False,True,True,False,False,False,False,True
75.0,2024-02-23,2024-02-23,28.0,1.77,25.6,25.54,59.66,95.05,212.71,-6.86,0.0,False,False,True,False,False,False,False,True,False,False,False,True,False,False,False,False,False,False,False,False,True,True,False,False,False,True,False
50.0,2024-02-23,2024-02-23,34.54,2.54,14.24,26.03,16.96,84.6,181.85,13.03,2.0,False,False,False,True,False,False,False,False,True,False,False,False,True,False,False,True,False,False,False,False,False,True,False,False,False,True,False
100.0,2024-02-23,2024-02-23,67.08,3.88,23.1,11.98,23.03,95.03,195.72,5.01,3.0,False,False,False,True,False,False,False,False,False,True,False,False,True,False,False,True,False,False,False,False,False,False,False,True,False,False,True
100.0,2024-02-23,2024-02-23,39.71,3.78,18.69,24.19,34.04,96.37,209.37,0.26,7.0,False,False,False,False,True,False,False,True,False,False,False,True,False,False,False,False,False,False,True,False,False,False,True,False,True,False,False
50.0,2024-02-23,2024-02-23,6.45,2.25,11.02,5.39,26.98,98.4,152.26,12.19,7.0,False,False,False,True,False,True,False,False,False,False,False,False,True,False,False,False,True,False,False,False,False,True,False,False,False,False,True
62.0,2024-02-23,2024-02-23,30.75,3.78,19.48,12.9,49.53,68.65,129.55,31.98,0.19,False,False,True,False,False,False,False,False,False,True,False,True,False,False,False,False,False,False,False,False,True,False,False,True,False,False,True
50.0,2024-02-23,2024-02-23,28.8,0.76,45.52,20.9,73.69,81.23,22.33,-0.26,3.0,False,False,False,True,False,False,True,False,False,False,False,False,False,True,True,False,False,False,False,False,False,True,False,False,True,False,False
63.99,2024-02-23,2024-02-23,30.99,1.93,25.6,35.73,73.31,76.17,203.06,28.35,5.0,False,False,True,False,False,False,False,True,False,False,False,True,False,False,False,False,True,False,False,False,False,True,False,False,False,True,False
100.0,2024-02-23,2024-02-23,85.04,3.71,26.73,21.84,32.36,55.99,279.87,22.67,7.0,False,False,False,False,True,False,True,False,False,False,False,True,False,False,False,False,False,True,False,False,False,False,True,False,True,False,False
50.0,2024-02-23,2024-02-23,47.77,2.68,32.99,30.86,13.71,97.59,221.54,15.36,6.0,False,True,False,False,False,False,True,False,False,False,False,False,False,True,False,False,False,False,True,False,False,False,True,False,False,False,True
62.0,2024-02-23,2024-02-23,57.45,1.12,35.73,26.41,32.34,89.62,57.29,33.49,1.0,False,False,False,True,False,False,True,False,False,False,False,False,True,False,False,False,False,True,False,False,False,False,False,True,True,False,False
50.0,2024-02-23,2024-02-23,45.94,1.81,16.56,22.15,77.01,73.31,232.6,27.57,0.0,False,True,False,False,False,False,False,False,True,False,False,False,True,False,False,True,False,False,False,False,False,False,True,False,False,True,False
50.0,2024-02-23,2024-02-23,49.53,0.81,42.14,24.0,79.74,53.91,279.44,4.52,5.0,False,False,True,False,False,False,True,False,False,False,False,False,False,True,False,False,False,True,False,False,False,True,False,False,True,False,False
100.0,2024-02-23,2024-02-23,52.74,2.18,9.72,33.82,77.81,89.79,56.86,37.12,4.0,False,False,False,True,False,True,False,False,False,False,True,False,False,False,False,False,False,False,False,False,True,False,False,True,True,False,False
50.0,2024-02-23,2024-02-23,61.93,2.77,37.39,24.52,39.91,53.25,17.95,0.71,0.85,True,False,False,False,False,True,False,False,False,False,False,True,False,False,False,True,False,False,False,False,False,False,False,True,False,False,True
85.0,2024-02-23,2024-02-23,23.44,3.46,50.35,8.48,81.16,93.28,22.62,14.79,5.0,False,True,False,False,False,False,False,False,False,True,False,False,True,False,False,False,True,False,False,False,False,False,False,True,True,False,False
62.0,2024-02-23,2024-02-23,8.32,0.73,11.74,20.7,38.55,56.85,271.53,35.82,2.93,False,False,False,True,False,False,True,False,False,False,False,False,True,False,False,False,False,False,False,True,False,False,False,True,False,False,True
50.0,2024-02-23,2024-02-23,10.19,3.41,29.83,18.82,63.63,23.89999185236553,83.87,26.52,6.0,False,True,False,False,False,False,True,False,False,False,False,True,False,False,False,True,False,False,False,False,False,False,True,False,False,True,False
100.0,2024-02-23,2024-02-24,71.95,3.94,7.48,24.9,21.35,74.29,185.76,24.85,5.0,False,False,False,True,False,False,False,True,False,False,False,True,False,False,False,True,False,False,False,False,False,True,False,False,True,False,False
100.0,2024-02-24,2024-02-24,9.21,2.42,43.77,27.71,44.01,78.66,58.8,9.63,7.0,False,False,False,False,True,False,False,False,True,False,False,True,False,False,False,False,False,False,True,False,False,False,True,False,True,False,False
80.25,2024-02-24,2024-02-24,21.92,1.67,6.45,7.49,69.63,62.8,198.59,29.09,7.0,False,True,False,False,False,False,False,False,False,True,True,False,False,False,False,False,False,False,False,True,False,False,True,False,False,False,True
85.0,2024-02-24,2024-02-24,21.8,1.17,37.74,27.46,55.13,68.55,39.04,-4.05,5.0,True,False,False,False,False,False,True,False,False,False,False,False,False,True,False,False,True,False,False,False,False,False,False,True,False,False,True
62.0,2024-02-24,2024-02-24,27.99,1.48,41.52,7.26,87.54,57.43,42.8,3.89,5.0,True,False,False,False,False,False,False,True,False,False,True,False,False,False,True,False,False,False,False,False,False,False,True,False,False,True,False
62.0,2024-02-24,2024-02-24,35.76,1.93,22.87,17.07,11.85,114.17,273.51,39.21,3.0,False,False,True,False,False,False,False,False,True,False,True,False,False,False,True,False,False,False,False,False,False,False,True,False,False,False,True
85.0,2024-02-24,2024-02-24,7.92,1.79,31.75,27.96,69.71,55.14,18.78,11.77,3.0,False,False,False,True,False,False,False,False,False,True,False,True,False,False,True,False,False,False,False,False,False,True,False,False,False,False,True
60.8,2024-02-24,2024-02-24,26.18,4.3,11.08,11.41,35.3,82.02,76.34,-8.55,3.0,False,True,False,False,False,False,False,False,False,True,False,False,False,True,False,False,False,False,False,False,True,False,False,True,False,True,False
81.06,2024-02-24,2024-02-24,42.69,1.7,13.49,14.32,83.09,76.5,11.26,13.74,5.0,False,False,True,False,False,False,True,False,False,False,False,False,True,False,True,False,False,False,False,False,False,False,True,False,False,False,True
46.17,2024-02-24,2024-02-24,60.25,2.74,42.34,21.1,38.88,51.85,173.29,31.55,6.0,False,True,False,False,False,False,False,False,False,True,False,True,False,False,False,False,False,False,False,False,True,False,False,True,False,False,True
50.0,2024-02-24,2024-02-24,15.69,2.13,14.19,9.25,83.92,66.78,194.78,12.27,1.0,False,False,False,True,False,False,False,True,False,False,False,False,False,True,False,False,True,False,False,False,False,True,False,False,False,False,True
75.0,2024-02-24,2024-02-24,54.83,0.56,45.86,22.93,71.31,96.8,69.73,23.6,5.0,True,False,False,False,False,False,False,False,False,True,False,False,True,False,False,False,True,False,False,False,False,False,True,False,False,False,True
85.0,2024-02-24,2024-02-24,65.23,1.57,17.13,5.71,48.17,61.35,35.64,33.94,4.0,False,False,False,False,True,True,False,False,False,False,True,False,False,False,False,True,False,False,False,False,False,True,False,False,False,True,False
75.0,2024-02-24,2024-02-24,6.43,0.93,9.03,16.43,71.49,73.29,209.98,21.7,2.0,True,False,False,False,False,False,False,True,False,False,False,False,False,True,True,False,False,False,False,False,False,True,False,False,False,True,False
50.0,2024-02-24,2024-02-24,16.13,3.91,4.19,27.64,61.13,71.02,82.88,29.24,5.0,False,False,True,False,False,False,False,False,True,False,True,False,False,False,False,False,False,False,True,False,False,False,False,True,False,False,True
62.0,2024-02-24,2024-02-24,66.98,0.78,13.79,38.83,64.13,94.36,152.26,36.43,1.0,False,False,False,False,True,False,False,False,True,False,True,False,False,False,False,False,True,False,False,False,False,False,False,True,True,False,False
50.0,2024-02-24,2024-02-24,74.28,2.85,25.07,38.19,41.34,50.41,194.79,7.73,3.0,False,False,True,False,False,False,True,False,False,False,False,False,False,True,False,False,False,False,False,True,False,False,False,True,False,True,False
75.0,2024-02-24,2024-02-24,39.73,1.25,21.4,19.41,55.86,85.12,152.26,24.11,0.0,False,False,False,True,False,False,True,False,False,False,False,False,True,False,False,False,False,False,False,True,False,False,True,False,True,False,False
129.35,2024-02-24,2024-02-24,60.73,2.37,10.49,11.29,41.86,94.1,279.55,-1.37,3.0,False,False,False,False,True,True,False,False,False,False,False,False,False,True,False,False,True,False,False,False,False,False,False,True,False,False,True
50.0,2024-02-24,2024-02-24,43.25,2.5,63.22,36.36,62.11,65.2,220.28,1.63,5.0,False,False,True,False,False,False,False,False,True,False,False,False,True,False,False,True,False,False,False,False,False,False,True,False,False,False,True
100.0,2024-02-24,2024-02-24,42.01,1.43,5.9,22.08,39.2,83.92,239.6,1.92,7.0,False,False,False,True,False,False,False,False,True,False,False,True,False,False,False,False,False,True,False,False,False,True,False,False,False,True,False
100.0,2024-02-24,2024-02-24,68.19,3.24,18.39,5.07,31.46,93.1,164.38,34.03,4.0,True,False,False,False,False,False,False,False,True,False,False,True,False,False,False,False,False,False,False,True,False,False,False,True,True,False,False
100.0,2024-02-24,2024-02-24,18.9,3.27,45.48,37.26,71.9,78.68,226.52,20.36,5.0,False,False,False,True,False,False,False,False,True,False,False,True,False,False,False,False,False,False,False,True,False,True,False,False,False,True,False
85.0,2024-02-24,2024-02-24,13.76,2.75,38.15,39.05,76.19,65.93,291.49,24.13,5.0,False,True,False,False,False,False,False,False,False,True,True,False,False,False,False,False,False,True,False,False,False,False,False,True,False,True,False
120.45,2024-02-24,2024-02-24,63.65,3.74,33.7,10.86,59.34,56.69,14.45,-6.97,5.0,False,False,False,True,False,False,False,True,False,False,False,True,False,False,False,True,False,False,False,False,False,True,False,False,False,True,False
