Battery Capacity (kWh),Charging Duration (hours),Charging Rate (kW),Charging Cost (USD),State of Charge (Start %),State of Charge (End %),Distance Driven (since last charge) (km),Temperature (°C),Vehicle Age (years),Vehicle Model_bmw i3,Vehicle Model_chevy bolt,Vehicle Model_hyundai kona,Vehicle Model_nissan leaf,Vehicle Model_tesla model 3,Charging Station Location_chicago,Charging Station Location_houston,Charging Station Location_los angeles,Charging Station Location_new york,Charging Station Location_san francisco,Time of Day_afternoon,Time of Day_evening,Time of Day_morning,Time of Day_night,Day of Week_friday,Day of Week_monday,Day of Week_saturday,Day of Week_sunday,Day of Week_thursday,Day of Week_tuesday,Day of Week_wednesday,Charger Type_dc fast charger,Charger Type_level 1,Charger Type_level 2,User Type_casual driver,User Type_commuter,User Type_long-distance traveler
0.01616940386783992,-0.16877755345285267,0.9522700419804252,1.4621438902968162,0.017082539717578227,0.46400368867554037,-1.3536045575195699,-0.8778919129637609,-0.2346893091962467,False,True,False,False,False,False,False,False,False,True,False,False,False,True,False,False,False,False,True,False,False,False,False,True,True,False,False
1.3194703557390448,1.2050414470799196,0.9281638643809185,-1.550220133267735,-1.5824030548388537,-0.3482969130135912,-1.4870091287412224,-0.06517260000930364,1.0557409946549854,False,False,False,False,True,False,False,False,False,True,False,False,False,True,False,True,False,False,False,False,False,False,True,False,False,False,True
0.01616940386783992,-1.9726218689198127,-1.5013775678423276,-1.2543556867839574,0.7990761842627215,0.9884577327439977,-0.8966329682418983,0.5343621996962824,-0.664832743813324,False,False,False,True,False,True,False,False,False,False,False,True,False,False,False,False,True,False,False,False,False,False,True,False,False,False,True
0.2896019962976277,-0.5471642953778183,-1.4851514955340857,-1.4517884149465976,0.9200918155824059,-0.7478710635219298,0.5598732628679688,0.9348782358994208,1.4858844292720628,False,True,False,False,False,False,False,False,False,True,True,False,False,False,False,False,False,False,False,True,False,False,True,False,False,False,True
-0.6615470911051866,-1.2909190351612583,-0.847669809618416,-0.5272654182873644,-0.42713900685662454,-0.7687767935246171,0.8331471886737168,-0.8939865158536683,0.19545412542083065,False,True,False,False,False,False,False,True,False,False,False,True,False,False,False,False,False,False,False,True,False,False,True,False,True,False,False
-1.287131548003365,0.6346471503364399,-0.801871214240547,-1.2136079867483784,-0.6075093023130586,-0.838078979161055,-0.4676462193206751,-0.8881768046826368,0.19545412542083065,True,False,False,False,False,False,False,False,False,True,False,False,True,False,False,False,False,False,False,False,True,False,True,False,True,False,False
1.8301103555641745,-0.8971586367504872,-0.0371085124713343,0.3549705264914256,-0.5147945060249397,-0.26339908860776684,-0.8406648838183365,1.3405151502252772,-0.664832743813324,False,True,False,False,False,False,True,False,False,False,False,True,False,False,False,True,False,False,False,False,False,False,True,False,False,False,True
1.3194703557390448,1.3921118084237976,-1.5580086516732485,-1.3250525814393248,-1.4002575284239673,0.5542715156338572,0.9758136148856433,-0.29997592405925805,-1.0949761784304013,False,False,False,True,False,False,False,True,False,False,False,True,False,False,False,False,False,False,False,False,True,True,False,False,False,False,True
-0.6615470911051866,0.2877594122138792,-0.0371085124713343,0.29407578767559667,1.78254767694612,0.6261637226809843,-1.5058165145222413,1.637101241307877,-0.2346893091962467,False,False,False,False,True,False,False,False,False,True,False,True,False,False,False,False,False,False,False,True,False,True,False,False,False,True,False
-0.7765431075846989,-0.5710999873848622,-0.3950587732285983,-1.0022865552449804,-0.28474756064083645,-0.7952000791648035,-1.3321371263169413,-1.3404084408989367,0.9204036274589095,False,True,False,False,False,True,False,False,False,False,False,False,True,False,True,False,False,False,False,False,False,True,False,False,False,False,True
1.3194703557390448,-1.4385793630778922,-0.9672464441331523,-0.9224974304472408,0.29786545632929434,-0.2777381889129797,-1.7992224018290384,-0.034059289559375434,0.625597560037908,False,False,False,False,True,False,True,False,False,False,True,False,False,False,False,False,False,False,False,False,True,True,False,False,False,False,True
0.01616940386783992,0.812849891276578,-0.1441767254306731,-0.11144572041937029,-1.4172296027855467,-0.31505648012054494,1.2641398979412322,0.2681632032230722,0.625597560037908,False,False,False,True,False,True,False,False,False,False,False,True,False,False,False,False,False,False,False,False,True,False,False,True,False,True,False
-1.287131548003365,0.0480454105060154,-1.6114068313972056,-0.8460892833626139,-0.015501711416287792,0.0616995196775663,1.654342053473173,0.5533029184100985,-1.5251196130474787,False,False,False,False,True,True,False,False,False,False,False,True,False,False,True,False,False,False,False,False,False,True,False,False,False,True,False
-1.4676172776769214,0.833536042172015,-1.5574928255441947,-0.9636565458352602,-0.2919253194967327,1.4727585417167282,0.8064599109709601,-1.6003035390317797,0.19545412542083065,False,True,False,False,False,False,False,False,True,False,True,False,False,False,False,False,False,False,True,False,False,False,False,True,True,False,False
1.3194703557390448,0.9066919843665907,-0.0371085124713343,1.1567533497240576,-0.9646382277690122,-0.3710331411555279,0.9834962186055235,-0.6231085279745052,-1.5251196130474787,False,False,True,False,False,False,False,True,False,False,False,False,True,False,False,False,False,False,False,False,True,False,False,True,True,False,False
1.3194703557390448,-0.14068718196213692,-0.05740887446086527,1.3792109244358923,0.819496870625867,1.01547586437638,-0.5908735164870452,0.23680350570498965,0.9480060047161931,False,False,False,True,False,False,False,True,False,False,False,False,True,False,False,False,False,False,False,True,False,False,True,False,False,False,True
-0.6615470911051866,-0.5885761243887627,1.5693368765788276,1.335086519136488,0.6024031473045037,-1.3049230699763674,-0.004820218205057039,0.397586444652991,-0.2346893091962467,True,False,False,False,False,True,False,False,False,False,False,True,False,False,False,False,True,False,False,False,False,True,False,False,False,True,False
-1.287131548003365,-0.5667180047212661,0.8466724364228269,0.8784685116786412,-0.8395463403351754,1.2166533555036376,1.6123138767734746,-1.5844154685786729,-0.6829444034433815,False,False,True,False,False,False,False,False,True,False,False,True,False,False,False,True,False,False,False,False,False,True,False,False,True,False,False
0.01616940386783992,-1.4304808349965674,-0.6017800561941447,1.4158839869419808,-0.20006547926218426,-0.12987299071972788,1.3144276190673725,0.40048102822706766,1.0557409946549854,False,False,False,True,False,True,False,False,False,False,False,True,False,False,False,True,False,False,False,False,False,False,False,True,True,False,False
1.3194703557390448,-1.2650303177997673,0.7888441926546393,1.3345541953031974,0.3203074891554898,1.1701810615252124,0.004158985958761948,1.2303448045210021,1.0557409946549854,True,False,False,False,False,False,False,True,False,False,False,False,False,True,False,False,True,False,False,False,False,False,True,False,False,True,False
0.01616940386783992,0.4130126044679831,-0.11106836597639497,-0.7513799684315591,-0.6272418698070347,0.5778690141715991,-0.7796911549995547,0.9485585212765218,1.4858844292720628,False,False,False,False,True,False,False,False,True,False,False,False,True,False,False,False,False,False,False,True,False,False,True,False,False,True,False
-0.6615470911051866,-0.5940514686189851,-0.0371085124713343,1.5641353726661666,-1.2268145909881933,-1.008256746260154,-0.17604556898020277,1.1833509576000443,1.0557409946549854,False,False,True,False,False,False,False,False,False,True,False,False,False,True,True,False,False,False,False,False,False,False,False,True,False,True,False
-1.287131548003365,-1.1467349771567126,0.8626148414695692,0.38604975929464974,1.0019098583011552,-0.05551100098916318,-1.2274616069581088,1.0980668987234246,-1.0949761784304013,False,False,False,False,True,False,False,False,True,False,True,False,False,False,False,False,False,False,False,False,True,False,False,True,False,True,False
0.5374897846163219,0.9412343374630264,1.1450271616751693,0.2791331713586529,0.08157440031566725,-0.7289356081349767,1.2954559283516378,0.5194047281623431,-0.664832743813324,False,False,False,False,True,False,False,False,False,True,False,True,False,False,False,False,True,False,False,False,False,False,True,False,False,False,True
0.5374897846163219,1.0694410287785758,-1.1176356901512472,0.020472697572163707,-0.775225308044371,1.264512059601672,0.004158985958761948,-0.7805298083416535,-1.5251196130474787,False,True,False,False,False,False,False,False,False,True,True,False,False,False,False,False,True,False,False,False,False,False,False,True,False,True,False
-0.6615470911051866,0.4564314054813905,0.6524081309884938,0.17323209018518146,-0.06363305729670392,-1.3839381651571205,1.4697766751193326,-0.5683195266607621,0.625597560037908,False,False,False,False,True,True,False,False,False,False,False,True,False,False,False,False,True,False,False,False,False,False,True,False,True,False,False
0.01616940386783992,-1.1209733739917846,1.7635296416805133,-0.7126412737525857,-0.8739433905435101,-0.7177988425933552,-0.021603791214601254,1.5251416407479017,1.4858844292720628,False,False,False,True,False,False,True,False,False,False,False,False,True,False,False,False,False,False,True,False,False,False,True,False,True,False,False
0.5374897846163219,-0.18341530281061796,-1.635552829293612,-0.8314798183012873,-1.4259685395098212,0.6695117262104683,0.5139398184576265,1.2813475569411579,-1.5251196130474787,False,True,False,False,False,False,False,False,False,True,False,True,False,False,False,False,False,True,False,False,False,True,False,False,False,False,True
-1.287131548003365,1.7567555825834562,-1.1496968710580961,0.762025815195954,1.5024161837511676,-0.6124239086765747,0.004158985958761948,0.35971639616182405,1.0557409946549854,True,False,False,False,False,False,True,False,False,False,False,True,False,False,False,True,False,False,False,False,False,False,False,True,False,True,False
-0.5577759948736414,-0.3016712442523899,-0.0371085124713343,1.2192936716343077,1.0770051689206754,0.07420954412399218,0.6134451788919142,0.8852136547847167,0.625597560037908,False,False,True,False,False,False,False,True,False,False,False,True,False,False,False,False,True,False,False,False,False,True,False,False,False,True,False
-0.6615470911051866,1.008371767464614,-1.2630070521443082,1.6018775235691598,-0.23025444789244107,0.27933454487957776,-1.340627352559938,1.4958870303814533,1.4858844292720628,False,True,False,False,False,False,False,True,False,False,False,False,True,False,True,False,False,False,False,False,False,False,False,True,False,True,False
-1.287131548003365,-0.33281882892264053,-0.7477705633216135,0.9245417917081821,-0.9540430979628023,1.202613954614255,-0.2936435586923616,1.6831201388721453,0.19545412542083065,False,False,False,False,True,False,True,False,False,False,False,False,False,True,False,True,False,False,False,False,False,False,True,False,False,True,False
0.5374897846163219,-0.7395400978560438,0.3213829733777404,-0.6896003332655927,2.4300303724843624,0.4952759874486127,0.15315741425830662,-1.4524102721486003,-1.0949761784304013,True,False,False,False,False,False,False,True,False,False,False,True,False,False,False,False,False,False,False,False,True,False,False,True,False,False,True
-0.6615470911051866,0.5270297813654339,-1.1806167912593686,-0.655440964821746,0.9778097779898273,1.193338357977717,0.8557176110196265,1.5622126657184858,0.625597560037908,True,False,False,False,False,False,False,False,False,True,False,True,False,False,False,False,False,True,False,False,False,False,False,True,True,False,False
-0.6615470911051866,-0.2711165330315116,-1.5791537476641018,0.9464274897076969,-0.08877568801980873,-1.453239434742546,0.17086585540208493,-0.4186988238521964,1.0557409946549854,False,False,True,False,False,True,False,False,False,False,False,False,False,True,False,False,False,False,True,False,False,False,False,True,False,False,True
0.01616940386783992,1.1941815109862282,0.3914862467241211,-0.14924660523108513,0.1595177672450604,-0.6402057050500111,-1.621932169694124,-1.1309738808927607,-0.2346893091962467,False,True,False,False,False,False,False,True,False,False,False,False,True,False,True,False,False,False,False,False,False,False,False,True,True,False,False
-1.287131548003365,-1.3224614241420216,-0.18717393357648412,-0.31204966821855823,0.2410024139518552,-1.332389906182638,0.3386400345005102,-0.02835349651801826,1.4858844292720628,False,False,False,False,True,False,False,True,False,False,False,True,False,False,False,False,False,False,True,False,False,True,False,False,False,False,True
-0.6615470911051866,-0.5603815340059488,-1.1499091661771048,-0.49358596734108107,0.17404685494330444,1.1096878726301134,0.29154631718219876,1.2924823582812044,1.0557409946549854,False,False,False,False,True,False,False,True,False,False,False,False,True,False,False,False,False,False,False,True,False,True,False,False,False,False,True
-1.287131548003365,1.6045743954444938,1.6287046817540474,1.0009589176763958,1.4863327692388726,1.0227640486536493,-0.06274630881037298,-0.25181900849185634,-0.664832743813324,False,False,True,False,False,False,False,True,False,False,False,False,False,True,False,False,True,False,False,False,False,False,True,False,False,False,True
-1.287131548003365,-0.5864439927921217,-0.0371085124713343,-0.8846991097612525,0.5477717721042602,0.32079380170767025,0.47704432570402655,-1.4040895745777124,-0.664832743813324,False,True,False,False,False,False,False,False,False,True,False,False,False,True,False,True,False,False,False,False,False,False,True,False,False,True,False
0.5374897846163219,0.5394172680278017,0.28988126146060245,-1.5991073106748859,0.905770033192285,-0.6533153685821107,1.4035042418321353,-0.7511864516129919,-1.5251196130474787,False,False,False,False,True,False,False,True,False,False,True,False,False,False,False,False,False,True,False,False,False,True,False,False,True,False,False
-0.6615470911051866,2.2130427695168504,-0.3221864293440665,1.3112691163321348,-0.24291966235625514,-1.4432972395361456,-1.6469871058305936,1.5863920183966842,1.0557409946549854,False,True,False,False,False,False,True,False,False,False,True,False,False,False,True,False,False,False,False,False,False,False,True,False,True,False,False
0.5374897846163219,-1.3109971885901648,-0.36483529740705656,-0.6629289122421343,-1.3051733580019729,-1.2982996956347534,1.3412802662152925,1.6527442234743088,-0.664832743813324,True,False,False,False,False,False,False,False,True,False,True,False,False,False,False,False,False,False,False,True,False,False,False,True,False,False,True
-1.287131548003365,-0.9367006151650409,-1.0250794148059064,-0.28604301165665386,0.07752712789149543,-1.2730155112430357,-1.0527815357441364,-0.8932913501079134,-1.0949761784304013,False,False,False,False,True,False,True,False,False,False,False,False,True,False,True,False,False,False,False,False,False,False,True,False,True,False,False
-0.6615470911051866,-0.4066095702698986,1.0483071460733653,-1.8711716738968016,0.49991229105204416,-1.3500049411905775,-0.4823161682331455,-1.075130709048298,0.625597560037908,True,False,False,False,False,False,True,False,False,False,False,False,True,False,False,False,True,False,False,False,False,False,True,False,False,False,True
0.01616940386783992,-0.9114545014416863,0.8902823583954792,-0.03486444688730778,0.95417549548745,0.7807910388919876,-0.5511826097843089,-1.1822168883307247,0.625597560037908,False,False,True,False,False,True,False,False,False,False,False,False,True,False,False,False,False,False,False,True,False,False,True,False,False,False,True
-1.287131548003365,1.6364695379561773,-0.2561427606206116,1.2258433591903601,1.6665258786417492,-0.27126747202827634,-1.4644372890141821,-0.30454976031900516,0.19545412542083065,False,False,False,False,True,True,False,False,False,False,True,False,False,False,False,False,False,False,False,False,True,True,False,False,False,False,True
-2.40316506888655,-0.06215492006361647,-0.8410573908049649,-0.7887274572975821,-0.9209756804403199,1.4646163459657455,-1.0806847313012602,0.2312538353598731,0.36213512321845415,False,False,False,False,True,False,False,False,True,False,True,False,False,False,False,False,False,False,True,False,False,False,True,False,False,True,False
1.6090621039868207,0.9502101878842559,1.3244257721485473,-0.8377971184484745,-0.84637307363686,-0.6550926821116391,-0.6832962664815383,0.5857998654409526,0.19545412542083065,False,False,True,False,False,False,True,False,False,False,False,False,False,True,False,True,False,False,False,False,False,False,False,True,True,False,False
-1.287131548003365,1.4476363855735852,-1.2122341032724733,1.350512181732485,-1.1780349811249806,0.279881585561012,0.6459441393179696,-1.315888127712137,0.19545412542083065,False,False,False,False,True,False,True,False,False,False,False,True,False,False,False,False,True,False,False,False,False,True,False,False,False,False,True
0.5374897846163219,1.1871617708734075,-0.5436165578579362,0.395878719515489,1.7509843343492524,-1.423032807167361,-0.6249342390030659,0.01959806347526799,-0.664832743813324,False,False,True,False,False,True,False,False,False,False,False,False,False,True,False,False,False,False,False,True,False,True,False,False,True,False,False
0.5374897846163219,0.08556408954416551,1.3631731005142622,1.0382906595887604,-0.22668351627409777,-0.12305648494466236,-1.1542239129536176,0.11118667285311465,1.4858844292720628,False,False,False,False,True,False,False,False,False,True,False,True,False,False,False,False,False,False,False,True,False,True,False,False,True,False,False
-1.287131548003365,0.7655768944928503,-0.6351480926065207,-0.04492127683357895,-1.137200309705465,-1.4823983272149068,1.1091533002075868,1.4975336329312947,-0.2346893091962467,False,True,False,False,False,False,False,False,False,True,False,False,True,False,True,False,False,False,False,False,False,False,False,True,False,False,True
1.3194703557390448,1.0532950298041588,-1.005617309633059,-0.5047829655693162,-0.8156741064829416,0.8725910754100259,0.8425102438039811,0.6543621017717575,1.4858844292720628,True,False,False,False,False,True,False,False,False,False,False,True,False,False,False,False,False,False,False,False,True,True,False,False,False,True,False
1.3194703557390448,-0.9191231378553083,-1.5503053891509386,-1.3992488961472185,0.09738239309404974,0.6926186522092364,-1.2114590442081572,0.04403872314585178,-1.0949761784304013,True,False,False,False,False,True,False,False,False,False,False,False,False,True,False,False,False,False,False,False,True,False,True,False,True,False,False
-0.6615470911051866,3.025914224237897,1.7366374160052545,-1.2889971545684822,-0.997480868973978,-0.25673051510618855,0.5329239133741702,0.7410545006243485,-1.0949761784304013,False,False,False,True,False,False,False,False,True,False,True,False,False,False,False,False,False,False,False,True,False,True,False,False,True,False,False
0.01616940386783992,1.3787878681056465,1.1510054014293225,-1.3639839105273734,-1.3136417106297318,-0.9891634551553444,1.5304438020385014,-1.1638062857666824,-1.0949761784304013,True,False,False,False,False,False,True,False,False,False,False,True,False,False,False,False,True,False,False,False,False,False,True,False,False,False,True
-0.6615470911051866,-0.34434944053955746,1.757215846446925,0.758974445585059,-1.2398213760810914,0.902345346924276,0.32838340417064904,1.503531128184331,-0.4944699937832015,False,False,False,False,True,False,False,False,False,True,False,False,True,False,False,False,False,True,False,False,False,False,True,False,False,False,True
-1.287131548003365,1.2905361201286767,-1.0898671445376582,-0.6548476381850166,0.32051323578018676,-0.9130845384407685,0.15865408413849835,-1.3807783126662392,0.537199564146569,False,False,True,False,False,False,False,False,False,True,False,True,False,False,False,False,False,False,True,False,False,False,False,True,True,False,False
0.5374897846163219,0.2781782401859247,-0.36670980254510605,0.759827746412375,-0.7376603644758133,-1.134687606659967,-0.39047356230314034,-1.3910247602496797,-1.2347955824802432,False,False,False,True,False,False,False,True,False,False,False,False,False,True,False,False,False,False,False,False,True,False,False,True,False,True,False
-0.6615470911051866,-1.2611837425212196,1.5924316463935595,0.5166164375791124,0.37800284146663926,-1.0760181267614142,-0.2701431169474621,1.5632016783683595,-0.2346893091962467,False,False,False,True,False,False,True,False,False,False,True,False,False,False,False,False,True,False,False,False,False,True,False,False,True,False,False
-1.287131548003365,-1.3908722896535255,-0.05722662498541911,-0.3848227539046388,-0.5493338523235163,1.1023086399839468,0.6739504200397184,0.5086328326215969,-0.664832743813324,False,False,True,False,False,False,False,True,False,False,True,False,False,False,False,False,True,False,False,False,False,False,False,True,False,True,False
0.01616940386783992,1.4033601164986031,1.0112373615788164,-0.17353454449484662,0.07869008241919834,-0.8961267433477815,-1.1506585440105495,-1.0713935005148292,-0.664832743813324,False,False,False,False,True,False,False,False,False,True,False,False,True,False,False,True,False,False,False,False,False,True,False,False,True,False,False
0.01616940386783992,1.0696928712420815,0.2865480213335609,1.663953239019901,-0.1799160731815298,-0.8358557269956044,0.9329742432350723,1.3315820402871072,-0.664832743813324,False,False,False,False,True,False,False,False,False,True,False,True,False,False,True,False,False,False,False,False,False,False,False,True,False,True,False
0.5374897846163219,-0.7229467173953097,-0.20945442417304586,0.0731309160620423,1.3028692497553935,-3.139646919487664,0.004158985958761948,1.0725218850621718,1.4858844292720628,False,False,False,True,False,True,False,False,False,False,False,False,True,False,False,True,False,False,False,False,False,False,False,True,False,False,True
1.4445544715751413,0.9226702133851893,-0.21914834702121602,-1.3428681553916788,-0.3166740480976866,-0.7483590078754779,-0.954590672173644,0.40436150666648907,1.0557409946549854,False,False,False,True,False,False,False,False,True,False,False,False,False,True,False,False,False,False,False,True,False,False,False,True,False,True,False
1.3194703557390448,0.045486931590471076,-0.5348665862712526,1.1649296723147073,0.20711347873174485,-0.476399654039803,-0.2315809841368837,-0.8593907322172915,1.0557409946549854,False,False,True,False,False,False,False,False,True,False,False,False,True,False,False,False,False,False,False,False,True,False,True,False,False,False,True
-1.287131548003365,1.282123696858928,-1.6637168884087663,-0.7961886403461436,0.41042594743836014,-1.097709516094352,1.492683748375872,-1.1983542163224477,0.24826174100436463,True,False,False,False,False,False,True,False,False,False,False,False,False,True,False,True,False,False,False,False,False,False,True,False,False,False,True
-1.287131548003365,1.34487993907352,0.9819367814355432,-1.05592152466319,1.1326380958049844,-0.7935643534971258,0.632768442333922,-1.6435959468086527,-1.0949761784304013,False,False,False,True,False,False,True,False,False,False,False,False,True,False,False,False,False,False,True,False,False,True,False,False,False,True,False
0.5374897846163219,-1.6785057649852293,-0.0371085124713343,1.5275536978284703,0.8425416568855482,-0.876109875903755,-0.7194907967828311,0.999247776433353,-0.664832743813324,False,True,False,False,False,False,False,False,False,True,False,False,True,False,True,False,False,False,False,False,False,True,False,False,True,False,False
-1.287131548003365,-1.2382658739107804,-0.8075231564042131,0.8164351499127831,-1.1371927291520434,-0.2823425801871456,1.375440169487204,0.3774617004181006,-0.2346893091962467,False,False,False,False,True,False,False,False,True,False,False,False,False,True,False,False,False,False,False,True,False,False,False,True,False,False,True
1.3194703557390448,-0.6132554411483309,-0.5286826006703136,-0.5499952336900544,0.7504914832532521,0.6940540334616274,-1.2893077535942847,0.742797407275439,-0.2346893091962467,False,False,True,False,False,False,False,False,True,False,True,False,False,False,False,False,True,False,False,False,False,True,False,False,False,True,False
-0.7239405901958222,1.9355725978271974,-1.1354750744467927,-1.080908777675992,-0.543954608258819,0.4334045935945704,-0.9064111042358639,-1.589104257966074,-0.2346893091962467,False,True,False,False,False,False,False,False,False,True,False,False,False,True,False,False,False,False,False,False,True,False,False,True,False,True,False
0.01616940386783992,-0.4813789491544915,0.23075815899330152,-0.5910313665881961,-1.3074952933008808,-0.2827922071132986,-1.427255529607938,-0.5922173841611694,-0.2346893091962467,True,False,False,False,False,False,False,True,False,False,False,False,False,True,True,False,False,False,False,False,False,False,False,True,False,True,False
0.5374897846163219,-1.2502316818551817,-0.4402248624872803,-1.1772173975048694,1.2117563712883197,0.05424790048691932,-0.9652207077456745,1.008964163477241,1.0557409946549854,False,True,False,False,False,False,True,False,False,False,False,False,False,True,False,False,False,True,False,False,False,True,False,False,False,False,True
1.3194703557390448,-1.9564686797284734,1.1061973950491064,-0.30462825584373276,0.3401323785534781,-0.5873447099880872,-1.3461034132117358,1.267720016079546,-1.0949761784304013,False,False,True,False,False,False,False,True,False,False,False,False,True,False,False,False,False,True,False,False,False,False,False,True,True,False,False
0.5374897846163219,-0.1807253513143341,-1.1796870289293144,-0.5853546878189241,-1.1406026017279933,-1.0140827759464373,0.7492604165777645,-1.1393527737078053,-1.0949761784304013,False,False,False,True,False,True,False,False,False,False,False,False,True,False,False,False,False,True,False,False,False,True,False,False,True,False,False
2.388731444169522,0.20179458954850146,-0.6925620893831804,1.0423690968290313,0.9680110787662215,-1.2072069552140607,-0.15445885823330213,-1.1474841514329743,-1.5251196130474787,True,False,False,False,False,False,True,False,False,False,True,False,False,False,False,True,False,False,False,False,False,False,True,False,False,True,False
-1.287131548003365,0.061891213523722635,0.7609293048168587,0.740261564690986,1.161792435930665,-0.5850693529165865,0.5678586785874915,0.6827706784773369,-0.2346893091962467,False,True,False,False,False,False,False,True,False,False,False,True,False,False,False,False,False,False,True,False,False,False,True,False,False,True,False
-1.287131548003365,-1.4389413862840594,1.4868947378973925,1.1751558520999377,-0.6294918675085062,-1.409634651505685,0.4680532992786768,1.5814266525277152,-1.0949761784304013,False,True,False,False,False,False,False,True,False,False,False,False,False,True,False,False,False,True,False,False,False,False,True,False,False,True,False
0.01616940386783992,0.5689144551949363,-1.04085665359528,1.2669576548905714,0.6458961904951023,-0.07100223153759316,0.48466178100938445,0.9304620881780491,-0.3097570938700015,False,False,True,False,False,False,True,False,False,False,False,False,False,True,False,False,False,True,False,False,False,False,True,False,False,True,False
-1.287131548003365,0.03397851580286547,-0.334398280039121,-1.3725055057480586,0.45348847240176393,0.6143396763781828,-0.42287528111290185,-1.2243417762324176,-1.0949761784304013,False,False,True,False,False,False,True,False,False,False,True,False,False,False,False,False,True,False,False,False,False,True,False,False,True,False,False
1.3194703557390448,1.2181640416736152,0.029468906512459266,-0.7578856953616766,-0.40853254064654176,0.4506961699643691,-0.8993686418251162,-0.92459602970324,-1.5251196130474787,False,False,False,True,False,False,False,True,False,False,False,False,True,False,True,False,False,False,False,False,False,False,True,False,False,False,True
-0.6615470911051866,-1.2402899778329612,-0.3562572980614028,-1.8098764163331666,-0.87357841561286,-0.8642083369398152,1.3219048343790223,-0.9707984045815414,0.625597560037908,True,False,False,False,False,True,False,False,False,False,True,False,False,False,True,False,False,False,False,False,False,False,False,True,False,True,False
0.01616940386783992,0.07991416078626204,-1.4932804327296842,-0.43277360861408276,0.07841283687601942,-1.4054653624136189,0.4277968458924655,1.5849061084416463,-1.0949761784304013,False,True,False,False,False,False,False,True,False,False,False,True,False,False,False,False,False,False,True,False,False,False,True,False,False,False,True
1.3194703557390448,0.9849608836715734,-1.1392983643329047,-1.1738862546105684,-0.27585099020454684,0.9238978412647443,1.759699537831627,-1.0467879385347303,0.19545412542083065,False,True,False,False,False,True,False,False,False,False,False,False,True,False,False,False,False,True,False,False,False,False,False,True,False,False,True
0.5374897846163219,-1.0210731760532248,0.8802961974869297,0.4369152261996925,0.301957901667603,-0.39471339020458607,-1.3537698939117517,-1.2873788118544487,0.625597560037908,True,False,False,False,False,False,True,False,False,False,False,False,False,True,False,False,True,False,False,False,False,False,False,True,False,False,True
-1.287131548003365,1.1407617257380234,-0.015211526888539311,-1.5151727753408242,-1.182726283405543,-0.15208473439310513,0.934717396830037,0.34044072951525756,1.4858844292720628,False,True,False,False,False,False,False,True,False,False,False,False,False,True,True,False,False,False,False,False,False,False,False,True,True,False,False
0.01616940386783992,-1.2868744964959165,-0.36055850316256194,-0.08826440274510793,-0.816864635239278,1.3762827307075216,1.5479481290481718,-1.1204242014148924,0.19545412542083065,False,False,True,False,False,False,False,True,False,False,True,False,False,False,False,False,False,False,False,False,True,False,True,False,False,True,False
0.01616940386783992,-0.2483062953102446,-0.0371085124713343,1.0798498315429752,1.243820706336758,1.3405856912483154,0.5716169348419257,1.5375534384652545,1.4858844292720628,False,False,False,False,True,False,True,False,False,False,False,True,False,False,False,True,False,False,False,False,False,False,True,False,True,False,False
0.01616940386783992,-0.12733708881532907,-1.4326019880972096,0.4849766939568114,0.3130326056186717,-1.1198707550058042,1.3132889434623691,0.3036423814099106,0.625597560037908,False,False,False,True,False,False,False,True,False,False,False,True,False,False,False,True,False,False,False,False,False,False,True,False,False,False,True
-1.287131548003365,-1.2232533149419533,1.638182613662142,-1.1606732243248024,-0.7923340916150764,0.7608551734235781,1.1445281706214763,0.5184900118659255,1.4858844292720628,False,True,False,False,False,False,False,True,False,False,True,False,False,False,False,False,False,False,False,True,False,False,False,True,False,True,False
0.34816790042786033,0.5740491185641637,-1.4817223148206249,-0.8042979114625821,0.43733822931644206,-0.6825198495624746,-0.4441255666550241,-0.5036858072949997,0.625597560037908,False,True,False,False,False,False,True,False,False,False,False,True,False,False,False,False,False,False,True,False,False,True,False,False,False,False,True
-0.6615470911051866,-0.45761236248249154,0.7492185883025222,-1.1737574427684974,0.5480616053319608,0.376625159313206,-1.2233723936940466,-0.7531487264880895,0.19545412542083065,False,False,False,False,True,False,False,True,False,False,True,False,False,False,False,False,False,False,False,True,False,True,False,False,False,False,True
1.3194703557390448,0.16913713012431764,-1.1050566192713016,-0.8564571405533586,1.2553897589810463,-0.2053172806409579,0.17703782845971416,-1.5393576356300631,0.625597560037908,False,True,False,False,False,True,False,False,False,False,True,False,False,False,False,True,False,False,False,False,False,False,False,True,False,True,False
-0.6615470911051866,-0.39365158641351294,-0.0371085124713343,0.7520530937756866,0.6899862356213842,-0.8165050598328741,0.6332293768473537,0.764210910852793,0.19545412542083065,False,False,True,False,False,True,False,False,False,False,False,False,True,False,False,False,False,False,True,False,False,False,True,False,False,False,True
-1.0769228530692385,1.0309487336210115,1.0648469692487526,-1.0078585537178804,-1.0271102893513557,0.9821704375762924,-0.9137488883912918,1.085870791958348,1.0557409946549854,False,False,True,False,False,False,True,False,False,False,False,False,True,False,False,False,True,False,False,False,False,True,False,False,False,True,False
0.01616940386783992,-0.5891416920618654,1.2729614094426396,-0.09584922354855682,0.9218975799634704,-1.3727880093287017,0.8136740691205675,1.5493957625217705,-1.0949761784304013,False,True,False,False,False,False,False,False,True,False,False,True,False,False,False,False,False,False,False,False,True,True,False,False,False,True,False
1.3194703557390448,-1.3655300762182958,-0.4237294561836182,0.2116278397580505,0.3182790250478146,-1.368183197523985,1.5465792671200203,1.493718237702331,-1.5251196130474787,False,False,False,False,True,False,False,False,True,False,False,True,False,False,False,False,True,False,False,False,False,False,True,False,False,False,True
0.5374897846163219,-0.7484684151139978,0.5451565334331299,1.4635459874096075,-0.15633441976956874,0.7156779761268317,0.004158985958761948,0.9231127365801192,0.625597560037908,False,True,False,False,False,False,False,False,False,True,False,False,False,True,False,False,False,False,False,True,False,False,True,False,False,False,True
-0.6615470911051866,0.10414294995340362,1.700953303760243,0.9613338390328181,0.8702667823323423,1.1066126967372938,-0.8899949917574318,-1.1678352985512406,-0.664832743813324,False,False,False,False,True,False,False,True,False,False,True,False,False,False,False,False,False,True,False,False,False,False,False,True,False,False,True
0.01616940386783992,-1.2352054952878262,0.6175646724485044,0.0995370999529231,0.4877668804258383,1.0663922453175263,-1.1726798099444813,-0.4516795485587013,-1.5251196130474787,True,False,False,False,False,False,False,False,True,False,True,False,False,False,False,False,True,False,False,False,False,False,True,False,True,False,False
-0.6615470911051866,0.3909096504453951,0.28571923306283964,0.42383828240142896,1.4855449131485003,-1.3719273562126935,0.004158985958761948,-1.3965130778818493,-1.0949761784304013,True,False,False,False,False,False,True,False,False,False,False,False,False,True,False,True,False,False,False,False,False,True,False,False,False,True,False
0.5374897846163219,1.4031044686093574,-0.2999036170130357,0.7721331735772284,-0.12911665119938948,-0.7776201734657685,1.2309284486367489,-1.2865850573476967,0.19545412542083065,False,False,False,False,True,False,False,False,False,True,False,True,False,False,False,False,False,False,False,False,True,False,True,False,False,True,False
0.5374897846163219,0.46625657487507705,1.309271880395767,0.6778268511944221,-1.370722996575728,0.4535508786050946,-0.37214533351243606,-0.18015742656856598,0.19545412542083065,False,False,False,False,True,True,False,False,False,False,False,False,False,True,True,False,False,False,False,False,False,True,False,False,False,True,False
0.01616940386783992,0.08743124628320478,-0.48632613828092897,-1.575442823087717,-1.0695021431734524,1.222764215652106,-0.4256883795028969,1.423855094648723,-0.664832743813324,False,False,False,False,True,False,False,False,False,True,False,True,False,False,False,False,True,False,False,False,False,False,True,False,False,False,True
-0.6615470911051866,1.3825825032139392,-0.0371085124713343,0.8365694691963981,-0.6426367210292897,0.5655490650155399,-1.2518775858311384,-0.6673972851741647,1.4858844292720628,False,False,True,False,False,False,True,False,False,False,False,True,False,False,False,False,True,False,False,False,False,True,False,False,False,False,True
0.01616940386783992,0.48274658497617073,-0.8167726287020592,0.35316839040474024,1.162959422988555,0.9163016571115862,0.5487699363799188,0.4015514516433722,1.0557409946549854,False,False,False,False,True,False,False,True,False,False,True,False,False,False,False,False,False,False,False,False,True,False,True,False,True,False,False
0.01616940386783992,-1.4626985320918622,-1.5233024933606023,0.049395369119925786,0.689792592592137,0.0741027066004065,1.080293849940091,1.4010846548007094,-0.664832743813324,False,False,True,False,False,False,False,True,False,False,False,False,False,True,False,True,False,False,False,False,False,False,False,True,False,False,True
-0.6615470911051866,1.5691050431048301,0.6899934251629294,-0.13827765311701415,0.5999866485942461,0.38893552357953576,-1.4323928462218012,-1.2921146803468044,0.625597560037908,True,False,False,False,False,False,True,False,False,False,False,False,False,True,False,False,False,False,False,True,False,False,True,False,False,False,True
0.5182897212111172,-0.5174207086289447,-0.19030259064198865,-0.5349803180957036,-0.569450488136143,-1.4560674141198506,1.7720719677938874,-0.39552773837510613,-0.664832743813324,False,False,False,False,True,False,False,False,True,False,False,False,True,False,False,True,False,False,False,False,False,False,False,True,True,False,False
0.01616940386783992,-0.3760066656672217,0.2878203499536559,-0.926290155679312,-1.3776594432162246,-1.1015446496553964,-0.928102375319715,1.2206494520993656,-0.2346893091962467,True,False,False,False,False,True,False,False,False,False,False,False,False,True,False,False,True,False,False,False,False,False,True,False,True,False,False
0.01616940386783992,-0.6021330053021987,-1.2265355175976813,-0.597452362226876,0.56699744510177,0.1363579512074934,-1.3333673540186373,-0.765359456897461,-0.664832743813324,False,False,False,False,True,False,False,True,False,False,False,True,False,False,False,False,False,False,False,True,False,False,True,False,False,False,True
-0.7745314750875596,-1.5792213820142418,1.118326225191406,-0.7230374981586892,-0.7039163086490152,1.3829905190126952,0.3749021819552064,0.9042381438975399,-0.664832743813324,False,False,False,True,False,False,False,True,False,False,False,False,False,True,True,False,False,False,False,False,False,False,True,False,False,False,True
1.3194703557390448,0.3049554089084201,-0.34647874983993754,-1.594410347416002,-0.6528051551092579,-1.0627010573875366,1.5519900399068003,-0.11645377859130601,0.19545412542083065,False,False,False,False,True,False,False,True,False,False,True,False,False,False,True,False,False,False,False,False,False,False,False,True,False,True,False
-0.6615470911051866,1.2659277103065003,1.6536264559577452,1.3685156235907368,-0.4172663642457669,-2.1111603476933722,0.8075501156024405,-1.3637466283380468,0.19545412542083065,False,True,False,False,False,False,False,True,False,False,False,False,True,False,False,True,False,False,False,False,False,False,False,True,False,True,False
1.3194703557390448,-0.7818477555733375,0.881334214012988,1.2965315188105613,1.1615759624948636,-0.47428151349688147,1.4006521797128488,0.8468075812744517,-1.5251196130474787,False,False,True,False,False,False,True,False,False,False,False,False,False,True,False,True,False,False,False,False,False,False,True,False,False,False,True
0.19920904334220937,0.957753553969059,-1.5252779594157326,1.3654873866885515,-0.31698501128078554,-1.2885433353814935,-0.524996242839451,-0.8653908377791946,-0.2346893091962467,False,False,True,False,False,False,False,False,False,True,False,False,False,True,False,False,True,False,False,False,False,True,False,False,False,True,False
-0.6615470911051866,1.1961226804034142,1.1128539313056827,1.4241627299667217,0.8423199930814833,-1.010840938405895,-0.580399576672878,-0.7117310973239169,1.4858844292720628,False,False,False,True,False,False,True,False,False,False,False,False,False,True,False,True,False,False,False,False,False,True,False,False,False,True,False
1.5280127432234936,0.9941666011791283,0.9408891609884036,-1.0347292293496475,-1.210107164440829,-1.2640607255291194,-1.3606675196995133,-1.65951711410601,1.4858844292720628,True,False,False,False,False,False,False,True,False,False,True,False,False,False,False,False,False,False,False,True,False,False,False,True,False,True,False
0.5374897846163219,0.4029430404761102,1.1363541915440423,-0.14420576942022667,-0.7118743265776211,1.1432727659615645,0.9750778117061528,-0.07127920902092748,-1.0949761784304013,False,True,False,False,False,False,False,False,True,False,False,False,True,False,False,False,False,False,False,True,False,False,False,True,False,False,True
-0.6615470911051866,0.9403932165776364,-0.726448779747788,0.7265137725284326,-1.4569501589607978,0.40583671753821804,1.152710205929291,-0.8229171858686876,1.0557409946549854,False,False,False,True,False,False,False,True,False,False,True,False,False,False,False,False,False,True,False,False,False,False,True,False,False,True,False
-1.287131548003365,0.5170836601568091,-0.32080976985762044,0.09817333651310842,1.779782040796997,0.5459847963855791,0.3259827508404147,-0.32135005062398597,-0.664832743813324,False,False,False,False,True,False,False,True,False,False,True,False,False,False,False,False,True,False,False,False,False,False,False,True,False,False,True
1.3194703557390448,0.9364916093804596,-0.2104339550168265,-1.3566585572276104,-1.322694273500147,-1.1612928689529844,-0.2583100698121288,-1.2296326447049142,-0.664832743813324,False,False,False,True,False,False,True,False,False,False,False,False,True,False,False,False,False,False,True,False,False,False,False,True,False,False,True
0.01616940386783992,1.0081812510363877,0.8643218309717375,-1.3851585754410343,-0.5690348319846,1.5285659112284542,-1.4404193398226133,-1.0590856960880446,-0.2346893091962467,False,False,False,True,False,True,False,False,False,False,False,True,False,False,False,False,False,False,False,False,True,False,False,True,False,True,False
-1.287131548003365,-0.29735924469465713,-1.2253363119870007,-1.1356648966569898,-0.8069211961623096,1.5320557776896837,-0.9339446099483072,1.4828480084278168,0.625597560037908,False,False,False,False,True,False,True,False,False,False,False,True,False,False,False,True,False,False,False,False,False,True,False,False,True,False,False
-1.2417445053959884,-1.3329800586844691,1.7912796716897885,-0.07992818231664721,0.12868373295656432,0.2480622608846733,1.3844878461606054,-1.2228052844055586,-0.2346893091962467,False,False,True,False,False,False,True,False,False,False,False,False,False,True,True,False,False,False,False,False,False,True,False,False,True,False,False
1.3194703557390448,-0.6077105705636218,-0.8215287223983061,1.4220242532438483,-1.7287076099347347,-0.4407946034975414,-0.644868422812283,0.08942146406817778,-0.664832743813324,False,False,False,True,False,False,False,False,False,True,False,False,True,False,False,False,False,False,False,False,True,False,False,True,False,False,True
1.0668206580926325,-0.2795746247917716,-0.7618465299521416,0.7942511051160723,1.550075664541241,-0.0861168818442144,1.746759158173579,0.47075817197921144,-1.0949761784304013,False,False,False,True,False,False,False,False,True,False,False,False,False,True,False,False,False,False,True,False,False,False,False,True,False,False,True
0.01616940386783992,0.574049276706698,0.5183598041731857,0.8335883635438502,0.32446095934667035,-1.3769051552389984,0.10513123009009494,0.7480245436272029,0.625597560037908,False,True,False,False,False,True,False,False,False,False,False,True,False,False,False,False,False,False,False,False,True,False,True,False,False,True,False
0.01616940386783992,1.4900361002875762,-0.9929909997137052,-0.8437624023622118,-1.5396802085838046,-1.370078212227223,0.045719712461723176,-0.9153710331478009,-0.11152867429735652,False,False,False,False,True,False,False,False,False,True,False,True,False,False,False,False,False,False,False,False,True,False,False,True,True,False,False
1.3194703557390448,-1.5492479717805432,-0.3799534518181528,-0.9453949177620661,1.559276105396865,0.8624443910047684,0.0006405257175469516,0.14868326616102215,-1.5251196130474787,False,False,False,False,True,False,False,True,False,False,False,False,False,True,False,True,False,False,False,False,False,False,True,False,True,False,False
-1.287131548003365,-1.3399602638403496,-0.022829485987939383,-0.8501619981788323,0.6802373982129797,1.1463909295420769,0.18921736431998926,-0.38129080808389726,0.625597560037908,False,False,False,True,False,False,False,False,False,True,False,False,False,True,False,False,True,False,False,False,False,False,False,True,False,True,False
1.3194703557390448,1.7912023489114397,1.2870013372818654,0.5408250068584295,-0.4991168014634175,0.940016205350023,-0.7953147526665428,1.5040803295041714,0.625597560037908,False,False,False,True,False,False,False,True,False,False,True,False,False,False,False,False,False,False,True,False,False,False,True,False,True,False,False
0.01616940386783992,0.3489960360953485,-1.64498396339126,1.5138919088074785,-0.8015315941171752,0.8167949022487208,-1.6777887962469955,-0.3109605859162371,1.0557409946549854,False,False,False,True,False,False,False,False,False,True,False,False,False,True,False,False,True,False,False,False,False,False,False,True,False,False,True
1.3194703557390448,-0.7259487436763613,0.9323715791594652,1.6036765459591364,1.7403629682507873,-0.10978018730593969,1.0962461118742466,1.625395753219978,0.19545412542083065,False,False,True,False,False,False,False,False,True,False,False,True,False,False,False,False,False,False,False,False,True,True,False,False,False,True,False
0.01616940386783992,-1.3409373511495628,0.3472395798803199,-1.6363967023413202,-0.46006032387577117,-0.2594399122562241,0.004158985958761948,-0.48217824603805487,0.19545412542083065,False,True,False,False,False,False,False,False,False,True,False,False,True,False,False,False,False,False,False,False,True,False,True,False,False,False,True
1.3194703557390448,0.3005131211415086,-1.5223086758305273,-0.8715512648654165,1.4662136683722697,1.1292866870917948,1.1171142194699935,1.5332549706288785,1.4858844292720628,False,False,False,False,True,False,False,False,True,False,False,False,True,False,False,False,False,False,False,False,True,True,False,False,False,True,False
0.5374897846163219,-1.4967776635130294,-0.9936560061747917,0.3710642305237959,1.5220877002650044,0.8101751001191824,-0.24605838677603395,-1.324398117014882,-1.0949761784304013,False,False,False,False,True,False,False,False,False,True,False,False,True,False,False,False,False,False,True,False,False,True,False,False,False,True,False
-1.287131548003365,0.4042239417135007,0.5217345356420129,0.7584141830073897,-1.4647552335151846,1.390790144361828,0.8350362505153252,0.014304850952312464,1.0557409946549854,False,True,False,False,False,False,True,False,False,False,False,False,False,True,False,False,False,False,True,False,False,False,True,False,False,False,True
0.01616940386783992,-0.8732521017954006,-1.325967100386396,-0.49855782467840154,-0.23994334243277762,-0.013701483369611588,0.4596525167913372,-1.204423985239896,2.378914326010773,False,False,False,True,False,False,False,True,False,False,False,False,False,True,False,True,False,False,False,False,False,False,False,True,False,False,True
-0.6615470911051866,0.5911714528476515,0.8081494170330255,-0.936011845916583,0.9579264962027555,1.1070878502192456,0.716274878644442,-0.6978160984920644,0.19545412542083065,False,False,False,True,False,False,False,False,False,True,False,False,False,True,False,False,True,False,False,False,False,False,True,False,True,False,False
-1.287131548003365,-1.5956665785952366,-0.079630325815941,1.028284887962979,-0.3826384956985172,1.0307814958412749,-0.5035110977383821,1.4870452829662455,0.625597560037908,False,False,False,True,False,False,False,False,True,False,True,False,False,False,False,False,False,False,True,False,False,True,False,False,False,True,False
1.3194703557390448,0.5467793596148552,-1.4748381970492261,-1.4247114873969744,0.0102441582610337,1.4315507782393075,0.9745728513881403,-1.2938052560241389,-1.0949761784304013,False,False,True,False,False,False,True,False,False,False,False,True,False,False,False,False,False,True,False,False,False,True,False,False,False,True,False
-1.287131548003365,-0.15232131760821266,-1.0449910213120381,-0.18958951293789786,1.6442959121955012,1.4832390499654657,-0.3906173669558108,1.57138993807712,1.4858844292720628,True,False,False,False,False,False,False,False,False,True,False,False,True,False,False,False,False,True,False,False,False,False,True,False,False,True,False
0.01616940386783992,-1.373470065742133,-0.8895532735772937,-1.3777184059692449,0.6053008842531102,0.48700429210168655,0.6857720442194752,1.4037867944823832,-0.2346893091962467,False,False,True,False,False,False,False,True,False,False,False,False,True,False,False,True,False,False,False,False,False,False,True,False,True,False,False
0.5374897846163219,0.41771324696263795,-0.9729941598446126,0.20074371658885964,0.6192529522947723,0.8232767826795742,0.46501197135101785,-0.1852171341955798,-1.5251196130474787,False,False,True,False,False,False,True,False,False,False,False,True,False,False,False,False,False,False,False,True,False,False,False,True,False,True,False
-0.9838954474445389,0.7325135826798723,1.0405998611881901,1.1949164358304356,-1.3859445629711538,0.23869044684265867,-1.0830484460201653,1.2493422529752727,-1.5251196130474787,False,False,False,True,False,False,False,False,False,True,False,True,False,False,False,False,False,False,True,False,False,False,False,True,True,False,False
-0.6615470911051866,0.7737476859398117,-1.697523172785717,1.591066991099033,1.182506811945778,1.3645968246941935,0.07153008316457189,-0.10925525981598584,0.19545412542083065,False,False,False,True,False,False,False,True,False,False,False,False,True,False,False,False,False,False,False,True,False,False,True,False,True,False,False
0.5374897846163219,1.5927323097758976,1.2661088677567953,-1.6815225432630831,-1.503836862423037,-0.2612667314329527,-1.7761345944742346,0.7617186601869774,-0.7700269296199242,True,False,False,False,False,False,True,False,False,False,False,False,True,False,False,False,False,False,False,True,False,False,True,False,False,True,False
0.01616940386783992,-0.911184867808731,-1.2186778505976594,0.1641800289561935,0.8245403561021384,-0.9351110186325683,0.3142596958328244,-0.18955209518976635,0.625597560037908,False,False,False,False,True,False,True,False,False,False,True,False,False,False,False,False,False,False,False,False,True,False,False,True,False,True,False
-1.287131548003365,1.1048088150335489,-0.968469535015717,0.2172860639945547,0.9464765118217449,0.7503155899298768,-1.0109731213466007,1.2803447062140458,-0.664832743813324,False,False,True,False,False,False,False,False,False,True,True,False,False,False,True,False,False,False,False,False,False,True,False,False,False,False,True
-1.287131548003365,-0.345194170413007,-1.4449768175795943,-1.5404038768566817,0.6920241108671807,0.4559547733955541,-0.2979456680008865,1.0353898380057243,-0.31301768997886037,False,False,False,True,False,False,True,False,False,False,False,False,False,True,False,False,True,False,False,False,False,False,True,False,False,True,False
-1.287131548003365,-0.22431481570298972,-0.7247102536859388,-1.537600452288162,-0.3314807897863402,-0.1818919272135788,1.1173697591225682,-0.8297659728827566,0.19545412542083065,False,False,False,True,False,False,False,False,True,False,False,False,True,False,False,False,True,False,False,False,False,False,False,True,True,False,False
0.01616940386783992,0.7402188340938533,1.4901602576967337,1.5407682144918045,0.11549807461018564,-0.8111401149180828,1.4237301750647762,-0.2776789154720328,-1.0949761784304013,False,True,False,False,False,False,False,True,False,False,True,False,False,False,False,False,False,True,False,False,False,False,True,False,True,False,False
-0.5090409327649912,1.1782133043455123,0.21413960295593668,1.3872498147188075,-0.5741304921640621,1.059781904182359,-1.490199545599524,-0.21148352176813473,-0.2346893091962467,False,False,False,False,True,False,False,True,False,False,False,False,True,False,False,False,True,False,False,False,False,False,False,True,False,True,False
1.3728118173896864,-1.4574573616784472,0.7559886444718423,0.9218643313547861,-1.4610727647251733,-0.9858627275229702,-0.08097447324444626,1.6352832487695248,0.625597560037908,True,False,False,False,False,False,False,True,False,False,False,False,False,True,True,False,False,False,False,False,False,True,False,False,False,True,False
-0.4543719712428283,1.3998729565990689,1.4750295901338115,1.4768393889358877,0.4311048292628156,-0.1296427679939218,-0.43394126810171746,0.7728125271988402,-0.664832743813324,False,False,False,True,False,True,False,False,False,False,False,False,False,True,False,False,False,False,True,False,False,False,False,True,False,False,True
0.01616940386783992,0.17753679747716797,1.7054558553114756,0.2625454155204819,-0.5683596662053924,-1.2643703494800191,0.004158985958761948,0.3505388305952605,-0.2346893091962467,True,False,False,False,False,False,False,True,False,False,True,False,False,False,True,False,False,False,False,False,False,False,False,True,True,False,False
-1.287131548003365,-0.4708641632188189,-1.3906897776978295,-0.780585370627926,1.0035665696981673,-1.1558193220726165,-0.1909136041726121,-0.19984953888193993,-1.5251196130474787,True,False,False,False,False,False,False,True,False,False,True,False,False,False,False,True,False,False,False,False,False,True,False,False,False,False,True
0.5374897846163219,-1.7301713075091174,-0.9795678689427848,-0.27313337416473943,0.05537747004951545,0.37898614658333346,-1.1523259949154558,0.5379647223265481,0.625597560037908,False,False,False,True,False,False,False,False,False,True,False,False,True,False,False,True,False,False,False,False,False,True,False,False,False,True,False
-0.6615470911051866,0.14790648385711555,0.9439260284741929,0.9785142763959794,-1.2932967189202178,0.481005766940732,1.227000795679262,0.13403731647895312,-1.0949761784304013,False,False,False,True,False,False,True,False,False,False,False,False,False,True,False,False,True,False,False,False,False,False,True,False,False,True,False
0.01616940386783992,-0.03473801752764879,-0.7911742318211694,0.8333185962292464,0.18794094827186755,-0.33094305331952245,-1.0842068719586475,0.053975958167063645,-0.664832743813324,False,True,False,False,False,False,False,True,False,False,True,False,False,False,False,False,False,False,False,False,True,False,False,True,False,True,False
-1.287131548003365,0.05746545758852375,1.617247273022219,-0.292139601406036,-0.20182024660294387,-0.7375701569260822,1.9156064351738775,-0.8112162806198948,0.625597560037908,False,True,False,False,False,False,True,False,False,False,False,False,True,False,False,False,False,True,False,False,False,False,True,False,False,False,True
-0.6615470911051866,-0.30897768165846173,0.7763287642680816,0.34404264432197723,-0.07109019103587265,0.145872943605678,1.7098637890616943,1.0946757723169147,1.4858844292720628,True,False,False,False,False,True,False,False,False,False,False,False,True,False,False,False,True,False,False,False,False,False,False,True,True,False,False
0.5374897846163219,0.4603494582636285,-0.8758799934902817,-1.0652152282347216,-0.7437475237261275,0.4606939887281555,0.5683669511597005,0.7250622878202198,1.0557409946549854,False,False,False,False,True,False,False,False,False,True,False,False,True,False,False,False,False,True,False,False,False,False,True,False,False,False,True
-1.287131548003365,-1.2565867184405701,-0.5695314406049894,1.3910220317792066,1.7203155877722005,0.1823702720417495,-1.3059402952111698,-1.0804643162412533,0.625597560037908,True,False,False,False,False,False,True,False,False,False,True,False,False,False,False,False,False,True,False,False,False,True,False,False,True,False,False
0.01616940386783992,0.8886360368156074,0.5503455968897325,-1.0875567849699996,-0.3080796563402202,-0.8189159081175853,-0.31285040960022303,-0.927865934955425,-1.5251196130474787,False,True,False,False,False,True,False,False,False,False,False,True,False,False,False,False,False,False,False,True,False,False,True,False,False,True,False
0.01616940386783992,0.5601857996532817,-1.3430573947736995,-1.3235635480923018,-1.366854092478749,-0.28020756252403095,0.06912377715256678,1.3844552496354945,-0.6296644465832966,False,True,False,False,False,False,True,False,False,False,False,False,False,True,False,False,True,False,False,False,False,True,False,False,False,True,False
-1.287131548003365,0.14017325975995704,-1.0800642816230592,0.654710046390397,-1.2418296091546357,-1.4374601780364056,-1.5746645308095994,-0.7011823118973861,-1.0949761784304013,False,False,False,True,False,False,False,True,False,False,True,False,False,False,False,False,False,False,True,False,False,False,False,True,False,True,False
1.3194703557390448,1.504742950570549,0.26493974862600955,1.0047586455820352,-1.350771789198989,0.7199795865865642,-0.31530372644592364,-0.6680824439293328,1.4858844292720628,False,False,False,False,True,False,False,False,False,True,False,False,True,False,False,False,False,False,False,False,True,False,True,False,True,False,False
-0.6615470911051866,0.7662194013802288,1.8205329900953569,1.2728950450964283,1.1699177273985797,-1.1586668152758113,-1.2605435566220955,1.14928466367774,-1.0949761784304013,False,False,True,False,False,False,False,False,True,False,False,True,False,False,False,True,False,False,False,False,False,False,False,True,False,True,False
-1.287131548003365,1.5210231580726734,0.20055419862827242,-0.25075453431614503,1.5901795817319029,-0.15668675195123632,1.311059077361104,-1.0309276890669716,0.19545412542083065,False,False,True,False,False,False,False,True,False,False,True,False,False,False,False,False,False,True,False,False,False,False,False,True,False,False,True
-1.845078723932305,-0.3672551543245238,0.01044815393875523,1.0159067167000466,-0.6729373680228623,-0.989782755701437,0.7768742358714422,1.4782451753128654,1.4858844292720628,False,False,False,False,True,False,True,False,False,False,False,False,False,True,True,False,False,False,False,False,False,False,False,True,False,True,False
1.3194703557390448,-0.6011199735946848,0.12873072678576578,3.023442505989075,1.1268183571642456,0.055527052545764385,-1.1229827856690973,1.241333795011267,1.4858844292720628,False,False,False,True,False,False,False,False,False,True,True,False,False,False,False,False,False,False,True,False,False,False,False,True,False,False,True
0.01616940386783992,-1.403684868697272,-0.0371085124713343,1.3713530921773551,1.167876787214114,1.4686086146688935,1.1369183693554636,1.3828142317470888,0.625597560037908,True,False,False,False,False,False,False,False,False,True,False,False,True,False,False,False,False,True,False,False,False,False,True,False,True,False,False
-1.287131548003365,0.5931787303888881,0.5989016257403599,1.5208511525253334,1.1913520292262973,0.612875124203422,1.4760377960982802,-1.5232937880502853,0.625597560037908,False,False,False,False,True,False,False,False,True,False,True,False,False,False,False,False,True,False,False,False,False,False,False,True,False,False,True
0.5374897846163219,-0.9726790355830476,-0.6196641878979415,-2.1314730922854284,-0.07989528112249478,-1.075896193746234,-0.514582685729525,-0.6440521964465366,-0.2346893091962467,False,False,False,False,True,False,False,True,False,False,True,False,False,False,False,False,False,False,True,False,False,False,False,True,False,False,True
-0.7496918133273062,-1.5308862062303985,1.5462564867502604,-1.1502090671197125,0.7119815074002208,1.0898553759616467,0.8713063550077548,-0.26924869157072195,0.3826319998580625,False,False,False,False,True,True,False,False,False,False,False,False,True,False,False,False,False,False,True,False,False,False,False,True,False,True,False
-1.287131548003365,-0.22032499402060524,-0.0371085124713343,-1.15066652252422,0.12782203279316878,0.05626282180318218,0.5036649540110796,-0.823103307586773,-0.2346893091962467,False,False,False,False,True,False,False,True,False,False,False,False,True,False,False,False,False,False,False,False,True,False,False,True,True,False,False
-0.6615470911051866,-1.5625531408846014,1.620572631312927,1.2784626881507042,1.4357444390709142,-0.5520745013000458,0.41750902306630655,-1.6068223488066773,-0.664832743813324,False,False,False,False,True,False,False,True,False,False,False,True,False,False,False,False,False,False,False,True,False,False,True,False,False,False,True
-0.6615470911051866,0.7720819747899698,-0.0371085124713343,-1.030135420738483,-1.4469252488438926,-0.5079398529396862,1.2115932909867442,1.4113319306103853,-0.2346893091962467,False,False,True,False,False,False,False,True,False,False,True,False,False,False,False,False,True,False,False,False,False,False,False,True,False,True,False
1.3194703557390448,-0.7718043323432067,-1.4405306333055756,1.3340517838843862,-0.7136570384484253,0.18991565545504577,0.004158985958761948,-0.45568029123993964,-0.664832743813324,False,True,False,False,False,False,False,False,True,False,True,False,False,False,False,False,False,False,False,False,True,True,False,False,True,False,False
-0.6615470911051866,-0.24519470952121794,-0.32925911277033565,-1.34608636831241,-0.12203400033564836,-1.354494171803197,-1.1395115796948496,1.5712378569690895,-0.2346893091962467,False,False,False,False,True,True,False,False,False,False,False,True,False,False,True,False,False,False,False,False,False,True,False,False,False,False,True
1.1426760548307602,0.7102761719288007,1.6435080182500397,1.4463925727931137,0.42883790650432163,0.5395976254991948,-1.4478574266367052,2.990547998504868,-1.5251196130474787,False,False,True,False,False,False,False,True,False,False,False,True,False,False,True,False,False,False,False,False,False,False,True,False,True,False,False
0.01616940386783992,-0.8283480609429337,-0.000503365790173928,0.24965097566371255,0.7576015495939813,-0.5786890130681343,0.004158985958761948,-1.0679000563972567,-1.0949761784304013,False,False,False,False,True,False,False,False,False,True,True,False,False,False,False,False,False,True,False,False,False,True,False,False,False,True,False
0.01616940386783992,1.0723573177474879,-0.540773154872584,0.9820895118554002,-0.16206021519624633,0.9893738539517575,-1.33843428679561,0.782901431310501,1.0557409946549854,False,False,False,True,False,True,False,False,False,False,False,False,True,False,False,False,False,False,False,True,False,False,True,False,False,True,False
-0.6615470911051866,0.9895645128470406,1.3147512018535439,1.0211524450489338,1.211566627180568,0.39623310726940664,-1.4889384119212765,-0.4353433032517929,1.0557409946549854,True,False,False,False,False,False,True,False,False,False,True,False,False,False,False,False,False,False,False,False,True,False,False,True,False,False,True
1.3194703557390448,-0.49126457428069403,-0.5411790869277012,1.4017314423445575,-1.0572522309850507,-1.2894859733866293,-1.2336619807422613,-1.51701711808722,0.19545412542083065,False,False,True,False,False,False,False,False,True,False,False,True,False,False,False,False,False,True,False,False,False,False,True,False,False,False,True
0.5374897846163219,-0.8300909630451603,0.2551581940586712,0.8702714022233895,-0.4869344585693814,-0.4913169565925809,-0.8235841297772308,1.626847711508898,0.19545412542083065,True,False,False,False,False,False,True,False,False,False,False,False,False,True,False,False,True,False,False,False,False,False,True,False,False,True,False
0.5374897846163219,-0.10589584651099634,-1.0333750390601326,0.7097998844205528,-1.5671131834542626,-0.8035907156999113,-1.2214775298448555,0.5110091763346389,-1.0949761784304013,False,False,False,False,True,False,False,False,True,False,False,True,False,False,False,False,False,False,False,True,False,True,False,False,False,True,False
0.5374897846163219,-0.32065683718265164,1.2304002700008008,-0.6790957256935986,-0.8575905676589195,0.6669313806396482,-0.714657090874911,-0.6367457479484215,-0.2346893091962467,False,False,False,False,True,True,False,False,False,False,False,False,True,False,False,False,False,False,True,False,False,True,False,False,False,False,True
-0.6615470911051866,0.8477549570743796,0.1842587013974945,-1.2024963869932739,0.74747506518827,0.08137320055965395,1.684015404321333,-0.04902088196108828,-1.5251196130474787,False,False,True,False,False,True,False,False,False,False,True,False,False,False,False,True,False,False,False,False,False,True,False,False,True,False,False
1.3194703557390448,-0.5780955925859045,0.33204673330898266,-0.6654316137364755,1.135731544112935,0.28050783224854686,-0.8586856003457287,-0.23146279874619885,1.0557409946549854,False,False,True,False,False,False,False,True,False,False,True,False,False,False,False,False,False,False,False,True,False,True,False,False,False,False,True
0.5374897846163219,-0.7050886191087796,0.1885033497537917,-0.487850970709796,0.34176276763744246,1.1109999907029802,2.613918838959433,0.19409954237224308,-1.5251196130474787,False,False,True,False,False,False,False,False,True,False,True,False,False,False,False,True,False,False,False,False,False,True,False,False,True,False,False
-0.6615470911051866,-1.1321712696790078,0.1302737099960732,-0.9850863471302255,-0.19700246590947745,-1.154543711320437,-0.35522668204750363,-0.1584779963529296,-0.664832743813324,False,False,True,False,False,False,False,True,False,False,False,True,False,False,False,False,False,False,True,False,False,False,True,False,True,False,False
0.5374897846163219,-0.6514946544448073,-1.4144620265363677,-0.5802584601279869,0.9399860880178674,-0.9790506587099338,0.7056672617555119,-1.0465622709161946,0.625597560037908,False,False,False,False,True,False,True,False,False,False,False,False,True,False,True,False,False,False,False,False,False,True,False,False,False,False,True
1.3194703557390448,1.6309272218379505,0.6699085922414274,0.7161811926185848,-0.4971190175165165,-0.7954406630566896,1.4242647015396084,0.5246459289854702,0.625597560037908,False,True,False,False,False,True,False,False,False,False,False,True,False,False,False,False,False,False,True,False,False,True,False,False,False,True,False
0.01616940386783992,-0.3576632576007255,-1.6339781662352244,1.197630404390428,-0.26364243134893367,0.2877500768663264,0.06838286269494566,0.8903071060940378,-0.7469157820041966,False,True,False,False,False,False,True,False,False,False,True,False,False,False,True,False,False,False,False,False,False,True,False,False,False,False,True
0.5374897846163219,-0.3132310193191539,2.344488644774475,-1.1939994687049267,-0.4107782691032486,-0.11736370442094773,0.6539754411153847,-0.386612027414285,1.4858844292720628,False,False,False,False,True,False,False,False,False,True,True,False,False,False,False,True,False,False,False,False,False,False,True,False,False,True,False
-0.6615470911051866,1.114267289182911,0.6521978152611503,1.2125391666647656,-1.4889322985324769,1.3705149878884164,-1.311655583534449,-0.8266695947758723,1.4858844292720628,False,True,False,False,False,True,False,False,False,False,False,False,True,False,False,False,False,False,False,True,False,True,False,False,False,True,False
0.5374897846163219,-1.1705836686751205,1.7669058697050124,-0.04769913780188113,-1.5007321387320491,0.6461807315005252,1.298079979013743,0.26432213126765003,1.0557409946549854,True,False,False,False,False,False,False,True,False,False,False,True,False,False,True,False,False,False,False,False,False,True,False,False,True,False,False
-1.287131548003365,-1.0311289684313611,-0.3049322596101546,1.1540021029444703,0.039284494750960054,0.03214256710640467,-1.4353556347449183,-1.216542267925041,0.625597560037908,True,False,False,False,False,False,True,False,False,False,False,False,False,True,False,False,False,False,True,False,False,False,True,False,False,True,False
-1.287131548003365,-0.4986682607667518,-0.124296460093208,0.22354212648416225,1.2760960313113303,1.0134634335937662,0.47344292241266583,-0.6590050069455371,-1.0949761784304013,False,True,False,False,False,False,True,False,False,False,True,False,False,False,False,False,False,False,False,True,False,False,True,False,False,False,True
0.01616940386783992,-1.7178343114753845,-0.0371085124713343,0.20617845845384716,-1.1936833116036758,0.3291122413602108,1.3591925428606386,0.25788582545658445,0.19545412542083065,False,False,False,False,True,True,False,False,False,False,True,False,False,False,False,False,False,True,False,False,False,False,True,False,False,True,False
0.5374897846163219,-0.2738122797508963,-0.2581625172362217,0.9364613733941615,1.0032038616511065,-0.49778730757543094,1.6132646278527125,0.9770546578401427,0.19545412542083065,False,False,False,True,False,False,False,False,False,True,False,False,False,True,True,False,False,False,False,False,False,False,False,True,False,False,True
1.3194703557390448,-1.1016204392155542,1.0879686848076686,-0.5918526899835044,0.27681201177479575,0.3727254027904735,0.835608648405401,1.1721957268498642,-0.2346893091962467,False,False,False,False,True,False,False,True,False,False,True,False,False,False,False,True,False,False,False,False,False,False,False,True,False,True,False
0.5374897846163219,-1.3182114046615934,0.5202772049674297,-0.857514361663335,-1.0903457241771242,0.7260839390527886,-0.8471004912219403,-1.5072648062281653,1.0557409946549854,False,False,False,True,False,False,False,True,False,False,True,False,False,False,False,False,True,False,False,False,False,True,False,False,True,False,False
-1.287131548003365,-0.2194581395381482,-1.2006937216431064,-1.1993686075394838,0.26462280821308026,-0.6900400280290366,0.620660517967189,-1.5408895644945997,-1.0949761784304013,False,False,True,False,False,False,False,True,False,False,False,False,True,False,False,False,True,False,False,False,False,False,True,False,False,False,True
-0.6615470911051866,1.4588785298148381,0.6538085851071694,-0.8450701512980412,0.33720463044294063,0.7462433612403846,1.3392572783921588,-0.3997038414127956,1.0557409946549854,False,False,False,False,True,False,False,False,True,False,False,True,False,False,True,False,False,False,False,False,False,True,False,False,True,False,False
-1.287131548003365,1.096271410043973,0.2825100797285739,-0.3805561548773447,0.6644854760010003,-3.139646919487664,-0.816045866864434,0.7625491715448723,1.0557409946549854,False,True,False,False,False,False,True,False,False,False,False,True,False,False,False,True,False,False,False,False,False,False,True,False,False,True,False
0.01616940386783992,-0.3094552916060424,-0.8466107966605547,1.2363929490195322,-0.3281853783484291,0.2845552198864676,1.275852054113895,1.100373389826254,3.0095874937296276,True,False,False,False,False,False,False,False,True,False,True,False,False,False,True,False,False,False,False,False,False,True,False,False,True,False,False
1.3194703557390448,0.04039107026469704,0.8626764179419052,0.5235846649688218,1.2277069677040524,0.7741068359922078,-1.2533076478045573,-0.5074945137192352,-1.5251196130474787,False,False,True,False,False,False,False,False,True,False,False,False,True,False,False,False,False,False,False,False,True,False,False,True,False,True,False
0.6672268188786304,0.4380806816453364,1.2648931367675107,0.6643684332735839,-1.323617481728667,0.14186767911686135,0.27839437622067276,0.8695286713255839,-1.5251196130474787,False,False,False,True,False,False,False,True,False,False,False,False,True,False,False,False,False,True,False,False,False,True,False,False,True,False,False
0.5374897846163219,-0.1002959252185145,-0.022529483122852075,-1.4998262503700088,1.6543336786146963,0.8779270345473645,-1.6784289198672488,0.4706548454675732,0.37429658566590684,False,False,False,False,True,False,False,False,True,False,True,False,False,False,False,False,False,False,False,False,True,False,False,True,False,True,False
2.7416466405116124,1.1142956979461642,1.7902245721028018,-0.7114375572684261,0.12799959226072247,-1.474469441697894,0.7622131227641078,1.104138558878686,1.0557409946549854,False,False,False,False,True,False,False,False,False,True,False,False,True,False,False,False,False,False,True,False,False,False,True,False,False,False,True
1.3194703557390448,-1.4697236294396785,-1.0029451432012177,-1.2390326925415565,1.5205504938951755,-1.3758755584527707,-0.3199857434849185,-1.5185790986412242,1.0557409946549854,False,True,False,False,False,False,False,True,False,False,False,False,False,True,False,True,False,False,False,False,False,False,True,False,True,False,False
-0.6615470911051866,1.2598845918491808,1.7992544228461924,-1.2560502352328002,0.1810290979569749,-0.21709648808687235,-0.6487970556071831,1.0909017639678926,-0.2346893091962467,False,False,True,False,False,False,False,False,False,True,True,False,False,False,False,False,False,False,True,False,False,True,False,False,False,True,False
1.3194703557390448,0.07650035675872163,0.5603454144468988,-1.6320368786335626,-0.41725179969082804,0.5848765533783943,1.727804956895828,-0.6917076238784247,-0.664832743813324,False,True,False,False,False,False,False,False,False,True,False,False,False,True,False,False,False,True,False,False,False,False,True,False,False,True,False
1.3194703557390448,-0.7803967692921037,-1.5273726500079738,-0.07191134005177334,-0.37744494225992575,0.5501456162626397,1.051705962538005,-0.8869756959803345,1.4858844292720628,False,False,False,True,False,False,False,False,True,False,False,True,False,False,False,False,False,True,False,False,False,True,False,False,False,True,False
-0.15870819200114505,1.3446221649601637,0.5098623365826035,0.9554152996442932,1.302952644996023,-1.1777976699600452,0.44125575386598964,-0.04469994917976155,-0.2346893091962467,False,False,False,False,True,False,False,False,True,False,False,True,False,False,False,False,False,False,False,True,False,True,False,False,False,False,True
0.01616940386783992,0.6048667357226488,-0.5466087477802466,0.664462702998666,-1.0048861446881932,-0.09759436322611796,-0.9080401741764099,2.990547998504868,0.19545412542083065,False,False,True,False,False,False,False,False,True,False,False,True,False,False,False,False,False,False,False,True,False,False,True,False,False,True,False
1.3194703557390448,2.80645479285815,-1.379263101449463,1.3742821418087048,-1.592490193952645,-0.6644634532601947,-1.3969588078688644,-1.1873525610848983,1.332935973199859,False,True,False,False,False,False,False,True,False,False,True,False,False,False,False,False,False,False,False,False,True,False,False,True,False,False,True
-1.287131548003365,-0.5808868617025954,-0.0371085124713343,0.8910151474828629,2.748126954910399,-0.2879736578138706,0.43653730705808635,-1.528100602616481,0.19545412542083065,False,False,False,True,False,False,False,False,True,False,False,False,False,True,False,False,False,False,False,True,False,False,True,False,True,False,False
1.3194703557390448,1.0457527199779149,0.09275039992298625,-1.0647325428895604,0.7890368005742919,-1.1515481037155648,-0.9916325131666538,0.6283911248257857,1.4858844292720628,False,False,True,False,False,False,True,False,False,False,True,False,False,False,False,False,False,True,False,False,False,False,False,True,False,False,True
0.5374897846163219,0.5900097689614611,0.8158374134555365,0.7893598774994486,-1.2498792672869337,1.0952202749797442,0.2073491430202315,0.1052240546443721,0.625597560037908,False,False,True,False,False,True,False,False,False,False,False,False,True,False,False,False,True,False,False,False,False,False,True,False,False,True,False
1.3194703557390448,-0.36437571310408207,0.8766969377296945,1.4300995876100238,-1.5303826623556702,1.4208881755524103,-0.7447934619407316,-1.1266623049147835,1.0557409946549854,True,False,False,False,False,False,False,False,True,False,False,False,True,False,False,False,False,False,True,False,False,True,False,False,False,True,False
0.01616940386783992,1.2262989398248065,1.5491310192497383,1.291979177035248,-1.0388920126460803,-1.1596538599412387,1.0266384150408316,0.6677159436091168,-1.0949761784304013,True,False,False,False,False,False,True,False,False,False,False,False,True,False,False,True,False,False,False,False,False,False,False,True,False,True,False
0.5374897846163219,-0.601697814569907,-0.2850610216790533,-1.176228515638722,0.23300406112079547,1.2713471165025114,-0.5701497739452485,1.0304316818626398,-0.664832743813324,True,False,False,False,False,False,False,False,False,True,True,False,False,False,False,False,True,False,False,False,False,False,False,True,False,True,False
-0.6615470911051866,0.5507095185268607,-1.3053567014380478,1.4756043219102482,-0.14300925003102424,1.2405474527463611,-0.2023982275982782,0.9831200093551261,1.4858844292720628,False,False,False,False,True,False,False,False,True,False,False,False,False,True,False,True,False,False,False,False,False,False,False,True,True,False,False
1.3194703557390448,0.34781538646528715,1.6549896063823568,-0.17591698668968206,-0.2191624592003812,1.1607333874375305,1.1148247159458498,-0.4146997482655666,-1.5251196130474787,False,False,False,False,True,False,False,True,False,False,True,False,False,False,False,True,False,False,False,False,False,True,False,False,False,False,True
0.5374897846163219,1.2965223140201687,0.697373997756543,-1.2208118684045888,-0.8958915003515946,1.1369680161498288,-0.8686348359686237,-0.05489297381494684,1.0557409946549854,False,True,False,False,False,False,False,False,False,True,False,False,False,True,False,False,False,False,False,False,True,False,True,False,False,True,False
0.01616940386783992,0.8739735660882855,-0.3898100849821076,-1.3995385168849261,-0.895247551974296,1.328319509335582,0.6695294665746262,-0.652772520154216,-0.664832743813324,True,False,False,False,False,False,False,False,True,False,False,False,True,False,False,False,False,False,False,True,False,True,False,False,False,True,False
0.5374897846163219,1.2157949863112048,-0.0371085124713343,0.279802424244176,-1.8333981461863658,0.17265319508719193,0.7413356543517367,1.1333426341630413,-1.2996835776094833,False,True,False,False,False,False,False,False,True,False,False,False,False,True,False,False,True,False,False,False,False,False,True,False,True,False,False
0.5374897846163219,1.1144200320106408,0.7029152263268637,1.3306165764744446,-1.1929307767129609,0.0796390764439997,1.5830476751558429,-0.30174601482792457,1.0557409946549854,False,True,False,False,False,True,False,False,False,False,False,False,False,True,True,False,False,False,False,False,False,True,False,False,False,True,False
0.5374897846163219,2.2348741396366263,-1.6680803194440987,0.8999959081048389,0.17393060633262994,1.1216552976112255,-0.6605082508917948,-0.8996328185655408,1.4858844292720628,False,True,False,False,False,False,False,True,False,False,False,True,False,False,False,False,False,False,False,False,True,True,False,False,True,False,False
-1.287131548003365,-1.5384609075196187,-1.1741722605311034,1.3102835308252934,-0.04244736045789808,-0.1892188896120169,-1.4186855977966262,0.08833959398368942,-1.5251196130474787,False,True,False,False,False,False,False,False,False,True,False,True,False,False,False,False,False,False,False,False,True,False,True,False,False,False,True
-0.6615470911051866,-0.4472522096795582,-1.7014517725269664,1.0265733330777294,-0.32319970230141676,-0.3258204853341341,0.31063072064572655,1.133720671978491,-0.664832743813324,True,False,False,False,False,False,False,True,False,False,True,False,False,False,False,False,False,False,True,False,False,False,False,True,False,True,False
-0.6615470911051866,-0.3077556164031014,-0.24399696440694627,-0.5459087118316449,-1.5438501019246773,2.41003316792766,1.4583646734489253,1.612870032055696,-0.2346893091962467,False,False,True,False,False,False,False,False,True,False,True,False,False,False,True,False,False,False,False,False,False,False,True,False,False,False,True
0.01616940386783992,-1.3129732728725882,-0.0371085124713343,0.5903874528660873,0.8532913067573861,-0.0675802995153884,-0.672895583215995,-0.9137303973486237,1.4858844292720628,False,False,True,False,False,False,False,False,True,False,False,True,False,False,False,False,False,False,False,True,False,False,True,False,False,False,True
0.01616940386783992,1.2659898372012417,-0.4783050835425877,1.3810225333103519,-0.9501592089449705,-0.35451618689474346,0.08777620103721336,1.271139627729981,1.4858844292720628,False,False,False,True,False,False,True,False,False,False,False,False,True,False,True,False,False,False,False,False,False,False,False,True,False,True,False
-0.6615470911051866,1.0163524747547117,-0.09101363807907825,-1.2049388761665312,1.4709759498288415,-0.26229911297968417,-0.31631933252089806,-0.9766802271864289,-0.664832743813324,False,True,False,False,False,False,True,False,False,False,True,False,False,False,False,True,False,False,False,False,False,True,False,False,False,False,True
0.01616940386783992,0.27535180811291793,-0.6873420316922936,-0.9991394454533835,-0.0026458172569050827,0.6699846756567567,-0.8702426516696805,-0.5117300391729065,1.4858844292720628,False,True,False,False,False,False,False,False,False,True,False,False,False,True,False,False,False,False,False,True,False,False,False,True,True,False,False
0.5374897846163219,-0.6078869756006803,-0.46865851403428843,0.685972875062518,1.1453988742079353,0.3233524669127371,-0.4851293648661774,0.44441479384512844,0.19545412542083065,False,False,False,True,False,False,False,False,True,False,True,False,False,False,False,False,False,False,False,False,True,False,False,True,True,False,False
-3.2340573056591153,-0.34621662375202616,-1.1343519603560248,0.7802201210166062,-0.20034366737223194,1.0434839288051971,-0.08950599871594683,0.15063847275922168,-1.0949761784304013,True,False,False,False,False,False,True,False,False,False,False,True,False,False,False,True,False,False,False,False,False,False,False,True,True,False,False
-1.287131548003365,-1.6519277168127988,0.8424727586525518,-0.17283750648607055,-0.42778137714288983,1.192716822575058,-1.131262628409801,-0.19339095186171756,1.0557409946549854,False,False,False,False,True,False,False,False,True,False,False,False,True,False,False,False,False,False,False,False,True,True,False,False,False,True,False
1.0951869041951332,0.633141172602066,-1.3361270308932163,0.04382305972215225,-1.517092625571482,0.22384901542863841,-0.398408013557594,-0.6965001402118705,-1.5251196130474787,False,False,False,False,True,False,False,False,True,False,True,False,False,False,False,False,False,False,False,False,True,True,False,False,True,False,False
-1.287131548003365,0.8669339039733518,0.332363304202574,0.5705034270805719,-1.3438013776355313,0.18251802741617307,-1.6370562795989287,1.2624216374691408,-0.2346893091962467,False,False,False,True,False,False,False,True,False,False,False,False,False,True,False,False,False,False,False,True,False,False,False,True,True,False,False
-1.287131548003365,-0.9316771028481476,0.51330548897004,-0.9274507115170778,1.4955054696525305,1.515897257940036,0.5716773751639862,1.5531141792471814,-1.0949761784304013,False,False,True,False,False,False,True,False,False,False,False,True,False,False,False,False,True,False,False,False,False,False,True,False,False,False,True
0.5374897846163219,-0.47707199313527104,-0.7034610979928003,0.6822800735082407,1.048431171262923,-0.408026200672065,0.7532724559548997,1.538988830515424,-0.664832743813324,False,True,False,False,False,False,True,False,False,False,False,False,True,False,False,False,False,True,False,False,False,True,False,False,False,True,False
-0.6615470911051866,0.9758647847177278,-0.052557286682819296,-1.1202665847981077,1.2268183401612036,-1.475201236710708,-1.0898199141196907,0.03051557463136617,0.19545412542083065,True,False,False,False,False,False,False,False,False,True,False,False,True,False,False,False,False,False,False,True,False,False,False,True,False,True,False
1.3194703557390448,0.42675783500887526,-1.1328823163514548,0.9697204389297484,-1.5940784838949544,-0.15764226514067484,1.1483557953116428,-1.5722608637239956,-0.8647487495820058,False,False,False,True,False,False,False,True,False,False,False,True,False,False,False,True,False,False,False,False,False,True,False,False,False,False,True
1.3194703557390448,-1.338762352205393,-1.575742305471759,1.5941757813399626,-0.7226813435723478,-1.5249537703659313,-0.2273229604998241,1.048592815136037,-0.664832743813324,False,False,True,False,False,False,False,False,True,False,True,False,False,False,False,False,False,False,False,False,True,False,True,False,True,False,False
-0.6615470911051866,-0.6265062022565526,-1.3686217072247924,0.6389679098208964,0.9543164421637993,1.2721227652198683,1.7557212158314823,1.4235276318762693,-1.0949761784304013,False,True,False,False,False,True,False,False,False,False,False,False,True,False,False,False,True,False,False,False,False,False,True,False,True,False,False
1.3194703557390448,-0.9976446318729534,-0.0371085124713343,-0.4902199069784276,-0.6717832778592208,-0.33138550176023346,1.7132295381204363,-1.4356807222553964,1.0557409946549854,False,False,False,True,False,False,False,False,False,True,True,False,False,False,False,False,False,False,True,False,False,True,False,False,False,True,False
0.01616940386783992,-0.40176522745766097,1.1738089362133433,0.5265883234811981,-1.1771351641382344,-2.3973228450393256,0.46640461885035783,0.6776052284732501,0.19545412542083065,False,True,False,False,False,False,False,False,False,True,False,False,False,True,False,False,False,False,False,False,True,False,False,True,False,True,False
1.3194703557390448,-0.37008445537191353,-1.0973998573782848,-0.5275815394554976,0.9299323867636548,-3.139646919487664,-1.5959734218383268,0.8838515153934126,1.0557409946549854,True,False,False,False,False,False,False,False,False,True,True,False,False,False,False,False,False,False,True,False,False,False,False,True,False,True,False
1.3194703557390448,-0.9217011466942197,0.7131654556989692,-1.408216253048016,-0.7445954786774889,0.06521057813418746,0.41859279564806023,0.27080751476484566,-1.5251196130474787,True,False,False,False,False,False,False,True,False,False,False,False,False,True,False,False,False,True,False,False,False,False,True,False,False,True,False
0.01616940386783992,-0.5049161536672787,-0.17564936585774463,-0.639137627336023,0.2741126450599409,-0.2771362159359973,-1.417962536451942,1.2566065357652956,0.625597560037908,True,False,False,False,False,True,False,False,False,False,False,True,False,False,False,False,False,False,True,False,False,False,True,False,False,False,True
0.5374897846163219,1.3214034947928261,1.2890837999219416,-1.1834336744196556,0.5352282379387779,-0.18526471727947624,0.004158985958761948,1.2334022970071443,0.19545412542083065,False,False,True,False,False,False,False,False,False,True,False,False,False,True,False,False,False,False,True,False,False,False,False,True,False,True,False
0.5374897846163219,0.9065390397146948,-0.5154372902675053,-0.8954353611696171,-1.3487334857974507,0.6316790169233757,0.05137061235082207,0.849260865327961,-1.0949761784304013,False,False,False,False,True,False,True,False,False,False,False,False,False,True,False,False,False,False,False,True,False,False,True,False,False,True,False
1.3194703557390448,-0.8911199305378728,1.6188766824836478,1.201881203532865,-0.9215061112518568,-1.4807273267533685,-0.8024804728134092,-0.535674498360409,0.19545412542083065,False,False,True,False,False,True,False,False,False,False,False,False,False,True,False,False,False,False,False,False,True,False,False,True,False,False,True
0.5374897846163219,-0.5733819350452871,1.1269673498048485,-0.1105415881947811,1.0636484423097876,-0.6465972339413424,-1.1751140588059867,-1.1002019830487184,-0.664832743813324,False,True,False,False,False,False,False,True,False,False,False,False,True,False,False,False,False,False,True,False,False,True,False,False,False,True,False
1.3194703557390448,-0.4931471701790469,-1.1126401189396327,0.7333449159518549,1.7268123261553778,-1.2495251442912247,0.3338551690934923,1.4277195793143647,0.625597560037908,False,False,False,False,True,False,False,False,False,True,False,False,True,False,False,False,False,True,False,False,False,False,True,False,False,False,True
0.01616940386783992,-0.8482106432127565,0.7848244647783309,0.07977177832614477,1.5689335079947684,-0.7450159661346887,0.2700791382648025,-0.15702759704370112,-1.5251196130474787,False,False,True,False,False,False,False,False,False,True,False,False,False,True,False,False,False,False,True,False,False,False,False,True,False,False,True
1.3194703557390448,0.3221101373363519,-1.7078916934827235,0.03581697152318257,-1.3171416759611525,-2.191664556293497,0.4910687879351388,-0.04097822545815085,0.19545412542083065,False,True,False,False,False,False,True,False,False,False,False,True,False,False,False,False,False,False,True,False,False,False,False,True,True,False,False
-1.287131548003365,-0.10455637819390975,-0.6618804235590984,-0.44431901623870484,1.2939000594471894,0.23659466615555688,-0.7600749635413947,0.328854235974367,-1.5251196130474787,False,False,False,False,True,False,True,False,False,False,False,False,True,False,False,False,False,False,False,False,True,False,False,True,True,False,False
0.5374897846163219,-1.3453537019743653,-0.05230330966400767,0.6627770311727661,-0.6585721622866497,-0.6029666077875452,-1.6683950583442966,0.16404521903721375,0.19545412542083065,False,False,False,True,False,False,False,True,False,False,True,False,False,False,False,False,False,True,False,False,False,False,True,False,False,False,True
1.3194703557390448,0.9598205035849997,1.4660059848584275,1.3633483294248854,1.0171197723531649,0.228170130380278,0.8948061714519646,0.34921132036150315,0.625597560037908,False,False,False,True,False,False,False,False,True,False,False,True,False,False,False,False,False,False,False,True,False,True,False,False,False,True,False
-0.6615470911051866,0.20600008992420935,0.42011341450188144,-1.1208382733195958,-1.3681826248890538,-0.7399935730056724,-1.136399566653349,-1.6504917948091593,-1.3265389269065064,False,False,True,False,False,True,False,False,False,False,False,True,False,False,True,False,False,False,False,False,False,False,True,False,False,False,True
-0.6615470911051866,-0.0788486375470189,1.1669149863791937,-1.3012173189507932,-1.2452774101258461,1.4359489781042938,-0.15221107524049898,-0.9107520664438475,-0.2346893091962467,False,False,False,False,True,False,True,False,False,False,False,True,False,False,True,False,False,False,False,False,False,True,False,False,False,False,True
-1.287131548003365,0.676815979364115,-1.2315436889997915,-0.916698212114507,-1.16405217777858,1.4426463217418901,1.517957578591383,-0.6970064231403317,-0.664832743813324,False,True,False,False,False,True,False,False,False,False,True,False,False,False,True,False,False,False,False,False,False,False,False,True,False,False,True
-0.6615470911051866,1.5720382082688171,-0.8260525741711355,-0.5976011403928431,0.980811171562156,0.49432549482382426,1.2249262653075437,-0.23412300611422998,-1.0949761784304013,False,False,False,True,False,False,True,False,False,False,False,False,True,False,False,False,False,True,False,False,False,True,False,False,True,False,False
-0.6615470911051866,1.59816970364353,-1.4188931260459572,-0.11143494494045231,-1.3069328993806641,1.0038853362230795,-0.8499331522320722,-0.8918217404478272,0.625597560037908,False,False,False,False,True,True,False,False,False,False,False,False,True,False,False,True,False,False,False,False,False,True,False,False,True,False,False
0.01616940386783992,-0.5730319853802992,1.7964349686875176,-1.45474557063298,-0.07360269555367939,-1.4027214273181845,-1.1304590689336802,-0.5546342685838084,0.19545412542083065,False,False,False,False,True,False,True,False,False,False,False,True,False,False,False,False,False,False,False,True,False,False,False,True,True,False,False
-0.6615470911051866,0.641467491404564,-1.5607028394053488,-0.6575751565395743,0.09649111161972179,1.163562668667208,0.4742668077430691,1.5251898746397201,0.19545412542083065,False,False,False,False,True,False,False,False,True,False,False,True,False,False,False,False,True,False,False,False,False,False,True,False,False,True,False
0.01616940386783992,-0.6570263805809965,-0.7450128597722849,-1.343278953082606,-1.3248273427239279,-1.1767864535853279,-1.6395392045235104,-0.4046574768551139,-1.0052340276547989,False,False,False,True,False,False,True,False,False,False,False,False,False,True,False,False,False,False,True,False,False,False,True,False,False,False,True
-1.287131548003365,1.1995499676843424,-1.2495769534844148,0.18437989237879476,0.13763471880268335,1.1208348055916322,0.2396713271721871,-1.3693655959770001,0.19545412542083065,False,False,False,True,False,False,False,True,False,False,False,False,False,True,False,False,True,False,False,False,False,False,True,False,False,True,False
-0.6615470911051866,0.6692530845130976,-0.1567500260513972,0.24944902849810074,1.404762956708214,1.2168135862911447,1.3531246056468456,-1.4065136947695822,1.0557409946549854,True,False,False,False,False,False,False,False,True,False,False,False,True,False,False,False,False,False,False,False,True,False,False,True,False,True,False
-1.287131548003365,0.3750898684133654,-1.1935110327182994,1.4547418006251902,1.1955394201384217,0.4486807849846181,-1.0467943980567072,-0.9821225385420127,-0.2346893091962467,True,False,False,False,False,False,False,True,False,False,False,False,False,True,False,False,False,False,True,False,False,True,False,False,True,False,False
0.5374897846163219,1.583492820063154,-0.20358147536591475,0.11107286678556016,0.745218973342505,-1.2218267114430394,0.9013269284401003,-0.6037904884009933,-1.5251196130474787,True,False,False,False,False,False,False,True,False,False,False,False,True,False,False,False,False,False,False,True,False,False,False,True,False,False,True
0.5374897846163219,-1.3953681224099834,1.6002767689379165,-1.4428288076440343,1.5387119597028889,0.07422659019190529,-0.09958095935371393,0.134965332712874,-1.5251196130474787,False,False,False,True,False,False,False,False,True,False,False,True,False,False,True,False,False,False,False,False,False,False,False,True,True,False,False
0.5374897846163219,0.44171464752966944,-1.220608979091788,-1.0486881396718584,-1.1898447230212352,0.7916414326937562,-0.84586977808019,1.5213504032863974,-0.2346893091962467,True,False,False,False,False,False,False,False,False,True,False,False,True,False,True,False,False,False,False,False,False,False,True,False,True,False,False
0.01616940386783992,-1.0808724727159464,0.8952688800084484,0.5150359442467278,3.1260631299243844,-1.3607285723041826,-1.1418297989256005,0.7951022537118456,-0.664832743813324,True,False,False,False,False,False,False,True,False,False,False,False,False,True,False,False,False,True,False,False,False,False,False,True,False,False,True
1.3194703557390448,-1.2593984107760874,0.03100963351582806,-1.2790747459232834,0.4225008496308058,-0.08031778962297095,0.5788943546092069,-0.5127398952395493,-1.0949761784304013,True,False,False,False,False,False,False,False,False,True,False,True,False,False,False,False,False,False,False,True,False,True,False,False,False,True,False
-0.8694428454755517,1.403563663256002,-1.7795165093875573,-0.653780273406455,-1.3841041458079397,1.416171365103356,-0.8013711948944572,0.02774349555424531,1.0557409946549854,False,True,False,False,False,False,False,True,False,False,False,False,False,True,False,False,True,False,False,False,False,False,False,True,False,False,True
-2.484434625214743,-0.32080923376522846,0.47399920207067,-1.2979162112784275,0.6980542507088893,1.514621540481723,-0.3779380708080648,-0.8276920063313388,0.625597560037908,False,True,False,False,False,False,False,False,True,False,True,False,False,False,False,False,False,False,False,False,True,False,False,True,False,True,False
0.01616940386783992,-0.1266854997181701,0.37070564671161926,0.6813175293728612,1.4837420175037028,-0.13121718702381113,1.5715292362599,1.186827049732633,1.4858844292720628,True,False,False,False,False,True,False,False,False,False,False,False,True,False,False,True,False,False,False,False,False,True,False,False,True,False,False
-0.6615470911051866,-0.2741106040132589,-1.1315685703985425,-1.0501251900988868,0.46548917552290486,0.411956171530082,-0.775262780049798,-1.6571976462598732,-0.2346893091962467,False,False,True,False,False,False,True,False,False,False,False,True,False,False,False,False,False,False,False,False,True,False,True,False,True,False,False
0.01616940386783992,0.8930837493767131,-0.981859219698939,0.3814062288142098,-0.8648357260374907,-1.3813281111854716,0.4259471960677577,0.3254413609680557,1.4858844292720628,False,False,False,False,True,False,False,False,True,False,True,False,False,False,True,False,False,False,False,False,False,True,False,False,True,False,False
1.3194703557390448,-0.5541456863636125,0.7320723695384135,0.0675650511858186,1.2462620478579156,1.2775332125826586,0.5471005633748968,-0.9048189763900097,-0.878670470825988,False,False,False,False,True,True,False,False,False,False,False,True,False,False,False,False,False,True,False,False,False,True,False,False,False,True,False
0.5374897846163219,0.8035473014572694,1.5299795944513646,1.3587530227113525,-1.509244085734301,0.7325769401064636,-0.7770595250694947,0.9104349990078311,-0.664832743813324,False,False,False,False,True,True,False,False,False,False,False,True,False,False,False,True,False,False,False,False,False,False,False,True,True,False,False
1.3194703557390448,1.300393078564439,1.169902150688007,-0.812239846283959,0.2561515858198156,-1.5126967633058612,1.1384720630338958,-0.5608701490800344,1.4858844292720628,False,False,False,True,False,False,False,False,True,False,False,False,True,False,False,True,False,False,False,False,False,False,True,False,False,True,False
0.01616940386783992,-0.3999265198771325,-0.9254848863693195,-0.601353582848945,-0.4342997795549675,-0.5411809965616194,-1.2676104083178528,0.7739953687918862,1.4858844292720628,True,False,False,False,False,True,False,False,False,False,False,False,False,True,False,False,False,False,False,True,False,True,False,False,True,False,False
0.01616940386783992,0.6482339589645526,-0.0371085124713343,0.49782590746087657,0.17676507341993394,-1.2489625423563193,-0.2792985380846365,0.25279187255785207,-1.0949761784304013,False,False,True,False,False,True,False,False,False,False,False,False,False,True,False,False,False,True,False,False,False,True,False,False,True,False,False
-0.6615470911051866,1.3308702832985055,-0.7169272494334693,-0.9675177645820985,-1.0807839681179932,-1.485898868842457,1.3782808984201878,-0.34564320671999493,0.625597560037908,False,True,False,False,False,False,False,False,False,True,False,True,False,False,False,False,False,False,False,True,False,False,False,True,False,False,True
-0.6615470911051866,-0.9404500622683115,0.09730265240268536,-0.1938168877377414,-1.1721946538307881,-0.7139640915422649,0.7843041280956713,1.7558992938002784,1.4858844292720628,False,False,True,False,False,False,False,False,True,False,True,False,False,False,False,False,False,False,True,False,False,True,False,False,False,True,False
1.3194703557390448,0.835416184264092,-1.0963685396683263,-1.6834937326879094,0.2261637477715258,1.003697425921782,-1.2261326382421511,-0.6902317951808976,-1.5251196130474787,True,False,False,False,False,False,False,True,False,False,False,False,False,True,False,False,False,False,False,True,False,True,False,False,False,False,True
-1.287131548003365,-0.39327970133521856,0.36574530350598145,0.8520075460470894,0.5425166048072803,-0.7009345814913938,1.131901330597388,-0.8604536057777155,-0.664832743813324,False,True,False,False,False,False,False,False,False,True,True,False,False,False,False,False,False,False,True,False,False,False,True,False,False,True,False
0.5374897846163219,-0.7665495757478625,0.1587552151321862,1.5848775030012092,-1.268711979617687,-0.5249851441077527,-0.2501755946934965,0.8959310286384762,1.4858844292720628,False,False,True,False,False,False,True,False,False,False,False,False,False,True,False,False,False,True,False,False,False,True,False,False,False,True,False
0.01616940386783992,1.4681809000911645,-1.485269999009331,0.213092018125752,1.575480539230666,-0.9637963563452635,0.21870409038865504,0.8331131329734286,0.625597560037908,False,False,True,False,False,False,False,True,False,False,False,False,False,True,False,False,False,False,False,False,True,False,True,False,False,False,True
1.3194703557390448,0.22710890600177172,-0.5356866919264153,-0.8867654979608897,-0.43203664173552925,1.389239893737142,0.004158985958761948,-0.18189191214927602,1.4858844292720628,False,False,False,False,True,True,False,False,False,False,False,True,False,False,False,False,False,False,False,False,True,False,True,False,False,True,False
1.3194703557390448,-1.5958294650300044,-0.7058586007843992,-1.4416100287803888,-0.5188276880458982,0.9765933928051322,-0.5757165305058112,-0.9798647032644456,1.4858844292720628,False,True,False,False,False,True,False,False,False,False,False,False,True,False,False,False,True,False,False,False,False,False,False,True,False,False,True
-0.517104779538161,-0.9736627850705698,1.7803475170531013,-0.4059450626805282,0.2588862005684832,-1.0106712698942169,-1.4430446374761727,1.377564135720344,1.0557409946549854,False,False,False,True,False,False,False,False,True,False,False,False,True,False,False,False,False,False,True,False,False,False,True,False,False,True,False
0.5374897846163219,1.405343876424113,0.12935487622092443,-0.6483836000521916,-1.2253230580249759,0.4278183323318084,-0.4775347841312289,0.18752500302087818,1.4858844292720628,False,False,False,False,True,False,False,False,True,False,True,False,False,False,False,False,True,False,False,False,False,True,False,False,False,True,False
0.01616940386783992,0.8636462228848428,-0.9822566755564405,-0.07282003872310758,-0.5637962579891641,1.370033339770661,-0.26997785424903875,-0.5891478735582858,0.625597560037908,False,False,True,False,False,True,False,False,False,False,False,False,True,False,False,True,False,False,False,False,False,True,False,False,True,False,False
-0.6615470911051866,0.21131890865795114,0.48869917893711473,0.37118001609694645,-0.9862790498796943,0.2821948552415029,-0.8265275441253948,1.5656482081484684,0.19545412542083065,False,False,False,False,True,False,False,False,False,True,False,True,False,False,True,False,False,False,False,False,False,False,False,True,False,False,True
-0.6615470911051866,1.1155556587137871,-1.1389806004996,0.0021966940273359056,0.88312910471194,-1.2186225388389744,0.09238048834081385,-1.05981883477969,-0.2346893091962467,False,False,True,False,False,False,True,False,False,False,False,False,True,False,False,False,False,False,True,False,False,False,True,False,False,False,True
-1.287131548003365,0.4854729621986279,-1.537114960116314,-0.11787259220175511,0.9196945518072566,0.14934384773813952,0.1883530148802965,1.0664796321576313,-0.6111355717523782,False,True,False,False,False,False,True,False,False,False,False,False,True,False,True,False,False,False,False,False,False,False,False,True,False,True,False
1.3194703557390448,-1.5239645993792788,-1.0909200351663562,0.2637748589191222,0.4412521989793945,-0.6117018451364856,-0.823340609901572,0.5302695794366846,1.0557409946549854,False,False,False,True,False,False,True,False,False,False,False,False,True,False,False,False,True,False,False,False,False,True,False,False,True,False,False
-0.6615470911051866,0.00837139342675389,0.770642450792814,1.1673042732376888,-0.9640300544296275,1.277584404443344,-0.7919156400070356,0.03856089409272264,1.4858844292720628,False,False,True,False,False,False,False,False,False,True,False,False,False,True,False,True,False,False,False,False,False,True,False,False,True,False,False
-1.287131548003365,0.6165847470283485,0.8608594334602634,0.9379166752072202,-0.7335083753884042,0.917362621774349,0.8497392442961216,-0.37415714031881925,-1.5251196130474787,False,False,True,False,False,False,False,False,True,False,False,True,False,False,False,False,False,True,False,False,False,True,False,False,False,True,False
1.3194703557390448,1.297125002148817,0.748703104606407,0.5936497276189692,1.7052834027069186,-0.8541329356529312,-1.0303931315365964,-1.0374836761392665,-1.0949761784304013,False,False,True,False,False,False,False,False,True,False,True,False,False,False,False,True,False,False,False,False,False,True,False,False,True,False,False
-0.6615470911051866,-0.8103640245820584,0.2360477180903528,1.1172604565561115,-1.4113500057364712,-0.2739421797928065,1.7271203758579572,0.20139089730919912,-0.2346893091962467,False,False,True,False,False,False,True,False,False,False,False,True,False,False,False,False,False,True,False,False,False,True,False,False,False,True,False
-1.287131548003365,-1.3191239297951476,3.0866444828143207,-0.9214576834610104,1.2888244671110887,0.11877821569425322,1.0660281233174955,-0.3227304974104161,0.625597560037908,False,False,False,False,True,False,True,False,False,False,True,False,False,False,False,False,False,True,False,False,False,False,True,False,False,False,True
0.01616940386783992,0.28617776792836047,1.622491127206761,0.7694031430050774,-1.5406895093317576,1.3353738071257928,1.695654017810207,-1.5376619370983793,-0.664832743813324,False,True,False,False,False,False,False,False,True,False,False,True,False,False,True,False,False,False,False,False,False,False,False,True,False,True,False
0.5374897846163219,1.1624400594203559,-0.0371085124713343,-0.7290067304024473,0.7598781848102616,0.5620096973162455,-1.4511321944575843,-0.3112741607821812,-0.6313475754255372,False,False,False,True,False,True,False,False,False,False,False,False,False,True,False,False,False,False,False,False,True,False,True,False,False,False,True
-0.6615470911051866,-0.16052532107303202,0.031197203457159504,1.2510764099565281,-0.6311236055709006,-1.4427189238194271,-1.2457734780824246,1.5759170888822893,1.4858844292720628,False,False,False,True,False,False,True,False,False,False,False,True,False,False,False,False,False,False,False,True,False,False,True,False,True,False,False
0.5374897846163219,-1.2022370508643356,0.45408582560933136,0.7785018937758547,-0.014167094416077943,-0.7751225631211954,0.7272893147271307,-1.0965359868902638,-0.2346893091962467,False,False,False,False,True,False,False,False,True,False,False,False,True,False,True,False,False,False,False,False,False,False,False,True,False,True,False
-1.0799766235527863,0.16466056186766664,-1.0423528887792783,-0.7458514669063678,-1.60471705927531,1.9751310769748798,1.2508812833598728,0.08406627522384187,1.4858844292720628,False,False,False,True,False,True,False,False,False,False,False,False,True,False,True,False,False,False,False,False,False,True,False,False,False,True,False
1.4174719498778154,0.9379059793726051,1.0949978389028736,-0.08508783958224897,-0.6066785587463963,1.234086778001309,-0.0727304118095269,0.8546875903274523,0.27571385126872733,False,False,True,False,False,False,False,False,False,True,False,False,False,True,False,True,False,False,False,False,False,False,True,False,False,True,False
1.0171351359069316,-1.190044043284886,-0.0371085124713343,-1.3415418785856208,0.26853908890386785,-1.4569266126917468,0.47057552858826723,-0.5650058364905733,-0.664832743813324,False,False,True,False,False,False,False,True,False,False,False,False,True,False,False,False,False,False,True,False,False,False,True,False,False,True,False
1.3194703557390448,0.20871692739022926,0.5454874995356019,-0.817833708389274,-0.22148024451203333,1.3281291972528555,0.961872292108116,-1.5303257322105308,1.0557409946549854,False,False,True,False,False,False,False,False,False,True,False,False,True,False,False,True,False,False,False,False,False,True,False,False,False,True,False
0.5374897846163219,-0.7998293662540701,-0.0371085124713343,1.1193254336996805,0.32632123399643065,-1.3623536879193878,-1.3638562739467943,0.31641242459406255,0.625597560037908,False,False,False,False,True,False,True,False,False,False,False,False,True,False,True,False,False,False,False,False,False,False,True,False,True,False,False
1.7606641804129801,-1.5699007978666133,0.7784385966588875,-0.9225815256786817,-0.7967881009721911,0.6856482883249995,1.6993798797825197,0.8580028259957247,-0.664832743813324,True,False,False,False,False,False,True,False,False,False,False,True,False,False,False,False,False,False,False,True,False,True,False,False,False,True,False
-1.287131548003365,-0.8268627506295044,-0.77364211025544,-0.42547404813108286,-0.9677062841783006,-3.139646919487664,-0.8693336577264794,-0.01414059961451166,0.625597560037908,False,False,False,False,True,True,False,False,False,False,False,True,False,False,True,False,False,False,False,False,False,True,False,False,False,False,True
0.5374897846163219,-0.6451764417697137,0.29449953279958135,-1.1475240178187205,-1.380949429485968,1.3298202058009934,-0.640933926351058,0.27240870683369245,-0.2346893091962467,False,False,True,False,False,True,False,False,False,False,False,True,False,False,False,False,False,False,True,False,False,True,False,False,False,True,False
-1.287131548003365,1.5676180279206005,-1.5750312662769346,-1.459450182242685,-0.6773784437528725,-1.1216194023905717,-1.2774823670131266,-1.6743275199269643,-0.664832743813324,True,False,False,False,False,False,True,False,False,False,False,False,False,True,False,True,False,False,False,False,False,True,False,False,True,False,False
0.5374897846163219,-1.1448289518011256,0.8891326631788308,-0.781704190606393,-1.2801788990371765,-0.8014719074429819,-1.6454134555365247,-0.2451797463113949,1.4858844292720628,True,False,False,False,False,False,True,False,False,False,False,True,False,False,False,True,False,False,False,False,False,False,True,False,False,False,True
0.01616940386783992,0.1966137356372416,0.963885768582297,1.7996909381357826,-1.3383238079999742,-0.5226845554145471,-0.5339153056170703,-1.6166291390494534,0.625597560037908,False,False,False,True,False,False,False,False,True,False,False,True,False,False,False,False,False,False,False,True,False,False,True,False,True,False,False
-1.287131548003365,1.600218377851621,0.6687716410854263,0.6587206311466378,0.8759812099658394,-0.8231920916840132,-1.4746864543653757,0.01693083836735086,-1.5251196130474787,False,True,False,False,False,False,False,False,True,False,False,False,True,False,False,True,False,False,False,False,False,False,True,False,False,True,False
-0.37263025410910255,-0.9325347116276396,0.4943304824152268,0.6655688552852077,-1.4292287340512295,0.746584648879058,-0.3333505960011067,-1.4086415996976949,0.4924023676788092,False,False,True,False,False,False,False,False,True,False,True,False,False,False,False,False,True,False,False,False,False,True,False,False,False,False,True
0.5374897846163219,-0.9184601916370779,-1.0271900792918127,0.3465969681996723,1.7029744906498958,0.27179419837327773,-0.12796531941524744,-0.6294424000441499,1.4858844292720628,False,False,False,False,True,False,False,True,False,False,True,False,False,False,False,True,False,False,False,False,False,False,False,True,False,True,False
0.01616940386783992,0.37794070671418534,-1.5880648598803018,0.8889859937206775,1.3633343792227628,0.03432777347567508,-0.6499084582771967,-0.25799231303214754,1.4858844292720628,False,False,False,False,True,False,True,False,False,False,False,True,False,False,False,False,False,True,False,False,False,True,False,False,False,False,True
-1.287131548003365,0.2438318942568725,-0.7093518290111493,1.0797965257946975,-0.1792131992991311,0.6192269453910099,0.312518682829318,0.7619937561032814,1.4858844292720628,False,True,False,False,False,False,False,True,False,False,True,False,False,False,False,True,False,False,False,False,False,False,False,True,False,True,False
0.01616940386783992,-1.4589317514744617,0.016454143738200862,-1.0978734013868046,-0.3129596336594483,1.3722883066639522,0.5077940967018454,0.8885669836825506,0.625597560037908,False,False,False,True,False,False,True,False,False,False,False,False,False,True,False,False,False,False,False,True,False,False,False,True,False,True,False
0.01616940386783992,-0.9203894993754159,1.6999939553982568,-0.7283394325787524,-1.2705864720735693,0.8266938100704765,0.6619566232586729,0.8501574751657415,-1.5251196130474787,False,False,False,True,False,False,False,False,True,False,True,False,False,False,False,False,False,False,False,False,True,False,False,True,True,False,False
0.18325659622648183,-1.251882399632712,0.9788342150123581,-0.794716817325067,0.7334388966982387,1.4475219170840756,0.004158985958761948,-1.2302267734862047,0.19545412542083065,False,False,False,True,False,False,False,False,False,True,False,True,False,False,False,False,False,False,False,False,True,True,False,False,False,True,False
0.01616940386783992,-1.3849843813819065,-0.43097873332983266,-1.3883925789956366,0.8897311414348422,-0.43156195579210577,1.5728196967009707,1.4135801649676558,-0.1037501652802259,False,False,True,False,False,False,False,False,False,True,False,True,False,False,False,True,False,False,False,False,False,False,False,True,True,False,False
-1.287131548003365,0.7085720492907774,-0.5880732131203114,-0.8696560073588695,1.3277461092388845,-0.3214476563593881,0.004158985958761948,0.8464348511920143,0.19545412542083065,False,False,True,False,False,False,False,True,False,False,False,True,False,False,True,False,False,False,False,False,False,False,True,False,False,True,False
-0.6615470911051866,0.06764844569482781,0.7300291213601925,-0.0481753229491208,1.3548425981355607,-1.4683370080213214,1.275028169851017,0.22997325997636597,-1.0949761784304013,False,False,True,False,False,False,False,False,False,True,False,False,True,False,False,False,False,False,False,True,False,True,False,False,False,False,True
0.01616940386783992,0.8869203292517522,-0.11137460151934082,0.5824071762311456,0.047750373223968454,-0.7762304812375326,0.9424814163551988,0.681852564708545,-0.664832743813324,False,False,False,False,True,False,True,False,False,False,False,True,False,False,True,False,False,False,False,False,False,False,True,False,False,False,True
0.01616940386783992,-0.9099246551145141,1.445481084679923,-1.3440493552698052,0.26055101522424884,-1.1233248499889907,-0.612552398330932,-0.7952786773911229,-0.2346893091962467,False,False,False,True,False,False,False,True,False,False,False,True,False,False,False,False,False,True,False,False,False,False,True,False,False,True,False
2.58710837391395,-1.5139846012451321,1.6471408437512276,0.7588547761047071,0.21115155047885328,-0.9262549507828761,-1.5218347497609617,-0.6019415349238436,-1.0949761784304013,False,False,True,False,False,False,True,False,False,False,True,False,False,False,False,False,False,True,False,False,False,False,False,True,False,True,False
0.5374897846163219,-0.7811453268127725,-1.1943353518623276,-1.6744647766889318,-0.47639038675072864,-0.06146852603498849,1.490933409443032,-1.3380700289007916,1.0557409946549854,False,False,False,True,False,False,False,True,False,False,False,False,True,False,True,False,False,False,False,False,False,False,True,False,False,True,False
-0.6615470911051866,-0.7266620791067434,1.6268449442680448,-1.3053526511699671,0.4536048610105785,0.5893032651604295,-1.4343240707833258,1.3823735689525753,-0.9172808586744425,False,False,True,False,False,True,False,False,False,False,True,False,False,False,True,False,False,False,False,False,False,False,True,False,False,True,False
-0.6615470911051866,1.644146002344922,-0.6701700337135093,0.6622642358769175,0.7081412590853945,-1.0010110642325791,-1.3663098308335992,1.1470978103043248,-1.5251196130474787,False,False,True,False,False,False,False,True,False,False,True,False,False,False,False,False,False,True,False,False,False,False,True,False,True,False,False
0.13601810718304005,-1.512023183682889,-0.0371085124713343,-1.0856452943692918,-0.8734090701000067,-1.3021206422227403,0.5485041838202429,0.9269764126901165,-0.2346893091962467,True,False,False,False,False,False,False,False,False,True,False,False,True,False,False,False,False,True,False,False,False,True,False,False,True,False,False
-1.7220908886338209,-1.1642979017075574,-0.0371085124713343,1.3423984874264594,-0.7658053831628203,0.11644347608025031,-0.936971908942569,0.37160605784237927,1.4858844292720628,False,False,False,True,False,False,False,True,False,False,True,False,False,False,False,True,False,False,False,False,False,False,False,True,True,False,False
0.01616940386783992,-0.9700000684854614,0.3519717801854169,-1.4737849219911965,0.598505533009448,0.3568171300551471,-0.9390990340668193,0.09191230355975377,0.19545412542083065,False,False,False,True,False,False,False,True,False,False,False,False,True,False,False,False,False,True,False,False,False,False,False,True,False,False,True
0.5374897846163219,1.600336965238636,-1.5310269953801523,0.09640921948973089,1.7579890846180424,0.5439907489556222,-0.5422033358812384,-1.10659589759123,-1.0949761784304013,False,False,True,False,False,False,False,True,False,False,False,True,False,False,True,False,False,False,False,False,False,False,True,False,True,False,False
-1.287131548003365,1.2653050659888583,-0.637533973025883,-0.9883795858855229,0.880982915431058,0.6095145074747033,1.0172892570995145,-1.293058914041922,-1.5251196130474787,True,False,False,False,False,False,False,False,True,False,False,False,True,False,False,True,False,False,False,False,False,False,False,True,True,False,False
0.5374897846163219,-0.7223896667644529,0.7440777341312795,1.172929674885871,0.8301151333426368,-1.0831332056566902,0.6339307999678354,1.395125963831045,1.0557409946549854,False,True,False,False,False,True,False,False,False,False,True,False,False,False,False,False,False,False,False,False,True,True,False,False,False,False,True
0.5983012059435463,0.7730245619877314,0.6915115107292029,1.9421410922839784,0.37856814684363493,0.28941475797468524,0.8612329300773951,1.1021082796081358,-0.664832743813324,True,False,False,False,False,False,False,False,False,True,False,False,True,False,True,False,False,False,False,False,False,False,True,False,False,True,False
1.3194703557390448,1.1424174015347421,-1.3184569819386307,0.29818854446867815,0.6833794113489368,0.5174617481615709,0.8784702731037434,0.5003714987366538,1.0557409946549854,False,False,True,False,False,False,False,False,False,True,False,False,True,False,False,False,True,False,False,False,False,False,False,True,True,False,False
0.5374897846163219,-1.3658502766110499,-0.0371085124713343,-1.63227398961887,-0.3955634192218377,1.1728081286374266,-0.7682890476458074,-1.0015419519458868,-0.2346893091962467,True,False,False,False,False,True,False,False,False,False,False,False,True,False,False,False,True,False,False,False,False,False,False,True,False,True,False
-0.6615470911051866,1.0050704276164033,-0.5466075395622499,0.8268861774806222,-0.007348510867304241,-0.5035044114614537,-1.1519815112366392,-0.29723315924679267,1.4858844292720628,True,False,False,False,False,False,False,False,False,True,False,False,False,True,False,False,False,False,False,True,False,True,False,False,True,False,False
0.01616940386783992,-1.2334120013116376,-0.21268837893205375,1.3533201486369641,-0.5610495027908486,1.0690193223456506,-1.1161101080428224,-0.5019561760367713,-1.0949761784304013,False,False,True,False,False,False,True,False,False,False,False,True,False,False,False,False,True,False,False,False,False,True,False,False,False,False,True
1.3194703557390448,1.4401079453634942,-0.5602580591381465,0.12779621599788973,-0.5977868186888643,1.315559635088808,0.6891438053023667,-0.9983017149158172,1.4858844292720628,False,False,False,False,True,False,False,True,False,False,False,True,False,False,False,False,False,False,True,False,False,False,True,False,True,False,False
1.3194703557390448,0.3754183897688099,3.0866444828143207,-0.5762697721239283,-0.3602533842145476,0.6430219542025931,-0.5304912355902875,-1.6393680991207353,-1.0949761784304013,False,False,False,False,True,False,False,False,True,False,False,False,True,False,False,False,False,False,True,False,False,False,True,False,False,True,False
0.0858485932129866,-1.3121587821042249,0.544889963361884,-0.8555984532875741,0.959487455971461,0.11114342341793787,0.49756702056333046,-0.7927628102927644,-1.3721379015264912,False,True,False,False,False,False,False,True,False,False,False,False,False,True,False,False,False,False,False,True,False,False,True,False,False,True,False
1.3194703557390448,-1.6261332080338249,0.27664933951991905,1.0839462757971632,0.06849314735054002,0.5089730904786306,-0.3852920911977379,-1.6388940698976429,-1.0949761784304013,False,False,False,False,True,False,True,False,False,False,False,False,False,True,False,False,False,True,False,False,False,False,True,False,False,True,False
0.01616940386783992,1.0107006380552381,-0.17164106958999434,-1.225302715221246,-0.05256299673161342,0.26106302477522286,0.1345179092638678,-0.7366127539071199,0.19545412542083065,False,True,False,False,False,True,False,False,False,False,True,False,False,False,True,False,False,False,False,False,False,True,False,False,False,True,False
-1.287131548003365,-1.3401526045945231,0.09329872341214636,1.3413117293368266,-1.2675144538326562,0.5399757616204497,1.4537122979345145,-0.6422735995239306,-1.5251196130474787,False,True,False,False,False,False,False,True,False,False,False,True,False,False,False,False,False,False,False,True,False,False,True,False,False,False,True
-1.287131548003365,0.8634613776106427,1.08508718421704,-1.0190645087435082,-0.07829516290227323,-0.8754432489001757,0.715303309294203,-1.3554793272530525,1.4858844292720628,True,False,False,False,False,False,True,False,False,False,False,True,False,False,False,False,True,False,False,False,False,False,True,False,False,False,True
0.5374897846163219,0.6403713838447969,-1.231212895507944,-0.471079011543684,-0.32635473625295564,-0.5497710569557266,-0.6318381329353818,1.6612985260598458,-1.0949761784304013,True,False,False,False,False,False,False,False,False,True,False,True,False,False,False,False,True,False,False,False,False,False,True,False,False,True,False
-1.287131548003365,3.025914224237897,-1.0291742738682121,-0.16543767299683673,1.4866592899778235,0.9752877715053568,0.1776185264591131,-0.5607044750195882,-0.664832743813324,False,False,False,True,False,True,False,False,False,False,False,True,False,False,True,False,False,False,False,False,False,False,True,False,True,False,False
0.5374897846163219,0.010063083343626015,-1.7594629399362147,-1.3725104069522773,0.30696667070982886,1.6436302830041454,0.25570393144725206,0.6189309949767715,0.19545412542083065,False,False,False,True,False,False,False,False,False,True,True,False,False,False,False,False,False,False,False,False,True,False,False,True,True,False,False
-0.6615470911051866,-0.9672150222991762,-1.6815372066102143,-0.47929284832756797,0.043302712261779744,0.6230128474156532,1.4060849142208545,0.3155464231199978,-1.4870096541578828,False,False,False,True,False,False,False,False,False,True,False,False,False,True,True,False,False,False,False,False,False,False,False,True,True,False,False
0.01616940386783992,0.027465231288470955,0.5203854353450071,0.8618435493117125,-0.5797904875190231,0.5853021359341526,0.641453134380833,0.7358696687248711,0.8362388653623516,False,False,False,False,True,True,False,False,False,False,True,False,False,False,False,False,False,True,False,False,False,False,True,False,False,True,False
1.2953264119123051,-0.41248981306545424,-0.1353462686981868,0.48921011007709664,0.553293269117957,1.2033290888214978,-1.4207646519907373,1.524434325418798,0.625597560037908,False,False,False,False,True,False,False,True,False,False,False,True,False,False,False,True,False,False,False,False,False,True,False,False,False,False,True
0.5374897846163219,-1.4763813351788717,0.14444996493647813,-1.5689160558274067,-0.038228474408891426,-0.5394322185293071,0.004158985958761948,0.0320130786785429,1.4858844292720628,False,False,False,True,False,False,False,True,False,False,False,False,False,True,False,False,True,False,False,False,False,True,False,False,True,False,False
0.01616940386783992,0.8450689498558209,-1.685328993736,1.1832287725107116,-0.2960832025039183,-0.7341597163593321,-0.012933748273679779,0.19108474641285125,1.0557409946549854,False,False,True,False,False,False,False,True,False,False,True,False,False,False,False,True,False,False,False,False,False,True,False,False,False,False,True
-0.6615470911051866,1.0082701872581898,0.46437264693010194,-0.276994619592707,0.537952306431988,-1.2936143042713197,1.3048485228619549,-0.2645742975543786,-0.2346893091962467,False,False,True,False,False,True,False,False,False,False,False,False,True,False,False,False,False,False,False,False,True,True,False,False,True,False,False
0.5374897846163219,-0.08260274605101525,1.5625831215361308,-1.2253829015042808,0.8875469150208973,0.12055155828859247,0.49264382495758546,1.4817823787642155,1.4858844292720628,False,True,False,False,False,False,False,True,False,False,False,False,False,True,False,False,True,False,False,False,False,True,False,False,False,False,True
0.5374897846163219,0.23594986115761427,-1.7814602612432344,-0.8369340758117225,1.7171611083759977,1.7273348009876899,-0.9855617575599136,0.4493985998300445,-1.0949761784304013,False,True,False,False,False,False,False,False,False,True,False,True,False,False,False,False,False,False,True,False,False,True,False,False,False,False,True
-1.287131548003365,0.4963941354908646,-1.392768821745901,-0.7982245226878115,-0.9814650979865686,-3.139646919487664,0.6032946006294829,-0.49932231266814586,-0.2346893091962467,False,False,False,False,True,False,False,True,False,False,False,False,False,True,False,False,False,False,False,True,False,True,False,False,False,False,True
-1.287131548003365,-0.06591449952448172,-0.7113688468874254,1.294200653241196,1.3413190642771635,-1.315400959843597,0.27006039322098674,-1.5432166106931655,1.783063726924784,False,True,False,False,False,False,False,False,True,False,False,False,True,False,False,False,False,False,False,False,True,False,True,False,False,True,False
-1.287131548003365,0.8852619139516297,-0.0371085124713343,-0.6579260135195497,1.129562674899414,0.27036000911112257,-0.8100263083845269,1.1857172405536773,-0.664832743813324,False,True,False,False,False,False,False,True,False,False,True,False,False,False,False,False,True,False,False,False,False,False,True,False,True,False,False
0.5374897846163219,-1.3392600196773239,1.1321595778067395,0.25810318767877943,-0.10542280250746754,0.7890643159892784,-0.37834934959860833,0.6995994142559107,-1.0949761784304013,False,False,False,False,True,False,False,True,False,False,False,True,False,False,False,False,True,False,False,False,False,False,True,False,False,False,True
-0.6615470911051866,-1.2050468961592706,-0.5447404812039509,1.2973974365664445,-0.9624222581481973,1.0143302607949916,1.3977877586577416,0.16929399182279317,-0.2346893091962467,False,False,True,False,False,False,True,False,False,False,True,False,False,False,False,False,False,False,False,False,True,True,False,False,False,False,True
0.01616940386783992,0.18980344994985388,0.10730236288793164,1.2131683632443027,-1.7571047460843454,-0.31047273520473573,-0.9608640006070205,0.3923352080481581,-0.664832743813324,False,True,False,False,False,False,False,False,False,True,False,False,True,False,False,False,False,False,True,False,False,False,False,True,False,True,False
-2.5605420617785515,1.0976578653903057,-1.0721587935662233,-0.3077772222010486,-1.5320474363493852,0.07539975428066571,0.004158985958761948,1.22180228851159,-1.0949761784304013,False,False,False,False,True,True,False,False,False,False,False,True,False,False,False,False,False,False,True,False,False,False,True,False,False,False,True
1.3194703557390448,-0.5173528355119804,1.141074820338983,-0.41934377039578263,-0.31386059034065056,-1.063702033530231,1.1267498577972659,1.6413138029943692,1.0557409946549854,False,False,False,False,True,True,False,False,False,False,False,True,False,False,False,False,False,True,False,False,False,False,False,True,True,False,False
0.01616940386783992,-1.3033585580606097,-0.6207307498796022,0.6315815421468233,0.43964488115726835,0.5197201703586037,-0.7024054511292188,0.6211983057746149,0.19545412542083065,False,False,False,False,True,True,False,False,False,False,False,False,True,False,True,False,False,False,False,False,False,True,False,False,False,True,False
-0.6615470911051866,0.5361954646931958,0.5982421281346302,-0.7536710281700223,-0.6967629275696943,-0.6745481640862325,1.1653021422958894,-1.5355630793758648,0.625597560037908,False,True,False,False,False,False,False,False,False,True,True,False,False,False,False,False,True,False,False,False,False,True,False,False,False,False,True
0.5374897846163219,0.9989064427551928,-1.4618094454642823,-2.0053197229387068,-0.22656638078576516,0.8154542683198769,1.3422745474684747,-1.167073574472317,0.697201424032415,False,False,False,False,True,False,True,False,False,False,False,True,False,False,False,False,False,False,True,False,False,False,True,False,False,True,False
1.3194703557390448,-1.1477729507420762,-0.5379819188868612,-0.4245316121074183,0.5404845539454769,-0.8460293277250445,0.04559280877057278,0.9362019616703866,0.625597560037908,True,False,False,False,False,False,True,False,False,False,False,False,False,True,False,False,True,False,False,False,False,False,False,True,True,False,False
0.5374897846163219,-1.590984744197409,-0.8726184467923678,0.576344948710782,-1.535769825798329,0.9899484891430146,0.5954852064149327,-0.8911991070608042,1.4858844292720628,True,False,False,False,False,False,False,False,False,True,False,False,False,True,False,False,False,True,False,False,False,True,False,False,True,False,False
0.01616940386783992,0.0010731343054343988,0.4128290089220849,-0.9437133422017757,-1.4958407806196863,-0.8452644332666899,0.13597374568057122,0.9765543382678562,1.0557409946549854,False,False,False,False,True,True,False,False,False,False,True,False,False,False,False,True,False,False,False,False,False,False,True,False,False,True,False
0.5374897846163219,-0.9966644185509956,-1.4829206279720502,0.7130299349698365,-0.07247833137016671,0.9922442789197896,-1.171128043805346,1.4842971134171827,0.19545412542083065,False,False,False,True,False,True,False,False,False,False,True,False,False,False,False,False,True,False,False,False,False,False,True,False,False,False,True
0.01616940386783992,0.30410350455173096,0.04125818322833517,-0.5977284579356449,0.2459037979879126,-0.47551293263920924,-0.034887759922244826,0.1035256946093119,1.0557409946549854,False,True,False,False,False,False,False,True,False,False,False,False,True,False,False,True,False,False,False,False,False,False,True,False,True,False,False
0.5374897846163219,-1.5989465546698975,0.23475266198887323,-1.6136595064942856,0.14942303422876518,-0.08709542989709915,0.3799729820225358,0.9915080950455033,-1.5251196130474787,True,False,False,False,False,False,False,False,False,True,False,True,False,False,False,False,False,True,False,False,False,True,False,False,False,False,True
-1.287131548003365,0.037278167942873676,-0.20456719416377034,0.6547528528842573,1.0596363681615972,-3.139646919487664,-1.5404655144842654,0.01986653998157051,-0.2346893091962467,False,False,False,False,True,False,False,True,False,False,False,False,True,False,True,False,False,False,False,False,False,False,False,True,True,False,False
-0.6615470911051866,0.5614044648010338,0.3409508489786419,0.07300817817924493,-0.5623048366671666,0.1640903918007104,-0.5187583657819521,-0.7575680424316501,1.0557409946549854,False,False,True,False,False,False,False,False,False,True,False,False,False,True,False,False,False,False,False,False,True,False,False,True,False,True,False
-1.287131548003365,1.2348064050869914,0.3138194370609983,0.138832411760188,1.7730360245241295,-0.4462582926248034,-0.1576828618259391,-1.4812281035929178,-1.5251196130474787,False,True,False,False,False,False,False,True,False,False,False,False,False,True,False,False,False,False,False,True,False,False,False,True,False,False,True
-0.6615470911051866,1.5567567307963759,0.4686297523761507,-1.1458621844947772,-0.14244647427001506,0.26028119031152214,-0.9542133715148692,-1.0969348665881078,0.625597560037908,False,False,True,False,False,False,True,False,False,False,False,False,False,True,False,False,False,True,False,False,False,False,False,True,False,False,True
1.3194703557390448,-0.6270357696547488,-1.1504874329121488,0.220444531863993,0.7617200634472379,-1.3974213173069063,-1.597590652443522,-0.27055337621838094,-0.2346893091962467,False,False,False,True,False,False,False,False,True,False,True,False,False,False,False,False,False,True,False,False,False,False,True,False,False,False,True
-0.6615470911051866,-0.7527983887561599,1.473529494361542,1.4064381044038419,1.6315750820644517,0.13717561919311028,-1.0260534898731128,1.0081692676619334,-0.664832743813324,False,False,False,True,False,True,False,False,False,False,False,True,False,False,True,False,False,False,False,False,False,False,True,False,False,True,False
1.3194703557390448,0.429318048478027,0.6054608231656501,0.6056890072860392,-1.4065718164098553,1.453618112485286,-0.2293976318504282,-1.3843373861857748,-1.0949761784304013,False,True,False,False,False,False,False,True,False,False,False,False,False,True,False,False,False,False,False,True,False,False,True,False,True,False,False
-1.287131548003365,1.3988431538911512,0.18563794835203473,-0.9420513142245461,-0.17675019803699715,1.4399251662317802,1.304582887489804,-0.2609533252888724,1.0557409946549854,False,False,False,True,False,False,False,True,False,False,False,False,False,True,False,True,False,False,False,False,False,False,False,True,False,True,False
-1.287131548003365,-1.5491484067728774,-0.6967238311956496,-0.33183132552481054,1.0384153926352788,-0.4632042111756138,-0.941878625001536,-0.8161454881966729,-1.5251196130474787,False,False,False,False,True,False,False,True,False,False,False,False,False,True,False,False,False,False,False,True,False,False,True,False,False,False,True
1.3194703557390448,1.401934885796981,0.9379925173119434,0.18693932757144974,0.8126950623900331,-0.5076572599921191,-0.21815229419190382,-0.9369531436845088,-0.664832743813324,False,False,False,False,True,True,False,False,False,False,False,False,False,True,False,True,False,False,False,False,False,False,True,False,False,True,False
-3.2340573056591153,-1.4966390799160616,-1.2897092215952246,-0.48798946289080425,-1.4380311615579142,1.2278959629401383,1.6387904852590178,2.1566133926626745,-1.5251196130474787,False,False,False,True,False,False,False,False,False,True,False,True,False,False,False,False,True,False,False,False,False,True,False,False,True,False,False
0.5374897846163219,-0.41815398904863377,0.171265673184511,-1.3078782868322338,0.8732211425125715,-0.5585172823109339,0.5383613139683591,0.8755741176130454,-0.664832743813324,False,False,False,True,False,True,False,False,False,False,False,False,False,True,True,False,False,False,False,False,False,False,True,False,False,True,False
-1.287131548003365,-0.3805080545310044,-1.0374553239767903,-1.5813295108001266,0.5917092417544159,-1.5034842501834587,-0.019825687436937824,0.5921135478122004,-0.2346893091962467,False,False,True,False,False,False,False,False,False,True,True,False,False,False,False,False,False,False,True,False,False,True,False,False,False,False,True
0.01616940386783992,0.31734955254059005,-0.44034278898269064,1.5067710979930893,-1.0108987562277838,-0.845549755350859,1.7508530728720098,1.3459009470842216,0.19545412542083065,False,True,False,False,False,False,True,False,False,False,False,True,False,False,False,False,False,False,False,True,False,True,False,False,False,False,True
-1.287131548003365,1.0423664467419447,-0.8959406142347058,0.8040741799444269,0.6771967225094503,0.782738070188143,0.26657073470094594,-1.435118241712206,1.4858844292720628,False,False,True,False,False,False,False,False,True,False,False,True,False,False,False,False,False,True,False,False,False,False,False,True,False,False,True
1.3194703557390448,0.20535800658589423,1.6619871812018154,-0.8687498498687498,-0.8795319078078516,-0.42312692166079946,-1.3968372425410196,-0.597926558670808,-1.5251196130474787,False,True,False,False,False,False,False,True,False,False,True,False,False,False,False,False,False,False,False,True,False,True,False,False,True,False,False
1.3194703557390448,-0.6918483927234351,1.1407359797722387,-1.538958812195382,-0.8196638388378445,0.08172251608063011,0.050027661188089836,-0.5100956307216143,-1.0949761784304013,True,False,False,False,False,False,False,False,True,False,False,False,True,False,False,False,True,False,False,False,False,False,False,True,False,True,False
0.5374897846163219,-1.324052660837693,0.15582738822409678,0.9223520849451208,-1.2193358394098954,-0.44237730218744475,-0.7758638697465545,-1.4755777378878845,0.625597560037908,False,False,True,False,False,False,False,False,False,True,False,False,True,False,False,False,False,False,False,False,True,False,True,False,False,False,True
0.01616940386783992,-1.478049271686246,0.295647977353915,0.06136852454188974,-0.65734739457245,-0.9066876411442365,-0.48842725664499714,-1.592846877175726,1.0557409946549854,False,False,True,False,False,True,False,False,False,False,False,True,False,False,False,False,False,True,False,False,False,False,True,False,True,False,False
1.3194703557390448,0.14144835525958774,1.3575284581165539,1.4218280564421972,0.37197722112633536,-0.17308573058082155,0.9754490102826193,0.19163096745900512,-0.664832743813324,False,False,True,False,False,True,False,False,False,False,False,False,True,False,False,False,False,True,False,False,False,True,False,False,True,False,False
-0.6615470911051866,-0.33130865188909836,-1.604491326453174,1.3324838528351184,0.4712537256461559,1.245744509025643,0.1807293033378387,1.4913551970181136,1.4858844292720628,False,False,False,False,True,False,False,False,True,False,False,False,False,True,False,False,False,True,False,False,False,False,True,False,True,False,False
1.3194703557390448,0.6361207755092986,-0.2781339292808748,-1.4830391735447699,-1.118856870842741,-0.840833258293473,-1.5507128810521744,-0.26973663362004746,1.0557409946549854,False,False,False,True,False,False,False,True,False,False,True,False,False,False,False,False,False,True,False,False,False,False,True,False,False,False,True
-1.287131548003365,-0.45207602992249424,0.5225504206620409,-0.8466036584489617,0.14174969749987357,-0.08352609899028918,1.2104856218054492,-0.17522627174222713,-1.1748475805851997,False,False,True,False,False,True,False,False,False,False,False,False,True,False,True,False,False,False,False,False,False,False,True,False,True,False,False
-1.287131548003365,0.03645025866975475,0.9854634010705374,1.0932709176768842,0.6636692323234833,-0.07133164250655594,-0.5306513610856897,0.2556179873602869,-0.2346893091962467,False,False,True,False,False,False,True,False,False,False,False,True,False,False,False,True,False,False,False,False,False,True,False,False,False,True,False
-1.287131548003365,0.6737545879566057,0.6839507703813484,-1.074335909734382,1.6767390937681712,0.13027193702509068,0.8063082115993895,-1.5230754592182119,-0.664832743813324,False,True,False,False,False,False,False,False,False,True,False,False,False,True,False,False,True,False,False,False,False,False,False,True,True,False,False
-1.287131548003365,0.7725262493483812,1.631484335715569,0.9522985708960927,-0.9832743632117036,0.9254228353434523,0.824697984835986,1.1211666397629387,-0.2346893091962467,False,True,False,False,False,False,False,False,False,True,True,False,False,False,False,False,False,False,True,False,False,True,False,False,False,True,False
1.3194703557390448,-1.566265313698489,-0.0371085124713343,-0.11826486224297139,0.358490282105641,2.767506848443983,-0.500060801456705,-0.738163248046824,-1.5251196130474787,False,False,True,False,False,False,False,False,False,True,False,True,False,False,True,False,False,False,False,False,False,False,True,False,False,True,False
0.01616940386783992,-1.2307869076247295,0.6320637842581394,-1.2302478327878392,1.3826514228547093,-1.3588281701907918,-0.7890694700381425,-0.9341649947733355,1.4858844292720628,False,True,False,False,False,False,False,False,True,False,True,False,False,False,False,False,False,False,False,False,True,False,True,False,False,True,False
-1.287131548003365,-0.23085486750616555,0.4452755139779888,-1.610817144964393,1.0588345089152142,0.7357905163930932,0.34945830590929383,0.12908751829179652,1.4858844292720628,False,True,False,False,False,False,True,False,False,False,False,False,False,True,False,False,False,True,False,False,False,False,True,False,True,False,False
-0.6615470911051866,-0.2998914733797481,1.1688856144582145,1.40513758078653,-0.6292087672799223,1.5206070572036263,-1.2074529470305944,-0.9417502707269038,-0.2346893091962467,False,False,False,True,False,False,True,False,False,False,False,False,False,True,False,False,False,False,False,True,False,True,False,False,True,False,False
0.5374897846163219,-0.11563264712698819,-0.5997798543424788,-0.7576841876141839,1.504162254606262,0.5427424838725541,0.23161084600479134,-0.05120583288208668,-0.664832743813324,False,False,False,True,False,False,False,False,True,False,False,False,False,True,True,False,False,False,False,False,False,False,False,True,False,False,True
-0.6615470911051866,1.4425030338693645,-0.5001561917819939,-0.9403743694704785,0.06280694847361987,-0.3882147367165746,-0.2682702400189709,1.1283411177760667,-1.443372175672438,False,False,True,False,False,False,False,False,False,True,False,True,False,False,False,False,False,False,False,False,True,False,False,True,False,False,True
0.5374897846163219,1.57672167955652,0.4694658046955687,-0.12876786925758876,-0.2158836710371881,-1.507929693845855,0.3422987263258669,-0.46599122630538503,0.19545412542083065,True,False,False,False,False,False,False,True,False,False,True,False,False,False,False,False,True,False,False,False,False,False,False,True,False,False,True
0.5374897846163219,0.7414432793816816,-0.8378506974533071,0.8656540743669311,1.7252914634051313,1.1991441395523983,-0.14835730719803747,-0.8419999855046509,0.625597560037908,True,False,False,False,False,False,False,True,False,False,False,False,True,False,False,False,False,False,False,True,False,False,False,True,True,False,False
1.3194703557390448,1.5984022286828938,-1.4077321149922835,0.1945273864561303,-1.1389556657956277,-0.04165812645043137,0.40599166453536834,0.6504012539743859,0.625597560037908,False,False,False,True,False,False,False,True,False,False,False,True,False,False,False,True,False,False,False,False,False,True,False,False,True,False,False
-1.287131548003365,1.4398942055069879,1.3643316206723728,1.2306895537902107,-1.5847411977444086,-0.30792072572297813,1.1453443365309741,0.8585045752632836,-1.5251196130474787,False,False,True,False,False,False,False,False,True,False,False,False,False,True,False,False,False,False,False,False,True,False,True,False,True,False,False
-0.6615470911051866,0.4563603686906576,-0.9841060614918454,0.3132435958499599,-1.5426413647186918,-0.9491263388339536,1.2106232860809505,1.4648608118212725,-0.664832743813324,False,False,True,False,False,False,False,False,True,False,False,False,True,False,False,False,False,False,False,True,False,False,False,True,True,False,False
0.5374897846163219,1.1263239496121082,0.8103144703957672,1.2188489274947412,0.7991387961826237,0.09446505175124077,-1.385464597499828,-0.39471126374208043,1.4858844292720628,False,False,False,True,False,True,False,False,False,False,False,True,False,False,False,False,False,False,False,True,False,False,True,False,False,True,False
-0.6615470911051866,-1.249968757187624,1.0448682147688275,-1.4762300139661622,1.743994455612051,-0.6900671479064555,0.4697294407310187,-0.3229184739857028,0.19545412542083065,False,False,False,True,False,False,True,False,False,False,False,False,True,False,False,False,True,False,False,False,False,False,False,True,True,False,False
0.01616940386783992,-0.963439637538376,1.3524427813942803,-0.026540030245314566,1.2218323035860774,0.7416214317857642,1.612080560287922,0.03102805321003494,-0.1379350103615676,False,True,False,False,False,False,False,False,True,False,False,False,False,True,False,False,True,False,False,False,False,True,False,False,False,False,True
1.3194703557390448,0.8063351411267112,1.0647064775872392,1.333909659756961,-0.1845882161710663,1.3149217847644403,-0.267464143402928,-1.515962590457811,0.625597560037908,False,True,False,False,False,False,False,False,False,True,False,True,False,False,False,False,False,False,False,False,True,False,True,False,False,False,True
-0.6896522304953956,-1.2237271836952734,1.6372059509532995,-0.7250559008921837,0.23958060220655186,0.07584658598328513,-1.5761970816536544,0.32641644610914144,-1.0949761784304013,False,False,False,False,True,False,False,True,False,False,False,True,False,False,False,False,False,True,False,False,False,True,False,False,False,True,False
-1.287131548003365,3.025914224237897,0.8056452291245614,0.6787852151135706,0.9117440047224273,-1.4081901477857843,1.7672595755160554,-1.125530582379919,-1.5251196130474787,False,False,False,True,False,False,False,False,True,False,False,True,False,False,False,False,False,False,True,False,False,False,True,False,False,True,False
0.01616940386783992,1.4910438998669124,-0.33055384386136255,1.4426806103815082,0.654687419794702,-0.40698162507420516,-0.9338428459169988,1.3082208096469423,-1.5251196130474787,False,False,True,False,False,False,False,False,False,True,False,False,True,False,False,False,False,False,False,True,False,False,False,True,True,False,False
-1.287131548003365,-0.20030669483528143,-1.218005253979843,1.1527693065477214,-0.30059313610302063,-0.22835376214383732,0.004158985958761948,-0.673853685165859,-1.0949761784304013,False,False,False,False,True,False,True,False,False,False,True,False,False,False,False,False,False,True,False,False,False,False,True,False,False,True,False
-1.287131548003365,0.13232145136854354,1.4291928213464613,0.959933407811571,-0.06254237664884303,0.08686540073580348,-0.13914721661303123,0.6689023383450774,-1.5251196130474787,True,False,False,False,False,False,False,False,True,False,False,False,True,False,True,False,False,False,False,False,False,True,False,False,False,False,True
0.5374897846163219,1.3080839872570178,0.5775332820870127,-0.5295316195230204,-0.12909328173932502,0.17431367367955228,-1.480727139142314,1.5968134198358275,1.0557409946549854,True,False,False,False,False,False,True,False,False,False,False,False,False,True,False,False,False,False,False,True,False,True,False,False,False,True,False
-0.5026956149266857,-1.520983314028154,1.1644624889774757,-1.2366037097259923,1.079328287610861,-0.11218584113017334,1.1808646997476577,1.079198665893693,-1.5251196130474787,False,False,True,False,False,False,False,True,False,False,False,False,True,False,False,True,False,False,False,False,False,False,True,False,False,False,True
0.01616940386783992,-1.414776239638629,1.3880205746236796,0.5670595860361237,1.4990086013293944,-0.8451198723846468,1.1024078999674696,0.7207151760126109,-1.0949761784304013,False,False,False,False,True,False,True,False,False,False,False,False,True,False,False,True,False,False,False,False,False,False,False,True,True,False,False
-1.287131548003365,-1.00118871342823,-0.02236390451634671,-0.5506262762464744,-0.8559084334142657,-0.33637041404907764,0.13344139964655785,1.4974049069348558,1.0557409946549854,False,False,False,True,False,True,False,False,False,False,False,True,False,False,True,False,False,False,False,False,False,False,False,True,False,False,True
0.5374897846163219,-1.1719010176173805,1.5713423391748387,0.1204087662557987,-1.511060988534586,1.1156714592386658,-0.14361777554855754,-0.9082237651087797,-1.0949761784304013,False,False,False,True,False,False,False,False,True,False,False,False,True,False,False,False,False,False,False,True,False,True,False,False,False,False,True
-0.6615470911051866,-0.6032838771226215,1.0848116040954585,-0.3298690302897294,-1.424738983480478,-0.7768144515340724,-1.5818972055205958,0.3218315091958085,-1.5251196130474787,False,True,False,False,False,False,False,False,False,True,False,True,False,False,False,False,True,False,False,False,False,False,True,False,False,True,False
0.5374897846163219,0.2393912026210064,1.6548552932269587,-1.3921357497818114,-1.3211899846124109,1.2015392195576073,0.2149191755261524,0.2412784543486364,0.625597560037908,True,False,False,False,False,True,False,False,False,False,False,True,False,False,False,False,True,False,False,False,False,False,False,True,True,False,False
-1.287131548003365,-1.0250759781966567,-0.8892458376770103,1.3298017526981947,1.1584856072161058,-0.18353658887141241,-0.09874508045244237,-1.3692643508983233,-1.5251196130474787,False,False,False,True,False,False,False,False,False,True,False,True,False,False,False,False,True,False,False,False,False,True,False,False,False,False,True
0.5374897846163219,-0.5374859919849214,-1.2598408946640447,0.010032227204974152,-1.409691545998657,-0.49447940290758896,-1.8116620187390606,0.6846837012448245,1.4858844292720628,True,False,False,False,False,False,False,True,False,False,False,False,False,True,False,False,False,False,True,False,False,False,False,True,True,False,False
0.5374897846163219,-0.37230305706477324,-1.0188497746120528,1.653026145559474,-0.6138871564553019,-1.3607874813579912,-0.9298943957193178,-0.06895676609184,1.0557409946549854,False,False,False,True,False,True,False,False,False,False,False,False,False,True,False,False,False,False,True,False,False,False,False,True,True,False,False
0.5374897846163219,0.9586235721981857,-1.1345966700165457,1.058222415513839,-0.1001457013506045,0.7540417391864407,0.7877101812343944,-1.6251118586844628,-1.0949761784304013,False,False,True,False,False,False,True,False,False,False,False,True,False,False,False,True,False,False,False,False,False,False,False,True,False,True,False
1.3194703557390448,1.4682477176710758,-0.8897257912330393,0.7810271559845695,0.5066127916784053,0.3821839947484137,-0.15027397838991535,0.2567651182070688,-0.2346893091962467,False,True,False,False,False,False,False,True,False,False,True,False,False,False,False,False,False,False,False,True,False,False,False,True,False,True,False
0.01616940386783992,-0.8343091907371617,0.035418766144371255,2.1001178911575566,-0.43189023575001156,0.008198525086818979,1.7559556395323948,-0.6026163306097324,1.0557409946549854,False,False,False,True,False,False,True,False,False,False,False,True,False,False,False,False,True,False,False,False,False,False,False,True,False,False,True
-1.287131548003365,-1.1742175691918535,0.8679103965649515,-0.5201271339732292,-0.18545496812725867,-0.0703835762640796,-0.9367747200073506,1.3514521834456397,1.0557409946549854,True,False,False,False,False,False,False,True,False,False,False,True,False,False,False,True,False,False,False,False,False,False,False,True,False,True,False
-3.2340573056591153,-0.44523530016399265,-0.37630428141730204,1.1254322262522274,0.43224932312033876,-0.35719063995637496,1.6653619987610615,0.21706178222693934,-0.664832743813324,False,False,False,True,False,True,False,False,False,False,True,False,False,False,False,False,False,False,False,True,False,False,False,True,False,True,False
0.5374897846163219,-0.7876392506418978,-0.6872886098672626,0.5108999974074904,0.26686277007419806,-1.0643153770503617,-0.9433822068887272,1.1933768730530616,-0.664832743813324,False,True,False,False,False,True,False,False,False,False,False,False,True,False,False,True,False,False,False,False,False,True,False,False,False,True,False
0.01616940386783992,-1.5995349496049371,0.8687171874355749,-1.4848342906106977,-1.0909356437382325,-0.12591409529630723,0.004158985958761948,0.6540714202984934,1.0557409946549854,False,False,False,False,True,False,False,False,True,False,False,False,True,False,True,False,False,False,False,False,False,False,True,False,True,False,False
0.8653404934126213,-0.23789164513075178,1.0649251561839377,-1.056089729347957,1.1755427955631927,0.06994164236151058,1.5809842917848873,0.21835404473993247,-0.2346893091962467,False,True,False,False,False,False,False,False,False,True,False,False,True,False,False,False,False,False,False,False,True,False,True,False,True,False,False
0.5374897846163219,0.8171597440011928,1.5951348340593128,0.38148281289080943,0.2259274042051039,0.6802004113697867,1.5513161157874171,0.09739318412024987,0.19545412542083065,False,False,False,False,True,False,False,False,False,True,True,False,False,False,False,False,False,False,False,True,False,True,False,False,True,False,False
1.3194703557390448,0.5738008516786249,-0.8515592714292419,1.0978519899978778,-0.061682223717645104,-0.5423033570681551,1.5427606354778027,0.22164328222566604,1.4858844292720628,False,False,True,False,False,False,True,False,False,False,False,False,True,False,False,False,False,False,True,False,False,True,False,False,True,False,False
0.01616940386783992,1.4692514319461818,-0.017902405094992403,0.3552178670001538,0.788220050109346,0.39094222953591984,1.1029212348166073,-1.3722331941759323,-1.0949761784304013,False,True,False,False,False,False,False,False,True,False,True,False,False,False,False,False,False,False,False,True,False,False,False,True,False,True,False
-0.6615470911051866,-0.22645893963388292,0.9115152581165472,1.1638735098334267,0.43777901557845045,-0.48941456513077,-0.7979514544792714,-1.048863123614167,-1.0949761784304013,True,False,False,False,False,True,False,False,False,False,False,True,False,False,True,False,False,False,False,False,False,True,False,False,False,True,False
0.5374897846163219,-1.3235370857151232,-0.0392022401270566,-1.088261040288037,-0.966673484779326,1.0069519268587412,-0.07333228071580715,0.8586017946279241,0.625597560037908,True,False,False,False,False,False,False,True,False,False,False,False,True,False,False,False,False,True,False,False,False,False,True,False,False,False,True
-0.8507965802370941,-1.2417701287519771,1.1522654393346807,0.19608810472406168,0.41626963116560856,0.756394865343816,0.5349312407496829,1.367624255302166,-0.2346893091962467,False,True,False,False,False,False,False,False,False,True,False,True,False,False,False,False,False,True,False,False,False,False,True,False,True,False,False
-1.287131548003365,0.5762260783994856,1.379391242144525,0.4297870748004289,0.7431193142996493,0.5692680757284031,-0.7832352956250195,-0.730620188879132,1.0557409946549854,False,False,False,False,True,False,False,False,False,True,False,False,True,False,False,False,True,False,False,False,False,False,False,True,False,True,False
1.3194703557390448,0.9014187473947681,1.3314206006576523,1.3707633387368467,1.463106559259207,1.0493525792404093,-0.8483190500133795,0.28879447885345516,1.0557409946549854,False,False,False,True,False,False,True,False,False,False,False,False,False,True,False,False,True,False,False,False,False,False,False,True,False,False,True
0.01616940386783992,1.404103898172504,-0.6215485163787051,-0.7523488242999041,1.7878889614868805,1.2337925445202298,-1.6169785679417152,-0.5597854024859604,-0.664832743813324,True,False,False,False,False,False,True,False,False,False,False,False,False,True,False,True,False,False,False,False,False,False,False,True,False,False,True
1.3489327806821834,0.6189171916928705,-0.004790913495445965,0.2500828526692507,1.4116234184049623,-1.507340412323959,-0.059861873759790435,-0.4239688495235659,-1.0949761784304013,False,False,False,False,True,False,False,True,False,False,False,False,False,True,False,True,False,False,False,False,False,False,True,False,False,False,True
-1.287131548003365,-0.7160785591149237,1.2659081250885142,0.08224686889271655,0.5369119313602221,-1.226174114872708,-0.3510587719286987,1.5792223686649696,0.625597560037908,False,False,False,False,True,False,False,True,False,False,False,False,False,True,True,False,False,False,False,False,False,False,False,True,False,True,False
-1.287131548003365,1.1248931933858966,-0.3801124516530167,0.9399255028599226,-0.744276620502825,1.656124249217326,-1.6430949837532005,1.5547572433738372,-1.0949761784304013,False,False,False,False,True,False,True,False,False,False,False,False,False,True,False,False,True,False,False,False,False,True,False,False,False,True,False
1.3194703557390448,-0.19741207053118287,-1.5615306748630717,0.6742447070664405,0.5171566513990482,0.5736996150747726,1.4512974363032283,-1.024726904167886,0.19545412542083065,True,False,False,False,False,False,False,True,False,False,False,True,False,False,False,False,False,False,False,True,False,False,False,True,False,True,False
-0.6615470911051866,3.025914224237897,-1.3337682745455934,1.3815827364144648,-0.480209969822977,1.2371516089206003,0.9163964242033924,-1.0433929696091417,-0.664832743813324,False,False,False,False,True,False,False,False,False,True,True,False,False,False,False,False,False,True,False,False,False,True,False,False,False,True,False
0.5374897846163219,-0.22975603836483097,-0.09338550387803692,1.3769283659410176,0.3901430114422055,-0.19933558865833687,0.9460382876929496,0.6889540274340382,-1.0949761784304013,False,False,False,True,False,False,False,False,True,False,True,False,False,False,False,False,False,True,False,False,False,False,True,False,True,False,False
0.7392003209200184,0.18772242459418545,1.0832920632011886,1.3633869336249957,-0.703586034077487,1.4054547721683108,-0.6675685810420005,-0.8249972060104441,-0.664832743813324,False,False,False,False,True,False,True,False,False,False,False,False,True,False,False,False,False,True,False,False,False,True,False,False,False,True,False
-0.6615470911051866,0.30284980682704304,1.3144138344838,1.2858227246274083,1.1337214951854802,-0.9308249507386938,1.6936005443510573,0.602340786163842,-0.2346893091962467,False,False,False,False,True,False,False,False,True,False,False,False,True,False,False,False,False,False,True,False,False,False,False,True,False,True,False
0.5374897846163219,-0.23037125341555395,0.5752706207859934,-0.4025128324344457,0.6219758758312474,0.7686549029488671,0.30412153975341305,1.0937392758295532,-1.5251196130474787,False,False,True,False,False,False,False,True,False,False,False,False,False,True,False,False,False,False,True,False,False,True,False,False,False,False,True
-3.2340573056591153,0.4783543378124325,-0.6895040653358195,-1.4156977510583357,-1.1313560318988156,-1.2362593126616623,-0.1955445024760843,-1.6486888925372305,-0.6383856073918345,False,False,False,False,True,True,False,False,False,False,True,False,False,False,False,False,False,False,False,True,False,False,True,False,False,False,True
-0.6615470911051866,0.6625860890822979,-0.26631252917375986,-1.3075329969432241,-1.4562194125287313,0.16054186130272252,0.7557268673855919,-0.007866203389950218,1.5706405558029826,False,False,False,False,True,False,False,False,False,True,False,False,False,True,False,False,False,True,False,False,False,True,False,False,True,False,False
0.5374897846163219,0.37581556778224356,-1.438586022215155,0.7654074552839891,-0.2566555270839561,1.4904766796385327,-1.3494010551907791,-1.434606048317459,0.19545412542083065,False,False,False,True,False,False,False,False,True,False,True,False,False,False,False,False,True,False,False,False,False,False,False,True,True,False,False
-1.287131548003365,1.318973937029725,-0.5667461398391666,-1.4346356633316517,-1.2760481805477533,-1.159069608536728,-1.0672399642298191,0.6890670789419207,1.4858844292720628,False,False,False,True,False,False,True,False,False,False,False,False,True,False,False,False,False,False,False,False,True,False,True,False,True,False,False
1.3194703557390448,-0.3379556569118845,0.5187226973487802,-0.45552662105805525,1.2956809371797589,1.3991535846489158,0.22361858302304585,-0.3183385296134019,-0.2346893091962467,False,False,False,False,True,True,False,False,False,False,True,False,False,False,False,False,False,False,False,False,True,False,True,False,True,False,False
-1.287131548003365,0.23459996929864876,0.28838075622374587,-1.3966878871210138,3.0279157092480617,-1.5114162205005182,1.3383806672284082,0.5710115404101885,-1.5251196130474787,False,False,True,False,False,False,True,False,False,False,False,False,False,True,False,False,False,False,True,False,False,True,False,False,True,False,False
0.5374897846163219,0.052850432897234165,1.418135365995734,1.4719826384679413,-0.572297764069081,-1.2727414214602115,1.618221336399815,-1.528099689373913,1.4858844292720628,False,False,False,True,False,False,False,True,False,False,False,False,True,False,False,False,True,False,False,False,False,True,False,False,False,False,True
0.01616940386783992,-1.5995232799050938,1.19395223215124,1.0577196606235564,1.3307372166369693,0.08428748904603332,0.6567158916066371,-0.07306235801372978,-0.664832743813324,False,False,False,True,False,False,False,False,False,True,False,False,False,True,True,False,False,False,False,False,False,False,False,True,False,True,False
0.01616940386783992,-1.1638780415510919,1.614038332205087,0.8380129806667164,-1.3135865849513133,1.5188157117616188,-1.3271904051230796,-0.2831550761157986,0.19545412542083065,False,False,False,True,False,False,False,False,True,False,True,False,False,False,False,False,True,False,False,False,False,False,True,False,False,True,False
-1.287131548003365,1.0193881703000862,-1.5693716798429016,0.6575922209127298,-1.3003268897093094,-1.2589049812756845,0.054581337789433804,-0.6732755348903284,-0.2346893091962467,False,False,True,False,False,False,False,True,False,False,False,True,False,False,False,False,False,False,False,False,True,False,True,False,False,False,True
0.01616940386783992,-0.6137128095338639,1.1593311825430552,1.0175190615768437,-0.24544070057601766,-1.1144790105305014,0.8521668358828334,0.3534572148072161,1.4858844292720628,False,True,False,False,False,True,False,False,False,False,False,False,False,True,False,False,False,True,False,False,False,False,False,True,False,True,False
0.01616940386783992,-0.4141033798546311,-0.217720407894341,0.8474793413827508,-0.2296133584739878,0.04478831207004562,1.1494245991672771,0.14024443454430602,0.625597560037908,False,False,True,False,False,True,False,False,False,False,False,False,False,True,False,False,False,False,False,True,False,False,False,True,False,True,False
-1.287131548003365,-0.6657459889419449,1.488287382621781,-1.2282788217817393,2.144309314816835,1.2011516552959325,0.12921375284705733,-0.6466246197035898,-1.5251196130474787,False,False,False,True,False,False,False,False,False,True,False,False,False,True,False,False,False,True,False,False,False,False,True,False,False,False,True
0.5374897846163219,0.8930017091362271,1.7553356461140985,-0.3101161892414062,-1.562591080146119,0.831889016209672,1.3021887844526001,-0.46484051281802435,0.625597560037908,False,True,False,False,False,False,False,True,False,False,False,True,False,False,False,False,False,False,False,True,False,False,False,True,False,True,False
0.01616940386783992,0.08239334198805724,-0.849459267844735,1.4460647913710654,0.5367193193376185,-0.12039871108214437,1.6439381783364264,2.990547998504868,1.0557409946549854,False,True,False,False,False,False,True,False,False,False,True,False,False,False,False,False,False,False,False,True,False,True,False,False,False,False,True
1.3194703557390448,-0.6435372009865806,-0.7430753481871412,0.09772806000594941,-0.3041201736505808,0.4980557277467893,0.004158985958761948,-1.4548164872478733,-0.2346893091962467,False,True,False,False,False,False,False,True,False,False,False,False,False,True,True,False,False,False,False,False,False,False,True,False,False,True,False
0.01616940386783992,-2.0388765490883083,1.357755561610495,0.4636279673536314,-0.871366912168872,-0.8387358637852695,-1.1464553052190902,-0.34591352667958347,-0.15895742743966762,False,False,False,False,True,True,False,False,False,False,False,False,True,False,False,False,False,True,False,False,False,False,False,True,True,False,False
-1.287131548003365,0.9477577201245404,0.15682637185451634,-1.4071943999412149,1.1761301696122382,-1.1770264247490043,0.8098022664770897,-0.5390445156168608,0.19545412542083065,False,True,False,False,False,False,True,False,False,False,True,False,False,False,False,True,False,False,False,False,False,True,False,False,False,False,True
1.3194703557390448,1.3743839151968666,-1.424674166105763,-1.455477173886406,1.4543288620860342,-1.0211987383030718,-1.0389776897949792,-1.5137925151257545,-1.5251196130474787,False,False,False,True,False,False,False,True,False,False,False,False,True,False,False,True,False,False,False,False,False,False,True,False,True,False,False
-0.6615470911051866,-0.5844823264374864,-1.4928020580782004,-0.4454698849440192,1.1969676264240192,0.10542843145413501,-1.5949094574913774,0.8544646204668765,-1.5251196130474787,False,False,True,False,False,True,False,False,False,False,False,False,True,False,False,False,False,False,False,False,True,False,False,True,False,True,False
1.1625131247513192,-0.4830989223661298,0.9533275001821873,-0.3830653860336758,-1.3455442754756888,3.161041832683278,0.8842011888806512,-1.5297753314276494,-1.5251196130474787,False,False,False,False,True,True,False,False,False,False,False,False,True,False,False,False,False,False,False,True,False,True,False,False,True,False,False
1.3194703557390448,0.23929904904230878,1.6854897390253325,1.4807366959395036,-0.18055644734293214,-1.0152134040520293,1.4039700542015323,0.2758767622985194,-0.6615461946699646,True,False,False,False,False,True,False,False,False,False,False,True,False,False,False,False,False,False,False,True,False,False,False,True,True,False,False
0.01616940386783992,-1.1562575712140752,0.6458905996286933,-1.6767161149846888,-0.968383964926225,-0.6950538476914135,-1.0720470909471802,-1.6299207763645638,-1.5251196130474787,False,False,False,False,True,False,False,False,True,False,False,True,False,False,False,False,False,True,False,False,False,True,False,False,False,True,False
1.3194703557390448,0.3722554452800896,-1.4439260567343533,-1.6822746332355853,0.6127183623183232,1.0092359537981732,0.9461103503458572,-0.705942552932674,1.0557409946549854,False,False,False,True,False,False,False,False,False,True,False,True,False,False,False,False,False,True,False,False,False,True,False,False,False,True,False
0.5374897846163219,-0.6479037620418424,-0.6778637240723697,-1.6204708696487915,0.004973906114476747,-0.8369847238864588,-1.3946059153994526,1.2595607798909005,0.19545412542083065,False,False,False,False,True,True,False,False,False,False,True,False,False,False,False,True,False,False,False,False,False,True,False,False,False,True,False
0.5374897846163219,-0.8121066512876721,0.9623282132266254,1.614577256128244,1.2846807859272784,-2.191109146493804,0.31300801550192286,-0.46434548148953364,-1.0949761784304013,True,False,False,False,False,False,False,True,False,False,False,False,True,False,False,True,False,False,False,False,False,False,False,True,False,False,True
0.5374897846163219,1.1060656379421052,-0.14241503955203572,-0.4056499455249822,1.0077568378022785,-0.6923238945852914,0.04134840975956142,1.632835515303026,0.19545412542083065,True,False,False,False,False,False,True,False,False,False,True,False,False,False,False,True,False,False,False,False,False,False,True,False,True,False,False
0.01616940386783992,1.6516067892234245,-0.3495544286347703,0.8348694213466372,-0.07820830429847743,0.8897023465820597,0.9508525602675232,0.25590246740988837,-1.0949761784304013,False,False,False,False,True,True,False,False,False,False,False,False,True,False,True,False,False,False,False,False,False,False,True,False,False,True,False
-0.6615470911051866,1.3214482753924963,3.0866444828143207,1.1956046024465847,-0.11259184353074218,0.22567675916997568,-1.5214710924230614,-1.1447639825120057,0.19545412542083065,False,False,False,True,False,False,False,False,True,False,False,True,False,False,True,False,False,False,False,False,False,False,False,True,False,True,False
0.5374897846163219,-0.7708895346671617,-0.0371085124713343,1.0907712781744028,0.5128497522277771,0.10914259938431216,0.004158985958761948,-0.8809136888094047,-0.2346893091962467,False,True,False,False,False,False,False,False,True,False,True,False,False,False,True,False,False,False,False,False,False,True,False,False,False,False,True
-1.287131548003365,-1.5031387184255114,-1.3794494091163818,0.14539395151205511,-0.09732177999602198,-0.21832592042461874,-0.6691047094034387,-1.0583340206895546,1.0557409946549854,False,False,False,False,True,False,False,True,False,False,False,False,False,True,True,False,False,False,False,False,False,False,False,True,True,False,False
0.5374897846163219,0.5656897256257548,-0.8401310957013822,-0.018474981264867865,-1.61078986196711,0.10858263458743665,-0.9921996157211984,0.006534172167598069,-1.5251196130474787,False,True,False,False,False,False,False,False,False,True,False,False,True,False,False,False,False,True,False,False,False,False,True,False,True,False,False
0.01616940386783992,-0.5414374232030591,-1.234687804660043,-1.300056838325042,0.632759384836959,-0.5729474351218625,1.1207208677195366,0.5240479111121653,0.2224190211339845,False,False,True,False,False,False,False,False,False,True,False,False,True,False,True,False,False,False,False,False,False,False,True,False,False,True,False
-1.287131548003365,-1.3676550755511474,1.213064780772215,0.10921495004278632,1.351382278216267,-1.2949130845541765,1.5295073734752134,-0.7123511069464474,0.625597560037908,False,False,True,False,False,False,True,False,False,False,False,False,False,True,False,False,False,True,False,False,False,True,False,False,True,False,False
-0.6615470911051866,1.413500982881097,0.3884365180555398,0.5310409889403586,0.4948812144023714,0.04221916540436481,-0.36522718977214536,0.9622297299522048,1.4858844292720628,False,True,False,False,False,True,False,False,False,False,True,False,False,False,False,False,False,False,False,True,False,True,False,False,False,False,True
-1.287131548003365,1.6308147246888047,-0.17710120588894515,-1.6355384841335583,1.4243737337140447,0.880762633093566,-1.4194360741262937,-1.3731900369110674,1.4858844292720628,False,False,False,False,True,False,True,False,False,False,False,False,True,False,False,False,False,False,True,False,False,False,True,False,False,False,True
0.5374897846163219,1.385514031742588,0.20104815800041007,-0.30193742685860026,-0.6130724049488028,0.24229022579436688,-0.050099957521122354,-1.1940099505504547,-1.0949761784304013,False,True,False,False,False,False,False,True,False,False,True,False,False,False,False,False,False,False,True,False,False,False,True,False,False,True,False
1.3194703557390448,-1.2325462064943125,-0.03694378611032654,1.614242953952542,0.7321142193850216,0.8417452888198439,0.6687570281241857,-0.6992405613222283,0.625597560037908,True,False,False,False,False,False,False,False,False,True,False,False,True,False,False,False,False,False,True,False,False,False,False,True,False,True,False
-0.6615470911051866,1.1552788708409898,-0.9115845643836953,-1.3033436020860014,-1.3132279625339158,-1.3102060831962465,0.522455124142265,0.26996208760709595,1.4858844292720628,False,True,False,False,False,False,False,False,False,True,True,False,False,False,False,False,False,False,False,True,False,False,False,True,False,True,False
0.01616940386783992,-0.058466914031104406,-0.0371085124713343,0.17453458195594734,0.9220274555807852,0.27867546188718284,-1.6487148288779172,-0.7824701325616451,-0.664832743813324,False,False,False,True,False,True,False,False,False,False,True,False,False,False,True,False,False,False,False,False,False,True,False,False,True,False,False
-1.287131548003365,0.7323548932371762,-1.5406061884965805,-0.22937975877374023,-0.13259329962605915,-0.5392888674824721,0.9643911711341147,0.8309742061937474,1.0557409946549854,False,True,False,False,False,False,False,True,False,False,False,False,True,False,False,False,False,False,False,True,False,False,False,True,True,False,False
-0.6615470911051866,0.7778756326394284,-0.391433444371733,-0.977397154513808,0.27362275070970643,0.21781914117277923,-0.5805414173691532,1.164830454718356,0.19545412542083065,False,False,False,True,False,False,False,False,True,False,True,False,False,False,False,False,False,False,False,True,False,True,False,False,False,True,False
3.2178811743560294,0.5979819075651928,1.7120401062506605,-1.3483454844860685,-0.11097324870426968,-1.3875190172896223,0.004158985958761948,0.6747593456156724,0.19545412542083065,True,False,False,False,False,False,False,True,False,False,True,False,False,False,False,True,False,False,False,False,False,False,True,False,False,True,False
0.01616940386783992,1.2906771201454836,-0.21713376929514394,-0.4713529497633453,0.9615633285505647,0.8845026211018605,-0.9666097235078668,1.2040102769385237,0.19545412542083065,False,False,True,False,False,False,True,False,False,False,False,True,False,False,True,False,False,False,False,False,False,False,False,True,False,False,True
0.5374897846163219,1.625282500255759,-0.6453361312649001,0.9583570205477425,-1.3163303548765548,-1.0963249109738666,1.2769177322076921,-0.18929164372615223,1.4858844292720628,False,False,True,False,False,False,True,False,False,False,False,True,False,False,False,False,False,False,False,True,False,False,False,True,False,True,False
-1.287131548003365,-1.5366494605162149,-0.525179843535549,0.3638169363157467,-0.3213407797067792,-0.27177669601308785,-0.5572577448501642,1.5246185591830046,-0.664832743813324,False,False,False,False,True,False,False,False,False,True,True,False,False,False,False,False,True,False,False,False,False,True,False,False,False,False,True
-1.287131548003365,-0.22863593297833298,-0.9078319972576515,-0.5577168549247971,0.08322779173932153,-0.6243762293825111,1.5173884247527138,-1.617947568656943,0.625597560037908,False,False,False,False,True,False,False,False,False,True,False,False,True,False,False,False,False,False,False,False,True,False,False,True,False,False,True
2.858624958881257,1.5763665044110953,1.6143231788299883,-1.1146069743410632,-1.3002807919243822,1.5353550545022532,-0.4084245730182593,-0.28909557053170876,-1.5251196130474787,False,False,False,True,False,False,False,False,False,True,False,True,False,False,False,False,True,False,False,False,False,True,False,False,False,False,True
1.3194703557390448,1.5516861750331699,0.06675936908307617,-1.0928596241230109,-1.088411536633139,1.1269439094301374,-1.345302017286251,-0.5005008975770401,-0.2346893091962467,False,False,True,False,False,False,True,False,False,False,False,False,False,True,True,False,False,False,False,False,False,False,False,True,False,True,False
0.01616940386783992,1.4260213687410983,-0.9987339343184456,-0.18256855183872794,1.7478866900947587,-1.2845310265669865,-1.0984416530804446,1.0863760366366475,1.0557409946549854,True,False,False,False,False,False,False,True,False,False,False,False,False,True,False,False,False,False,True,False,False,False,True,False,False,True,False
1.3194703557390448,-0.970943935457624,0.02489527115494627,-0.5469472868141965,0.18954832455844944,-0.5403112438107611,0.5322390112232012,1.4408984147816835,0.625597560037908,False,False,False,False,True,False,False,False,False,True,False,True,False,False,True,False,False,False,False,False,False,False,False,True,False,False,True
1.3194703557390448,1.3918151440309439,0.18257219895610324,1.3777903014086021,-0.430215278973807,-0.5112513150655824,0.8440610740280234,-0.6186486889114252,1.4858844292720628,False,False,True,False,False,False,False,False,False,True,False,False,False,True,False,True,False,False,False,False,False,False,True,False,False,True,False
-0.6615470911051866,-1.2128965660005113,-1.2046513952688052,0.29161917921845404,-0.3226890219824002,1.4666644080522824,1.3042977492703014,0.5750893576997251,0.625597560037908,False,False,False,False,True,False,True,False,False,False,True,False,False,False,False,False,False,True,False,False,False,False,True,False,True,False,False
-0.6615470911051866,-1.0790380048188015,0.8430356178632057,1.5252870204704223,-0.37079015224036743,-1.4978631416122803,1.3988808132471136,0.42702899525690335,0.19545412542083065,True,False,False,False,False,False,False,False,True,False,True,False,False,False,False,False,True,False,False,False,False,True,False,False,True,False,False
2.849577797214395,0.1078714562643768,-1.1798079219266426,-1.0926487950613175,-0.2643100926572608,1.1761312235303643,1.530869956167549,-1.1075189820698244,-0.2346893091962467,False,False,False,False,True,True,False,False,False,False,False,False,False,True,False,False,True,False,False,False,False,False,False,True,False,False,True
0.5374897846163219,0.6745844576481123,0.4685439381064664,0.26690405082538654,-0.6232861860707591,0.7338755340943713,0.3319315871899443,-0.06882910278807143,0.19545412542083065,False,False,False,True,False,False,False,False,False,True,False,True,False,False,False,False,False,False,False,True,False,False,True,False,False,False,True
-1.287131548003365,-1.189388341696086,1.0623349200994345,-0.32899340977709085,0.32146539610920777,1.5085695789975497,-1.690901316104818,-0.09171794605346828,-1.5251196130474787,False,False,False,True,False,False,False,False,False,True,False,True,False,False,True,False,False,False,False,False,False,True,False,False,False,False,True
1.3194703557390448,1.057810066800935,-1.6718452119908387,-1.263135703196474,0.38630069553285806,-0.5364643004292236,-0.44269209048790464,-0.1243136832331588,3.0095874937296276,False,True,False,False,False,False,False,False,False,True,False,True,False,False,False,False,False,True,False,False,False,False,True,False,True,False,False
0.01616940386783992,0.24886493171773205,-0.47853131924818954,1.222263779765897,1.4205233759433633,-0.5216053493248068,-0.24136955059966084,0.22494511390712985,1.0557409946549854,False,False,True,False,False,True,False,False,False,False,True,False,False,False,True,False,False,False,False,False,False,True,False,False,False,True,False
0.5374897846163219,1.2174455342273414,0.006853747470979121,-0.059325343334423734,0.5415327709696046,-0.25646364377035313,-0.8464587242748194,0.8314128992682714,0.19545412542083065,False,True,False,False,False,False,True,False,False,False,False,True,False,False,True,False,False,False,False,False,False,False,False,True,False,True,False
0.5374897846163219,0.07508367022896215,-1.2818454485614479,1.496499651087065,0.22117836044183883,0.6645264673603775,-1.6565578883781384,1.5965269771168853,1.4858844292720628,False,True,False,False,False,True,False,False,False,False,True,False,False,False,False,False,False,False,True,False,False,False,False,True,True,False,False
0.01616940386783992,0.4338197469668535,0.17444828906115598,-0.2648913641940836,-0.8247521150732814,-1.3529557480536711,0.2489214390888913,-1.2257478000717483,-1.0949761784304013,False,True,False,False,False,False,True,False,False,False,False,False,False,True,False,False,False,True,False,False,False,False,False,True,False,False,True
0.01616940386783992,1.389510389780918,1.4803177527708071,-0.16807929424628582,1.3292176433209968,-1.2665087255332579,1.3680793442117434,1.27638399215515,-0.2346893091962467,True,False,False,False,False,False,False,False,False,True,False,True,False,False,True,False,False,False,False,False,False,False,False,True,False,True,False
0.01616940386783992,-1.3035492206974555,0.5738028405764517,1.0294087871883217,-0.6101104457338465,-0.25240577446101514,0.8561573791669769,-1.2021160584662085,0.625597560037908,False,False,False,True,False,False,False,True,False,False,True,False,False,False,False,True,False,False,False,False,False,False,True,False,False,False,True
-1.287131548003365,-0.9071419022244248,1.1934170655498233,-0.47302538525345655,0.26618618514034315,0.7734772966220216,-1.4364549856895124,-1.645552631898242,-0.2346893091962467,True,False,False,False,False,True,False,False,False,False,True,False,False,False,False,False,False,False,False,False,True,False,True,False,False,False,True
0.5374897846163219,0.6779832792148784,0.34517140846157923,-0.3040190139102587,-0.7657853809760162,0.7248711702847155,0.6433439295037994,1.3061285233262552,1.0557409946549854,True,False,False,False,False,False,True,False,False,False,False,False,False,True,True,False,False,False,False,False,False,True,False,False,False,False,True
-1.287131548003365,-1.2832817984293943,-0.8135920636014753,-0.015890234832240887,0.6592996936152714,0.8865699558627529,-0.6702459939534233,0.8898498178659826,-1.5251196130474787,False,True,False,False,False,False,False,False,False,True,False,True,False,False,False,False,False,True,False,False,False,True,False,False,True,False,False
0.01616940386783992,0.29395548938576116,-0.5217249767416368,-0.7553111279876173,0.041369885582649105,-0.6446623511687815,1.7543832716821381,1.6632383154393904,0.30640390465908746,True,False,False,False,False,True,False,False,False,False,True,False,False,False,False,False,True,False,False,False,False,True,False,False,False,False,True
-0.6615470911051866,-1.4198897902483734,1.1263677615480387,-0.49063690169485863,-0.7819538182037954,-0.6804875422364794,-1.0760424634096832,1.4327275829706332,-1.5251196130474787,False,False,True,False,False,True,False,False,False,False,False,False,False,True,False,False,False,False,True,False,False,False,False,True,False,False,True
-1.5279701739776952,0.9335102019478508,0.7849890299085787,1.3025630199832468,-1.3337542081161118,1.0173220629818467,0.9793917540239353,-1.1092891653831891,-0.2346893091962467,False,False,True,False,False,False,False,False,False,True,True,False,False,False,False,False,True,False,False,False,False,False,True,False,False,False,True
0.5374897846163219,1.1157810995744484,-0.5675036843776884,-0.6863988926889961,1.3029341046852412,1.5095806311498912,-0.5875643361434469,0.37937422055243475,1.0557409946549854,False,True,False,False,False,False,False,False,False,True,False,True,False,False,False,False,False,False,False,True,False,False,False,True,False,True,False
-0.6615470911051866,1.1801790174411388,0.25347182813505575,-0.9165542573302877,0.6372037064374988,-0.26928963832941605,1.4208869752951232,-0.7436180459619893,1.4858844292720628,False,False,False,False,True,False,False,False,True,False,True,False,False,False,False,False,False,False,True,False,False,True,False,False,False,False,True
-0.6615470911051866,-0.7614693084312831,-0.0371085124713343,-0.6777022530428521,1.3546553393253093,-0.05150608239306757,1.6150718224614131,-0.9388881106686892,0.19545412542083065,True,False,False,False,False,True,False,False,False,False,True,False,False,False,False,False,False,False,False,False,True,False,True,False,True,False,False
-1.287131548003365,0.5940152528531554,0.8936231835372894,-0.9313367973266963,-1.535163061744849,0.024055112958239058,1.2911940425667219,-1.194271217664731,-0.2346893091962467,False,True,False,False,False,False,False,False,False,True,False,True,False,False,False,False,False,False,True,False,False,True,False,False,True,False,False
0.5374897846163219,0.17918485446288585,-0.18834688270378866,-1.1285189220221736,1.1764226660053325,-1.0066252795632238,0.07567266167268616,-0.27499746070837316,-1.5251196130474787,False,True,False,False,False,False,False,True,False,False,False,False,False,True,False,True,False,False,False,False,False,False,True,False,False,True,False
-1.287131548003365,1.3608361794726753,-0.3044045993094123,0.8189635002111539,1.4665738446539855,-3.139646919487664,-1.2207058938222468,-0.21729195202116597,-1.5251196130474787,False,False,True,False,False,False,False,False,False,True,False,True,False,False,False,False,True,False,False,False,False,False,True,False,True,False,False
0.5374897846163219,0.4893441584113507,1.0003684971142282,-0.543827653481538,-1.0858788734290545,0.026872426685982442,0.9056953188549343,-1.2887588081248111,1.0557409946549854,False,False,True,False,False,False,True,False,False,False,False,False,True,False,False,False,False,False,False,True,False,True,False,False,False,True,False
-1.287131548003365,-0.1214602926146329,0.6111514816972846,1.0770595231504343,-0.8904853316607766,1.0560453437035175,1.7268648516283316,-0.4832489990221772,-0.410251781013881,False,False,False,True,False,False,False,True,False,False,False,False,False,True,True,False,False,False,False,False,False,True,False,False,True,False,False
0.5374897846163219,-0.7182894270957908,0.7113992429212805,0.025243818271034467,-0.15827332175632916,-1.2051959950297135,0.004158985958761948,-0.623850777437854,-0.2346893091962467,False,False,True,False,False,False,False,False,True,False,False,True,False,False,False,False,True,False,False,False,False,False,False,True,False,False,True
0.01616940386783992,-0.5289872873070666,-0.1790245518457968,0.6907029815108117,-1.3713348023984588,-1.0327917260523487,0.004158985958761948,-1.4426823097479244,1.4858844292720628,False,False,True,False,False,True,False,False,False,False,False,False,False,True,False,False,True,False,False,False,False,False,True,False,False,True,False
0.01616940386783992,0.1975144977340077,-1.685649871690711,0.7893687535481029,-1.2439762232094644,0.4611460133643473,0.9950726467948637,-1.2900977039901185,-0.2346893091962467,False,False,True,False,False,True,False,False,False,False,False,False,False,True,True,False,False,False,False,False,False,False,True,False,False,False,True
-2.5311839044155757,-1.3997734332311216,-1.4100700771346864,0.44265521750754416,-0.8877191338969143,1.2314362297143506,0.1265678292571878,-0.6609378555218145,1.4858844292720628,False,False,False,True,False,False,False,False,False,True,False,True,False,False,False,False,False,False,False,False,True,True,False,False,False,False,True
-1.287131548003365,1.553222831272799,-0.36405616120179374,1.440753744207288,0.9049572809272067,-1.0654032930206787,-1.6828629284521084,1.533687383497294,-0.664832743813324,False,False,False,False,True,True,False,False,False,False,False,True,False,False,False,False,False,False,True,False,False,False,True,False,True,False,False
0.01616940386783992,-0.3434378268462824,0.7408587010123737,-0.05740319486858586,1.714566155592899,-0.10485193392564433,1.0479871522883075,-0.8107816732538744,1.0557409946549854,False,False,False,False,True,False,True,False,False,False,False,False,True,False,False,False,False,True,False,False,False,True,False,False,False,False,True
0.5374897846163219,-0.24133746014376656,-1.2751571147255052,-0.12787776249897304,1.518918016283807,0.3412924537080989,-1.0241693857122915,-0.4363862229707252,-1.5251196130474787,False,False,False,True,False,False,False,True,False,False,False,True,False,False,False,True,False,False,False,False,False,True,False,False,False,False,True
1.3194703557390448,0.1378644445028421,-0.42603432007878056,0.35738042627984523,-0.8445236955141766,1.3107238782529502,-0.4905024024991937,0.3104829270581904,-0.25978248562316636,False,False,False,False,True,False,True,False,False,False,False,False,True,False,False,False,True,False,False,False,False,False,False,True,False,True,False
-0.6615470911051866,-1.2747815967317193,0.5858668794584913,0.4692350320257545,-0.07988930196909134,1.4784306407165095,0.20627868674564548,-1.2141513152607804,-0.664832743813324,False,False,False,True,False,False,False,True,False,False,False,False,True,False,False,False,True,False,False,False,False,True,False,False,False,True,False
1.3194703557390448,0.8336353399803064,0.3465620715062293,-0.1620266044643788,-1.618020371477798,0.5961567790220087,-0.4773541044671276,-0.05623847739546766,-0.2346893091962467,False,False,True,False,False,False,False,False,False,True,False,False,True,False,False,True,False,False,False,False,False,False,True,False,True,False,False
1.3194703557390448,-1.2733880724420195,1.3397882989133023,-1.3392855647057431,-1.0532197843774964,1.3952277428921318,1.7607487588994992,1.5700520763807906,-0.2346893091962467,False,False,False,False,True,False,True,False,False,False,False,False,True,False,False,False,False,True,False,False,False,False,False,True,False,True,False
-0.6615470911051866,-1.156506381085699,-0.0371085124713343,-0.00932486278179192,-1.0808686222827975,-0.7802836757800214,1.5865518319862382,-0.1717181397121879,0.625597560037908,False,False,True,False,False,False,False,True,False,False,True,False,False,False,False,False,False,False,False,False,True,True,False,False,False,False,True
1.3194703557390448,1.1713975444714053,-1.4595535673502593,0.45098506140666367,-1.5859202133141561,-0.13510597374965053,1.1048466873765042,-1.5545138514145462,-1.0949761784304013,True,False,False,False,False,False,False,False,False,True,False,False,True,False,True,False,False,False,False,False,False,True,False,False,False,False,True
0.5374897846163219,0.5013738067719032,-0.03859292331180286,0.25122689462821984,-0.7720627640842419,0.1173221112965872,-0.5698849855794189,1.5562830982581808,1.4858844292720628,False,False,False,True,False,False,False,True,False,False,False,False,True,False,False,False,True,False,False,False,False,True,False,False,False,True,False
-1.287131548003365,1.0899166519682657,-1.1751435519872877,-1.4951086737257888,-0.6462369927857596,0.9386576657604406,1.6179953339470245,-0.8492031897768502,1.0557409946549854,False,False,False,False,True,True,False,False,False,False,True,False,False,False,False,False,True,False,False,False,False,False,True,False,True,False,False
0.41585589761265873,-0.5793177279683586,0.9200407994913988,1.577229227351979,-0.267938312697203,-0.4857578225962588,0.004158985958761948,-1.1991409385102756,-0.2346893091962467,False,True,False,False,False,False,True,False,False,False,False,True,False,False,False,True,False,False,False,False,False,False,False,True,False,False,True
1.3194703557390448,-0.8151920600593846,0.36660169362501727,-1.624775362539364,-1.0923715479168432,-0.72643713162699,-1.3901838943762146,-0.9599888013429315,0.19545412542083065,False,False,True,False,False,False,False,False,True,False,False,True,False,False,False,False,False,False,False,True,False,False,True,False,False,True,False
0.5374897846163219,1.1302408776930688,-1.5981733682178232,-0.12411669074254182,-0.47846358408314466,-1.0059953414202836,0.004158985958761948,-1.659332415612242,0.625597560037908,False,False,False,True,False,False,False,False,True,False,False,False,True,False,False,False,False,False,False,True,False,False,True,False,True,False,False
0.01616940386783992,0.470004829504547,1.763983662137492,0.2974241098188571,-0.798432252370723,0.8278165464093655,0.4828906536565992,-1.2407561205434547,-1.5251196130474787,True,False,False,False,False,False,False,False,False,True,True,False,False,False,False,False,False,False,False,False,True,False,True,False,True,False,False
3.2178811743560294,0.6341295224282024,1.1776529573902672,-0.382698160976512,-0.5368528824507146,0.6723374093367804,0.19554149136826848,-1.6266266363343183,0.625597560037908,False,False,True,False,False,False,False,False,False,True,False,False,True,False,False,False,False,False,False,False,True,False,True,False,False,False,True
1.3194703557390448,-0.9516655859925,-1.1400281947887136,0.4242391156796998,1.2204212942496273,-0.7968500171317312,0.7746676074082098,-1.1930173479946797,-0.664832743813324,True,False,False,False,False,False,True,False,False,False,False,False,True,False,False,False,False,True,False,False,False,True,False,False,False,True,False
-0.6615470911051866,0.956717557602671,0.9536466500423171,0.6735844772237078,0.4074428606163729,-0.11264227547685425,-1.4717041983745751,-1.2493679199681076,-0.664832743813324,False,False,False,False,True,False,False,False,False,True,False,False,True,False,False,False,False,True,False,False,False,True,False,False,True,False,False
0.6270575168131493,0.6533093957674354,-0.4312648719366887,0.9574900912335065,-1.0532662777857609,1.3182115805180248,-0.8154919947875048,-1.4838464370419306,-0.2346893091962467,False,True,False,False,False,False,True,False,False,False,False,False,False,True,False,False,False,False,False,False,True,False,True,False,False,False,True
0.4406073906264901,0.83639895254428,1.749701020497494,1.4692948707612083,0.8868526054593193,0.7036941729551976,-0.5100314064093804,1.291541472295416,0.19545412542083065,False,False,False,False,True,False,False,True,False,False,False,False,False,True,False,False,False,True,False,False,False,False,False,True,True,False,False
-0.6615470911051866,-0.5071451689435119,-0.0371085124713343,0.8224142113008598,0.8355571621730182,0.2053303470908227,-1.109253181944763,1.3078160379915589,0.625597560037908,False,False,True,False,False,True,False,False,False,False,False,True,False,False,False,False,False,True,False,False,False,False,False,True,False,True,False
-0.6615470911051866,0.25435720305299064,-1.4772599619304787,0.003306090959194326,0.13279386879129948,0.8215156380420496,-0.5195799761765122,-1.6743628786779998,1.4858844292720628,True,False,False,False,False,False,True,False,False,False,False,False,False,True,False,False,False,True,False,False,False,False,True,False,False,False,True
3.2178811743560294,0.13849174577525694,-0.9541055999014882,1.6428697231271685,-0.6297414784058587,-0.7574914504615217,-0.08512687018750409,-1.2661990165487282,-1.5251196130474787,False,False,False,False,True,True,False,False,False,False,False,False,False,True,False,False,False,False,False,False,True,False,True,False,False,True,False
-0.8526026789824073,-0.8026415323742568,-1.6465543865697216,-0.9197233590750136,-0.4692939286566771,0.6951114203486788,-0.577637100034561,-0.7248159441642865,1.0557409946549854,False,True,False,False,False,True,False,False,False,False,False,True,False,False,False,False,False,True,False,False,False,False,True,False,True,False,False
0.5374897846163219,-1.1392695131412414,-1.6623887272226716,-1.2114549621356014,-0.03640867610839521,0.6246469832226194,-1.3343015785163,-1.0311406902886857,0.625597560037908,False,False,False,True,False,False,False,False,True,False,False,True,False,False,False,False,True,False,False,False,False,True,False,False,False,False,True
-1.287131548003365,-0.5420849523222591,0.7908612968676789,0.8002799141243245,-0.45578943854693177,1.4501829918940996,1.123624895769275,0.41762909380265084,1.4858844292720628,False,False,True,False,False,False,False,False,False,True,True,False,False,False,False,False,False,False,False,True,False,True,False,False,False,True,False
0.5374897846163219,-1.1258702724569383,-0.27507906615095573,0.2797875115416832,0.8386853819566191,-1.3060646538680567,-0.9164925165061455,-1.5294624836338895,0.19545412542083065,True,False,False,False,False,False,False,True,False,False,True,False,False,False,False,False,False,False,False,False,True,False,False,True,False,False,True
0.01616940386783992,0.38805920003207683,0.35002293631869674,0.06799313985153828,-0.13403423152887423,-1.4139650603346754,1.1741254067993567,1.6038507464031713,1.0557409946549854,False,False,False,True,False,False,False,False,True,False,True,False,False,False,False,False,False,False,False,True,False,True,False,False,False,False,True
-1.287131548003365,0.5221182744219098,0.7076919992784676,-1.448847296002255,0.37375339068789626,-1.2242317972206131,0.01368607247402639,0.6032347082306523,-1.0949761784304013,False,False,False,False,True,False,False,False,True,False,True,False,False,False,False,False,False,False,False,True,False,False,False,True,False,True,False
1.3194703557390448,-1.1203771355147842,-0.5034070496912183,-0.0548283697888392,1.2003848817509675,1.1483263989895565,-0.3906567346715101,0.7712252270972774,1.2180341722663426,False,True,False,False,False,False,False,False,True,False,False,False,True,False,False,False,False,False,False,False,True,True,False,False,True,False,False
-0.6615470911051866,-0.007706427264411798,0.9588915398702518,-0.06448397592061021,0.5662595167737393,-0.5492036176437782,0.39947980609996636,-1.340939135377104,-0.2346893091962467,False,False,False,False,True,False,False,False,False,True,False,False,True,False,False,True,False,False,False,False,False,False,False,True,True,False,False
1.3194703557390448,1.2946847090008722,-0.0371085124713343,0.5199928352073917,0.27273690196871325,-0.8859134300399165,-1.6967672552940523,0.998584336994685,1.4858844292720628,False,False,False,False,True,False,False,False,True,False,False,False,False,True,False,False,False,True,False,False,False,True,False,False,False,True,False
1.3194703557390448,0.9324890415750385,-0.5827373378922857,-1.681167113636,-0.7078744099620885,1.1145637502894903,0.14947689724115068,1.26573781876986,0.19545412542083065,True,False,False,False,False,False,False,False,True,False,False,True,False,False,False,False,False,False,False,True,False,False,False,True,True,False,False
0.01616940386783992,-0.6664623192675998,-0.7956685884860248,-0.4065893669001983,1.7820444844914796,1.3850094919927372,-1.381310945876292,1.1681305624461025,-0.2346893091962467,False,True,False,False,False,False,True,False,False,False,False,False,False,True,False,False,True,False,False,False,False,False,False,True,False,False,True
-0.6615470911051866,0.8533327270403943,-0.6325155452325022,-1.3014856220605155,-0.683424705842041,1.6376862502114953,-0.6970861661944856,-0.18053143149693915,-1.5251196130474787,False,False,False,True,False,False,True,False,False,False,False,True,False,False,False,False,False,True,False,False,False,False,False,True,False,True,False
0.01616940386783992,1.2832571244625794,-0.9277712078116184,1.2312913282890523,-0.16922533281906058,-0.8011059117431876,-1.5904261977005998,1.5766223230090846,1.0557409946549854,False,False,False,False,True,False,True,False,False,False,False,False,False,True,True,False,False,False,False,False,False,True,False,False,True,False,False
-0.6615470911051866,0.6427635224192311,-0.0371085124713343,1.136170501761305,1.0012217246319937,0.06189568357893809,0.8121345658481074,-1.2003766308762196,0.625597560037908,False,False,True,False,False,False,False,False,True,False,False,True,False,False,False,False,False,True,False,False,False,False,True,False,False,True,False
-1.287131548003365,1.396395678926249,-1.4590819186519282,-0.16574274118426272,1.2327507816553778,-0.8295913133769172,-0.6894405410076886,-0.8444040747855674,0.19545412542083065,False,True,False,False,False,False,False,False,True,False,False,True,False,False,True,False,False,False,False,False,False,True,False,False,False,False,True
1.3194703557390448,-0.06665453722265766,-1.238082596873472,1.0381762558081495,1.2690677007059588,0.9115603516919142,-1.1400317827388309,1.4727936050544226,0.19545412542083065,False,False,False,True,False,True,False,False,False,False,True,False,False,False,False,False,False,False,False,False,True,False,False,True,True,False,False
1.3194703557390448,-1.35045844525099,-0.9019034704407269,-1.0870826597512462,1.2926085897247455,1.0010433135723695,-1.2148838633229004,-1.130613575054205,0.625597560037908,True,False,False,False,False,True,False,False,False,False,False,False,True,False,False,False,True,False,False,False,False,False,False,True,True,False,False
0.01616940386783992,-1.075920884818965,0.26022061189233026,0.9751852706347797,-0.10659465195692479,-0.6971876613011376,-1.4603029649190997,1.364965701495929,-1.5251196130474787,True,False,False,False,False,True,False,False,False,False,True,False,False,False,False,True,False,False,False,False,False,False,False,True,False,False,True
0.01616940386783992,1.0623504224836355,1.7593343474343293,0.9949629154795795,0.4202493697917934,0.8202540331105865,1.4929734894232074,-0.021700120286092136,-0.664832743813324,False,False,False,True,False,False,True,False,False,False,False,True,False,False,False,False,False,False,False,False,True,False,True,False,False,False,True
1.3194703557390448,-1.245954660378004,-1.3865858210652497,0.06504941165904804,-1.2947357694888244,0.03270740563275425,0.2408161134236028,-0.6821213169437752,0.625597560037908,False,False,False,True,False,False,False,False,True,False,True,False,False,False,False,False,False,True,False,False,False,False,True,False,False,True,False
1.1986185026396343,1.1409242444799648,1.7624714662196779,-0.5057245011037285,0.8332571019974878,0.9206414278249287,1.0241845033590156,-0.7196616800482226,1.4858844292720628,True,False,False,False,False,False,False,False,True,False,False,True,False,False,False,False,False,False,True,False,False,True,False,False,False,True,False
0.01616940386783992,0.9433138524689363,-0.4828125687812719,-0.378120645067076,-0.897204688035218,0.6497929106965155,-0.2561997825197138,-0.16897054667962885,0.625597560037908,True,False,False,False,False,False,True,False,False,False,False,False,True,False,False,True,False,False,False,False,False,False,True,False,False,True,False
-3.2340573056591153,1.0226284500249487,0.1891728295041172,-1.679408557962265,-1.2696473271701434,-0.7342234895837008,-0.023461588001479447,-0.8285697686236076,0.19545412542083065,True,False,False,False,False,False,False,False,True,False,False,False,False,True,False,True,False,False,False,False,False,True,False,False,False,True,False
-0.6615470911051866,-1.607556779124171,-0.40406512832804514,-0.25379002059105543,1.5485075692924262,-0.7881736156768866,1.0605060583598567,-1.5440194426056684,1.4858844292720628,False,False,False,True,False,True,False,False,False,False,False,False,False,True,False,False,False,False,False,False,True,False,True,False,False,True,False
0.5374897846163219,1.4264608341557699,0.6623963900622473,0.49274628632584155,-1.1374502201820147,-1.0328503234156272,0.004158985958761948,-1.4857982311427602,-1.5251196130474787,False,True,False,False,False,False,False,True,False,False,False,True,False,False,False,False,False,False,False,False,True,False,False,True,False,True,False
0.5374897846163219,0.9660454314658035,1.2324442054586284,1.0562693888923653,-0.41479424939812026,0.12948851618628227,0.47799155132792576,0.41258902197812614,1.0557409946549854,True,False,False,False,False,False,False,False,False,True,True,False,False,False,False,False,False,True,False,False,False,True,False,False,False,True,False
-0.6615470911051866,0.19202921032708156,-0.8827121299110466,-0.7026267260655833,-1.0538496613578385,-0.4198035642475307,-1.544867205981647,0.813446234155947,-0.664832743813324,False,False,False,False,True,False,True,False,False,False,False,False,True,False,False,False,False,False,False,True,False,True,False,False,False,False,True
-2.611289373665803,-0.8219446811288368,0.47955650831726476,1.4393042811646026,0.011648718467641352,0.6209380624876485,0.004158985958761948,0.5529981355247525,0.625597560037908,False,True,False,False,False,True,False,False,False,False,False,False,False,True,False,False,False,False,False,True,False,False,True,False,True,False,False
0.5374897846163219,0.18308727601787475,-1.1857009619070273,0.8265058287967847,0.6435629614909422,1.0864334120738126,0.0017239375742626837,-1.4959329347668575,1.0557409946549854,False,False,False,False,True,False,False,False,False,True,True,False,False,False,False,False,True,False,False,False,False,False,True,False,True,False,False
0.01616940386783992,-0.02574453424994181,1.4822888848751017,-0.7645922727201805,1.0598035090299514,-1.4310444848873622,0.3033908304101415,-0.7969489936355943,-0.2346893091962467,True,False,False,False,False,False,True,False,False,False,False,True,False,False,False,False,False,False,False,False,True,False,False,True,True,False,False
-0.6615470911051866,0.08927470911524273,-0.5688521542821688,0.2122958155128901,1.643970012951405,0.5213417222358315,-0.776861798619799,1.2145013882592108,-0.2346893091962467,False,False,True,False,False,False,False,True,False,False,False,False,True,False,False,False,False,False,True,False,False,False,False,True,True,False,False
-1.287131548003365,-0.09141576216570703,1.0105931115883042,-1.2072977623962822,1.0975954604632807,1.2493383071119837,0.11133740495602287,0.73771114711315,-0.2346893091962467,True,False,False,False,False,False,False,True,False,False,False,False,True,False,False,True,False,False,False,False,False,False,False,True,False,True,False
1.3194703557390448,-0.3539375628289779,-1.6200633198363872,1.0419208635726187,-1.3943972943278962,-1.1304528516505488,-0.6602555748742923,0.12215860077729397,-0.2346893091962467,False,False,True,False,False,False,False,False,True,False,True,False,False,False,True,False,False,False,False,False,False,False,False,True,True,False,False
1.3194703557390448,-0.509252335609148,-0.0371085124713343,1.2640736607970209,-0.5334855490447326,0.7973625764662884,-0.9867486226000602,-1.1046282235459475,-0.664832743813324,True,False,False,False,False,False,False,False,False,True,False,False,False,True,False,True,False,False,False,False,False,False,False,True,False,False,True
-1.287131548003365,0.5818802207564092,-0.7994791639638578,0.8510666179106103,-1.3441567170911854,1.5380628336297482,-1.4251666914642025,1.144902691888483,-1.5251196130474787,False,False,False,True,False,False,False,False,True,False,True,False,False,False,False,False,False,True,False,False,False,False,True,False,False,True,False
-1.3669144941150033,0.9859228292537932,-0.8079997261561491,2.216082762603627,-0.8465403487920965,-1.4956388332157642,1.5061765739618131,-0.5381454053174851,1.4858844292720628,False,True,False,False,False,False,False,True,False,False,False,False,True,False,False,False,False,False,False,False,True,True,False,False,False,False,True
-1.287131548003365,0.2672077081587528,-1.2270801322522549,1.2989832517536373,-0.6025276654122128,-0.44709885636006746,-0.3935885034417935,-0.10746473786787032,-1.5251196130474787,False,False,True,False,False,False,True,False,False,False,False,False,False,True,True,False,False,False,False,False,False,True,False,False,False,False,True
-1.287131548003365,0.5864165809164115,1.6444967832185104,0.7931045528629789,-0.538748298662549,0.8537093455957205,0.05953145415379391,1.2837059543859122,1.4858844292720628,True,False,False,False,False,False,False,False,True,False,False,False,False,True,False,False,True,False,False,False,False,False,False,True,False,True,False
0.5374897846163219,-1.4199414497364615,0.43956812538781936,0.35592399207588415,0.26469894792890813,-1.3010955604572532,1.442661073362354,-0.04234607464615208,0.19545412542083065,True,False,False,False,False,False,False,True,False,False,False,True,False,False,False,True,False,False,False,False,False,False,False,True,False,True,False
0.01616940386783992,-1.523261234930161,-0.41621401984520856,0.6402026515553444,0.6847622836131327,0.9581391966569265,0.19934425856241264,0.6106329695857214,-0.664832743813324,False,True,False,False,False,False,True,False,False,False,False,True,False,False,False,False,True,False,False,False,False,False,False,True,False,True,False
0.01616940386783992,-0.5129077024841328,-0.5364668589159561,-0.006934864196866027,-0.8936985642902173,-1.201710913804325,0.7943339765790596,-1.0150046106290873,-1.0949761784304013,False,True,False,False,False,True,False,False,False,False,False,False,False,True,False,True,False,False,False,False,False,True,False,False,False,False,True
0.01616940386783992,-0.5189586918093431,-0.0371085124713343,-0.11101175187371405,-0.4735670551850227,0.13332401966975138,0.4384714606463635,0.2271922600983126,1.4858844292720628,True,False,False,False,False,False,False,True,False,False,False,False,True,False,False,False,False,True,False,False,False,False,True,False,True,False,False
-0.6615470911051866,0.5722849864228182,-0.3477114075496073,-0.3353934179960212,0.0541175616793209,-1.154838640742565,-1.4710755987602073,-0.8479878422195127,1.0557409946549854,False,False,False,True,False,False,False,False,False,True,False,True,False,False,False,False,False,False,False,False,True,False,True,False,False,True,False
0.5374897846163219,-0.45327812507454995,-1.0270654405502586,-0.24546898625558852,-1.3460514946150697,-1.345368944909649,-0.019620466952453623,-0.006305780637902498,0.19545412542083065,False,False,False,True,False,False,False,True,False,False,False,False,False,True,False,False,False,False,True,False,False,False,True,False,False,False,True
-0.6615470911051866,0.7998478691657687,1.7888658482547166,-0.8503493032226107,-1.9436262048915265,0.5236426490913115,0.993482743400764,-0.15704711445256736,-1.0949761784304013,False,False,False,False,True,False,False,False,False,True,True,False,False,False,True,False,False,False,False,False,False,False,False,True,False,False,True
-0.6615470911051866,-1.2058053585314326,-0.7776821210127269,1.4516487103156872,-0.43249597000371653,-1.0716473921448761,1.2120903953448536,0.417966541331782,-0.2346893091962467,False,False,False,True,False,False,False,False,True,False,False,False,True,False,False,False,False,False,False,False,True,True,False,False,False,True,False
-1.287131548003365,-1.643981316485754,-0.2835681211648674,-0.6668537180735162,0.1871730928058055,0.4583032125303896,-0.4219648968074692,-1.0178762235947154,-0.664832743813324,True,False,False,False,False,False,False,True,False,False,False,False,True,False,False,True,False,False,False,False,False,False,True,False,False,False,True
0.01616940386783992,-1.1092229372657954,-1.1375954525515217,-0.4971334120229657,0.99152936265334,1.250741157014734,-1.1438224764038967,0.2832109947317896,1.4858844292720628,False,False,True,False,False,True,False,False,False,False,False,False,True,False,False,False,False,True,False,False,False,False,True,False,False,True,False
1.3194703557390448,-0.7916837498619985,-0.0371085124713343,0.07964158995546254,3.1260631299243844,-0.4204484094284428,1.1650268108201782,1.0424561159176873,-1.5251196130474787,False,False,True,False,False,False,False,True,False,False,False,False,True,False,False,False,False,False,False,False,True,False,True,False,False,True,False
-1.287131548003365,0.27670035715124774,0.8508998911421434,0.11734576771732665,1.0176983282049494,0.8243029714012038,-0.5393995506824976,1.0082085784493788,-1.0949761784304013,True,False,False,False,False,False,True,False,False,False,False,False,True,False,False,False,False,False,True,False,False,False,False,True,False,True,False
0.5374897846163219,-1.6445752004570524,1.0649340197116464,0.15706011067284545,-1.4577436120087146,1.1472687795776975,0.8912093112906827,1.0419670118442645,-0.3997213728222008,True,False,False,False,False,False,False,False,False,True,False,False,True,False,False,False,False,False,False,True,False,True,False,False,True,False,False
0.01616940386783992,0.13974762821029305,-0.32736844293910217,-1.4604534812002572,-0.18432287569805927,-3.139646919487664,-0.9439033142158351,-1.1560991301182146,-0.2346893091962467,True,False,False,False,False,False,False,True,False,False,False,True,False,False,True,False,False,False,False,False,False,False,True,False,True,False,False
-0.6615470911051866,-0.9173332886124742,0.7944786816315647,0.6564446735618656,1.232799937624021,0.5403499811893697,-1.6808458166187445,-0.19537532676069005,-1.0949761784304013,False,False,False,False,True,False,True,False,False,False,False,False,False,True,False,False,False,False,False,False,True,False,True,False,False,True,False
1.3194703557390448,-1.2604556007011625,0.45356272362242284,-1.3551021376097798,-1.3675149215168108,1.0356823056744886,-0.37397401580654027,-0.035535189213901405,0.5350337439218443,False,False,False,False,True,False,False,False,False,True,False,True,False,False,False,False,True,False,False,False,False,False,True,False,False,False,True
0.01616940386783992,-0.2588042576482167,-0.0371085124713343,0.37886564161188874,-1.1030752450352075,1.5161290562787602,0.8574642704501672,1.2430359387397167,-1.5251196130474787,False,True,False,False,False,False,True,False,False,False,False,True,False,False,False,False,True,False,False,False,False,True,False,False,False,False,True
-1.287131548003365,-1.1459909833918323,0.01765390223008236,1.2490974599268025,-1.120542739813164,1.067563500354455,-0.445651311758024,1.01470615518588,-0.664832743813324,False,False,True,False,False,False,True,False,False,False,False,False,True,False,False,False,True,False,False,False,False,True,False,False,True,False,False
0.01616940386783992,1.1516294065055719,0.19135759156777,-0.6607993748556767,1.6122581845536215,-1.5101918907327,-0.5934834259199014,1.09354379794168,-1.0949761784304013,False,True,False,False,False,True,False,False,False,False,False,True,False,False,False,False,False,False,True,False,False,True,False,False,True,False,False
-0.6615470911051866,-0.7446279037800805,-0.0371085124713343,1.1267495182164846,1.6285830600487896,0.6295522332093592,0.47213768246435855,0.9778755101135678,1.0557409946549854,False,False,False,True,False,False,False,True,False,False,False,True,False,False,False,False,True,False,False,False,False,False,False,True,False,False,True
1.3194703557390448,3.0179762037452,0.9604383813112488,1.348294425942304,-1.528132301672347,0.15036520639427864,0.3499293733437848,-0.8402831372246581,1.4858844292720628,False,False,True,False,False,False,True,False,False,False,True,False,False,False,False,False,True,False,False,False,False,False,True,False,True,False,False
1.3194703557390448,-1.1292844077903927,-1.5581812883734347,-0.6142140724044156,-1.096253425970029,0.3148327583754468,-0.838897966051199,1.4375496184701906,1.4858844292720628,False,True,False,False,False,False,True,False,False,False,False,False,True,False,False,False,False,False,False,False,True,False,True,False,False,True,False
-1.287131548003365,1.5294093613454167,-0.7122880441585446,-0.4201518530869898,1.1982578421622059,0.8540437510075184,-0.49434970483273455,0.2324716716490273,0.625597560037908,False,False,False,False,True,False,False,True,False,False,False,False,False,True,False,False,False,False,False,False,True,False,True,False,False,False,True
-0.6615470911051866,0.9615011992136591,0.8040686949543424,3.023442505989075,-1.5082872386614234,0.4375831402342819,0.6834799665669158,1.537168364889068,-1.5251196130474787,False,False,True,False,False,True,False,False,False,False,True,False,False,False,False,False,False,False,True,False,False,True,False,False,True,False,False
0.5374897846163219,-1.1215883628146328,1.3067474355219657,0.9255927442835884,-1.4799062297468035,-0.5862102052718147,-1.4281228719476249,1.5094788193788307,1.4858844292720628,False,False,False,True,False,False,False,False,True,False,True,False,False,False,True,False,False,False,False,False,False,False,True,False,True,False,False
0.01616940386783992,-1.0934165719913664,-1.4103468980285292,-1.0264580383777677,1.6703912009210555,-0.5779909360465808,0.0406824534081574,-0.7006553979887333,1.4858844292720628,False,False,False,False,True,False,False,True,False,False,False,False,False,True,False,True,False,False,False,False,False,False,True,False,True,False,False
0.01616940386783992,0.9963898845402319,1.0328455928288047,1.2124952811017367,1.2245294774574529,-1.225071295830899,-1.1852846319653179,-1.228625083551618,0.625597560037908,True,False,False,False,False,False,False,False,False,True,False,False,True,False,False,False,False,False,True,False,False,True,False,False,True,False,False
0.01616940386783992,0.0960853835007484,-0.6891948851895644,-1.6434241531730394,1.9781143298173234,0.9572131906905728,-0.1793538823272945,0.013830167478288644,1.0557409946549854,True,False,False,False,False,False,True,False,False,False,True,False,False,False,False,False,False,False,False,True,False,False,True,False,True,False,False
1.3194703557390448,0.769283002013652,-1.5554856459118502,-1.1226896199600134,-1.2303589703138311,-1.4350123718614134,1.1659645070095868,0.5707304353543542,-1.5251196130474787,False,False,True,False,False,False,False,False,False,True,True,False,False,False,False,True,False,False,False,False,False,False,False,True,True,False,False
1.3194703557390448,-0.9003871905721482,1.6685258787404036,0.4988021407341719,-1.041369705078759,-0.4247915039204937,0.004158985958761948,-0.4450391603206025,0.19545412542083065,False,False,False,False,True,False,True,False,False,False,False,False,True,False,False,True,False,False,False,False,False,True,False,False,True,False,False
-0.6615470911051866,1.097894027003065,1.729967867484512,0.5669059399036648,-0.8453876556410045,-0.1650027310101443,-1.3813884015300057,0.03641701874910904,0.19545412542083065,False,True,False,False,False,False,False,False,True,False,False,False,True,False,False,False,False,False,False,False,True,False,False,True,True,False,False
-0.6615470911051866,-0.9621915521331053,0.1408095131946429,0.9322833403828571,-1.0469487846196106,0.07244915503563443,-1.7306139828684874,-0.47346731284564847,0.19545412542083065,False,False,False,False,True,False,False,True,False,False,False,True,False,False,False,False,False,False,True,False,False,False,True,False,True,False,False
0.5374897846163219,0.8284129956533621,1.190415742534169,3.023442505989075,-0.4418283976148157,0.13273316468034654,-1.4628593748494363,1.2333622606610675,1.4858844292720628,False,False,True,False,False,False,False,False,True,False,True,False,False,False,False,False,False,False,False,True,False,True,False,False,False,False,True
1.8751002865108946,-0.7385850945636884,0.30935582826175273,-0.639908795819465,-0.6185660061868691,1.148371845492166,0.04643147650196511,-0.09988969995299658,1.0557409946549854,False,False,False,True,False,True,False,False,False,False,True,False,False,False,False,False,True,False,False,False,False,False,False,True,False,True,False
1.3194703557390448,1.351576321646722,0.5572199121955995,1.5062867330000733,0.377609436671017,0.9388235708354513,0.17714789831726638,-0.4871094276969459,-1.0949761784304013,False,False,False,True,False,True,False,False,False,False,False,False,True,False,False,False,False,False,False,True,False,False,True,False,False,True,False
-0.6615470911051866,0.5915621922061776,-0.5697288071335059,-0.8428705042043751,0.7008466087529702,3.161041832683278,1.130298360725991,0.8682334950686547,0.625597560037908,False,False,True,False,False,True,False,False,False,False,False,True,False,False,False,False,False,False,False,True,False,True,False,False,False,True,False
1.3194703557390448,-0.6172325739224046,1.2302598587031774,-0.341550211757291,0.6605944964071806,-0.8962190318029165,-0.4612547373238008,-0.6251697436717837,-0.2346893091962467,False,True,False,False,False,False,False,False,False,True,False,True,False,False,False,False,False,False,False,True,False,False,True,False,True,False,False
-0.6615470911051866,1.546151665939775,0.8419284133644876,-1.3737683453986327,-1.299596247626459,-0.05643308963162982,-0.2825799568002226,0.8726742719638165,-0.11376883063818212,False,True,False,False,False,False,False,False,True,False,False,False,True,False,False,False,False,True,False,False,False,False,True,False,False,True,False
-2.066799832753102,-0.1762000597939156,-1.5267137016774481,0.489972966355075,-0.4923580113780035,0.664116432822031,0.10199507656931456,0.04582866693941221,-1.5251196130474787,False,True,False,False,False,False,False,True,False,False,True,False,False,False,False,False,True,False,False,False,False,True,False,False,False,True,False
-0.6615470911051866,0.04262725028097341,-0.9985815965310909,-1.2681622878376022,-0.720175047075469,-0.41211475527156033,-0.4524458136290378,0.2650333741081159,-1.0949761784304013,True,False,False,False,False,False,False,False,False,True,True,False,False,False,False,False,False,False,False,True,False,True,False,False,True,False,False
0.01616940386783992,-1.983109621733815,-0.6393031519583973,-0.2729365924487094,1.2037433392580295,0.529814721088245,-1.4407102531398202,-1.4330388809143502,0.19545412542083065,False,False,False,True,False,False,False,False,True,False,False,False,False,True,False,False,False,False,False,True,False,False,False,True,False,False,True
0.5374897846163219,0.9679457732058765,-0.0371085124713343,-1.0474627268734604,-1.215855707591489,-1.2575714128523092,1.0643591777761139,-0.21696146277114828,-1.5251196130474787,False,False,False,False,True,True,False,False,False,False,False,False,False,True,False,False,True,False,False,False,False,False,False,True,True,False,False
0.5374897846163219,0.03152978372253692,-1.5529396643569902,-0.19626582272404217,-0.29705480431188425,-0.0349251225724111,1.4951591207128725,0.32611974617997963,0.19545412542083065,False,False,True,False,False,False,True,False,False,False,True,False,False,False,False,False,False,False,False,False,True,False,True,False,True,False,False
0.5374897846163219,-0.8223966525895452,-0.10221022324786912,-0.9887438140198339,0.20181411225485507,1.1005531022060997,1.5841007126201878,1.3780384647151216,0.19545412542083065,False,False,False,True,False,False,False,False,False,True,True,False,False,False,False,False,True,False,False,False,False,True,False,False,False,False,True
-0.6615470911051866,-0.9125382572340085,-0.8387001255720163,1.605643042537295,-0.16132218744757965,0.9652909995561851,-1.3967519022048116,1.1241341783769712,-0.712992685624706,False,True,False,False,False,False,False,True,False,False,False,True,False,False,False,False,False,False,False,False,True,True,False,False,True,False,False
0.01616940386783992,-0.3265573654557637,0.04949286390633165,1.3410000472316927,-1.5191394388026471,3.161041832683278,-0.5547803135684308,-0.7897950274736711,-0.2346893091962467,False,False,False,True,False,False,False,False,True,False,False,False,True,False,False,True,False,False,False,False,False,False,False,True,True,False,False
-1.287131548003365,-1.420012824400429,-0.04819779574156039,-0.5183221866349891,1.625239828244525,0.4089819887812974,-1.1826498545758284,0.8118106273666497,-0.4337775373879477,False,False,False,True,False,False,False,False,True,False,False,False,True,False,False,False,False,True,False,False,False,True,False,False,False,False,True
0.5374897846163219,-0.5636125370977491,0.9921750768457969,0.32807202462895113,-0.7400935723182633,1.4306224038123003,1.3330780537244025,-0.14612622978451675,1.4858844292720628,False,False,True,False,False,False,False,True,False,False,False,False,False,True,False,False,False,False,True,False,False,False,False,True,False,False,True
1.3194703557390448,0.19825645834575917,-1.280065952185048,0.6271598018695677,0.5719084698547279,1.3170263526561383,0.8259163105737489,-0.04468226212175874,-0.2346893091962467,False,True,False,False,False,False,False,True,False,False,False,False,True,False,False,True,False,False,False,False,False,False,True,False,False,True,False
0.5374897846163219,0.2848787659749133,-1.471164872415675,0.2582670668448002,-0.050521691875677045,-0.43086526767363204,0.3259952518332559,0.0013025944568876827,1.0557409946549854,False,False,False,False,True,False,False,False,True,False,False,False,False,True,False,False,True,False,False,False,False,True,False,False,False,True,False
-1.287131548003365,0.24021293255969603,1.1028490826799013,0.8309742430388523,0.8466176623662449,-0.5982625154122745,0.2027058506102384,0.5088229334402817,1.0557409946549854,False,False,False,True,False,False,True,False,False,False,False,True,False,False,False,False,False,False,False,False,True,False,False,True,False,False,True
-0.6615470911051866,-1.5764229820193632,-0.38613424481052294,-0.585481892713947,1.3109082064819577,-1.2261832466409555,-0.73780957139175,0.05181172295648221,-0.2346893091962467,False,False,False,False,True,False,False,False,True,False,True,False,False,False,False,False,False,False,False,True,False,False,True,False,False,False,True
0.5374897846163219,-0.030779633772750614,0.9533239753187592,-0.5562156708580207,7.594430322169477e-05,0.38075162443669613,-0.27091373692843784,-0.2248276007745152,1.0557409946549854,False,False,True,False,False,False,False,False,False,True,False,False,False,True,False,False,False,False,False,False,True,False,False,True,True,False,False
0.5374897846163219,0.39246628285269197,-0.49136686278914216,0.4783115802817077,-0.5597824361660979,0.27614122159649496,0.004158985958761948,-1.6646302314472836,-1.5251196130474787,False,True,False,False,False,False,False,False,False,True,False,False,False,True,True,False,False,False,False,False,False,False,False,True,False,True,False
0.01616940386783992,-0.5095811229162818,-0.0371085124713343,0.7771637002448019,-1.2547103882796546,0.09150339488847009,-0.8416546003374266,-1.1254995026639887,0.45021872866779256,False,True,False,False,False,False,False,False,False,True,False,True,False,False,True,False,False,False,False,False,False,False,False,True,False,False,True
0.01616940386783992,-0.3846370425552352,-0.5912630210165165,1.1632782208528483,1.768805172392527,-1.1295311311851979,-1.164294620786123,-0.04616213543874322,0.625597560037908,False,True,False,False,False,False,False,False,True,False,False,True,False,False,False,False,False,False,True,False,False,False,False,True,False,False,True
1.3194703557390448,-0.07296220426269592,1.1319358840248517,-1.6384788280634026,-0.8743850256275767,-0.37614451419241474,-0.676801890659343,1.2777843042313786,1.0557409946549854,False,False,False,True,False,True,False,False,False,False,False,True,False,False,False,False,False,True,False,False,False,False,True,False,True,False,False
-0.6615470911051866,1.0806612072626502,-0.0371085124713343,-0.05984746069122629,0.0057533326662321865,-1.5216480545488307,-0.8793194867899078,-0.5013618385591966,-0.664832743813324,False,True,False,False,False,False,False,False,False,True,False,False,True,False,False,False,True,False,False,False,False,False,True,False,False,True,False
-0.6615470911051866,0.39972249176418617,1.0663630366284584,1.1376707466903833,-0.681622913605847,0.1551980736215958,-0.7171919872533624,0.674010443698203,1.4858844292720628,False,False,False,True,False,True,False,False,False,False,False,False,True,False,False,False,True,False,False,False,False,False,True,False,True,False,False
0.5374897846163219,-1.4610134770405496,0.3062173574447664,1.3515629824613717,0.641866185221429,-0.5136766872031426,-1.5742662992164331,-0.9629418823317301,-1.5251196130474787,True,False,False,False,False,True,False,False,False,False,False,True,False,False,False,False,True,False,False,False,False,False,True,False,False,False,True
-0.6615470911051866,1.2948934977731907,-0.3489410349091059,-0.9283454000566682,-0.5339261609543056,0.9902971748013688,1.385133954582135,-1.6395491751678586,-1.5251196130474787,False,True,False,False,False,False,True,False,False,False,False,False,False,True,True,False,False,False,False,False,False,True,False,False,False,False,True
0.9594918322442278,-0.6948096170251105,-0.7334017666665119,-0.366201153526197,0.1128492435378745,-0.8743446231101087,-0.04589606804556297,1.3168936795522432,-1.5251196130474787,True,False,False,False,False,False,False,False,False,True,False,False,True,False,False,False,False,False,False,True,False,False,False,True,True,False,False
-0.6615470911051866,0.6579251201597549,-0.7660666489228809,-1.4343557866989791,-0.9471772072628845,0.9840365026026585,0.5242190629070345,-1.1480075208148517,0.19545412542083065,False,False,True,False,False,False,False,False,True,False,False,False,False,True,False,False,False,True,False,False,False,False,False,True,False,True,False
-0.6615470911051866,1.4793309922274356,-0.7335038932261239,-0.4836311118356406,1.1780196870773882,0.634928980045329,-1.260248436388671,1.523848355228488,1.0557409946549854,False,True,False,False,False,True,False,False,False,False,False,True,False,False,False,True,False,False,False,False,False,False,False,True,False,False,True
-1.287131548003365,0.7360155641831297,0.3877907889936337,-1.0758262898384554,0.13379054220199935,-0.5371354040195383,0.288581447431763,-0.5549039878740345,1.4858844292720628,False,False,True,False,False,False,False,True,False,False,False,True,False,False,False,False,True,False,False,False,False,False,False,True,False,True,False
1.3194703557390448,-1.2863379771973373,-0.33758316437859937,-1.2175052436912188,1.4289447256772354,3.161041832683278,-0.7749023525621733,1.5836264779981812,1.4858844292720628,False,False,True,False,False,False,False,False,False,True,True,False,False,False,False,False,False,True,False,False,False,False,False,True,True,False,False
1.3194703557390448,0.15393557389775034,1.614659361997259,-1.468004980181849,1.5461581151356167,-0.7483403991194434,1.0211246348302103,-1.2085485552972501,-1.0949761784304013,False,True,False,False,False,False,False,False,False,True,False,False,False,True,True,False,False,False,False,False,False,False,False,True,False,False,True
0.01616940386783992,0.5797481992631028,-1.5670779096763678,-1.4388625734983302,1.6589868717201408,0.625181232816052,-0.45869548986224273,-0.5554880761135788,1.0557409946549854,True,False,False,False,False,False,True,False,False,False,False,False,False,True,True,False,False,False,False,False,False,True,False,False,False,False,True
-1.4124692450081984,0.029690261250464756,-0.2052936285244693,-1.2382894437851453,-0.7507360717785088,-1.404796196409878,-0.1562820805727262,-1.5924387166230547,-1.0949761784304013,False,False,False,False,True,True,False,False,False,False,False,True,False,False,False,False,False,False,True,False,False,False,True,False,True,False,False
0.5374897846163219,-0.01045467325901098,0.8745271658447024,-1.0339005070963743,0.13169558508542425,1.5381700383398775,0.19347996827464578,-0.19458729688986365,-0.2346893091962467,False,True,False,False,False,False,True,False,False,False,False,False,True,False,False,False,False,False,False,True,False,False,False,True,False,True,False
1.3194703557390448,1.0033484399615311,0.40057771172180395,1.491149550661623,-0.016673832069998503,-0.17066957221647416,0.9022372617050456,-0.6507006359200721,1.4858844292720628,False,False,False,False,True,False,False,False,True,False,False,False,True,False,False,False,True,False,False,False,False,False,False,True,False,True,False
-0.6615470911051866,-0.3220004594136376,0.7433486678592611,1.0636580191767966,1.6733202751790395,0.33499408000301306,-1.2003896202303141,0.17802884007038272,0.625597560037908,False,False,True,False,False,False,False,True,False,False,False,False,False,True,False,False,False,False,False,True,False,True,False,False,False,False,True
1.3194703557390448,-0.4529378944479345,-0.1677024236540759,0.08152232970380383,-1.1172049251369762,0.2641820740546723,-1.3267651127965907,-0.587574235984256,1.0557409946549854,False,True,False,False,False,False,False,True,False,False,False,False,False,True,False,False,False,True,False,False,False,True,False,False,False,False,True
0.01616940386783992,1.5417778869162302,0.9240733330271544,-0.3034048459366788,-1.5856716749805135,0.3273595341881695,1.5246224025993023,-0.29474884702638693,0.625597560037908,False,False,False,True,False,False,True,False,False,False,False,False,True,False,True,False,False,False,False,False,False,False,False,True,False,False,True
0.01616940386783992,-1.1453221956667763,0.934332370716514,-0.658209887412339,0.0520810065932743,1.2068219680483325,-1.317119906460963,1.25901996524052,1.0557409946549854,False,False,True,False,False,False,False,False,True,False,False,False,False,True,False,False,False,False,False,False,True,True,False,False,False,False,True
-0.6615470911051866,-1.3005672120459846,1.2415828075043691,-0.24571905365892074,-1.2680930531656711,0.3803142470465792,-0.8525840620020078,0.25540637830921054,-1.0949761784304013,True,False,False,False,False,False,False,False,True,False,False,True,False,False,False,False,False,True,False,False,False,False,False,True,False,True,False
0.01616940386783992,-0.8067382276935368,1.2884005067090745,0.3194507531675434,-1.0375640372949042,-1.3005421989008294,1.0414211709490169,1.0596649956831776,-0.21594804642535506,False,False,False,True,False,True,False,False,False,False,False,True,False,False,False,False,False,True,False,False,False,False,False,True,False,False,True
-0.6615470911051866,-1.034243360953645,0.8595751861500099,-1.359224420707387,1.184553539747987,-0.4298156466636983,-0.41036804002391675,0.060506909020110106,0.625597560037908,False,False,True,False,False,False,True,False,False,False,False,False,True,False,False,False,False,True,False,False,False,False,True,False,True,False,False
1.3194703557390448,1.2016745494126977,1.1578693475451713,1.5069245570457692,-1.203875019978078,1.0948937568866703,-0.12527205352872808,1.634736359172876,-0.2346893091962467,False,False,False,False,True,True,False,False,False,False,False,False,True,False,True,False,False,False,False,False,False,False,False,True,False,False,True
0.01616940386783992,1.0685025866456803,-0.0371085124713343,0.44289005017439426,-0.7352428998118067,-1.061148250822439,0.9070757458980039,-0.9814463481126252,-1.0949761784304013,False,False,False,False,True,False,False,False,False,True,True,False,False,False,True,False,False,False,False,False,False,True,False,False,True,False,False
0.01616940386783992,-1.615285128129491,0.40526449626728156,-1.3090970625038358,0.879750030041539,-0.7271581234813096,0.7414250172605198,-1.3798402722807839,-1.0949761784304013,False,False,False,True,False,False,False,False,True,False,False,True,False,False,False,False,False,False,False,False,True,False,False,True,False,True,False
1.3194703557390448,-0.047965476330029205,0.5620283104615181,-0.4572600884642348,-0.3344820784722756,-1.0230382987158528,-0.6748722948846678,-0.6913646010225916,-0.664832743813324,False,False,True,False,False,True,False,False,False,False,False,False,True,False,False,False,False,False,False,False,True,False,False,True,False,True,False
-1.287131548003365,-1.3751145087396444,-1.3356649399204596,-0.011069440842125853,-0.8928953376643074,0.24601628018594016,-1.0317452534264027,0.7231237971387968,-0.664832743813324,True,False,False,False,False,False,False,True,False,False,False,True,False,False,False,False,False,False,False,False,True,False,True,False,True,False,False
0.01616940386783992,0.6766084542429982,-0.8741923204158518,-0.8020642334085918,-0.8283793928506306,-0.8182803983894147,1.3022220502351232,-1.442016718300813,0.625597560037908,False,False,False,False,True,False,False,True,False,False,False,False,False,True,False,False,False,True,False,False,False,False,True,False,True,False,False
1.3194703557390448,1.0855614438447794,1.3569895523926012,-0.41884906728236865,-1.4458906709440753,-0.6369577536240292,-1.1534170522834601,-0.8962245426957972,-0.664832743813324,False,True,False,False,False,True,False,False,False,False,True,False,False,False,False,False,False,False,True,False,False,False,True,False,False,False,True
-1.287131548003365,1.3489543659542844,0.6045760002949471,1.095428580308686,-1.5558716141907825,0.4693533602896892,-0.39445994501396586,-1.297063994606588,0.625597560037908,True,False,False,False,False,False,False,False,False,True,False,True,False,False,False,True,False,False,False,False,False,True,False,False,False,False,True
0.01616940386783992,0.9124209384571943,-0.8564762954873792,-0.6783156844574446,0.07736023615370383,0.44339725856456147,-1.000156291712702,0.8652851935062349,-1.0949761784304013,False,True,False,False,False,False,False,False,False,True,False,True,False,False,False,False,False,False,False,True,False,False,True,False,True,False,False
-0.6615470911051866,-1.020526142210352,-0.3592221917630635,0.43009534110081593,1.2602514376481793,-1.0091734795403209,0.40346745729193234,1.4797817607394952,0.625597560037908,False,True,False,False,False,False,False,False,False,True,True,False,False,False,False,True,False,False,False,False,False,True,False,False,True,False,False
1.3194703557390448,-1.6046226079790253,-1.1594105361548126,0.5156468445903272,1.4172395436403986,-0.5466249699176521,1.594359043149275,-0.09119167215872043,-0.2346893091962467,True,False,False,False,False,False,False,False,True,False,True,False,False,False,False,False,False,False,True,False,False,True,False,False,False,True,False
0.01616940386783992,0.8193182339329755,0.45259967198385176,-0.4022837149698657,1.256833589749588,-1.121161194467666,1.1311257729933903,0.8123470044382828,0.19545412542083065,True,False,False,False,False,True,False,False,False,False,False,False,True,False,False,False,False,False,False,False,True,False,False,True,False,False,True
0.01616940386783992,-0.32264234731189495,-0.831288915817888,1.296125475348716,0.567654126951561,-0.9238333582345264,0.004158985958761948,0.471639376852901,0.625597560037908,False,False,False,False,True,True,False,False,False,False,False,False,False,True,False,False,True,False,False,False,False,True,False,False,False,False,True
-1.287131548003365,1.1285784788073194,0.3124562111496291,0.6324632997396978,-0.9635456243977638,0.9083300104563935,0.8242628516497607,1.555484922022878,-1.5251196130474787,False,True,False,False,False,True,False,False,False,False,False,False,False,True,False,False,False,False,True,False,False,True,False,False,True,False,False
0.01616940386783992,1.170318292362468,-0.5058842171567886,-1.613535716207448,-0.8363861302269199,1.4328087934638656,1.6946381414230882,-0.7569817880028401,0.625597560037908,False,False,False,False,True,False,False,False,False,True,False,False,False,True,False,False,False,False,True,False,False,True,False,False,False,False,True
0.01616940386783992,-0.9768127192242309,-0.20092214409710948,1.2769161863150333,0.5857153215698989,-0.599530254054783,-0.729129208330702,0.6148768535323963,1.4858844292720628,False,True,False,False,False,False,False,True,False,False,False,False,True,False,False,False,False,False,True,False,False,True,False,False,False,True,False
1.3194703557390448,-1.4908861178802293,0.06904604154901342,-1.6511697131461816,0.016655432891410655,1.0777067208543556,-1.0953384001223276,1.4521838523898583,1.4858844292720628,False,True,False,False,False,True,False,False,False,False,False,True,False,False,False,False,False,True,False,False,False,True,False,False,False,False,True
-1.287131548003365,-1.1082556421021432,1.2348525537507136,-0.8571185153322106,-1.4665555448895276,1.3143476581980669,2.9558751249469637,0.8489644459255185,-1.5251196130474787,False,True,False,False,False,False,False,False,False,True,False,False,False,True,True,False,False,False,False,False,False,False,False,True,False,False,True
0.01616940386783992,1.1552393955134066,0.49188573570320393,1.3587834692300418,0.8844874032866548,0.04311645509849368,-1.0734419781695306,0.8548827310833633,1.4858844292720628,False,False,False,True,False,False,True,False,False,False,False,False,False,True,False,True,False,False,False,False,False,True,False,False,True,False,False
1.3194703557390448,0.609890418777937,-0.16038615714140503,-0.42123969758452773,-1.2651301741067995,0.33556396293019186,-0.785932105928505,0.17355712861734982,-1.0949761784304013,True,False,False,False,False,False,False,False,True,False,False,False,True,False,False,False,False,False,False,False,True,False,False,True,True,False,False
-0.6615470911051866,-0.23302601562805086,-0.5051917806929688,0.924952360595952,-1.09751793120365,0.8878554887662918,1.2276349210079718,-1.117896504331456,-1.0575060708231965,True,False,False,False,False,False,False,False,False,True,True,False,False,False,False,False,True,False,False,False,False,False,False,True,False,False,True
0.01616940386783992,-1.5960368668128642,-1.3160130332669842,-0.730160251639571,-0.3521957120613369,1.0276166168393401,-1.5948256378724865,-1.0520518108191075,0.7997425582313729,False,False,False,False,True,False,True,False,False,False,False,True,False,False,False,True,False,False,False,False,False,False,False,True,True,False,False
1.3194703557390448,1.4634445655494048,0.947543516880143,-0.8729983571022703,-0.6306686940181697,1.0493944586790855,-1.316596136849716,0.9875434980084983,0.19545412542083065,False,False,True,False,False,False,False,False,False,True,False,False,False,True,True,False,False,False,False,False,False,False,False,True,False,True,False
-0.6615470911051866,2.798185043860422,-1.2320342030242455,1.4338823047641978,1.327014028163565,0.06259427869583262,-1.4791944472758436,-1.73031427159612,-0.664832743813324,False,True,False,False,False,True,False,False,False,False,False,True,False,False,False,False,False,False,True,False,False,False,True,False,False,True,False
0.5374897846163219,-1.3741602418984067,-0.062001372429259696,0.4049430524461722,1.0919393275494056,1.1102383598175234,0.004158985958761948,-0.5004445091200684,-0.2346893091962467,False,False,False,True,False,False,True,False,False,False,False,False,True,False,False,False,False,False,False,False,True,True,False,False,False,True,False
0.5374897846163219,-0.863975869885879,-0.2118505264937462,-1.04335626981213,1.6252795170338488,0.9221057617086993,2.070258273857163,-1.2800558840801364,-1.5251196130474787,False,False,False,False,True,False,False,False,True,False,False,True,False,False,False,False,False,False,False,True,False,False,True,False,False,True,False
0.01616940386783992,0.14645981052959867,-0.18158950321545733,0.35094515788068925,-1.2597158008080425,0.7139254188034073,1.6991383974202847,0.9180746565623568,-1.0782120699514315,True,False,False,False,False,False,False,False,False,True,True,False,False,False,False,False,False,False,False,True,False,False,False,True,False,True,False
-1.287131548003365,0.08236791495401169,-0.5684553433557784,-1.23020730061027,0.17373549425415996,-0.7652050164084778,-0.9776307955310963,-1.168238242708998,1.4858844292720628,False,False,False,True,False,False,False,True,False,False,False,False,True,False,False,False,False,True,False,False,False,False,False,True,False,True,False
0.01616940386783992,0.3814818659901152,0.04600164248375174,-1.2338600279064487,0.34747846083154627,-0.6873945850298859,-0.4242175318219532,-1.3118259230713802,-1.5251196130474787,False,True,False,False,False,False,False,True,False,False,True,False,False,False,False,True,False,False,False,False,False,False,False,True,False,False,True
1.3194703557390448,-1.3173831703337993,-0.7352166056467209,0.4659465519815218,-0.9113444517723883,0.9257103323574389,1.1861699506190588,1.3810077967247092,1.4858844292720628,False,False,False,False,True,False,False,False,True,False,False,False,True,False,False,True,False,False,False,False,False,False,False,True,False,True,False
1.3194703557390448,-0.5752042889832235,-0.9619561720711217,1.240327826674327,-1.4368291336513157,0.3330876498275855,0.7916175999605851,1.3277368248440613,1.0557409946549854,True,False,False,False,False,False,False,True,False,False,True,False,False,False,False,False,False,False,False,False,True,True,False,False,False,True,False
-0.6615470911051866,-0.9432406827682158,0.859586909167916,-0.8959773135287482,-0.1792408224958675,-0.8188585512573718,0.004187191680953949,-0.4153735468034978,-0.2346893091962467,True,False,False,False,False,True,False,False,False,False,False,True,False,False,True,False,False,False,False,False,False,False,True,False,True,False,False
0.01616940386783992,-0.4512864370891871,0.2830333763208761,1.3284359072611123,-0.27970484671543705,-1.2311449302687083,-1.3659734402408517,-0.6496809636008534,1.0557409946549854,False,False,True,False,False,False,True,False,False,False,True,False,False,False,False,False,False,False,False,False,True,False,False,True,False,True,False
-0.6615470911051866,-0.07697674659990901,-0.0371085124713343,0.8587966061162836,0.7890032353520849,0.1695095059317262,0.8486302208660835,1.2667444837595816,-1.0949761784304013,False,False,False,True,False,False,False,False,False,True,False,True,False,False,False,False,False,False,False,True,False,False,False,True,False,True,False
0.5374897846163219,0.2670203185944533,0.1347729054871803,1.349559746532383,-0.9606982684636161,-0.09873961892462305,1.0611095449775254,-1.1587438681644644,-1.5251196130474787,False,False,False,False,True,False,False,False,True,False,False,False,False,True,True,False,False,False,False,False,False,False,False,True,True,False,False
-0.6615470911051866,-0.453969901294316,-0.3009585462313941,0.11996870566021586,1.8187559045253294,1.0359517386955952,-0.12742518119250418,1.6600738760219345,-1.5251196130474787,False,False,False,False,True,True,False,False,False,False,False,False,True,False,False,False,False,False,False,True,False,False,False,True,False,True,False
-0.6615470911051866,0.47753404732326055,-0.43178570590502824,-0.3202245767884706,0.44168954601772553,3.161041832683278,1.1253327949306413,-0.7294092960058872,0.625597560037908,False,False,False,True,False,True,False,False,False,False,False,False,False,True,False,False,False,False,False,True,False,True,False,False,False,False,True
1.3769713607910858,0.4147671657498802,-0.38066780258897637,1.1173292310106167,-1.4999263383777222,-0.15467412166830433,-1.0208204418870754,0.7913437395577568,-1.5251196130474787,False,False,True,False,False,False,True,False,False,False,False,False,False,True,False,False,True,False,False,False,False,False,False,True,False,True,False
0.01616940386783992,-0.30834980465288997,-0.9297936686610531,-1.5016905747237008,-1.1786688352205372,-1.0737860344748902,0.004158985958761948,0.4975911584619176,1.0557409946549854,True,False,False,False,False,False,False,True,False,False,True,False,False,False,False,False,False,False,False,False,True,False,False,True,True,False,False
1.3194703557390448,-0.022002317984259803,-0.6094690142950072,0.8115739304762724,1.3106066700223085,-0.7975350229415861,-0.08966371744550587,-1.5560174757148348,-1.0949761784304013,False,False,False,False,True,False,False,False,True,False,False,True,False,False,True,False,False,False,False,False,False,False,False,True,False,False,True
0.5374897846163219,-1.395002347455256,-1.0233213119320106,-0.9147851066109485,1.0594342679018762,-0.4252259793432851,0.4493518713715121,-0.6967880096278177,1.4858844292720628,False,False,True,False,False,False,True,False,False,False,False,False,True,False,True,False,False,False,False,False,False,False,True,False,False,False,True
0.5374897846163219,-0.805851855659258,1.7440927818813352,-1.401756857460706,-0.4779763542323352,1.0889297375213336,-0.8505448470323924,-1.1726539204577577,-1.5251196130474787,False,False,True,False,False,False,False,False,True,False,False,True,False,False,False,False,True,False,False,False,False,False,True,False,False,True,False
0.19506939754750305,-0.2863575442508905,-1.8480250633750364,-0.6819564028504658,-1.5448898323544429,1.3932726024241724,-0.1943245021427878,-1.413846204378446,1.4858844292720628,False,False,False,True,False,False,True,False,False,False,False,True,False,False,False,False,True,False,False,False,False,False,True,False,False,False,True
1.3194703557390448,0.7758090454494929,-1.3406504980623724,1.4968938775164018,0.15421478500677815,-0.3245835843077412,0.05667363436773598,2.372873938909568,1.0557409946549854,False,False,False,False,True,False,False,False,False,True,False,True,False,False,False,False,False,False,True,False,False,False,True,False,False,True,False
-1.6925121391230133,-0.8941716749724283,0.8680712883277599,-0.41215530285356233,0.9309674547768063,0.9063023681833926,-1.3588675280615654,-0.9355294043904255,-1.0949761784304013,False,False,False,False,True,False,False,False,False,True,False,True,False,False,False,True,False,False,False,False,False,False,True,False,False,True,False
0.5374897846163219,0.01970649935266233,-0.4190812488754003,-1.0873160913505409,-1.24929696539241,-0.776701853744889,-1.3108286553392077,1.1704173849989812,-0.2346893091962467,False,False,False,True,False,False,False,False,False,True,False,True,False,False,False,False,False,False,False,False,True,True,False,False,False,False,True
-1.287131548003365,0.7834820205684593,-0.5238211917128911,-1.5457524059515717,0.7899303735134291,-0.35719495234250637,-0.8468273562140202,0.3669607863742556,1.0557409946549854,True,False,False,False,False,False,False,False,False,True,False,False,True,False,False,True,False,False,False,False,False,False,False,True,False,False,True
0.5374897846163219,1.2975726764378008,-0.0371085124713343,-0.08066762916808197,-1.567463549725655,0.37079230324048107,-1.6395186888773075,-1.5770790961967522,-1.5251196130474787,True,False,False,False,False,False,False,False,False,True,False,False,False,True,False,False,False,False,True,False,False,False,False,True,False,True,False
-1.287131548003365,-0.5362356374680057,-1.0635518455843702,-1.2180314247491701,0.7264127179437609,0.2097514493228348,1.3214503739606378,-0.684111372127738,-1.0700034842111588,False,False,False,False,True,False,False,False,True,False,False,False,True,False,False,False,False,False,False,False,True,False,True,False,True,False,False
1.3194703557390448,-0.5416486672041197,0.32592608475465995,0.8326397709407118,-1.5797746699695334,-0.9314890588732915,0.3300508224996719,0.06053273963970703,-0.664832743813324,True,False,False,False,False,False,False,False,True,False,False,True,False,False,True,False,False,False,False,False,False,False,True,False,False,False,True
0.01616940386783992,-1.373397811353874,-1.7737679292724855,0.28128120827687,-1.5353242654180026,0.7084133989278752,0.9831308969037026,-0.6207936755618353,-0.664832743813324,False,False,False,False,True,False,False,False,True,False,False,False,False,True,False,False,False,False,False,False,True,True,False,False,False,True,False
0.01616940386783992,-1.3234421106961594,-0.7181868213682415,0.5189610446867019,0.7024264258030326,-1.055574861712393,0.004158985958761948,-0.062053096021983264,-0.664832743813324,False,False,False,False,True,False,True,False,False,False,False,False,False,True,False,False,False,False,False,False,True,True,False,False,True,False,False
0.01616940386783992,0.33654056558747464,-1.1304573990946964,-0.6193836041790822,-0.9367081285846971,-0.5068937596604709,0.1781334838041644,0.3088825611862908,1.0557409946549854,False,True,False,False,False,False,False,True,False,False,False,True,False,False,False,True,False,False,False,False,False,False,True,False,False,False,True
-0.6615470911051866,-1.559450141645161,1.4571172202970883,1.0376691970790364,-1.283059999526362,-0.46177070334157283,0.24213945760087033,0.7318981772585567,-1.0949761784304013,False,False,False,True,False,False,False,False,False,True,False,False,True,False,False,False,False,True,False,False,False,False,False,True,True,False,False
0.5374897846163219,-1.7887151615334032,0.6819164704753204,0.8729038640301076,0.5883204682776314,-0.6516714081748113,-1.289275245334921,-0.36617524329557877,-1.5251196130474787,False,False,True,False,False,False,False,False,False,True,False,False,True,False,True,False,False,False,False,False,False,True,False,False,False,True,False
1.3194703557390448,-0.2972495599557546,3.0866444828143207,-0.63396862489425,-1.5193259218707205,1.0158585650651597,0.17560613013554968,0.41566185520617327,-1.5251196130474787,False,False,False,False,True,False,False,False,True,False,False,False,True,False,False,False,False,True,False,False,False,False,True,False,False,True,False
-0.4928218410370008,-1.384186580010837,-1.3218567936202232,-0.7357242937183852,-0.0845945177647398,-1.0068630246609764,0.004158985958761948,-0.17076820982412444,0.625597560037908,False,False,False,True,False,False,False,True,False,False,False,True,False,False,False,True,False,False,False,False,False,False,False,True,False,True,False
0.5374897846163219,0.9823603021067526,-0.9683854195402052,-0.5632791204427412,1.7296212714320716,0.3981317781010833,0.9403796484351448,-0.9350896043885875,-0.2346893091962467,True,False,False,False,False,True,False,False,False,False,False,False,False,True,False,True,False,False,False,False,False,False,True,False,False,True,False
0.01616940386783992,0.9477910852785854,0.0037621762255747393,-0.9442875829701695,1.1858304546039087,-0.9079310841638721,-1.44652458182842,-1.1793608332531786,0.19545412542083065,False,False,False,False,True,True,False,False,False,False,True,False,False,False,False,False,True,False,False,False,False,True,False,False,False,False,True
1.3194703557390448,-0.5132900554308347,1.7160391778590474,-0.46753722809704795,1.2347868642324342,0.4649965800522178,-0.6281179502240274,-0.15281401305089032,-0.664832743813324,True,False,False,False,False,False,False,False,False,True,False,True,False,False,False,False,False,False,True,False,False,True,False,False,True,False,False
0.01616940386783992,0.7141714491068872,-1.2408477015431985,-1.0888138633866165,0.6934691905749087,0.16077186263880683,-1.427498973514835,0.07829051763889416,1.0557409946549854,False,True,False,False,False,True,False,False,False,False,True,False,False,False,False,False,False,False,False,False,True,False,False,True,True,False,False
-0.6615470911051866,-1.2699448398948705,0.29549817868978634,-1.0091564590637658,1.2444645734863253,0.4698273152924993,-0.005998919776754092,-0.8855611755874624,0.2053816847839643,True,False,False,False,False,False,False,False,True,False,False,True,False,False,False,False,False,False,False,False,True,False,False,True,False,True,False
-0.6615470911051866,1.5373512874034088,-0.6938685873160934,-1.157049597339072,0.05307804394661104,0.9838703249665499,0.6987307211247089,-1.0182923210584298,-1.0949761784304013,False,False,False,False,True,False,False,True,False,False,False,True,False,False,False,False,True,False,False,False,False,True,False,False,False,True,False
1.3194703557390448,0.5733582012387959,1.4542612071766232,1.4372615486598002,-0.06700908471143018,1.4546026615020005,-0.56432221992829,0.26008132223403635,0.19545412542083065,False,False,True,False,False,False,True,False,False,False,True,False,False,False,False,False,False,False,False,True,False,False,True,False,False,True,False
-0.6615470911051866,0.608338327590128,-0.051572272999545046,-0.4321672671521665,-0.8356130197609873,-1.5905610247397919,-1.2435278727171504,1.165781883802049,-0.2346893091962467,False,False,True,False,False,False,True,False,False,False,False,True,False,False,False,False,False,False,False,False,True,True,False,False,False,False,True
1.3194703557390448,-0.9920172408828497,1.4102616372622165,0.08133140507277753,0.03878132412512529,1.0823427445312317,1.6209632947524797,-0.7671582292395797,0.08105976290425763,False,False,True,False,False,False,False,False,False,True,True,False,False,False,False,False,False,False,True,False,False,False,True,False,True,False,False
0.5374897846163219,-0.638933942952323,-0.0371085124713343,-1.4746308153468792,-0.8211888124618685,-1.4437563167382903,2.9493183664214526,0.7410434758647045,-1.0949761784304013,False,False,True,False,False,False,False,False,True,False,True,False,False,False,False,False,False,False,False,False,True,False,True,False,False,False,True
-0.6615470911051866,1.0106026241682593,0.41608868303969115,-0.3310839982541985,0.9066817490044807,1.0896581250764363,1.6680326600114548,1.0793030655016955,-0.2346893091962467,False,False,False,False,True,False,False,False,False,True,False,False,True,False,True,False,False,False,False,False,False,True,False,False,True,False,False
1.3194703557390448,1.272418519872133,1.552317544654075,-0.6302755212529757,-1.2115317444350584,-0.23218481511008265,-0.7137314397242035,0.8140352065347961,0.06516170433908626,True,False,False,False,False,False,True,False,False,False,False,False,True,False,False,False,False,True,False,False,False,True,False,False,False,False,True
0.5374897846163219,0.2586113255103311,1.2790684585481504,-0.9978485625044593,0.9465318529424878,1.0777791675124941,0.5724008082902653,-0.943188175011173,-0.2346893091962467,True,False,False,False,False,False,False,False,False,True,False,True,False,False,False,False,True,False,False,False,False,False,True,False,True,False,False
0.01616940386783992,-0.8033362272097762,1.6054555100694698,-1.4762712202992347,-0.8960669885610493,-0.5617612856823969,-1.428230018019905,0.27589620661946124,1.0557409946549854,False,True,False,False,False,False,False,False,False,True,False,False,True,False,False,False,False,False,False,False,True,False,False,True,True,False,False
0.5374897846163219,-0.9669286756795332,1.4677912076086017,-0.04762516613075895,0.6114064122187942,0.27465021064383444,1.6090669417738894,-1.081121578170818,-1.5251196130474787,False,False,False,True,False,False,False,False,False,True,False,False,False,True,False,False,False,False,False,False,True,False,True,False,False,True,False
0.01616940386783992,0.9643167215575165,1.1150219869862783,1.2961308237608782,0.32820460494054066,-1.3201479668528815,1.7708843896435977,0.7766126188856585,-1.2070669313061086,False,True,False,False,False,False,False,True,False,False,False,False,True,False,False,False,False,False,True,False,False,False,False,True,False,True,False
1.3194703557390448,0.1115383307633568,-1.1734548644790082,-1.6584721340434105,0.21825818052637205,1.0570158198899482,-0.3060457339416036,0.6633779442196002,0.19545412542083065,False,False,True,False,False,False,False,False,False,True,True,False,False,False,False,False,False,True,False,False,False,True,False,False,True,False,False
1.3194703557390448,-0.19989605177470024,-1.398455144872002,0.8869127116376737,-0.33349017587686053,0.6967417321791255,-1.126912534836305,-0.8302687686291514,-1.0949761784304013,True,False,False,False,False,True,False,False,False,False,False,True,False,False,True,False,False,False,False,False,False,True,False,False,True,False,False
1.3194703557390448,-0.9667358101633223,-0.5440452683493858,-1.3147019448985404,0.2953244924210847,-0.9336852874139987,-0.10017245945243247,0.4118513281058082,-0.664832743813324,True,False,False,False,False,False,False,True,False,False,True,False,False,False,False,False,True,False,False,False,False,False,True,False,False,True,False
1.5758140536347858,0.41046086483163297,0.4241214578871858,-0.5876804529759126,-0.4710083731789428,0.3692069707543772,0.2368625383437652,0.18374641807468173,0.625597560037908,False,False,False,False,True,False,False,False,True,False,False,True,False,False,True,False,False,False,False,False,False,True,False,False,False,False,True
-1.287131548003365,0.23135473506106743,-0.4871940604723122,-0.5971725665410034,-0.48285017942815556,-0.3418276091660957,1.1651518247723849,-0.3721742842116403,0.19545412542083065,False,False,False,False,True,False,False,False,False,True,False,False,False,True,False,True,False,False,False,False,False,False,False,True,False,True,False
1.5950959718774234,-0.3785741274967707,-1.3586354488279928,1.3600782980462462,-0.11817489038636142,-3.139646919487664,1.4949795990950436,-1.0337290117025182,1.0557409946549854,False,False,False,False,True,False,True,False,False,False,False,True,False,False,False,False,False,False,True,False,False,True,False,False,False,False,True
0.5374897846163219,-0.6282826382621973,1.1588080031935308,1.078053482717575,-0.36501495710681203,0.38372680099950024,-1.064117377754294,-0.5418898580779589,-0.2346893091962467,False,True,False,False,False,False,False,True,False,False,False,True,False,False,False,True,False,False,False,False,False,False,True,False,False,True,False
0.5374897846163219,0.6295892435006664,0.29459271626181255,-0.21976147391021178,-0.3344562700783372,-0.7806731739692312,1.2516299100684276,-0.14497721581559547,-0.2346893091962467,True,False,False,False,False,False,False,False,True,False,True,False,False,False,False,False,False,True,False,False,False,False,True,False,False,False,True
0.5374897846163219,-1.280370097506423,-1.8618165042562098,1.3107496002244545,-1.266333262247353,-1.0352048736475028,-0.35751385277704534,-0.595320344746744,1.4858844292720628,False,False,False,True,False,False,False,False,True,False,False,False,True,False,False,False,False,False,False,True,False,True,False,False,False,True,False
-0.6615470911051866,-0.7431847676537789,1.090470089518206,-0.49640540607528516,1.1758136908927141,1.1539803159376711,-0.43819147841844464,-1.3379715810873676,-0.27926908910170894,False,False,False,True,False,False,False,True,False,False,True,False,False,False,False,True,False,False,False,False,False,True,False,False,False,True,False
0.2663616770715808,-0.2737485812568259,-1.4515749522095254,0.6035587676744211,1.399229975856523,-0.764951511255117,-0.3871829697881373,1.3464145858734282,-0.6780670863065241,True,False,False,False,False,False,False,True,False,False,False,False,False,True,False,False,False,True,False,False,False,False,False,True,True,False,False
-1.287131548003365,-0.675927516670939,0.8266396347926394,0.8363794750198528,-1.0880380697298586,0.5966497516573492,0.6427970533211893,-0.563693574390476,-0.664832743813324,False,False,False,True,False,True,False,False,False,False,False,True,False,False,False,False,True,False,False,False,False,True,False,False,True,False,False
-1.287131548003365,-0.11192719572567461,-0.0371085124713343,1.3589584195903466,0.19456463597024823,0.5155811444694108,-0.8889169991085318,0.7687721145212643,-1.5251196130474787,True,False,False,False,False,False,False,True,False,False,False,False,True,False,False,False,False,True,False,False,False,False,True,False,False,False,True
0.01616940386783992,-0.12265986083080684,-0.8718234146527865,0.00877689896098425,-0.8472153663473139,1.2947031127018176,1.4909680025691459,-1.0582537070183256,0.19545412542083065,False,True,False,False,False,False,False,True,False,False,False,False,True,False,False,False,True,False,False,False,False,False,False,True,False,False,True
-1.287131548003365,-1.417124189560911,1.6489962892503764,1.1587268887160171,-0.27283106778778926,0.5034681329688833,-0.2214838488284772,0.5899159474587689,0.625597560037908,False,False,True,False,False,False,False,True,False,False,False,False,False,True,False,False,False,False,False,False,True,True,False,False,False,True,False
-0.6615470911051866,-0.9420787478502473,-0.0371085124713343,1.3526558012984364,0.41204601350146136,0.8361601489402624,-0.5385846840096941,0.9245030380830059,0.19545412542083065,True,False,False,False,False,False,False,False,False,True,False,False,True,False,True,False,False,False,False,False,False,True,False,False,False,False,True
1.467495629072079,1.1783679526463662,-0.8815797178838687,0.14050294398737287,1.4991847270438794,0.5064635975290733,-0.24739396011896272,-0.7568778303410848,-0.664832743813324,False,False,True,False,False,True,False,False,False,False,True,False,False,False,False,False,False,True,False,False,False,False,False,True,True,False,False
-1.3729556849320883,0.7421730723751373,-0.5015939033930141,-0.23664099746372488,0.4248767058992148,-1.3943193497678936,0.24714746295351736,1.105301570356047,0.19545412542083065,False,False,False,False,True,True,False,False,False,False,False,True,False,False,False,False,False,False,False,False,True,False,True,False,False,False,True
-1.287131548003365,-0.985816646907217,0.8896775906954618,-1.2201742978088215,-1.1528228875478979,0.443383184228943,-1.1452052734365044,1.4080037755634083,-1.0949761784304013,False,False,False,False,True,True,False,False,False,False,False,False,True,False,False,True,False,False,False,False,False,False,True,False,False,True,False
1.3194703557390448,0.05765668500421296,-0.5962708744237585,0.14872267823899266,1.51769156004322,-0.9657543033781212,-0.4482347916880819,0.44247823678128695,-0.2346893091962467,True,False,False,False,False,False,True,False,False,False,False,False,True,False,False,False,False,False,False,False,True,True,False,False,False,False,True
0.01616940386783992,-0.7786459307068824,1.043445782887686,0.9193511484656183,1.4803413397602476,-0.8723912343623489,-0.7914914735535902,0.3677272915263054,-1.5251196130474787,False,True,False,False,False,False,True,False,False,False,True,False,False,False,False,False,False,False,False,False,True,False,False,True,False,False,True
0.5374897846163219,0.41395641283593687,-0.055175868023795704,1.2659733391044947,0.49287894227997064,-0.9841700827066227,1.7413604739157746,0.5908496683387328,1.4858844292720628,False,True,False,False,False,False,False,False,True,False,False,True,False,False,False,False,False,False,False,False,True,False,True,False,False,True,False
0.5374897846163219,-0.42030148222251107,1.179270363544558,0.9976680013764918,1.3391592761302262,-0.8625477746625854,-0.1519472561541922,0.23879362142385055,1.0557409946549854,False,False,False,False,True,True,False,False,False,False,True,False,False,False,True,False,False,False,False,False,False,True,False,False,True,False,False
