Speed_kmh,Acceleration_ms2,Battery_State_%,Battery_Voltage_V,Battery_Temperature_C,Slope_%,Temperature_C,Humidity_%,Wind_Speed_ms,Tire_Pressure_psi,Vehicle_Weight_kg,Distance_Travelled_km,Driving_Mode_1,Driving_Mode_2,Driving_Mode_3,Road_Type_1,Road_Type_2,Road_Type_3,Traffic_Condition_1,Traffic_Condition_2,Traffic_Condition_3,Weather_Condition_1,Weather_Condition_2,Weather_Condition_3,Weather_Condition_4
1.6174761643375832,-1.4429720337357437,1.2167109631849582,0.11759403840803162,0.6341947014479428,-1.1346366171858002,-1.261750212228377,1.2365581027465318,-1.118152339398235,-0.4998778522294961,0.8415149432102186,0.03421794465634097,True,False,False,True,False,False,False,False,True,True,False,False,False
-0.9654366454133506,-1.233432927099036,1.4209040196307134,-0.8277037103198156,1.5121352656064062,-0.6668518805768011,-1.2910610812911254,-0.15041330166058986,-1.2179086512852826,0.6370691675497426,-1.3794580304989794,0.013361835924609128,False,True,False,False,False,True,False,False,True,True,False,False,False
-1.602648061780419,-1.240017589031217,-0.123403324409932,-0.3564723970967793,-1.252916093566551,-1.5330866539099046,-0.9538337593231797,-0.6150276932135799,1.0415627852010299,1.326445032490899,1.1042741807204446,-0.7337974149407238,True,False,False,False,True,False,False,True,False,False,False,True,False
0.15074869234660093,1.7412533107346009,1.1382074629699215,0.9488268305022267,0.715900621008073,-1.3154799538388826,-1.4480751848298807,1.0556502005237658,-1.4023441652435646,-0.7341418569944411,1.2847907381513157,0.7253722839071883,False,True,False,False,False,True,False,False,True,True,False,False,False
1.1104796631863756,0.6249079031080913,-0.582228846543677,-0.38299398792201034,1.191920923977971,1.6671378048313312,-0.24231379187312177,-1.6495429434524909,0.339399676999973,-0.4608361456904379,1.4447966354203623,1.5154198223589441,False,False,True,False,False,True,False,False,True,False,True,False,False
-0.1651078412906686,1.2712246950766986,-1.074211326885872,1.5749895958132545,0.8053937491249074,-1.203188341886181,0.9953120260185615,-1.1209251634725697,-1.3292827315396831,0.1954555965480464,0.9816347548912621,0.8832818226523699,False,True,False,False,True,False,True,False,False,False,False,False,True
1.4380299885025762,-0.21414679003652914,-0.2884907701766789,-1.4805346234034098,-1.1081906107353585,-1.4312227727564364,-0.28730582751170924,0.7502176549277215,0.11853530718507664,1.5271280327346413,0.03409493434169853,0.1154125277592909,True,False,False,True,False,False,True,False,False,False,False,False,True
-0.2980087324442302,0.3314477769466756,-1.1528990164676152,0.1702805580174138,-0.06638676014361235,1.1505315903554292,-1.5680979419600656,-0.3999311001161093,-0.39500977858630176,-0.8182966030667654,0.7327855900425674,0.22607547112883214,False,False,True,False,True,False,False,False,True,False,True,False,False
-0.5658120399647056,1.0753237951160008,0.6432961302048479,1.6552787079818925,0.8455994135278793,1.6234497602512445,0.19570617738697985,1.5478393306960498,1.3729382939960262,-0.02315832810713145,-1.273276069619132,-1.179401551399589,False,True,False,False,False,True,True,False,False,False,False,False,True
0.9887524244841596,-0.9966896994598702,1.4775257247228302,-0.12914917121822367,1.3831641901198846,0.4653083825434761,1.2465362016213415,0.6134305256063404,1.1826070589498525,0.4833032427914188,1.465134785076725,-0.02686434904819028,True,False,False,True,False,False,True,False,False,True,False,False,False
-1.5498797930873571,-0.38460665005164024,-0.5719208820907893,-1.6520193798541962,0.679856342576964,-0.9882538195837858,0.9238055037200954,-0.20087932008072523,0.8054910396185911,0.9554928731415017,-0.48412615406835263,1.1105541514612838,True,False,False,True,False,False,False,False,True,True,False,False,False
1.5475768328717392,0.44402559142518605,-0.011738483941082912,-0.6143059602158422,1.6509406272654725,0.1499520053250955,-0.5081499206399928,-0.20568169902448658,-0.3328902576480874,-0.36981017985930714,0.988337938247355,-1.4233041364204513,True,False,False,False,True,False,False,True,False,False,False,True,False
-0.24789602916126832,1.026871651443215,0.7982788077453142,-1.1971187565387085,0.41926339155796466,-1.4279981071850676,1.1230227570029983,0.18693341548733797,0.05080599325856978,-1.1812935464676653,0.44310896382648773,-0.001960312184853411,True,False,False,False,False,True,False,False,True,False,False,True,False
-0.6151654111118613,1.7417121820378585,-1.7183787686720178,-1.714536266841895,0.8418624676125693,1.6372327373770368,1.5713991013374307,-0.7465338317444447,0.8312655172164606,1.5855252937285604,1.7011079095645714,1.0618230365563288,True,False,False,False,True,False,True,False,False,False,False,False,True
1.5051719612523473,-1.2745965523465428,1.497404303386437,0.8038486919970601,-0.9327854717876418,0.5129184728627038,-0.8054718849103428,-1.7117261842814275,1.636935392650582,0.645554904027212,1.133297382125891,-0.2780990238735904,False,True,False,False,True,False,False,False,True,False,False,False,True
0.5696185008363638,-0.7108927521347302,-0.3810525054373988,0.7945876669538522,0.9430070394029035,-0.34246916452723347,1.2861122371531397,1.1227488265133472,0.7963982383621137,1.4383979074937698,-1.2000717917414456,-1.3729519038676448,False,True,False,True,False,False,False,False,True,True,False,False,False
1.3638498769807066,1.3006550710879972,0.6283230992209793,-1.2483011310872643,0.29136319122949544,0.03619557751548752,-0.8702873988704836,1.3695595273837424,-1.255090318763723,1.4518438421497946,0.1570248387664762,1.4785903088650683,False,True,False,True,False,False,False,True,False,False,False,True,False
0.7174017533932301,-1.3631699827293873,0.48628098932159636,0.5581191668839247,-0.6289052765788771,1.2856506874177698,0.16170486806751544,-0.7132575567088434,1.0497531595668042,-0.19039351155256717,-1.273016503544297,0.4472118659669358,False,True,False,True,False,False,False,False,True,True,False,False,False
-0.228053007720518,-0.5279802034488792,0.4099168043031523,-0.39661930522753924,0.2690576565957748,1.408201784199643,-0.249001295381179,0.3360489311892655,0.9995164474582844,0.7816988563313569,-0.4281113024208514,-0.00022197773959818312,False,True,False,True,False,False,True,False,False,False,False,False,True
-0.09093919546953944,1.4771423238983332,-0.44399524350408376,0.9444981558879652,-0.11252565896593605,1.5293297413703864,-0.5282568162631842,0.44735597774658287,1.3231754546039098,0.268301654312504,-1.7370771629531756,0.46653913123139557,False,True,False,False,False,True,False,False,True,False,False,True,False
-0.18984065236213096,-1.5347384449567303,0.30110006478077855,0.9883032000711405,-1.6419259868087253,-0.36419714899716554,-0.9608526998621509,-0.8375930329091714,0.13395416193498716,-0.009732508850301925,0.6325250366325295,-1.2321624382152876,False,True,False,True,False,False,True,False,False,False,False,False,True
-0.5478258552020404,0.10518509247525504,0.1831627403343085,0.084183408459498,0.9893142889818303,-1.1627657343015396,1.2780792465681385,-0.44874755332807786,1.1007920014115982,-1.2224482658415041,-1.2902843817530802,0.6108462260548442,False,True,False,True,False,False,False,False,True,False,False,True,False
-0.09385903409593543,1.0197668554136654,0.6678524063324165,-0.2422557096915116,-1.1032231231146874,-0.6972168710197396,-1.4129011659812905,0.43411084803648653,0.9330021037358353,0.7817966686009896,1.5633748290975966,0.015027825027922985,False,True,False,False,True,False,False,False,True,True,False,False,False
0.21615038729094282,0.0015522193138668534,0.3595180076150525,-1.0182586094529473,-0.3080411768469407,-0.04719693538498981,-0.11076789735129279,0.5090219520545815,1.5820613897021643,0.6867893599994291,1.1160679151338515,1.3357048192497614,True,False,False,False,False,True,True,False,False,True,False,False,False
-1.230409596937327,1.5308510391725163,1.6640336521159917,0.15641667155360933,1.574777200097446,0.7412304474812592,0.6372519538474218,-1.4535261722343522,0.5172792132437616,-1.4240056332694644,-1.3028682023411648,-0.6512933189583506,True,False,False,False,True,False,False,False,True,False,False,True,False
-0.30632773380246753,1.3667893022143822,0.476951138292046,-0.11056454669293334,0.2684806502677257,0.1324514118350936,-0.2639929183598629,1.575614905141591,1.435732404430509,0.3755653897619435,0.4035234728356245,-1.1846591255877907,False,True,False,True,False,False,False,True,False,True,False,False,False
-0.4348264994849326,-1.0939086666990843,0.1284232513658937,-0.023377414701777656,1.7093884611932757,-0.8982478084985044,-0.7338114431096135,-0.291013320185164,-0.754419866586116,-0.4244689990701003,-0.3271497007716564,-0.7403101701519706,False,False,True,False,False,True,False,True,False,True,False,False,False
-1.6073195432139575,-0.7203822055842211,1.1294992048696086,0.8365661049471093,-0.16195583321015883,-1.663113042459089,1.2569505806631047,0.21425450939737575,-0.058221375068680664,0.019627614899780613,0.43514157054638536,-1.0353601613028751,False,False,True,False,False,True,False,False,True,False,True,False,False
-0.8922898845304233,-1.1735659207703117,-0.11225767070905686,-0.44013361731840855,-1.6588699148131958,-0.8903195693201255,-0.33981556748318964,-1.0783050064726272,-0.7336247445701968,-0.4545835299352842,1.2748243868353721,-1.3611023088164642,False,False,True,False,True,False,False,False,True,False,True,False,False
-0.1463842725911294,-1.3570096623432284,0.5755437820002588,-0.6157731160736198,-1.7504862484165418,0.5940561397968014,-0.6592557209864316,-0.5557328359844085,0.5801969222616237,-1.453574854032476,0.3019724362244587,-0.2745683764874833,False,True,False,False,True,False,False,False,True,False,False,False,True
-0.554375974942421,0.15966265942888072,-0.05109108373087779,0.16804749480893055,-1.1912793365016459,-1.243469651264643,0.1729184714858036,1.240344479935328,-1.6310439215223718,1.141349406418814,0.6437888819988131,0.5473566198077935,False,True,False,False,False,True,False,True,False,False,False,True,False
-1.0584256732251063,1.0653233518151424,-1.423503206920031,0.5859933234961372,0.4962182285400213,0.7955568820038126,0.2734852543803035,-1.2029618658330306,-1.1314108563974608,0.635662846238427,-0.5458830058487799,-0.8595520352275136,True,False,False,True,False,False,False,True,False,False,False,True,False
0.5152732109039112,-0.4866331518062904,-1.0628354009419447,0.2919103580098102,-0.6212400809640601,-1.2253576416375374,1.3558300982283817,-0.7745712454330012,-0.36297671611578647,-0.32623915811104814,0.4641955840071059,-0.740074645228964,False,False,True,True,False,False,False,False,True,False,False,True,False
-0.5680539511143318,0.3816808095190899,-0.4718152375251001,0.46957999411192297,-0.47825641189996226,-0.4331344699796808,-1.3260692270656953,-0.07576359730178447,0.25135237579703423,-0.6628896966302641,1.6601654200483986,-0.20071667884492175,False,True,False,False,True,False,False,True,False,False,True,False,False
-1.3573188959485103,-1.3500256608694514,-0.3038276062766288,0.4441883014371075,0.46971734302530394,1.5463105185296113,-1.1247372751299103,-0.9893898314419912,-0.3863893432541572,-0.6496056855314011,0.06222674891108766,-0.10095867172482649,False,True,False,False,True,False,True,False,False,True,False,False,False
-0.8879014771711211,-0.020033155735042683,1.0188007380988935,-0.7738323381718785,-0.8452462830214571,0.06496258514592983,-1.3478706117697297,-1.137315573901706,1.3281483383092474,-0.11226599477481239,1.6664979643287803,-0.5294496426315253,False,False,True,True,False,False,False,False,True,False,False,True,False
1.0900884696267799,-1.6367526260886274,0.46559561624721935,-0.9708628739017643,1.3033230359523624,-0.1902095768372774,-0.6516028607309658,-0.476338850412524,-0.3966140373798492,0.22458930714655792,-1.1645435385026885,1.2561025696897892,True,False,False,False,True,False,False,False,True,False,False,False,True
0.6074516189683554,-1.27263986287493,-1.1469072870010848,0.6015100907834943,-1.4435198274824022,0.25731710913257333,0.1516530423800078,-1.3374456255999474,-0.487124186369479,0.6841391332379949,0.641192754443948,0.6846527776456591,True,False,False,False,False,True,False,True,False,False,False,True,False
-0.5112183197603968,-1.0160869864426234,0.4485632806263274,0.4917088161229573,-0.267705783695419,0.23837571732272142,1.6299555742656482,0.10266603670525633,0.8694509427512824,1.5865977623269136,0.8728823613888005,-1.6218573823440625,False,True,False,True,False,False,False,True,False,False,False,False,True
0.16110370192205592,-0.41976409047216146,-0.31704355979760657,-0.02148251751668923,-1.087082380798321,-1.384452337754612,-0.006874218422373834,0.5175114073152145,1.4070370123123936,-1.0560866688948674,-0.14105598887985177,1.5004818806170814,False,True,False,False,False,True,False,True,False,False,True,False,False
-1.4611126761571878,-1.2815975113229026,1.2619434494473747,0.9303146157258837,1.5669523187338283,-0.5653737924364917,1.5295697514506106,0.5761397739639327,-0.11913686558652539,-1.1232146593270271,0.6952409367581435,-0.8910025853029675,False,False,True,False,True,False,False,True,False,False,False,True,False
-0.11224501197413123,-1.7109839105018154,0.30088567099620755,0.3982784230866537,-1.7040051030056613,-1.0547811720288665,0.015666392857079017,1.3772723640325488,-1.2971051866296592,-1.379629927655352,0.8070748439135863,0.36751859811054666,False,False,True,False,False,True,False,False,True,False,True,False,False
1.1671921761762016,-0.42533387837400866,-0.16158604200267687,0.7422778828983173,-0.5153071636768174,1.6215108655420105,0.41925120376762826,0.2924906608550981,0.15670519448603626,-0.31020036265298734,1.3040144589881644,0.9515713254429811,False,True,False,False,False,True,False,False,True,False,False,False,True
-0.28461155583419795,0.581346301345431,0.8161877036168839,-0.8885942276904855,-1.732031244184142,-0.8939292077208905,1.202908030385843,1.5190073519525216,0.4874243350962598,-0.9245149668393975,1.2401227134897133,1.2734820286305317,False,True,False,True,False,False,True,False,False,False,False,True,False
-1.5109875193954598,-0.8600326605021443,1.1647855324412886,-1.4802226397947795,-0.7902462806566006,0.318220445778941,0.5532892079818305,-0.9936454372382639,1.7322300029510642,-0.5730450776607701,-1.7463727063968018,0.8725268008221488,False,True,False,False,False,True,False,True,False,False,False,False,True
0.27754451003725655,-0.9795051507679132,-1.2733580762638723,-1.6614289056502338,1.602916781326082,-0.2122363519271689,1.5617844051298926,-0.7478289945389429,1.4356013507328094,0.28490679770898264,0.7683321938902796,-1.2114714059809104,True,False,False,False,False,True,False,False,True,True,False,False,False
-1.5443189456510473,1.375369188164062,0.5196779931840508,-1.6727286904622396,1.4367626418050663,1.0629255657674166,1.5605944018730544,-0.8506668062880499,1.230877710676694,1.1821825808640343,0.3863833547040579,0.19380852651694927,False,True,False,True,False,False,True,False,False,False,False,True,False
0.6738726075348359,-1.0093998849256203,1.0421092421830553,0.3741623593143088,-0.39325735784224053,-1.581321775837846,0.7546627487956968,-1.4530507834219302,1.2712883889382118,-0.7478846897348396,1.0290446310251689,1.7354722548217205,True,False,False,False,True,False,True,False,False,False,False,True,False
-0.01682529015435085,-0.513955571822865,0.8904202233406775,0.13710189573591341,-0.9940097145463629,-0.7677817477570387,-1.5146602256141828,-1.255514467758732,0.5278803661408797,-0.93296749533504,-1.5828192549903293,0.6067518889225015,False,False,True,True,False,False,False,False,True,True,False,False,False
0.12317136970090176,-0.20574310520572786,-0.42273698282603656,1.4341864920666618,0.1458136161425031,-1.4488190180771396,0.05717065074038647,0.35200478553753956,1.4269240930964537,0.09692094744183177,0.4956550881937587,0.13068786937513568,False,True,False,False,True,False,True,False,False,False,False,True,False
0.5693816046877929,-0.557689096377094,0.9398326575286706,0.9662661762383233,-0.020511289030883523,-1.2874641847168842,0.028385467589791727,-0.4087918732790804,0.8384034096897349,-0.9068385107997046,0.2933056720285982,-0.1581411095050965,False,True,False,True,False,False,False,False,True,False,False,False,True
0.6786140806634761,-1.5385860809268057,0.14730700956251216,0.32664355412951523,1.2571549753396598,-0.29625648416443773,0.6039115015370017,-0.3141674343814279,0.29389443878408156,-0.4341727849645777,0.7276546652538602,-0.44569277641685534,True,False,False,False,True,False,False,False,True,False,False,False,True
1.5203801758894144,1.3472904731296185,-1.6624677920714097,1.550018107183638,-0.2529491717511336,-0.08164327857999383,0.8018045373634283,-1.0275108537150712,0.582247243302278,-1.4179748810575723,-0.31913357835267414,0.641669500051286,True,False,False,True,False,False,True,False,False,False,True,False,False
-0.4490006201158927,-1.6347616901475024,0.7693729226976581,-0.46983723663380067,0.2541378887333434,0.7817922801815559,0.7689255633598133,0.6942571724477333,-1.395620147841626,0.870230155147908,0.022186102039897317,-0.09277244048421922,True,False,False,False,False,True,False,True,False,False,False,True,False
0.14737003592605988,-1.4518882855930013,1.5851807556713782,-1.3591619754950803,0.267686460353912,0.8434355769400815,-0.17542139213150973,-1.696753167261588,0.5208049849197478,1.718161859078104,0.4910565823761404,0.6400070874500029,False,False,True,False,False,True,True,False,False,True,False,False,False
-0.025617806158234543,0.8800064023526409,0.03269439161620741,0.2567994745437017,0.8668523722735166,1.6309411658406041,-1.4160680305488647,1.323938722462719,0.441384485535352,-0.7321964212634257,-1.5539660163695335,0.7545599969308779,False,True,False,True,False,False,False,False,True,False,True,False,False
-0.3614334996457335,-1.4029426530382534,-0.4920610606943106,-1.7112088088817712,-0.1381254046534492,0.7672020484599059,-1.4175599635344374,-0.45021752875905896,-0.5563033118258782,-0.0424975938410441,-0.05799457048068561,1.4148284169469205,False,False,True,False,False,True,False,True,False,False,False,False,True
-1.5380454846302922,1.7186922530761426,0.3189400576393178,1.4382745709532887,1.0804279096712026,1.2512974463178115,-1.1728058109066555,-1.244554296136306,0.8275127437320788,0.17251230089658873,-1.2520591923393793,0.927646815082278,True,False,False,True,False,False,False,True,False,False,True,False,False
-0.7623911768596049,1.7082582896578309,-0.6186333637846653,1.5447226516720256,0.3579209128681437,-1.4725105612240201,0.949215844254103,1.6921834730448788,0.2360923742628328,0.04767002592345629,-1.6290904616972763,-0.6724934249835003,False,False,True,False,False,True,False,True,False,False,False,True,False
-1.1055750184183548,-1.6567681889017798,-1.0839183614861707,-1.5639741112854948,0.29547750499386466,-0.02173951366382542,0.7364977055612734,1.0678460648066184,-1.3857533146448988,-0.877762382329337,-1.536347060871542,-0.4509928517680263,True,False,False,False,True,False,False,True,False,False,False,False,True
-0.6769113939742938,-1.6930689008322253,0.4887831962694932,0.9395898993282243,0.12472257164044856,-0.5920135954469601,-0.5786151740988144,-1.7191644752232935,0.24352393495070865,0.9914885226706611,-0.09696794481091982,-0.5543741632080511,False,False,True,True,False,False,True,False,False,True,False,False,False
-0.09374998766123373,0.8878631470017312,-0.1048613092016723,0.5900983831760509,-0.5275096921593135,1.559400248760394,-1.3237373457154016,-1.211057006075122,-1.1791569386931668,1.4237512439652322,1.2664322646911108,-0.8429252969002771,True,False,False,False,True,False,False,True,False,False,True,False,False
-1.2573553931836157,1.0285954394624384,0.7598034162923812,-1.4684650860819557,-1.560349188602704,1.1003366502234362,0.954424409376955,-0.9016945850916619,0.9677855873005303,0.46760789401016484,-0.9658110018745119,0.10574264954390128,True,False,False,False,False,True,True,False,False,False,True,False,False
-0.7996682881224053,-1.660163337820282,0.33669766630035536,0.8223619534698069,-1.2556925283515743,-1.1605205149135314,-0.44396484415641607,1.3080879882336782,1.337010530303849,0.41997786188936237,0.32804108502472684,0.6230444321143734,False,True,False,False,True,False,True,False,False,False,True,False,False
1.5741968336566559,1.2182544477127717,-0.9276925767243931,-1.2091640879876773,0.10292384710048481,-0.5929681105717547,1.7522060585944343,0.15010465459386435,0.6575982933372698,-0.35101965375825095,-1.4006795505050444,0.7596431754622262,False,True,False,False,False,True,False,False,True,False,False,True,False
0.6026190931294959,0.10174256105853338,-1.0968785864725188,1.1367132185507638,-1.7441331259976838,-1.4430267962474517,-1.177457932081419,1.3517130911530735,-0.4111645990051496,-0.6139652968361251,0.09588676272917447,-0.8996335811593842,False,False,True,False,True,False,True,False,False,False,False,True,False
-0.8354334594561986,-0.7126831867581157,-0.399179396608532,1.5728373947614138,1.2751761711698286,-0.22354593015561988,-0.9159067422084193,0.8086591711303157,-0.42537512463987914,-0.3728900697880715,1.5474985260233793,0.49118182877769817,False,False,True,True,False,False,True,False,False,False,False,True,False
1.4505467520897053,-1.2596318316523292,1.0602366487415045,-0.6697669708898583,0.5639821096319847,-0.7106102759780297,0.0959728237146167,0.2540120669920458,1.3375309562431632,0.12781710654326212,-1.0515694273936491,0.02167494262348161,False,False,True,False,False,True,False,False,True,True,False,False,False
0.5143605461587474,1.2080565665042822,-0.9958911393131537,0.6954985165957435,0.11995388220876442,-1.6466876905045529,-0.0656368483654131,-0.14060521383755542,0.7242076115757317,-1.3545066406440591,1.4978786551755734,1.661875900458914,False,False,True,False,False,True,False,True,False,False,True,False,False
0.33817072717408087,-0.037331977609616734,-1.4172309264202327,-0.049716679763391086,1.6049004799982018,0.8920945843397226,0.29297343142595966,-0.959607296673015,0.2495845954223327,-1.1164091514277492,1.2371140974611663,0.18776378341050506,True,False,False,False,False,True,False,True,False,False,False,False,True
-1.547305484502669,0.41152243880035033,1.612340741005187,1.4535426915757161,1.682386992293292,-0.3192609876709967,-0.9289137704674287,-0.8495050240075267,0.8330683442963127,0.6537534299375147,1.6628973298962662,-0.6298117413169898,False,True,False,True,False,False,False,True,False,False,True,False,False
-0.9725404041360247,0.9147038287845197,-1.1948014277995165,-0.832200150279456,-0.581165580513706,0.017661295135447595,1.517171071782373,0.7901144380255655,-1.4184973281837228,0.6392566044739857,-0.5079267746984198,0.7734420689971166,True,False,False,False,False,True,False,True,False,False,True,False,False
-0.7473687923674408,-0.015752139692320175,1.2776087285407491,1.236191284701827,-0.7285609001143959,1.0200251910344054,0.428602493826136,-1.541484124383032,-0.21351072121024542,-0.0918329104780123,-0.003744694554941295,0.41652801187856986,True,False,False,False,True,False,False,True,False,False,False,False,True
1.616029824160576,1.52472983709309,0.7535485683621679,-1.5328349281806335,0.8643706624886766,-1.3070832787595592,0.6526957635565205,-1.4467998125211894,0.2519604842648912,0.6008581873099786,-1.6191140001157136,-0.29505142243180493,False,True,False,False,False,True,False,True,False,False,True,False,False
0.45321135959253495,0.40275286278945943,1.5702432942992028,-1.4415846137919,0.17732893295890656,-0.08913011598443925,0.5457251741331035,0.45589565318173125,0.2496739714488205,-0.26134622820972186,-0.9762143883442606,-0.8387248138327622,False,False,True,False,True,False,False,False,True,False,False,True,False
-0.34701511639811733,-1.164244566247711,-0.7014145356690473,-0.28151150364208033,-1.4376677526496653,-0.36563292732294583,0.6810604667214221,1.3535876232805462,-0.8128628920555063,-0.24001662922135023,-0.38824713272696953,-0.8846019589814369,False,False,True,True,False,False,False,False,True,False,True,False,False
0.8909708719059087,1.6452605603442556,-1.678842796698591,1.3212465773319007,-0.7795261881129695,0.49589099736059267,1.6471353074686372,-1.6645069587260153,-0.24707178513755268,0.18107663524850054,-0.43206404209260063,-1.0967709667277106,True,False,False,False,False,True,False,True,False,False,False,True,False
0.8020253473021409,-0.2967060081009386,-1.253103817268781,-1.1565306966613143,-1.3122785607707739,-1.6444848876820535,-1.181352545565412,0.36860273682659517,0.6084763428569336,-0.9607083143864743,1.0085851149724678,-0.23466016682070434,True,False,False,False,False,True,True,False,False,False,False,False,True
1.2969405951885757,-0.7707811138241744,0.6439262137333998,0.5709713034068109,0.8798116108157048,1.527386173482357,0.8834608478691012,1.052035514562678,-0.3398573975175185,1.0307979691674058,-0.5865691424606847,0.21778956045731324,False,False,True,False,False,True,True,False,False,False,False,True,False
1.627256346823491,-0.7478589986354934,-1.2111856045595466,-0.5537321524378086,0.5018515325910242,1.7063467099881893,-0.4434607083007319,0.420369913627291,-0.339264179081524,1.7017933583596558,-0.9368453352803936,0.12476015524859489,True,False,False,False,True,False,False,True,False,False,False,True,False
-0.8256856400773301,-1.268310941238993,-1.1410723339776085,0.21835243046118827,1.2229929753296214,0.26465047221718213,1.2805895679024906,-1.0879978959905328,-1.1661874570235782,0.04115370953289112,-0.6941677379562006,-0.46885797533287477,False,True,False,False,False,True,False,True,False,False,False,False,True
-0.8636098580306918,1.174839341587776,0.36153184187594933,0.7942556956155564,0.661834796174698,-0.8708322977648035,0.1596137881181543,-1.0387962638514465,1.7004523781250225,-1.047142398748316,-0.6783779520754124,0.5780018210529183,False,True,False,False,True,False,True,False,False,False,False,True,False
0.4356969032792575,0.9303706232661627,0.7356751787331659,-1.5362248426893623,-1.5126240407643923,-0.22266420460442457,-1.1700965060126258,-1.0923219331180878,-0.8996319503644432,1.2127167495938642,1.1870367030283289,1.1433905457313396,True,False,False,True,False,False,True,False,False,False,False,False,True
-1.4312696587364047,-0.04602162173345086,-0.5360806715390986,1.2648597424996983,-0.503413677775971,-1.4915105771995498,1.5752060827394565,-1.3262818237162504,0.15355334073064747,-0.7036114395122552,-1.6429072291718372,-0.5456225265846377,True,False,False,True,False,False,True,False,False,False,False,False,True
-1.1915044328925952,-0.158570962524469,0.3763141109395799,-0.0708441938048821,0.590959156700953,0.553150903771579,-0.05133712789860968,0.07232707320599055,-0.6348172972740402,0.993061715420052,1.2147180964893374,-0.5661564517100628,True,False,False,False,True,False,True,False,False,False,False,True,False
-1.1716075621941369,1.3779230962633422,0.8958324898077358,1.3456090478599612,-0.32554906851224685,0.8465664513799591,0.3072056697105004,-1.6874291438046252,1.2488748227140694,0.19348870606371135,1.317562819103339,-0.968946970929522,False,True,False,True,False,False,False,False,True,True,False,False,False
1.0663963283139177,-0.8588339627517183,1.4833725863701737,-0.8883895520346553,-0.7719620969068908,0.6404337513589542,1.4894764550146726,0.6631300671067388,-0.269981814965744,-1.3752719859457077,-1.030174408817045,-1.7164660618393077,True,False,False,False,True,False,False,False,True,True,False,False,False
-0.8352382118475011,-0.2119947059321659,-0.9572643076049656,0.3607008403277207,-1.0011353738186508,-0.17954973787026637,0.3109084910169871,0.33988983342943024,0.4779719170652631,1.5229298017876776,0.5084811950765801,1.0561518446313263,True,False,False,True,False,False,False,True,False,False,False,False,True
-0.8865946669912861,0.3745070352890455,-0.5512513358495705,-0.1483992956617145,-0.7564781870503009,-1.7181638885702217,-0.8657944554582155,1.2381228035094827,0.07432746963309483,1.0235003541306118,-1.083195269007608,1.2045797256818633,True,False,False,False,True,False,False,True,False,True,False,False,False
0.3578835200435683,-0.23050697952000201,0.2001545323273187,-0.8077374520824682,-0.5223049527291664,-0.31483852797431017,-0.08061657856252895,-1.179009762030694,-1.0284192786178423,-0.32859447871447817,-0.3283928967325344,0.4877413006394288,False,False,True,False,True,False,True,False,False,True,False,False,False
0.6204500249675065,1.2243992088083058,-0.276557597022721,-1.0854847277372976,0.6111784172118806,1.3060230459146736,0.8932631341704796,0.9652378174391057,-0.9299846097653428,0.4454395795938743,-0.2972829922449806,0.37082092550785023,False,False,True,False,False,True,False,False,True,False,True,False,False
0.735553821710261,-0.6412296321653644,1.0824340935508765,1.483829325514058,0.7731965941238774,-1.7192189014993307,-1.3449625807947396,-1.4069301607280418,-1.5251546460358305,-1.342487206863818,-0.8613612652756889,-0.5119600216161033,True,False,False,False,True,False,False,False,True,False,True,False,False
-0.6255097861015899,1.4142289045762377,-0.3982621221744249,-0.013190185678964017,0.976414936080372,-0.9464808928850239,-1.0061469147543425,0.9077844358706797,1.4506938060339767,0.12567575323257812,0.204641431950197,0.9551395968122115,False,False,True,True,False,False,False,True,False,False,True,False,False
0.4515882049929756,0.12779664456606923,0.6340952971318246,-1.2714483907168999,0.9865391785739435,0.45991298109349915,0.6384052450576749,-0.4964022355689207,-0.015877894715810328,-0.5693454143447688,-0.5942720139994607,-1.590053169380287,True,False,False,False,True,False,False,True,False,False,True,False,False
0.5221708483569678,1.3776080495845406,1.5116899835231563,0.38259231841763053,0.20952663138564934,-0.43369234429377496,-0.8931790131527068,-1.2010672974824248,-0.2981063417082624,1.023035724433656,-1.4037945028762626,1.3368009283552758,False,True,False,False,True,False,True,False,False,True,False,False,False
-1.1360819414021908,0.3848499270934353,-0.35264243586183225,-0.46490500690806946,1.243031778577136,0.9236979004228091,-1.452637865654407,-0.9099781331432079,0.41287564951129846,-0.06416955350492369,-0.36656455560815254,0.13382680294630875,True,False,False,False,True,False,True,False,False,False,False,True,False
0.2638671807670109,0.28720177526991525,-0.7098639441605442,1.337266904541055,-0.12573671973606362,-0.5077461719820922,-0.8210070495354962,1.3493846796957176,0.5690329202705792,0.7061342911779125,-1.3265744816233414,-0.6940726638446095,True,False,False,False,False,True,True,False,False,True,False,False,False
0.8033114587854393,1.023417365649576,-1.4292743461533635,0.8305541686408348,1.1704807308388854,1.4711669386374904,-1.3495205279648124,-1.45045609803374,-0.7836650731567983,1.1651942753564537,1.41961595947437,0.5005826462974545,True,False,False,True,False,False,False,False,True,False,True,False,False
-1.2592237840014198,-0.4257994201091982,-0.99508911024945,1.5668853462030363,1.3534928994823265,-0.10432282201926091,-0.7925573587875195,-0.8218188065052259,0.0016220048309250569,1.0728476726472003,1.0654615631723632,0.9160258903547954,False,False,True,False,True,False,True,False,False,False,False,True,False
-0.8890057741987523,0.10455742897280854,1.0825334535377134,-1.309077405688571,-1.138782271553658,0.8655747247584397,-1.394349814596733,-1.3520268783325962,1.7537982243685029,1.3431729473040928,-0.7198142333319021,-1.0194066872839778,False,False,True,False,True,False,False,True,False,False,False,True,False
-1.4891855902547328,-0.5437442308131171,1.4614535048724007,0.7407789799750943,-1.2272254812587011,-0.734473369330464,-0.9817765926879375,0.13099131047197335,1.3305853029800387,0.04574902438938267,1.2691548643577382,-0.6680563944252909,False,True,False,False,False,True,False,True,False,False,False,True,False
1.4288019978263304,-0.07681638441524341,0.9302487670511537,0.701476521156266,0.7839919517900237,0.5173368148289889,-1.325025331903667,-0.1541191578506783,1.4730077421152497,1.3902523280806591,-1.4973083367467053,1.5587787209990345,False,False,True,False,True,False,False,True,False,False,True,False,False
-0.7397260062846126,1.23183284630472,-0.2155469076930096,0.7786700880532643,1.0328142843887729,1.0254975584802126,-0.3700548850276499,-0.9690469388271367,1.5981296526496946,-1.3035971197889094,-1.0604856865124097,1.2826197763483282,True,False,False,True,False,False,False,False,True,True,False,False,False
0.20547744349445127,-0.41990022682495415,0.5812223775265206,-0.7302396219573228,0.6380688169557268,0.6069685726857386,0.8722707344167301,1.1763585867313628,1.7533754634584309,-0.08094343554351632,0.9331880034061301,0.032322082755879215,True,False,False,True,False,False,True,False,False,True,False,False,False
0.9857861072654005,-1.2118587821664522,-0.142494336426802,0.8219473067693182,-0.38560087586489006,-0.9291261186818288,-1.456975258123617,-1.4846708940466944,-0.27601541148663855,-1.6510620497855932,0.08993404302949032,0.8910483904155752,True,False,False,False,False,True,False,True,False,False,False,False,True
1.222608833667687,0.5993701389480941,0.02655636498739823,1.3647579637775809,-0.7141534048321487,0.4953739896713958,-0.3409675447809687,-1.2014260182241618,0.09409545445724546,-0.28908754140795034,1.5406912500349523,-0.8478763244632693,True,False,False,False,True,False,False,False,True,False,True,False,False
0.437844768270933,0.6380641951700695,-0.35956822557354495,1.6539379019601679,0.5444083292527654,-1.212326179437543,-0.6233102873339662,-1.6526975390455731,-0.29288224327915696,0.3006337473011078,1.0225403685916423,-0.8280616297457821,False,True,False,True,False,False,False,False,True,False,False,False,True
-1.3656433248544464,-0.2322434501465347,1.3753160881133193,0.5235824907781506,0.6364633345231835,-1.7148152193844275,1.49981811884223,-0.8968119133995044,0.2740378816913012,-0.35192071590160967,-0.9007318088557428,0.6760318489320468,False,True,False,False,True,False,False,True,False,True,False,False,False
1.5939431257170693,0.880349196734249,-0.3192420062132239,0.3865940975683306,-0.44317559211861823,-0.9084448958651457,-1.0935537823901254,1.6409157510084398,-0.8616572473169775,0.9811540393486545,1.5177821461868357,1.1722408446937302,True,False,False,True,False,False,True,False,False,False,False,False,True
-1.3209077262646605,0.441638084932768,-0.7259623622331209,-0.16255668346413663,-0.20014208778446285,-1.5756699458566925,-0.9116204929058539,-1.2575586131333423,1.109511883353062,-0.1542302269500078,0.07281492267032334,-0.14019109951964093,False,True,False,True,False,False,True,False,False,False,True,False,False
-0.8174632017860103,0.12128523134239233,0.7278934405551643,0.3303515444608748,0.40114253052470145,0.6949874512762768,0.26800630635684347,-0.49305305048844017,1.6706505485051195,-0.12029748576814422,-0.3250174656726509,-1.4734206665318517,False,False,True,False,True,False,True,False,False,True,False,False,False
-0.29216265754135384,-0.6337953451236991,-1.142042620558904,1.1704703270626728,-1.0730425153911323,-1.7368968242397889,1.0040589877511263,0.9970029175532195,1.2744360841637574,-0.8944215351586849,-1.070062802189124,0.5658023247876278,False,True,False,False,True,False,False,False,True,True,False,False,False
-0.9243467602645246,-0.5387119737144456,1.5854844102140226,-0.8621156242463317,0.01730040613300097,0.7842591400376225,0.9427717720335335,0.4394652017663815,1.1691404284948148,0.3669816098096682,0.7780545473805747,1.5141827511704793,False,False,True,False,True,False,False,True,False,False,True,False,False
1.14021441295661,-0.0785879740826808,-1.026546068435353,-0.5981327907988991,-1.348289256197366,-1.5340440152959312,-1.4417365300351606,-0.9604933057928045,-1.3445734078415421,1.167046429047267,-0.49142403361872233,0.328187604099785,False,True,False,True,False,False,True,False,False,True,False,False,False
-0.5955478199952093,-1.301269712957308,1.221707086030901,-0.9246891008269464,-0.8788326017905017,0.7897985755259612,0.2335604107854948,-0.9647076648269216,-0.32836235559582005,1.516964325930198,0.8402086426433372,-0.5406258873062354,True,False,False,False,True,False,True,False,False,True,False,False,False
0.0777339268695393,1.0302964552772176,0.5861820917420646,-0.45334031064280395,0.7426837849018622,0.7936463783259109,0.9083203834662421,-0.8617844249211745,-0.4750646238472689,0.5341515829750205,-1.5693210152708583,-0.3498569954592578,False,True,False,False,True,False,False,False,True,False,True,False,False
1.256139108014343,-0.9455851632118676,0.9073268896392724,1.0888862511050974,-0.22658809197913582,0.8093584988039314,0.9669649101458132,-0.7733429737626509,-1.276741402797711,1.4423669895546254,-0.9461381559003664,1.0728658780265208,False,True,False,False,False,True,True,False,False,True,False,False,False
0.16517783282840012,0.8760984824046482,-1.4369352597614282,-0.9063393123456838,-1.0151847555979705,-1.4671392972683286,0.575473052937021,0.01009138689886048,-0.9070882366477282,-0.8373178128621767,1.113820734611573,-0.6971940992307173,True,False,False,False,False,True,False,False,True,False,True,False,False
0.9412623333535108,-0.12923812987814237,0.9742959471883766,1.1493143062873068,-1.6774067256791902,-1.230852680090686,1.4338460833232167,-1.2589576890147796,-1.085101155615124,-0.42956249325097867,1.2515905598069643,-1.3286132198350777,True,False,False,False,False,True,True,False,False,False,False,True,False
-1.1131091405635716,0.07762489338601194,-1.0579478739884915,0.5833910185756145,-0.8284459365222698,-1.32920557467588,0.49054331741132673,-1.7147208124756457,1.7185778233108577,1.5350707239803125,-0.9949610498844645,0.5980465617769289,True,False,False,False,False,True,False,False,True,False,False,False,True
-0.5740102106274081,-0.54371660350806,0.19565002625544187,-0.762356227986462,-1.6545235994107452,0.33826836243808317,0.9350230621487567,-1.5330909200362992,-0.18345382899199295,-1.025640885297123,0.8801036641847045,1.7324362709959642,True,False,False,False,False,True,False,True,False,False,True,False,False
-0.41253773076328765,-1.3428864334171784,-1.2254994785985631,1.372826024029385,0.5508535139705988,1.2965307021996233,-0.24243817940639187,1.282363789578171,0.16962060927113567,0.5744829718524628,-1.5843223400544157,1.1067272864900901,False,True,False,True,False,False,False,False,True,False,False,False,True
-1.690127620503141,-0.6436232001131247,-0.5131711222963324,-1.407205685991998,1.1743221719324355,0.4614498472009468,0.11203884168736924,-1.6846943277909174,-1.280236572956784,1.5863273032993508,-0.5687327680193394,-0.19532859219924262,False,False,True,False,False,True,False,False,True,False,False,True,False
1.3990001340396017,1.013583066891491,-1.549194133039696,-1.3558277628360815,0.9925223074876461,0.31736823152039667,0.5900408137336224,1.3324508779824724,0.40086204724325086,0.30967465905521235,0.9590065053653232,-0.21727877521531022,False,False,True,True,False,False,True,False,False,False,True,False,False
-1.3280487517205848,-0.14264695569098404,-0.24920454286001004,-0.3690217124271522,0.21501539966665426,0.8984790460642932,-1.5188632338633892,-1.257926548749694,-0.20458697611422202,0.937680353160723,0.8985388869634837,0.055403228990525195,True,False,False,False,True,False,False,False,True,False,False,False,True
0.7516531514500445,-1.1447646336886268,0.8692589418615547,0.22087719356377417,0.4756042038465848,-0.33973134387284465,0.4319307845412299,-1.296646436183558,-1.1994010219063473,-1.6257418617525337,0.9285414987260103,-1.070090998092404,True,False,False,False,False,True,False,True,False,False,True,False,False
-1.2177759245470916,1.0692545605310695,-1.5570636139408922,-0.04241792337579568,-0.49027207511181387,0.24935488135361453,-1.683908450302229,0.61654716914143,0.9548187819671922,-0.8874559769609105,0.3217285588222611,0.7590712130911077,True,False,False,False,False,True,False,True,False,True,False,False,False
0.02165171645261444,0.9338921868876661,-0.006635037825124096,1.126900795472615,1.5621797256550096,0.3093228281338549,0.7737448185554798,0.12124021036263491,-0.09530007121556362,0.2250615542481002,1.090800725824682,0.42829343430657724,False,False,True,True,False,False,False,False,True,False,True,False,False
-1.660572255522265,0.9441883540416124,1.4412008761252246,1.568182570061366,1.4047218781535833,-1.024532252921435,0.23978623801484028,1.1754501722344466,-0.879275191941943,-1.3760059705584995,1.0170189161966405,-1.5820612406044654,False,False,True,False,False,True,True,False,False,False,False,False,True
1.2378183229164212,-0.5374336781925485,-0.9971762135670261,0.5314316971743508,-0.5709243571255784,1.286046761870096,-0.8463674538447459,-0.8740041981238343,0.4170575438149054,-0.142148629725711,0.33232061396892537,-0.18245246846983837,False,False,True,False,False,True,False,True,False,False,False,True,False
-0.4015451163552067,-0.7224585748094744,-1.0684930318550385,0.6642242987497242,0.746565095629102,0.03728217920705962,-1.6279188995449185,0.897962174579181,0.25852368987193614,0.7862194283528346,0.6746988615047882,1.3953691646144968,True,False,False,False,False,True,False,False,True,False,False,True,False
0.664499745162588,1.2154858680271974,-0.8763904223252001,0.3940614753678079,1.2511056902320137,-1.6318952924268626,0.8407332505543523,-0.43482082246599923,0.7889601390128449,-0.28360139219089103,0.10340197466749372,1.5870208356737028,False,False,True,False,True,False,False,False,True,False,False,False,True
-0.7616109000743484,1.4333161823942235,1.4199899500492663,-1.5967756309886885,-1.7589214537708893,-1.663792365660732,-0.6172130599204837,0.7088829312350894,0.953894747408635,-0.3489562500247654,1.1201584120170387,-0.13566875766703848,False,True,False,True,False,False,True,False,False,False,True,False,False
-0.005330064177857933,-0.8378735048178313,0.524651455615244,1.3156477718351196,0.7235223431264031,-1.462038494621614,-0.18497060395037732,0.724673344155241,1.0245443979727902,-0.9716802388261239,-1.056413006932218,0.6636324305275686,False,False,True,False,False,True,False,True,False,False,False,False,True
-0.1367302051487986,-0.033640505440893725,-0.3422530658043707,-1.2733290922596419,-0.560971349701433,-1.0818053096442912,-0.7014636896039884,-0.10645053879028085,-1.1183219793530628,0.7188249066164474,0.6255458560592497,0.5467104529611304,False,False,True,False,True,False,True,False,False,True,False,False,False
1.6134933808410041,0.5886936470819046,1.4473388823216073,-0.6067944773634689,-1.7627544560387323,1.4316826387523598,1.5152014878030637,-0.9059202616591547,-0.17711730899542938,-0.9610188681740568,-1.3960202669818529,-1.6942127128095055,False,True,False,True,False,False,False,True,False,True,False,False,False
0.8014661161400061,0.5738295283907927,-0.6507164262593563,-0.804790209274826,0.24177603230393424,1.627002952394628,-0.8984443814356231,1.1299701332072685,-0.7195298131459043,1.3206997658437551,-1.568457807805443,-1.2764354416107275,False,False,True,True,False,False,True,False,False,False,False,False,True
0.9805292639852119,-1.6930348551584595,1.3802784178268528,-1.109559383082067,0.14535312579450058,-0.15004819310997775,-1.4624185690673444,-1.480023881470249,0.5330491701218804,0.7423608899205583,0.7609359584342019,-0.024373489613269697,False,False,True,False,True,False,False,True,False,False,True,False,False
1.6960915713851887,-0.9897772120824878,1.6702862679902366,-1.0104170852966932,-0.7426435812725457,1.3390150292056031,-1.001896529370457,-1.447891959213437,0.5928318611420085,0.7777718798715026,0.04621080309606238,1.1789386859168196,True,False,False,False,False,True,False,True,False,True,False,False,False
0.2642465775637493,-1.0568181714042622,-1.2440188232916043,-0.3299314102149751,0.4317306889549728,-1.507661751379415,-1.3313094784472286,1.6477595818717135,-0.13591060065721922,1.0711475831497135,0.9069637093491404,1.0373951122543337,False,False,True,False,True,False,False,True,False,False,True,False,False
-1.6107770500586645,-0.8196871398518966,-0.1996786378888594,-0.45362944922761606,1.4717827643332928,-0.3235619097348947,0.6189137333153084,-0.2657797043132479,1.185849589475977,-1.5640208908042568,0.7724937378216309,-0.12576954409696361,False,False,True,False,True,False,False,True,False,False,False,True,False
-0.8487030414699903,-0.5273995597664742,-1.1594022005195834,-1.2167616439191447,0.03159408233254631,0.2103064527455426,-1.1522209303088398,1.4799391961768473,-1.2626921208496444,1.071576379430337,0.6162367112994347,-0.44077837742378423,False,True,False,True,False,False,False,True,False,False,False,False,True
0.815073329034236,-0.07536475555002888,1.1845912908849714,0.05094916748282601,0.9946910533539721,-1.6035231966510124,-0.35409216991869125,0.32836071342574713,-0.5662021537719979,-1.2142742535565136,-0.10564263131254353,-1.1902756777179015,True,False,False,True,False,False,False,False,True,False,False,True,False
0.20940126163381712,0.10980753988331332,-0.9232153906783694,1.3757260695940783,0.03712117299417688,0.698533972418897,1.056574419651518,-1.2023631373857988,0.6222008492593197,1.6176191309658408,0.7120556976105191,-1.2360412843007844,False,False,True,False,True,False,False,False,True,False,False,False,True
0.46087679277805405,-1.079999781471315,0.5564511706437881,0.22559617259006182,1.3405344375022352,-0.4548400400079039,0.42979232360001896,1.2750952562611544,-0.42766248762628123,-1.541396577274596,-1.2979571690630487,-1.3042575551795637,False,False,True,False,False,True,False,False,True,False,False,False,True
1.6861736435539605,-0.2321433736520354,0.663780356450511,1.3102757674426428,0.6963387891292963,1.1112085477325757,0.9062712961350209,1.2455054987755676,-0.7676009199896452,-1.3552024526647581,0.3212513916998895,-1.6496999260445868,False,False,True,False,False,True,False,True,False,False,False,False,True
-0.7882800827494306,1.4605286731542737,1.1965853625379819,-0.27690166534359817,-0.6248587144233085,-0.5481771272910021,1.2950628681183134,-0.611860662507887,-0.9025906604599583,1.1259470178897586,1.6332625799535685,0.9490590944896587,False,False,True,True,False,False,False,False,True,False,False,False,True
-1.0451898571969582,-1.1232500214236774,-0.45908520353891125,-1.3037428399937303,1.1073286871749761,1.4893552432894368,-0.1757379308544347,0.28541628713674255,0.3614202606994126,0.5520430005055715,-0.6009986091746592,-1.3562392326998276,False,False,True,False,False,True,True,False,False,False,True,False,False
0.43309750189215546,0.8239983707674573,1.4708382231389387,0.8862452607872543,-1.0452737179710245,1.1132333109052617,-0.8833699252993891,0.6473628136692131,1.284094007318552,-1.430138553865294,-0.8368654275464195,-1.3452858832540548,True,False,False,False,True,False,True,False,False,False,False,False,True
-0.8685277854404971,0.4629500508484642,-1.5890804629312827,1.5801992474270936,-0.5017475076188634,-0.3825508850706049,0.2024433823268433,0.9104150836614149,1.6418923653111077,-1.106863954861572,-0.9325135575918195,-0.8037615086244757,False,False,True,True,False,False,False,False,True,False,False,False,True
-1.7143533873680123,0.5165112245606087,0.1437608207075158,0.501901885319127,0.4090567485390825,-0.3317555838408569,1.0912979731927865,1.0524328274050727,-0.972830341120071,-1.4304616196631617,0.0936424265682081,0.0243111424619201,False,True,False,True,False,False,False,True,False,False,True,False,False
0.535995268049779,1.6044260423452905,-1.397339062711872,1.311426593182686,0.6803408018751348,0.9769233464174968,0.004356577851792151,-1.147961327258828,0.6974501188314942,-0.040743886656138636,-0.5656414640952364,-1.5319263786861261,True,False,False,False,False,True,False,False,True,False,False,True,False
1.341331772999324,1.0213545896455265,-0.5348148969629971,-1.5088104246441447,0.9589058315560169,0.1291727932908113,0.11429658955282619,-0.27982753219412,1.3577200864003134,-1.6386416849300987,-0.011049767658196648,-0.8194042090373257,False,True,False,True,False,False,False,False,True,False,True,False,False
1.4168727848377722,0.16350719244173575,1.0615874778914922,1.6394310029985877,1.6960454214687561,-0.5855932379867593,-0.6040133752716034,0.6914649101410961,-0.5308068114154575,1.157014676470834,-0.10040607217167842,1.1254607375301453,True,False,False,True,False,False,False,False,True,True,False,False,False
1.7011043863968702,0.9685873388747245,-1.6506844772060558,0.7063138023908562,0.37112956883580145,-0.11808953327176164,1.6696820160029553,-0.24410182578463732,-1.558033992938578,1.3086953500727099,-1.4002010692526006,1.115745144857456,True,False,False,False,False,True,False,True,False,True,False,False,False
-0.27293624374892045,-1.3225391557260862,-1.5089216884536825,1.3641491953337765,0.2340681558084438,-0.33984405032345777,0.717028408205753,-0.6005575144557513,1.6941185311900797,-0.26744509306904346,-0.040103175990869995,1.385981949353306,False,False,True,False,False,True,False,True,False,False,False,True,False
0.3658244616237953,1.3315805793580864,1.3229731228731405,1.6171176814131973,-0.12611378225779957,0.5444358213854221,1.524016235950335,-1.2009955441033853,-0.3917581061806444,-0.5946998028347787,0.03165686275604192,1.765140909797394,False,True,False,True,False,False,False,True,False,False,False,False,True
-0.3387707879444006,-1.579440777778879,-1.5738449640223093,-1.5157747573090175,-1.692443165206217,0.32600378411677994,1.4028415804544079,0.8970622267639196,0.9773812810295107,-0.4638708948589871,0.5684882383584907,-1.5610824835386576,True,False,False,False,True,False,False,False,True,True,False,False,False
-0.35640489339833104,0.22939399585773115,-1.4134786552889413,0.6855889613645727,0.9802965970951834,-0.033070512718019855,-0.4164840938529323,0.5555156751180178,-1.439880395896323,1.211595971831022,1.0379797069560817,1.142240083942861,True,False,False,False,False,True,False,True,False,True,False,False,False
0.6621441340706452,0.6950433536954974,1.2371373183650196,0.4511777405391957,1.305314455564079,1.0557497740125328,0.6120002219628283,0.5149872692084377,1.2137426003382035,0.5004189178552825,-0.3451786725555569,0.2366830429752164,True,False,False,False,False,True,False,True,False,False,False,False,True
-1.3198737903812778,0.0690459915981574,-1.1166785758833886,1.161746754229227,-0.03588041943346208,1.0616991297180862,0.43677021004519395,0.6527182717928094,0.23528886678607744,0.9636064026788429,-0.9903104255821294,1.0210812496423438,False,True,False,False,True,False,False,False,True,False,False,True,False
1.1390843744494132,-0.6549793591325926,-0.9907523075489778,1.4495601784481364,0.4092255519031421,-1.2707572321103675,1.5665989892104235,-1.411253285394787,-1.0903371387215757,0.653541606036177,0.4166935068422185,0.8182345768773855,False,True,False,True,False,False,True,False,False,False,False,False,True
-0.04848349149447714,-0.4218336483936208,-1.1848637046495338,-1.383799095480746,0.7872991702526618,-1.2900898006742916,-1.4166502643587382,1.401734459211616,1.672298619112494,-1.6519157157120388,-0.43262219022038056,-0.28484698376694323,False,False,True,False,True,False,False,False,True,False,False,False,True
0.766629268808911,-0.6911717461857034,1.1589908537526337,-1.4086781755496336,-1.750027338839587,1.6935811597605277,0.9996754803352486,0.6369860733106371,-0.4296027766637165,0.2979785271482383,-0.172265041923576,1.4814604960617337,False,False,True,True,False,False,True,False,False,False,False,False,True
0.9460398531747201,0.3821264995916459,-0.6600550191466187,-1.5859541719975792,-0.765843141780163,0.6417454843283692,0.757822405042146,0.9266951578594658,-1.2822317388035058,1.0345480777580032,-1.1813681505127376,0.5842293493861918,False,True,False,False,False,True,False,True,False,True,False,False,False
0.25359913544698554,1.6817776984200623,-1.095508465100495,-0.6930737994483971,0.3506344550196036,1.088721923066455,-1.0929297815589654,-0.7927365255073393,-1.4343250886158585,-1.3558387163826384,1.472970772380664,0.8772402261637318,True,False,False,True,False,False,False,False,True,True,False,False,False
-1.0589920769017502,-0.383153593255855,-1.7369446145294976,-0.36337558583250806,-0.67271053724714,0.03346045319967048,0.3228335490605113,0.8314339231712261,-0.18013245342040543,1.1081246687457038,-0.4142901118763451,-0.5538140938838635,False,False,True,False,True,False,False,False,True,False,False,True,False
-0.18026501527398772,-1.5206108804159186,1.256886601161942,-1.5637826336682592,-0.026750531503572934,0.905440993334771,-1.083601351437662,-1.0510957271888073,-0.03391113822693785,1.204252686512502,-0.19220172435343394,0.8938805843230625,False,False,True,True,False,False,False,True,False,False,True,False,False
-0.34691420736208967,-0.2843912860353062,-0.904767248689261,-0.8564251559871796,-1.1285196265039128,1.045911552199022,0.6170581939703519,0.6764572833268452,0.3682840946871433,-1.0411552656250374,-0.0658719996990727,1.3704452750056835,False,False,True,True,False,False,True,False,False,True,False,False,False
0.4571371546552003,0.5981902468247412,-0.7815385076294038,-0.6284998857920892,0.2734116798262694,-0.24110969434473511,-0.5597271481473636,-1.1391789227601838,0.7009509051478165,-0.48061938056628567,-0.6505476070218087,-1.1141676651543546,False,False,True,True,False,False,False,False,True,False,False,False,True
-1.657760518694346,1.5602400982709426,-1.302517150523042,-1.711744380478373,0.9433310189414353,0.1822573403230359,-0.37517503511320127,-0.6194982213261068,0.6577407519879798,-0.6683232719282957,-0.2200451821426508,-0.24123128804500746,False,False,True,False,False,True,False,True,False,False,True,False,False
-0.7473468680857833,-1.0264797329802766,1.5738906131288337,-1.1789475467026678,-1.171911382242539,-1.5118134438956157,0.4430723842442901,0.01767510180092024,-1.2331954840873045,-0.31564446360968657,1.5643297870608293,1.012036390562736,False,True,False,False,True,False,False,False,True,False,True,False,False
-1.410713932210213,-1.2203423095864858,-0.7977868149852944,-0.23786417510302602,-0.4292087018980294,-0.5229887404295087,0.5323064350958029,0.2794402437800945,-0.9394828310014618,1.453175959828875,1.2122915353487522,-1.6776300668789033,False,False,True,False,True,False,False,False,True,False,False,False,True
1.0838934001041451,-1.4530906261681893,-0.02688850013319309,0.7770372972419767,1.5650990362020885,-0.943863734650242,-0.2633038019447878,1.2737388759764892,-0.5990294310561167,0.9286334594974277,0.04775591155775452,-0.339920176457277,False,False,True,False,False,True,True,False,False,False,False,True,False
1.2533138033217102,1.1056656319441238,-0.61487003206146,0.7192576862958049,0.8037111061802849,1.3322631816865784,-0.6807458008823419,-1.068119590752334,-0.007019558864598162,-1.5720633307751055,-1.2920378951300546,0.19685836013895577,False,False,True,False,True,False,True,False,False,False,True,False,False
-0.6277452909476255,1.2628319718987528,1.3163706556891812,-1.1572635318232176,0.2924773286288488,0.26989117098438536,0.2964798423316892,0.29996849812658677,-1.66149366025192,1.2927210949944583,0.3857969223428502,0.6927567132063815,True,False,False,True,False,False,True,False,False,False,False,False,True
-0.23731306955048875,-0.7583278719759505,-0.7149919309141791,1.383317452128329,0.5082411713828758,0.3637100081574766,-1.0370136749485834,0.9781184409273732,-1.556603444773342,0.08551162297380228,0.019267929301591807,-0.9652747701761384,False,False,True,False,True,False,True,False,False,False,False,True,False
-0.8782957355853621,-0.6843545041835076,1.4108460947642618,0.038713617448967265,0.5206280339908176,-0.6058566250191049,0.7299814226636859,-0.585773459067927,0.21828364769076467,-0.7199628024262074,1.0021129716998758,-0.6132206863326186,True,False,False,False,False,True,False,False,True,False,False,False,True
-1.0361088242981393,-0.3000222416006244,0.2691033177947537,-0.9001009036898878,1.5810166400247911,-1.7199138997888948,1.3226714820302377,-0.9766168941211042,-1.3866879012785358,-1.041679431682553,-0.3094129090501184,1.379107740484739,False,True,False,False,True,False,False,True,False,True,False,False,False
-1.3772168608921909,-0.2372033736302323,1.2203745552272307,1.5215163156518785,-1.4412334307371761,-0.5312612593852567,0.3564300461473666,1.6813756631293097,0.5869997223645489,-0.9845480760154519,0.1737615885988663,-1.0699477942605202,True,False,False,False,False,True,True,False,False,False,False,False,True
-0.7894426965394997,0.3496557851344571,0.975432734301888,1.6649192825721975,-0.37426324106454334,1.2688023560651969,-1.57478775687244,-1.6290890383958354,-0.023010932039059084,-0.9761400246585524,1.0197915801803523,-1.1984166668699467,True,False,False,False,False,True,False,False,True,False,True,False,False
-1.590942531596814,1.2383702909976366,-0.5284077819437676,1.1637068240993766,-0.16008024283439873,1.4203844225306999,0.7983308401891164,-0.23508970898289872,0.4881116777946545,0.849837888334808,-1.0993867707146945,1.6453639698114177,False,True,False,False,True,False,False,True,False,False,False,True,False
1.2721315460178895,0.025998692011884365,-1.449097452996998,0.5131150310194645,-0.780878063279251,-0.3017595852119917,-0.03083412573104896,-0.43725162963326136,-1.163522541697452,-1.5260507079795447,-0.03361971906999944,-0.37372749623797996,False,True,False,False,True,False,True,False,False,False,True,False,False
0.16951338693083817,-1.6063380070008448,-1.4996231726260854,0.9372906532600698,-0.9344609413522281,-1.2769510254642937,-0.9955698662171075,1.0959809606733852,0.4890313367716161,-0.48887115020726823,-0.002244493286204403,-0.6372111852423297,False,False,True,True,False,False,True,False,False,False,True,False,False
-0.3817551375668668,-0.18579535288583793,1.295086299933057,-1.5884082695029365,-1.332529403583789,0.6276940617165608,-1.2556359294047963,0.15957876803926846,0.1779735916622279,1.6348339813022987,-0.01306026498842458,-0.2334263813208113,True,False,False,True,False,False,False,False,True,False,True,False,False
-0.2736757818272873,-1.061365334284663,-0.328439883012691,-0.6235716201521627,-0.1876482090162071,-0.11235653332270992,1.232504952018158,1.4504473480179256,0.12367207511832531,1.642161584653186,-1.0005389208478122,0.48687366869232107,True,False,False,False,False,True,True,False,False,False,True,False,False
0.13446610382233737,1.30095194185734,0.9658682712770057,-1.1894043248201673,1.545208338635413,1.4247496863499327,-1.2385109489406834,-0.37681202866014407,0.7035977626701875,1.072738270888874,-0.37357262449012285,1.4832308994194805,True,False,False,False,True,False,False,False,True,False,False,True,False
-0.7346582476260881,-0.968075169363433,0.6254153230292298,-0.3758877899497516,-1.6565874285519075,-0.7833385991745082,0.5351652347280021,-1.186607816338654,-0.7394398455751162,0.782641577031711,0.1082962673008013,-1.6479307526060816,False,False,True,False,True,False,True,False,False,False,False,True,False
-0.7134408502410884,-0.42977374497154747,-0.026878160989900948,0.39635655273827325,0.8900299246251704,-0.5126539070006351,0.13167991934331,0.9552804912821354,-1.1718771458162995,-0.7335769449496659,-0.39096966486704177,-1.1665226488040688,False,True,False,True,False,False,True,False,False,False,False,False,True
0.9058891019167327,0.7538108500166658,0.46771941569903286,0.8524505563735513,0.4588454578095578,0.4145119939156141,-1.256240770319723,-0.7600404610435221,0.3303380894124313,-1.7079557828898584,-0.07848788609104208,-1.0114562634301765,False,False,True,False,False,True,False,True,False,False,False,True,False
-0.20119460252290858,-0.1860485659366381,-1.3450082435990403,0.27436816580381385,0.9625955764682055,1.231597449544539,-1.1393538304853827,0.9394253363499022,0.6050476192315222,0.5018882507583028,-0.6645954692983483,0.6510842870011183,False,False,True,False,False,True,False,True,False,False,True,False,False
0.704600581626156,-0.010004809988826456,-1.7095691653461345,0.6535763194352735,0.44121162675422404,-0.8588195622761039,-1.0299706416559455,-1.4621993686533672,0.012458358101980106,-0.016109852517479314,1.2178094411034313,-0.943365112323785,False,True,False,False,False,True,True,False,False,False,False,True,False
-1.5364244334553472,-0.5991031629182818,-0.741933288555446,1.2805252112534826,1.4092007251710075,-0.27447656702123135,1.0431991812135881,1.5257473633966998,-0.027658559874677736,-1.5194037091819774,-1.4992421848828126,0.45806281089914747,False,False,True,False,True,False,False,True,False,True,False,False,False
0.07258864631751426,-1.5827216704996914,1.5765046018136006,-0.2667899818851308,0.5214305572254708,-1.6288942474102353,0.8205158455872504,0.6665662778521263,-0.6174254936395233,1.01360688018659,0.20815167346252975,-0.10774358419115727,True,False,False,False,True,False,False,True,False,False,True,False,False
0.019135892165859456,0.5748373583686963,1.0351758931498738,0.5736860878509445,0.0193532932926087,1.0439635361713597,-0.9204128488810244,-0.9711822211846691,-0.9167100051154445,1.7242592463861812,-1.6977660740415776,-0.005938780383503216,True,False,False,False,True,False,False,True,False,False,False,False,True
-0.46935665349669436,-0.6262715075345551,0.007267223358602314,0.010782850845544536,-1.2940618077884936,-1.05286394947153,0.35770481886206684,-1.612318969872821,-0.3147024083241736,0.4911537700582837,0.2223484749880495,1.345194175226922,False,False,True,True,False,False,True,False,False,False,False,True,False
1.7408284607770572,0.4813541553209696,-0.43772266796129694,0.9807249919095243,-0.3155505063989837,0.7429205268337428,-0.2296546741156999,0.31263545014833743,-1.6809873127519466,-1.3906585478980213,0.42933281586704153,0.9941798064115993,False,True,False,False,True,False,False,False,True,False,False,True,False
-0.7713337867730458,-1.2404928431574818,0.1655318708931831,-1.6100767673634495,0.24346245187584653,-0.14784779935771722,-0.5748276705323494,-0.1742946824339614,-0.03880956239447513,-0.9695073216098002,-0.4407043355840385,1.0748926088883992,True,False,False,False,False,True,False,False,True,False,True,False,False
-1.1506823155594057,0.5678504208156685,0.36329178715698646,-1.4973688637824407,1.0324319977432272,-0.1406832436765226,-1.1386901060063104,-0.540964668253072,-0.013992916044719183,-0.9839440699958616,0.19586412098258119,-1.4122201579817928,False,True,False,False,False,True,False,True,False,True,False,False,False
-1.2478858878227383,1.238157341435988,1.3405365233267925,-0.3997611184620703,-1.622034658286813,0.7820330923864911,0.3996367977172122,0.19067802246931131,-0.08348929375850181,0.3529297925491652,0.25822783021365897,-0.880569483740204,False,True,False,False,False,True,True,False,False,False,False,False,True
-0.9975819287872636,0.2325980457373244,-1.6242854594477225,-0.7817816886081137,0.6173113494205671,-0.9019238820040315,-0.6900920310230859,-1.0940424128915582,-0.8248983980169899,0.7032764812303127,-1.1064076461674563,1.3879537232800696,False,True,False,False,True,False,True,False,False,False,True,False,False
0.9724439927966961,1.7172430700417007,0.36541022128913736,0.036412993107221875,-1.2087331732527011,-0.3412996094644075,-1.3662664583710769,-1.0220038955623143,-1.0052938005553953,1.0665036582504817,-0.5313730881128675,1.3153946906033738,True,False,False,True,False,False,False,False,True,True,False,False,False
-1.202123308355115,0.5832709523410745,-1.1457974759988845,-1.5984362769574996,-0.07656888594129684,-0.4569342907726324,-0.9937463448672825,-0.7371227126332371,-0.07644103396962985,0.12020857178979404,0.7264905688007496,-0.9895029484440159,False,False,True,True,False,False,False,False,True,False,False,True,False
-0.21799470450809594,1.3730044779644286,0.08150500402224642,1.4573077245479027,-1.3380236154225555,0.2749611283931952,-0.4499144894306788,0.1842268364449448,1.1630324444184184,0.8304613382377667,-0.29886298635281905,1.5269926840217138,True,False,False,False,False,True,False,False,True,True,False,False,False
-1.1468590289277385,-1.221899107993734,1.1355690299920222,-1.1148757422394513,-0.6106985413458815,0.6947531605316097,0.43235322488144295,-1.017499555884829,1.0019953738763165,0.7444236751050222,1.599125216863677,1.0048764164591775,False,True,False,True,False,False,False,False,True,True,False,False,False
-1.2753973240798615,-1.638354095019956,-0.5359036061083305,-0.5161340126377725,-1.3147543690826207,1.0347358238429059,-0.4799559735415284,-1.0774363663771036,-0.6816259411711564,-0.7774399233448914,-0.14551229083823553,1.6833388357981312,True,False,False,False,True,False,False,True,False,True,False,False,False
1.255126810936305,0.904541891689962,0.0623048014975747,1.6692705744161511,-0.8825194885328658,-0.6814793846453513,-1.5367010342575702,1.2459608234562058,-0.9603780014728992,1.206084658431946,-0.15995875574814047,-0.5867089755896826,False,False,True,True,False,False,True,False,False,False,False,True,False
-1.2535934337991164,0.5109994809359157,1.1462025461458976,-0.016193570538753286,0.8854551207019076,0.993665463987124,-1.491674858193616,-0.9716711033006106,-1.270874590963651,-0.24007156652437386,-0.07751908038433375,1.7135830941101922,False,False,True,False,True,False,True,False,False,False,True,False,False
1.5709303217326671,-0.5240963115129732,1.5960924926178308,0.366525932674926,1.6020552002356299,-1.3391580779607317,1.233883984797168,-0.5649239671112558,1.3158714021875388,0.6823632750794758,1.6407238083720175,1.3221183150092544,True,False,False,False,True,False,False,False,True,False,False,True,False
1.6319140851676173,0.858591308745912,-0.6408731360300373,1.2014759058960274,-0.624938933344819,0.7380847451017605,-0.9665796251557575,-0.11094706911537275,0.9853718963122015,0.398368949848685,-0.23062344998761966,0.7383417906889312,False,True,False,False,True,False,False,False,True,True,False,False,False
1.3930589802767437,0.0839144535409678,0.8899655404580507,-0.966398545052857,1.5754068133482309,-1.1007865980125304,-1.0766159594373659,1.516165405861712,0.6508856298190165,0.4561410984347453,-1.6391363905749505,1.1415581080882704,False,False,True,False,True,False,True,False,False,False,False,True,False
1.5614775727752637,1.2203865175071564,-0.4808398161567221,-1.2090138130250552,1.2513955090538478,-0.5255438456785928,-0.8705189975073853,-0.41051083871082306,-0.2268408779287802,1.6544053271218229,1.1201053917693853,-0.9956143109588941,True,False,False,True,False,False,False,False,True,False,True,False,False
-1.5131490819100308,-0.3153271944711847,1.6795786608631285,-1.6436897762176013,-0.3677445431705907,-1.075623859218134,-1.6281259726953838,-0.15025838809652844,-1.531344384905341,-0.10968347057353382,-0.4156824073572787,-0.6024825827379715,False,True,False,False,False,True,False,False,True,True,False,False,False
-1.0801136418383492,-0.95126995814184,1.6352276583390333,1.141732067867637,-0.20434741159811115,0.8046783541104564,-0.18293526330713358,0.8055490816189591,-1.6692069931373283,1.0909057011979146,-1.0349072152286773,-0.9426330439689902,False,False,True,False,False,True,False,True,False,False,True,False,False
-0.7096079756872922,1.3626958220660914,0.547645971710364,-1.225461929975088,-0.6992582478077708,-0.3406753423013357,-0.3887721954768414,1.5196029178812327,0.8911599270574226,-0.02097799550299727,1.0251617792522247,1.0934030093243647,False,True,False,False,False,True,False,True,False,False,True,False,False
-0.04792700887897875,0.4556154253676016,-0.43772471751939945,-0.2466335068310414,-1.285771110136394,-1.3293877964166858,-1.080733662255954,1.5109381246980138,-0.6663348837285505,0.15491286566478168,1.7072135925703027,-0.33393255660154975,True,False,False,False,False,True,False,True,False,False,False,False,True
-1.7092062217947386,0.8703829628180509,-0.08348339204330782,1.6702597891002446,0.5393225036287261,0.21528578041859556,1.1883113112070363,-0.25138254562908446,-1.1696206750668443,-0.4668964412894112,1.6755360845953997,-1.031035939651229,False,False,True,False,True,False,False,False,True,False,False,False,True
1.5379230323725157,-0.8350335025144486,1.7065103249136813,0.08802053181451817,1.605455236118884,0.6118335254216037,-0.7202149987159672,-1.4209645552147097,0.49306728631816843,1.0444460233775232,-1.2250461498415137,0.12595109976389918,False,True,False,True,False,False,True,False,False,False,False,False,True
-0.7538639373349486,-0.6868870759666801,-0.5186414743126195,0.9031918848293441,-1.427690134798709,-0.19656348915096647,-1.4510663092821428,0.43183230913577764,1.3944087916537842,-1.09117580820227,0.004273812726849231,-0.31816560810475364,True,False,False,True,False,False,True,False,False,False,False,True,False
1.7247212420857583,0.298784078901363,-0.4990277806773447,-0.798379283644242,1.4933868424610988,0.37895838014294775,-1.0596860421318193,-1.1869120287843906,1.231755858865221,0.49014194721077725,1.0905745386122503,-0.703543065371069,False,True,False,True,False,False,False,True,False,False,False,True,False
1.5611530228857973,1.6629941313802965,1.395492529018564,-0.9931670829098401,-0.42659531693822306,0.4859716335098356,-0.1807099251819732,0.7414898091593346,0.8813617924135947,-1.251673723729671,-1.5812585722675019,0.880750371640029,True,False,False,True,False,False,False,False,True,False,False,False,True
-0.7647474054272171,0.02838296020380469,-0.8866640311490913,1.046483348695619,1.6617081720109443,-0.9958657826251643,-0.03577854433048539,0.9300918875659467,-0.7175092838477737,0.5182738395371065,-0.6857682133831452,1.5210185536003538,False,True,False,False,False,True,True,False,False,False,False,True,False
-1.1607066594000133,1.0246228436797278,1.5815938403323218,0.8995026201302163,-1.680342062385919,-1.6785307108977108,-0.44535227483676026,-0.3710535909772934,1.5622301489745558,0.42465801802769165,1.4326302984218382,-0.28725625830427615,True,False,False,False,False,True,False,False,True,True,False,False,False
1.4526504630800583,0.7947575669642252,0.573343767327153,-0.5501132770374847,-0.5622150107000426,0.5837416919392824,1.4168361883763143,0.6645964560260934,-0.5969739913426854,-0.6155995765951984,-1.6659536155869514,0.9309585716796466,False,False,True,True,False,False,False,False,True,True,False,False,False
1.2065691591836933,1.2440651548722363,0.4189504289319933,-1.1636003965146915,-0.7691922719174143,-0.5380545600081872,-0.9941441149428051,1.5984853874530014,-0.8205158013174775,0.8630254813535918,0.22193765241816166,1.3146721986772893,True,False,False,True,False,False,False,False,True,True,False,False,False
-0.3037499795693347,0.5834862105376728,1.1901885280232005,-1.6884252245004914,-0.7239878087797483,-0.6930367625099357,-1.6408544871169777,-0.8083610337140105,0.7775472668733614,-1.5333613899303176,-1.5041496941756936,-0.24416944156863266,True,False,False,False,True,False,False,True,False,False,True,False,False
0.5194718502377881,1.7410559852460277,-0.7553343170899783,0.4713828371977721,-0.4693047801489442,0.6259270942482352,1.3364270032391958,-0.537817434881419,-0.04116886463436254,-0.40693350867288336,-0.9184120922072527,-0.45843648090927763,False,False,True,False,True,False,False,True,False,False,False,True,False
-0.6598929522879217,0.21912037671801074,-1.0310086140034629,-1.535547828463174,-1.3180400097233815,1.366266861596077,-0.34336809399256496,-1.362275804959875,1.6965367320841644,0.06783558270016352,-0.5232144733918397,-1.10552522492275,False,False,True,True,False,False,True,False,False,False,False,True,False
1.6308212170880692,0.6397729914377744,0.1515719378529626,0.027699652230969603,-0.6179032181762101,0.26130238928427385,-0.006241131810114729,-0.9531092173123651,-1.4659390541087904,0.9464100816381448,1.1017607220970371,0.28374721733767744,False,False,True,False,False,True,False,False,True,False,False,False,True
1.7154080327267724,-0.9696865599332884,-0.5200006827787753,-0.4769439612211549,1.296209159610011,1.6704600290025182,0.6548366852748954,0.7386749278133975,-0.9557050031455409,0.33712157525644376,-1.3479826818009566,0.9704676431586297,False,True,False,False,True,False,True,False,False,True,False,False,False
-0.8315094565227681,0.42537456549411784,1.680473673860173,1.4165335534826637,1.3715842571968149,-0.3065153542591624,-0.9580066099106124,0.9959636192939257,0.9397980780471739,-0.8418708344447156,0.8811859075034454,-1.23044545910516,False,True,False,True,False,False,False,True,False,True,False,False,False
-0.13005343660466898,-1.3346549533968475,0.1125474500822742,-0.9985010327266646,-1.7451348273945093,-1.7213700241955223,1.6007774409705733,0.9429458699212558,-0.5503482574079331,1.3688259166802543,1.2332439187742668,0.8801179549270098,False,True,False,False,True,False,False,False,True,False,False,False,True
0.623660212596148,-0.2786119959178442,-1.2184197202321956,-1.32132438252661,-1.4978693394771532,-0.12445392683771417,-0.45845198601973436,1.2519683662270724,0.658006968334915,0.08368993399632704,-0.5942468961616406,1.2521613710547936,False,False,True,False,True,False,True,False,False,True,False,False,False
0.7792401233213305,-0.23359202910851762,-0.19686271341825504,-1.3560767581048687,0.18216080834020998,-1.0526137376562923,-0.6198557736295938,-1.2766436858686805,0.8354743011212872,-0.6590447081219585,1.5604261935300097,0.6542729766392089,False,True,False,False,True,False,False,False,True,False,True,False,False
1.1699430043106818,-1.341028255476824,1.1973052261250696,0.31799149513078556,0.5244655548028039,-0.4236820239053212,-0.22444540975816488,-1.7076332009550221,-1.4509602927872745,1.3690931076788082,1.0241141723275085,0.951885405778112,False,False,True,True,False,False,False,True,False,True,False,False,False
1.4538146204124305,-0.7277121396467424,-0.5334246650863531,-1.0766583768444435,-0.665018944470958,-0.3637370302655317,-1.414084429953454,1.6819400847478978,1.2364100418228177,-0.5963116753264383,-1.2316481194168152,0.6522188469483603,False,True,False,False,False,True,False,True,False,True,False,False,False
1.1404722523405235,0.6399930378878596,1.133566537575266,1.2144671498828956,-0.7355822748747808,-0.8561814785498891,0.853618073841907,0.5810574203119048,0.553438510340714,-1.2798665898823363,-0.3978729882941298,0.730558386988698,True,False,False,False,False,True,True,False,False,False,False,False,True
-0.1282718924226194,-0.7692355433799568,-0.9692857768249316,-1.4495855866629261,0.28060216272222205,0.8948245068105027,-1.4423909481220212,-0.5925681514610129,1.3949276878859993,-1.5776565388145523,-0.5743170174835205,0.773089203679446,False,False,True,False,True,False,False,True,False,False,False,True,False
-0.5443898315401163,-1.3040205313907425,0.08077562043372066,-1.2703565953272737,0.9776311369899127,-0.4436604962084007,-0.9337805543385311,1.6230059147243583,1.6223440189295415,-0.03804568968636371,-1.3806301216739594,-1.083538897192955,False,False,True,False,True,False,False,True,False,False,True,False,False
-0.5105615439371617,-1.5594945863163006,-0.2615179833929729,1.0234380019761442,-1.7185992693703431,-1.0583211528757301,1.046630415002461,-1.0661155792707506,1.7362240968907836,-0.4524940777136024,0.8535295581284436,0.001024999829419788,True,False,False,False,True,False,False,False,True,False,False,True,False
-1.2164533039034346,0.4108819132944549,-1.2186123838090837,0.4443323549690271,0.8332013478911036,-0.8778844663913797,-0.6471637218772598,1.4914918601963636,1.4316809978169915,0.9163779602757393,0.24111218710142093,-1.1405624622602288,False,False,True,False,False,True,False,False,True,True,False,False,False
-0.552909857702717,-1.5105280577212912,-0.9190840506784985,1.6499482503352418,0.8209348509929016,-0.43266016263038976,-0.7897804907134645,-0.3123879381395923,-0.48588274981894886,0.7267322631556853,-0.11731556441598097,-1.6753886407917784,False,True,False,False,True,False,False,False,True,False,False,False,True
0.015950657943773087,0.3115658816989858,-0.06285692371412605,-1.7311556348803125,0.407509110377925,-0.4417422766390311,-0.04850068154128028,1.1572321678666873,-1.476934470103625,-1.4433751298143318,-1.2446997951131693,-0.09852022895916615,False,False,True,False,True,False,False,False,True,False,False,True,False
1.1032728203471687,-0.33718941181075024,0.6182767200888707,-0.23129008309553262,0.4755057699031328,-0.27361930326474465,0.021958615862697515,-0.10777107246758773,-0.7351154253599911,-1.002262724070825,0.9991131917550168,-0.9419853225830358,True,False,False,False,True,False,True,False,False,False,True,False,False
0.5469437430406743,-1.1436554294721868,1.4725502145452494,0.6654241091230697,-1.4293742602182389,1.1524062686965668,1.5159517866728347,0.6605513375536357,0.5472948377587182,-1.0825060604092236,-0.39081750036790436,0.7206989427033057,False,True,False,False,True,False,False,True,False,False,False,False,True
-0.3733830680418114,-0.18970284967636314,1.1003026475697166,0.4675553156340556,-1.5590449278120786,-1.5670918747493927,-0.2710002659060617,-0.2253215859593711,0.7659099819458964,-1.4307948017895515,0.9255519246616615,0.7975832963728537,True,False,False,False,False,True,False,True,False,False,True,False,False
-1.4270452879986646,0.7609936312692144,1.083905790924738,0.17686589206422296,-1.4149783939224907,1.7091721235597517,0.8868410598303277,0.9385758298560395,1.7554667285091052,0.8111412055251573,-0.16599167306145257,0.06013916580363693,False,False,True,True,False,False,False,True,False,False,False,True,False
-1.1405955348466519,1.0067470529350384,0.32396503933699855,-0.17290139910704716,-1.4128382999226679,0.8066958891047858,0.9273365386860051,1.6733759613057415,-1.5379055613088446,-1.4876273618430007,-0.18956009463246998,0.7027176727273692,False,True,False,False,False,True,False,True,False,False,False,True,False
0.6176934998966799,0.24392149811004285,-0.8514666662232377,0.9653850375965257,-0.27981500028655437,0.37975991523564534,-1.2795934720101425,-0.7839489006044235,1.5694141529360102,-0.5180209029626334,-1.4655020744154044,0.8982322303546018,False,True,False,False,True,False,True,False,False,False,True,False,False
0.4793369930528276,0.5786633376942353,-0.4553170214805388,-0.4830656189995452,-0.608529932692622,-0.4990835380771081,1.10379015535908,-0.25056806068932147,-1.1697839414394247,-1.1796141523253987,1.2639693556021034,-1.743679749855808,True,False,False,False,True,False,False,True,False,True,False,False,False
0.4190586182688615,0.24609458044118915,-0.853655288613117,1.3676296373010641,-1.3324676831955693,-0.49065681538800343,-0.6957854461001904,0.5184233970922728,-0.7411691021089699,0.7588098890019046,-1.3171842163947551,-0.05963547819217558,False,True,False,True,False,False,True,False,False,True,False,False,False
0.39501094854514235,-0.18027649623723696,-0.42099999337357963,1.482740861258781,1.1767554543907977,0.24373566368633556,1.1373894815449515,1.4946062920297114,-1.5457264726330637,0.9538958887113467,-1.029490966878733,1.4680822748763274,False,True,False,True,False,False,True,False,False,False,False,False,True
-0.9168870786308825,-0.7505963666472538,1.6272349409395996,1.4368512983592145,1.745840142548862,0.9240920926135292,-1.347966990794561,-1.158864435966091,0.6838296625920599,-0.2530951615834773,0.47360440510842367,0.253315269042422,False,True,False,False,True,False,False,False,True,False,False,True,False
0.19731002436375886,1.2754711130695813,-0.2771308178466588,0.2478439709523969,-1.1355204835018895,1.1401576266243107,0.5989182614834184,-0.22055011166313176,1.1721235555748555,-1.5360177777572293,-1.0442376167434892,-1.3559315276080708,False,False,True,False,False,True,False,False,True,False,True,False,False
1.4433046462182533,-0.7641894667625801,-1.5329100050727251,-0.560452047718707,1.5336141905259115,1.5115035348942032,0.8320740208382906,1.257263502518808,1.534149150570415,0.8637891494779072,1.0280339418901094,0.9548523821054468,False,False,True,True,False,False,False,False,True,True,False,False,False
0.5885169325834068,-0.9763711767795973,-0.4963019203360704,-0.9661866624275858,-0.30894310036730266,1.399221179854099,0.4689124339591181,1.349211027123699,0.16280460219111959,-1.1061320337172098,-1.541573798697936,-1.2362610427598997,False,False,True,True,False,False,False,False,True,False,True,False,False
0.16875434187645766,0.51359290523888,-1.1056594144064247,0.855839375355794,-0.6817474327176304,1.0293810922761693,-0.8565412981040614,1.24726416400651,0.5058643923035979,-0.8520534912116492,0.6103296214059579,0.797232366926277,True,False,False,True,False,False,True,False,False,False,True,False,False
-1.5894863544906674,0.8114533584617899,-1.1354353099135497,-1.2023641355782286,0.24732769176991926,1.625537228227088,-0.9262912026603288,-1.4309802643155185,1.7558358882009948,1.0675957721316247,1.6120456350574026,-0.22223460239920795,False,False,True,False,True,False,False,False,True,False,False,False,True
0.9327072767206267,-0.6064294089198323,0.27329745146989715,0.4831162791567582,1.4540918349454683,-0.06892200967459873,0.024411018468520014,0.48037325632726946,0.4576373772217448,1.4425128194440935,1.247910089397484,-0.10910978075279758,False,False,True,True,False,False,False,True,False,False,False,True,False
-1.1498209177518082,0.41197712278907955,0.2858483581734159,-1.3210292496670386,-1.59590840604771,-0.8995254483369827,0.7946196978389677,0.7875950701186667,-0.4976479534135664,1.302405303148164,-1.5015882508158165,-0.5854394111260053,False,True,False,False,True,False,False,False,True,True,False,False,False
-0.012008100965078533,1.5881822533273053,-1.7061553768079005,-0.3770310531446861,-0.8530159183882369,4.690334896477068e-05,1.1102729726813227,-0.906192311520797,1.461440230514759,-1.4971556850375847,-0.7892062081088697,0.8633964539500248,False,True,False,False,False,True,True,False,False,False,True,False,False
-1.4705802694639099,-1.5636034625287347,-1.3552481326775618,-0.23931424422175848,1.692739895024476,0.22862111775770994,-0.5242231933407995,-0.8291761617547821,0.7679844618062769,0.7437254119089356,-0.18667903258518942,-1.0801231053761151,False,False,True,False,True,False,False,False,True,True,False,False,False
1.041683392900884,1.5015173911654953,-0.431812146966488,1.0097480915184167,-0.30752980529091073,-1.7373850990385977,-0.8534985969416892,-1.5521419921762738,-0.8797271661108395,-0.047929753948077455,-0.191755711880353,0.8820878542240701,False,True,False,True,False,False,False,True,False,False,True,False,False
1.0590491313020527,-1.2760815789110267,-0.03630955244330418,0.29814564422827805,1.110138296362907,0.811887715781596,-0.06272008667557273,-1.0937529658927216,-1.408990997837422,-0.2285806491827963,-0.2945043018886153,0.05736808830645198,False,False,True,True,False,False,False,True,False,False,False,False,True
-0.5681871093184127,-1.088164776250219,-1.187382677520842,0.1700793812819581,1.0191977742272273,0.5326497171215698,-0.257230580416317,0.1269825717573567,-0.3322151890140099,-0.07612434580725501,-0.5283665395645311,-0.25248756419336776,False,False,True,False,True,False,True,False,False,False,True,False,False
1.2113457904428915,-1.2557866071783537,-1.0118473020713001,-1.3439834403659512,0.002697542115994879,0.08609017368388905,-0.8124712525700465,-0.452011205928914,0.18136386389485482,-0.03497000154296973,0.8885559484174692,-1.5206944027892477,True,False,False,False,False,True,True,False,False,True,False,False,False
1.0690752980728053,0.9744143417413945,1.36288730912589,0.6499113903932676,-0.4850546000346311,0.20497284395844165,-1.409278428987452,-1.50885779044816,-0.8051423005111824,-0.7772649598421459,0.427122160702403,1.6567105060020417,False,True,False,False,False,True,False,True,False,True,False,False,False
1.6828003205435635,1.0857588790688983,0.48379987416122705,0.30683604993351604,-1.2753389279364746,-1.4921960711047517,1.2841631689292297,0.689021764068616,0.73406414054254,-1.6566563895514455,0.5504225645129929,-0.41706597425767455,False,False,True,False,False,True,False,False,True,True,False,False,False
-1.0090211339291297,0.18882459659968123,0.1696505561498498,-0.10075075400537273,0.04469061464947025,0.12824387634036877,0.059651596097784906,-0.7988910717596565,1.3844467429369038,-0.9226196436117656,0.7126599390405771,-0.4792666941415888,False,True,False,True,False,False,True,False,False,False,True,False,False
-0.42289563013516157,0.9703457089797412,0.8371300464913563,1.4972295423081525,-0.5711536280521132,-0.8603217477720223,-1.0073578359701136,0.21675507548148326,1.0544053471108998,-1.1657506712430687,-0.7904736008916281,-1.691814282422722,False,False,True,False,False,True,False,False,True,True,False,False,False
-0.5462999707566347,0.14576763120383057,-0.4912719475194636,1.1234664860144938,-0.9520717320302265,-1.26803141056358,-1.6177186019063834,-0.19001959768421545,-0.5079986699972144,0.48353398066321324,0.27643037402799603,-0.706257409888198,False,True,False,True,False,False,False,True,False,False,True,False,False
-0.08466031882300788,-0.5604646631081369,0.8384211856559931,-1.1170280374762402,-1.5525329994818702,-0.13440291006755764,0.5161955473578796,1.5641789184282122,0.6239202746155402,-0.4458798185408238,0.2214671894401937,-0.8836999253485421,False,True,False,False,True,False,True,False,False,False,False,False,True
-1.1418167081270294,-1.3204590051854697,-0.8594817427929591,-1.0776118442110394,-1.56943807260712,-0.42942233789707046,-1.2556262536163603,1.0277120477343693,0.258102282888396,-0.9552659829407798,0.1364357553905754,-0.6262781362885251,False,True,False,False,True,False,False,False,True,False,True,False,False
-0.5489059771544271,-1.2926850304115551,-0.9459644401674322,1.345811106096736,0.3491570847334647,0.6738259999148973,-1.3274501648581762,1.422287105293777,-0.16694295540131698,-0.9337365228299259,1.2805832736034102,0.40750402551144754,True,False,False,False,False,True,False,True,False,False,False,True,False
-0.36775824948585445,0.41040485438843355,-1.6126423666224974,0.8725830773769917,-1.2885213260340167,0.7306173697644637,0.39737399731945433,-1.122989897798708,0.014321694300540132,-0.7480836180955316,-1.3424904775277766,-0.6806182752637457,True,False,False,False,False,True,False,False,True,False,False,False,True
-1.5752978341650783,-0.5323347001988932,-1.123569965994497,1.1059078475572583,-0.009169988070958797,-0.3351559796566928,0.33747518531345133,-0.4472115779568843,-0.286222306860731,1.052048370545593,-0.38032728324066445,-1.6826600056989747,False,True,False,False,False,True,True,False,False,False,True,False,False
-0.4268736792441254,-0.6335383606489922,1.2599129524904433,0.6855201006677614,1.6516850254203006,-1.574273513772835,1.458330894728203,0.08324590372372455,-1.318243931482056,-0.4737188112777096,-0.9448407062972879,-1.568128091745434,True,False,False,False,False,True,False,False,True,False,False,True,False
1.6874850204926142,0.8034928942080697,0.407474163656257,1.6082245289436985,0.3584146735987529,0.7651824131217373,1.2356359185694064,-0.5731839927319714,0.5096674185037398,-0.09400993569394767,1.5973907577682958,-0.67222166849347,False,True,False,False,True,False,True,False,False,False,False,True,False
-0.8086415826243427,-1.1058511355959302,0.4572408250356352,1.0925643415186845,-0.1644182809721691,0.6347636521999157,-0.8286346875567262,0.15510452998541613,0.7000483911431395,1.5766855464728782,-0.4990918048979945,-1.5344176706361363,False,False,True,True,False,False,False,True,False,False,True,False,False
-1.59036758943166,1.2996342051728016,1.4528951330810975,-0.749670452951587,-1.295310470085917,-0.7391789094192137,1.7276592760853047,1.0145785655121518,0.6852676455510045,-1.2635992781239374,0.694310083374695,-1.3475553603098214,False,False,True,True,False,False,True,False,False,False,True,False,False
0.6565486774152276,-0.18869889734643194,1.4179647833155182,0.15309306337790993,-0.6149382835704037,1.6909164667218477,0.535512186036083,1.6720595487725332,-0.061638318228718986,1.2309083122556883,-0.11219835769737754,1.1785761153129708,False,True,False,False,True,False,False,False,True,False,False,False,True
-0.4968314084295249,-0.9706709697751154,-1.4894218655326181,-1.1988158392472157,1.1331979492113864,-1.2362269938558097,-1.3755182655282316,-1.2193555431501093,-1.0863229085182036,-1.1600721159693135,0.8747195038685777,-1.0995947576771274,False,False,True,False,False,True,False,True,False,True,False,False,False
1.428389133112192,-1.2591335704958484,1.5066065319736415,-0.08450894843262813,1.1589885439783885,1.3499215539722962,-1.6328690527118321,1.0719804249009672,0.9075267467342977,1.4894228344470604,-0.13359511136659913,-1.532314548595267,False,True,False,True,False,False,False,False,True,True,False,False,False
-1.7066604887712837,-1.631622722322333,-1.2652737038944084,-1.0053485553295072,1.041667203336937,-1.2245679287763525,-0.8021422605319736,1.5256071953518644,-1.0871951772735418,0.6671639214181808,-1.3936502701050122,1.56212598429645,True,False,False,False,False,True,False,False,True,False,True,False,False
-0.07459605915127168,0.1679868090504839,-0.23748237023775534,0.23160457480633614,0.5252600244332691,0.2800625197484961,1.4632830252438604,-0.6174675438741046,-1.4847180131233353,-0.926360320318299,-1.7149911682484102,0.032880647743436284,False,False,True,True,False,False,True,False,False,False,False,False,True
-1.0362999070016126,0.11341447350716667,-1.5605534590894585,-1.3533163767491332,0.2175075187165283,1.1877361313030796,-1.3717652219410037,1.3748118506644171,0.9459255276345595,-0.016128761435832896,1.6504545454001056,-1.5837356870388506,False,False,True,True,False,False,True,False,False,False,False,True,False
0.7320161684650569,-1.6106698881164294,-1.0949821419119217,-0.14670716875956316,-1.4149448761494716,-1.4071085316079406,0.4881413552225689,0.37846100607650823,-1.2330405289508755,0.8320982266038737,-1.5219727682809143,0.685957223219804,False,True,False,True,False,False,False,False,True,False,False,True,False
0.6000100064811731,-0.10420863659001792,-1.6139711844664077,1.637479192285321,1.696819968813884,0.9622479356362543,0.5549654169306145,-0.7168640792642013,-1.6925513701472756,0.8887740003040256,-0.9375060335811746,-1.2783458979586526,False,False,True,False,True,False,False,True,False,False,True,False,False
0.02299079078957033,0.8435825435073162,1.088270268807713,-1.1864724943990965,1.3997265017966167,-1.5470359106200051,1.3765224700934218,0.057788937628616144,-0.8873896367331072,0.14263596567548967,-1.2297038753499405,-0.779938048924983,True,False,False,False,False,True,False,True,False,False,True,False,False
0.8741618544334975,1.7044832492099593,-1.0898367399585995,-1.5644585683958407,1.4128063696796174,0.15502429393707945,-0.70802854990813,0.6901696852211521,0.8008061311438175,-1.149674035067513,0.6811606250646595,-0.5863240846921517,False,True,False,True,False,False,False,False,True,False,False,True,False
-0.5197851421192766,1.6526015985015778,1.4787672013714273,-0.3049436468190894,0.7214432192179948,0.4362741342256044,-1.5690107683246157,-1.260226323732471,-1.516619735891898,0.9456545395336202,1.5429823355144041,1.073163172927554,False,True,False,True,False,False,False,False,True,False,True,False,False
-0.3812461610860674,0.6372510756459552,-1.332715407480182,1.4395793137716897,1.201331589115541,-0.8161588022851761,0.6050172487644646,-0.5430284316219254,-1.6202407092446567,-0.711694449616025,1.5168136783838957,-1.348457144004425,True,False,False,False,False,True,True,False,False,True,False,False,False
0.6456200667814735,1.0679529758757724,-1.4788189794971252,0.8103156523188517,-1.7364685989176714,-0.8522302904855217,1.7134101996140323,-1.2607783598184128,-1.053350579113922,1.2300198633352217,-1.1151491898169057,-1.6790899074077594,False,True,False,False,True,False,False,False,True,False,False,False,True
1.215353572064486,1.2506687326679196,-1.0634347118977812,0.6959799112046586,1.5459965985150057,0.47684187033673137,0.4096106465363802,-0.3271402245892368,0.28081664902097836,-0.37563466945487123,-0.5493233054023452,-1.160670327407419,False,True,False,False,False,True,False,False,True,False,False,True,False
-1.3999795855270718,1.6134035898037375,0.11574806047508696,0.5880303969140661,-0.1756992236451782,1.598283286490324,0.7089300048940833,-1.5568236573705987,0.7716655099128379,1.5779599175097643,-1.5027275725193638,0.0767724011324963,False,True,False,False,False,True,True,False,False,False,False,True,False
1.3351422334008458,-0.5726837929016642,-0.9266683432211468,-0.12091826277796539,-0.9198076311016982,-0.38276497128758635,1.5195141879917642,0.4485723487824377,0.4511678884212308,0.8513224501658986,-1.6157139300666115,-0.026626608467236062,False,False,True,False,False,True,False,True,False,True,False,False,False
1.2232507556006105,0.16280369439754488,0.34820299931742477,1.5905498428285962,-0.5424736023308155,0.6551952407344194,1.3054271770103034,-0.026186916996836875,0.6226926898169616,1.1828573253712813,1.6943345540688721,0.371540132821646,False,False,True,False,True,False,True,False,False,False,False,False,True
-0.4193734186698982,-1.661496162810062,-1.3580542588398399,-1.4925440865006028,-1.2613912273699672,-1.4142667903099593,1.3247521206309063,1.2180896071236464,0.25852433380201484,0.6033934089419232,1.0479681664034295,0.23548634032898347,False,False,True,False,True,False,False,False,True,False,False,False,True
-1.3873973590390993,-1.2531180366834078,-1.5815709382958179,0.654229662968326,1.7290609565530988,0.5072244300849408,-1.024567317276745,-0.6915810779395347,-0.05952798130290912,0.5257588869816289,1.228903737238704,-0.9092206474000061,False,False,True,False,True,False,False,True,False,True,False,False,False
0.3799799821240426,-1.1833850297185715,0.3838946093422055,1.3769666138471526,-0.35105262309375856,0.23566069309599047,-1.5989891589664056,0.47371401172374583,-0.44330533930696514,0.8048599675213728,1.5350740123232969,1.152385702704466,False,False,True,False,True,False,False,False,True,False,True,False,False
0.20838791954506625,1.2550435053458056,0.3733672295100145,0.16635091887435058,0.1393004550703964,1.267202727725737,-0.8578197270015927,1.0807902706505754,-1.4331606442105538,0.573172122033618,-1.591491026807787,-1.0642389615173466,False,False,True,False,False,True,False,False,True,False,False,True,False
0.8688111545767249,-0.14012648639054184,-0.8189016758717559,-1.5589690583729567,0.05355934857433355,-0.931442800755401,1.1075378242915632,0.042368928323723055,-1.4399078137275956,-0.6012911227916432,-0.9003885205604666,-0.6453183643190326,False,True,False,False,True,False,False,True,False,False,True,False,False
-0.6099600686209534,-0.8812763226188931,0.7001636564118978,1.5786770669068781,0.09277238524387493,-0.22864919150463983,-0.7742867075387224,0.515232058919272,-0.8135469914692461,-0.9517588455786229,-0.25238491548909825,-1.6790907758855564,True,False,False,False,True,False,False,True,False,False,False,True,False
-0.6939706770364403,1.674330604097499,-0.48895799741154866,0.2826006543099779,-0.49989288476515625,1.6489162240392181,0.9955679790923232,-1.6228536199968582,0.5136964948909413,0.48402212788199855,-1.6207861943806126,-1.5958750255084557,True,False,False,False,True,False,True,False,False,False,False,True,False
0.08196266503749584,0.15203118991235962,1.3170946787303202,-0.969226912717833,-0.3760981386660793,0.2922586725946063,-0.22824859826005373,0.6275017355152719,-0.5262840848759939,0.7745044604753598,-0.7082143720637816,1.5449752257375513,True,False,False,False,False,True,False,True,False,False,True,False,False
-0.38529089208252465,0.8111318804067399,-1.4783572008095593,-1.3534400449193773,-1.303969132370302,1.5763711532852038,1.3811359319122243,-1.4861990856154232,0.9197451059047437,-1.4765995644727519,0.5775258022436501,-0.06997948911669555,False,True,False,False,True,False,False,False,True,False,False,False,True
-1.0134681469905107,-1.7106964834694995,0.009433152323232587,0.669618562877465,-0.8728039797581512,-1.1071031565850569,0.6132049145357995,0.36092720259031935,0.008780651644234166,-1.105570276130923,1.6341310741696775,-0.13894423308888967,True,False,False,False,False,True,False,False,True,False,False,False,True
0.5212435398528742,-1.623805795443843,-0.2759787534474201,-0.6453911572583761,-1.423180975548616,-0.6857228912623514,1.5339211903129566,1.5454954475516125,-0.08575714810297867,-0.9121736463787485,1.0235073874049723,-0.27729596482563285,False,False,True,True,False,False,False,False,True,False,False,True,False
0.22672940864049543,0.7384278837112468,1.4259659940664369,-0.1755191034401832,0.5098466545705392,-0.1168629916286543,-0.6179634915335137,1.1824431127387303,-0.49241948699253985,1.7250986295014727,0.20040894556822506,1.445341553225651,True,False,False,False,False,True,True,False,False,False,False,True,False
1.1243918392495917,-1.5328228103250703,1.2729103341475052,-1.2154728600792837,1.1421434013755645,-1.6128676219529336,0.3718155701556917,-1.2308861162286175,1.3037527580859483,1.5830710876083163,1.3409877626725923,-0.7192423881601017,False,True,False,True,False,False,False,False,True,False,True,False,False
-0.16738209824466688,0.12444763227960977,-0.8702256042516336,0.8019195651452716,-1.4072280245250912,1.2191699413686166,1.1774073778529148,-0.36666778042853065,0.10738496364821076,1.4228769451728538,1.2836037504934112,-0.8617952338864528,False,False,True,False,False,True,True,False,False,False,False,True,False
-0.7849847221915492,1.6002469117349136,-1.0735962130492982,0.8929538213995332,-1.5299804059969566,-0.6135739525308532,-0.9491116666105577,-0.8651712453741782,-0.5562751873642259,-0.42790940704329056,-1.3776624877044115,-0.9302054349141925,True,False,False,True,False,False,False,False,True,False,False,True,False
-0.8017764483821228,-1.1523971484608897,1.1192859402022934,1.6042940957770475,0.9070464580138502,-0.26869654123667874,-0.2731481192217128,0.37313319716795984,1.5481051642202208,-0.6167092394181485,-0.24431479621755928,0.8383542385873988,False,False,True,True,False,False,False,True,False,True,False,False,False
-1.0846936013124575,1.2662356535495594,-0.10823513053052838,-1.398001130669437,-0.7947248867833984,0.7873484921589486,0.8332770117806555,-1.4542916422269503,-0.869709370980659,1.3639253542933012,-0.3211113083281576,0.6671496368062008,False,False,True,False,False,True,False,False,True,False,False,True,False
-0.2780526057029582,-0.4559888053997941,-0.5480729861177639,-0.7133815988389787,-0.8552952750319743,-1.1275831204370002,-0.5217084134237803,-1.2491183343733006,-0.3003940006088086,0.6737091214464928,-0.7707066368783262,-1.5031651539678905,True,False,False,False,False,True,True,False,False,False,False,False,True
0.4006884665154267,0.9522182290495159,-1.1395686468674402,-1.202765015423045,-0.5030673052332544,1.575022057102135,0.24928250697947824,1.2476839550997485,0.9781683014591694,-0.7691644667782999,0.01569392832923167,1.134924025980084,False,True,False,True,False,False,True,False,False,False,True,False,False
-0.6112828482037483,-1.124699779216283,0.8281850494008343,1.4085630299393956,0.41116213677397956,-1.244889321905041,-1.5544676363175731,1.6461135016618513,-0.9928757674832095,0.11591843404915943,1.196826483969338,1.0228241071376105,False,True,False,True,False,False,False,False,True,False,True,False,False
0.4721698773758754,0.9097504287478693,-0.7565021326192968,-1.3647831283499037,0.5705384980874322,0.8497001069173992,-1.1416101365033446,0.378780449909448,-0.9693600473138964,0.19963820582405295,-1.4333431135051344,0.538360095893605,True,False,False,True,False,False,True,False,False,False,True,False,False
1.622794894648607,1.121369022534333,-1.049206965183058,0.3590657423455158,-0.47824295509786574,-1.1187996381420997,0.09173581656848188,1.3891827296496757,-1.1274738402549764,-0.6912583773787347,-0.9830274012737324,-0.0912850571255427,False,True,False,True,False,False,False,False,True,True,False,False,False
-0.054878919387613745,0.40654911367081875,1.3479879490787257,-0.1670705996262424,-0.6865502945979018,1.4650036758306668,-0.8393670887583462,-0.14798825680006508,1.2727206719773065,1.0308512515911552,-0.6716031847099282,0.09737629769609941,False,True,False,True,False,False,False,False,True,True,False,False,False
-0.36343928472730397,1.5014493584622202,-1.0110457521542624,1.4758813748080435,-1.6285431880478112,0.025992821151080286,-0.16985831822710673,0.1909606277551799,1.5718936095267495,-1.0029329078874514,1.034603397638584,0.4085933191306157,True,False,False,False,False,True,False,True,False,False,True,False,False
-0.07107482124435499,-0.5281243563102413,-1.3201932764136126,-1.3852304383436582,1.0672838540768872,0.5725794113644752,-1.2028906396816708,0.5230884391188775,1.6646911026104712,-1.6771270947674581,-1.6548167505039801,-1.5537591261664563,False,True,False,False,False,True,True,False,False,False,False,False,True
-0.90053325755625,-1.5960363113949019,-1.5546402115574451,0.29983874299678404,1.2503688983845744,1.1654297946695429,-1.3684790362738266,0.6707954189675962,1.1433924803966136,0.8785426406021953,0.2811597174314775,-1.1385278533219092,False,True,False,True,False,False,False,False,True,True,False,False,False
0.10535362095062248,0.23388293472025976,0.1069830866374596,-1.6875964196511428,-0.006626687056246816,-1.6174623307208849,0.9862192244928061,-0.2972100938752974,0.3475939025292316,0.9156922032485858,-1.2746798772018268,0.7925288291375201,False,True,False,False,True,False,False,False,True,True,False,False,False
-1.0617795006615502,-1.4394755946981266,0.05116841383489509,1.2293555443369995,0.7602900490113078,1.7122590856007969,-1.13823787135851,1.5374899507662936,-0.9005321940675102,0.32470665323808,-0.3353463747949205,1.7131733563750144,False,True,False,False,True,False,False,False,True,False,True,False,False
-1.1007016617349195,0.4645052549046598,-1.4333477733478583,-1.0909123999035424,0.4792624020346853,-0.6104064614604249,0.3734814247064599,0.3790080244037266,0.21142876333671937,0.5812336210137284,-0.5452805471177333,-0.5434872739259483,False,True,False,False,True,False,True,False,False,False,True,False,False
-1.3615818398499244,1.431111348481806,-1.5609237969282679,-1.627280205293762,0.17794771751514432,-0.07750484513031904,0.529321334410949,0.10438721486244182,0.45144784721535675,0.48181050602821496,-0.5215618377447803,-1.2851918935869397,True,False,False,False,False,True,False,False,True,False,False,False,True
-0.33074013114170703,-0.36437268857160426,0.9190613757676761,0.28443676187203165,0.03899294854347568,-1.1218998332712617,1.0134796651386109,1.6978813351676587,0.675735126124206,1.1638792942377907,-0.635646461964926,-0.3571624133423883,False,True,False,False,True,False,False,True,False,False,False,True,False
-1.6594483776530153,-0.6360829258571441,0.29515098627862774,1.0477189605277308,1.6902640170985692,1.2185175221443418,-0.44380736575734414,-0.320893314174491,1.1248917601208472,0.9733568260117252,1.0261608980932162,-0.7785643222997407,False,False,True,False,True,False,True,False,False,False,True,False,False
-0.3633771979914077,-0.1536118137119016,-1.1586779087948078,-0.026941896734008965,-0.6616259460170012,-0.8243449160263557,-0.04584810254203612,-1.193628325934225,-0.5197348554288096,1.3958496126558502,-0.6539131522046491,-1.4819650977205734,False,False,True,False,False,True,True,False,False,False,False,True,False
1.204934064261322,-0.18968818723523817,-0.7012737008960687,-0.16222122648035942,1.4435261544561095,-1.4907840129253496,0.8346543985799248,-0.12898316211751534,0.1802629521108129,-1.3539650769090605,-0.7005650222104772,0.37006111395940516,True,False,False,False,False,True,True,False,False,False,True,False,False
-1.2731216277383697,-0.3318216843226874,0.8419363934284534,-1.386139528312059,-1.408433381399456,-0.14542817627971705,1.2223621030354577,-0.8714649426422185,1.5047678455955298,-0.9584917080554028,-0.8627160983030244,-0.13856024691760147,True,False,False,False,True,False,False,True,False,False,False,True,False
0.6397953144840958,-1.3175563360111804,1.2817130707874342,1.3430059785654949,-0.19780207571645048,-1.0534678071285615,0.2844208652960248,-1.6684975569332197,-0.30105884254383447,0.22918491687238315,-0.8236453761937337,-0.8090660747881941,False,False,True,False,True,False,False,False,True,False,False,True,False
-1.4980297282348158,-0.9406655462025917,-0.7346602508089382,-0.14774216946488983,-1.5645966425199775,1.305095173165151,-1.3065987405194548,-1.6860489744302771,-1.0726099808688996,1.4609280248426795,-0.12158967566218994,1.1797827956540758,False,False,True,True,False,False,True,False,False,True,False,False,False
0.7513146943877981,0.3734293049127894,0.3866305878443161,-1.5168874411726654,0.516508541081062,-0.8367415414187279,0.9677105660116954,1.1254491854150406,0.5141258759722303,0.5134179476938047,1.4106309534336816,-1.097122501645278,True,False,False,False,True,False,True,False,False,False,False,True,False
-0.6867430869190685,1.0687293279021173,-0.04731498328093263,0.9473371287543343,0.6496412380441363,0.31689088342194077,-1.6048820540764652,0.991291506513984,-1.5958230224072092,-0.48883062974604974,1.454938700605961,0.9511992162749481,True,False,False,False,False,True,False,False,True,False,False,True,False
1.6155477221752081,0.7902967807651432,1.010415939749272,-0.17118883853722539,-0.9973980339463333,0.09306824604390715,-0.6445680384195169,-0.021204277016588422,-0.6796332846841042,-0.8673629450026134,-1.0631164604848962,0.9248605780914861,False,False,True,False,True,False,False,True,False,True,False,False,False
-1.3590470987591783,0.5253298990980475,-0.13338379008985965,0.3277942957727131,-1.0584871290746012,-0.029083882008520107,-0.26264901215044395,-0.493337729392487,-1.4848664178893136,0.5607490419416746,1.0714867858672588,-0.3660601102952223,False,False,True,True,False,False,False,True,False,True,False,False,False
-0.36568016109996054,0.25347013962987935,1.2085915938105443,1.197465340484524,1.652358984876817,-0.26312923745975886,1.0134032858998727,1.1622989891783975,0.6398751485727591,0.2694503262913566,-1.2345312434413716,1.564734713043927,False,True,False,False,True,False,True,False,False,False,False,True,False
-0.30197082451242585,-0.2742078699225694,-0.37514619484089523,0.7356837273304625,-1.4966580998188828,0.7582117988629002,-0.46763928729478244,0.16334918667037318,0.9405013713453051,-1.1301461549751428,-0.7424650675148692,-1.5484356512397908,False,False,True,True,False,False,True,False,False,False,False,False,True
-0.7298825070760991,-1.3419732830503668,0.48451612498416247,-0.8220700511039057,0.606650894547689,-0.7590255591891193,1.1757363760333335,-0.7491134401240375,-0.8859436488771208,-1.3807563478040854,-1.704339433277321,0.29414993756006225,False,True,False,True,False,False,True,False,False,False,False,False,True
0.5860645254146986,0.02554540940617573,0.04312772662464264,-1.559237536195688,1.2368769347910435,-0.36508084256037254,-0.47304720627759794,-0.7389998820379157,1.7249601795719953,0.819500779394396,-1.0706543159684538,0.9618417318338772,True,False,False,False,True,False,False,False,True,False,False,True,False
1.5370850710595745,0.7261721950104983,0.16555891279740897,-0.14118266766157944,-0.4984258707492163,-0.40730160110150804,0.2709272363251332,0.5371633346514434,1.6112730705986693,1.4088283905291141,1.3573063839903086,1.1156887559417683,True,False,False,True,False,False,False,False,True,False,False,True,False
-0.9802746150955644,1.4680577476586885,-1.0497634377933818,-1.5610900682954598,0.5069802019781611,0.5067479708183835,0.5334240758605279,-1.159011179109435,-0.15338921081177231,-1.1567732186002369,0.7676915887127606,-0.8382905412915588,True,False,False,False,True,False,False,True,False,True,False,False,False
0.2468265108583088,0.6296818584068685,1.1564081901728687,1.030828721538125,1.298322577338329,-0.5083006714585188,1.6473623804350215,-1.4603265068875058,0.8517569429531742,0.3687979141289071,0.9356439457418577,-0.39722620928096186,True,False,False,False,True,False,False,False,True,False,False,False,True
1.277797537615969,-0.7797504046238489,0.9252064697739734,-0.3192956209189966,0.7232751670121379,-1.710352435557454,-0.7685499480638137,0.8672882743371078,1.1689382185438042,1.1194569322573598,0.028365968875620914,-0.2316877059824392,False,False,True,False,False,True,False,True,False,True,False,False,False
0.948417085440369,1.0602007077505056,-1.1612147109929971,1.4729495884902302,0.5333600797061119,1.3075435576541887,-0.8292545140019574,1.5817545662924564,-1.5545748596326672,-0.8011029871472335,-0.7256937208223548,-0.7722439164120269,False,False,True,False,False,True,False,True,False,False,False,False,True
0.8694078514627018,-1.5091353199059836,1.1614304370782877,0.7206417991882237,1.410983084928219,0.8383141860174051,-1.0428024245186822,0.13664977668583653,0.1015854333854234,-0.5731734875149543,-0.2587167079694633,-1.5870758621031247,False,True,False,True,False,False,True,False,False,False,False,False,True
0.46359624687427087,1.0469229120816808,-0.06951067009505443,-1.0242702841900166,-0.6314064612669655,-0.5288591086619338,-0.9970842933059236,-0.7017058189413365,-0.7095858503994446,1.4509330269190275,0.4799243421931004,-0.02040416798781876,False,True,False,False,False,True,False,False,True,True,False,False,False
0.7723358387506111,1.1141963650882838,1.658125237974929,-0.1376155461269054,-1.3421236220341115,-1.232835465580618,0.5164011480873711,-0.4817687637696751,-1.2679073023128822,-1.643816344442686,0.7861854328564606,1.6414355437452655,False,True,False,True,False,False,True,False,False,True,False,False,False
-0.029284432499608864,-1.1139930480954932,-0.07562947463208448,-0.17658523088999792,-0.35278256728259594,1.4297661304040217,-0.764585845973714,-1.2547779453336223,1.7096537781945556,1.3948112879631318,-1.4714143110567603,1.5760717402017292,True,False,False,False,False,True,False,True,False,True,False,False,False
0.8332187905483531,1.2962255436123125,1.392509251916276,-0.5342338446988337,-0.16129321044496056,-0.11513483413198333,-1.2159007905353896,-0.6388104438693436,1.6522690639508433,-0.5778309280586347,1.0936037718080578,-0.8844085002965276,False,True,False,False,True,False,True,False,False,False,True,False,False
1.093228219618322,1.3382081493944393,-0.0480650789828416,-1.0086300152030527,1.101845481559488,-0.20596230862264278,0.8180312737457878,0.8757905424602808,1.6396259417699408,1.0838851926831816,-0.8562208977005188,1.73726129210417,False,True,False,True,False,False,False,False,True,False,False,True,False
1.428934641531989,1.0276112485314923,1.1154366232593955,0.01238295810028801,-0.6185197896735243,-0.7222874937461438,0.5150030760676131,-1.4999407899670134,1.6256392304363463,-1.42266764856689,0.6158203171636863,0.3044521695894431,False,False,True,True,False,False,False,False,True,False,False,True,False
-0.8839196019138962,-1.1421714595921464,0.4936785480909563,-0.033646876398306456,0.06565915812638023,0.9516549595356301,1.4357504611900092,-1.242813822314567,-0.5060959864832021,-0.8875989963032138,0.9693609295738467,1.5697453874264087,False,True,False,True,False,False,True,False,False,False,False,False,True
-0.5503633812175814,0.7077729614875463,-0.3899570612064233,-1.567183923836179,0.5181214951594434,0.31317187621145415,-0.37381595450345934,1.26498919096422,1.4567839116672119,0.9451202883622115,-0.5082293423373331,-1.3956516965984322,True,False,False,False,False,True,False,False,True,True,False,False,False
-1.6546404920240163,0.1728717956490929,-0.8593945345839333,-1.5122355663164293,-1.4434922598324942,0.6608637480688141,-1.0178032925522311,1.3198083205353233,-0.7189536087709218,0.75086854605764,-1.0181448516009917,1.3121922630628722,False,True,False,True,False,False,False,True,False,True,False,False,False
1.7148080368500012,-1.0159610463454238,1.6596292894034017,1.3867772546802934,-1.5488424881212064,1.54804867875697,-1.1296154241837737,-0.46119395629777077,-1.464111329967859,-0.4556597616811711,0.9836554558660809,0.11448266541577881,True,False,False,False,False,True,False,True,False,False,False,False,True
0.8746275210799016,1.3685515368363452,-0.35880819643435674,0.32908263606525506,-1.0227291497799205,-0.5112003533917301,0.5944260426810482,0.49745896123004557,0.9911073274477904,1.522468585059974,-0.10082418790378382,-0.3158835371227919,True,False,False,False,True,False,True,False,False,False,True,False,False
1.1477287054187832,0.08695759551398591,1.5568564533649514,-1.1862812574379584,-1.5332359597546956,-1.1947344862276208,-1.328503987623081,0.8523033805123259,0.22655533473837047,-0.2909170481477548,0.7292418772588461,1.188749441965746,False,False,True,True,False,False,False,True,False,False,True,False,False
0.6020127365841618,-0.7635558439432233,0.3877874334480704,-0.3215654459332241,1.1660021556908255,-0.17799328846678106,-0.10423724181083525,0.05246309256011727,0.859058044101947,1.6291883551043813,-1.0266132143669644,-1.1057243406911184,False,True,False,True,False,False,True,False,False,False,False,True,False
-0.8291584306658091,1.4425623760187618,-0.6889434726110389,-1.238256165851068,-0.20018597329303184,0.850170113950115,0.9870726779913108,0.936818198317704,1.275743843674596,0.7715152523112808,-0.6867815103478083,-1.7550037970721573,False,True,False,True,False,False,True,False,False,False,False,True,False
0.6712192082615566,-0.06675234109193175,0.013333198966937462,-0.8544559128625218,-0.24956027830885302,-1.1229907610974186,0.49210619129792094,1.27801040023802,-1.6293284324593436,-1.190552282422818,-1.176059022852396,1.5898123677282985,False,True,False,False,True,False,False,False,True,False,False,False,True
-1.4971962739084042,0.6541689513049949,0.019262759431130486,1.6228686672670254,-1.6834369573944825,-0.25872531837372736,0.16112994136238623,-0.059559307775807445,1.3931416405750021,1.7240675059098087,-0.49946810761017707,-1.0379693531957301,False,False,True,False,False,True,False,True,False,True,False,False,False
0.9893699378558497,-0.21491920397780914,-0.30488652934243154,-0.024497586926210204,-0.22390327096150117,-1.2415931748116553,-0.06975847844484905,-1.6961618883465757,-1.2060011376101225,0.9224265610101144,-1.7091006621612874,0.6384389541497612,False,True,False,False,False,True,False,False,True,False,False,False,True
1.6004998009623215,1.6749837291829128,0.44484235578327697,-1.307335820602073,-0.9620341215878383,-0.19587105751919964,0.560631563048929,0.29540474119653215,0.8080726734996642,-0.7152336760343271,-1.2009736615642128,0.7965461935831251,False,False,True,True,False,False,False,False,True,False,False,True,False
0.9425860838259981,1.5977290848999062,0.29775682380293095,0.10325016005115911,1.345370363678167,-0.15901718453844255,-0.9019656390997735,-0.9904105830408717,-0.8765216968586061,1.0872649773312226,0.014115192125993574,1.413190318801985,False,True,False,False,False,True,False,False,True,False,False,True,False
-0.13355627522588398,-1.1984774785034904,0.8131044980006492,0.9028922370181539,-1.699586952211375,0.39728026239333875,-0.7085964705416494,0.6224840153374036,1.6552860255676949,-0.31168423121326,0.09823651117202215,-0.7783792261738322,True,False,False,True,False,False,True,False,False,True,False,False,False
-1.0887505468033565,-0.08472821011753776,-0.6997024709611929,0.7646390787315154,-0.6278670660574418,1.3964135176049226,0.1447638999816812,-0.9136063185963647,-0.16749566185410553,1.5369159343235161,-0.7936945287835353,-0.21840004113462075,True,False,False,True,False,False,False,True,False,True,False,False,False
0.9240301691137112,-0.885218057874071,0.07617918179031667,1.384093747038805,-1.6284085731183429,0.5069772964898013,0.019897339726568052,-1.1471929597145594,0.8850570284467469,0.9415446889614758,0.6649783281623514,0.3516965379325445,False,True,False,False,False,True,True,False,False,False,False,True,False
0.2514471218244716,1.0694591504964697,-0.31725541105732785,1.6622444169983217,-0.4941889956275935,1.0903606313317233,-1.579407486170424,0.11023180275185102,1.3211147608381473,-0.11437270140429819,-0.735002262546046,0.9249874204532262,True,False,False,True,False,False,False,False,True,False,False,True,False
-1.2803092621456904,-0.08935799262547918,0.8349855730742609,0.2659384330268101,-0.16885889908802912,-0.7283420428803575,0.9309093324427172,-1.3129176718419269,-0.3903276823733785,0.7246792161217279,-0.6705452267196418,0.6987771367290961,False,True,False,True,False,False,True,False,False,True,False,False,False
-0.8501406852620945,0.5518649177009183,0.29411752561057,-0.06317532896686136,-1.1008026673178661,-0.8148932231544409,-1.3943010719324056,-0.6674983716193158,-0.9212363027943825,-1.242661074726064,-1.3717012878570471,1.356977001584286,True,False,False,False,False,True,False,False,True,True,False,False,False
0.9487710587740745,-0.28211532803695394,-0.685285797428168,0.7900815704707589,0.9791716314305011,-1.5590146541540026,0.5823611849700475,-0.43614632613169946,-0.5883304624323503,-0.8526975371186752,1.2998714775170617,0.7414691568182337,False,False,True,False,True,False,False,False,True,False,False,False,True
-1.5062566433025115,0.9253934252206227,1.4117302189135574,-1.3875543087463105,-0.5461040664641252,1.7073841152571287,1.3112752428011514,0.861886536696535,-1.1260640826614838,0.43388212373405266,-0.786514705307812,0.7519946139221513,False,False,True,True,False,False,False,True,False,False,True,False,False
-0.27322568095645255,-0.9690690260112605,-0.1815931303170894,0.49840488268991046,0.6697922525503701,0.04186592432750611,-0.8094927942852178,-0.9649764967776989,-1.391200315293093,0.9015251128250659,-0.2196347796718775,1.0987486219956353,True,False,False,True,False,False,False,True,False,False,False,False,True
-1.5462192484054231,0.7094135188513706,-0.03468992347650944,0.9295301889678742,0.026997089855114353,-0.21290524772029734,0.016024206354253383,1.3054892161056533,-1.5973194624066036,-1.4774119247529505,-1.685913090684673,0.46860992303342325,False,False,True,False,False,True,True,False,False,False,True,False,False
-0.9122068266545152,-0.981960320698052,0.026458461203109872,-1.239592433476687,1.1187380980616413,-1.6490697133228187,-1.6602039247755147,-0.5944004268194539,1.312895316636373,1.7280836628109355,1.1431559949920704,-0.7939116180959453,True,False,False,False,False,True,True,False,False,False,True,False,False
0.9719689033632014,-1.3102671357614788,-0.5665108448959207,0.9836293674670723,-0.8822050151871971,1.580725977849552,-0.507907811732754,-1.180847411045959,1.5667094817602845,-1.2419083402463402,1.684713548617864,-0.8850854143007784,False,False,True,False,False,True,False,True,False,False,False,False,True
-0.4376347289228048,1.2934357561957,-0.8045004760871575,0.6994661763903177,-1.4203750260119532,-1.6747567269959804,0.4110075771256533,-1.6271163482666664,1.680774208161959,0.8190203110405032,-1.6148952915087362,0.5269278698456098,False,False,True,False,True,False,False,False,True,False,False,True,False
0.05117095129228122,-0.0968492497447282,-0.20530468190580062,-0.8558200201503309,0.4048971023609208,0.4380516545400184,-0.09937193426490393,1.1294995129288103,-1.0720194234981397,-0.4459855793521183,-0.9181088399941796,1.154483446747089,False,False,True,True,False,False,False,False,True,False,False,True,False
0.917807970509911,-0.9229911450789308,1.1477391525588476,0.29602557336485896,-0.2789679235015059,0.5227881477115054,-0.36899724436611847,1.5536810719909868,-0.9775414311045227,-0.42377733593724126,0.14531187913498325,1.0367808313008484,False,True,False,True,False,False,False,False,True,True,False,False,False
0.30550764880657016,0.13672687463279226,-0.9916743130423787,-0.6498471632774876,0.21502159119771216,0.6259410381649694,-1.156657197156747,-1.536016199643921,0.4120238244093578,-0.5968599630073301,-0.9103606831104372,-0.46481642090104286,True,False,False,True,False,False,True,False,False,False,True,False,False
-1.4901328853059557,-1.280667806199861,0.8783150439188424,1.3351940405886422,-1.595907421138541,1.1759270069636398,1.4199895124766417,0.3581106463091005,-1.3632134400705342,-0.2340533262991917,-0.890767567303577,0.9172037666303532,False,False,True,False,False,True,True,False,False,False,True,False,False
0.375431799333275,-0.36596801121654715,-0.9740082016237724,-0.35067390311445945,-1.4828586166828135,-1.1499038025825552,-1.0408519739654747,0.562072784123541,-0.3176593085519732,-0.7439772269974155,-0.24871572297662314,-0.5628630808433175,False,True,False,False,True,False,False,False,True,True,False,False,False
1.5223099764649586,0.5617986232713363,-0.42329201437931635,0.3966596044909448,-0.43618997967184964,1.392229165329597,0.1362700977234479,0.9630627553536732,0.5062921511267332,0.8048648583566477,-0.5664021362090375,1.6843439438714312,False,False,True,True,False,False,True,False,False,False,True,False,False
1.1109704422213245,0.4876204920854505,-1.4756870703589913,0.82601119732451,-0.29438821565418855,1.0495247140033401,-0.0007352724166112008,-0.7398751814682054,0.850822555848303,0.4385656948438049,1.4433686605842817,0.6249189635428448,True,False,False,False,False,True,False,True,False,False,True,False,False
0.7615009929539228,-0.7893853180353554,-1.2009298661503685,0.32401986440610314,-1.4317365758009883,-0.31875910009292696,1.435654415587664,-1.0296407345123588,-1.1428427650317257,0.7235500963187198,-0.8762230404699888,-0.8642741845087861,True,False,False,False,False,True,False,True,False,False,False,True,False
0.5431472785012925,0.26164390232582785,1.5734882256562353,1.0955193016425233,1.6056132348179208,1.0670852930177255,-1.3864739863316187,0.04154188611604242,-0.2663191335835305,0.5212736278832643,1.5952216853281944,-0.309739303378955,True,False,False,False,False,True,True,False,False,False,False,True,False
-1.3344434667365084,-1.5698445233956924,1.552246547314407,-0.21210184605844074,0.7124343236995745,-0.06683018575915499,-0.33744156424502875,-1.3990418486317797,1.420912689966871,0.5809170026872628,-1.2733803221950946,-1.6893743968692432,True,False,False,False,True,False,False,True,False,False,True,False,False
0.19707912983654258,1.647154097469096,0.850183536099816,-0.3984476370785962,-1.614270839263199,0.6923741337383881,-0.23959771402387314,0.44198519595194596,0.4858331704174916,1.5769436541829587,-0.18080422429797402,0.33016003358528534,False,False,True,False,False,True,False,True,False,False,False,True,False
0.5101463660554484,0.9500071875409072,-1.4910248993291877,-1.684414214388575,1.6462371192584901,0.6796200661046162,-0.8765628381477127,-0.8454423709371076,-0.2599257845356378,-1.5074750073967158,1.239784090113806,-0.4664470450833052,True,False,False,True,False,False,True,False,False,False,True,False,False
0.8929290362355328,1.2154173068212568,-1.4485645787772923,1.6641216842596813,1.309732251749869,0.7601354742392269,0.09251747585033977,1.576774471391611,0.28286730768153795,0.5071132064526918,1.5023868411297892,0.4992830439628737,False,True,False,True,False,False,False,False,True,False,False,False,True
-0.9928144351772102,-1.6628479947700565,1.1904777195916598,1.3302203677237336,0.29674616069535387,1.6164872626837905,1.7184455609520766,0.6186508509122862,1.6459880512633638,1.437056102355604,-0.5397496432757297,1.2327099888379813,False,True,False,True,False,False,True,False,False,False,False,False,True
0.768383815738571,-1.6830973247443803,0.9295086592135967,0.5546382724327059,-0.2061598744129758,-0.6664239999924297,0.5130606179987844,-1.6174890565695441,0.937475518516856,1.2525815484464558,-1.5036342648602234,0.16440179967153074,False,True,False,False,False,True,False,True,False,False,False,False,True
-0.6946963986243466,-0.7968437814698088,0.5867879447077965,-1.5417793790631904,-0.1117523081959887,1.293209811314605,1.4190923686745702,0.7109703766019848,-0.6063625259438461,1.2749322636666764,0.5682824315867335,-0.831458712681205,True,False,False,True,False,False,False,False,True,False,False,True,False
-0.7049301283235553,-1.4007694760629985,-1.463450398774764,1.1976252106798568,-0.2098963012665046,0.8055178858929112,-0.676688351763655,1.4996630908316357,0.10388375814797506,-0.07424914931238769,0.4350902278992493,1.0199360675917821,False,False,True,False,False,True,True,False,False,False,False,True,False
-0.47667459777015725,-0.2401429206648754,-1.394892575347193,-1.7413764720661953,1.6195977359897367,1.026657241503559,0.27891396889843767,1.2245310237410278,1.323883502985267,-0.5997965091945423,-0.22044003281375812,-1.4668952191052131,False,True,False,False,True,False,False,True,False,False,False,False,True
1.4167896990264603,0.904250748970508,1.6453226144820743,-0.57778227190089,-0.7225676979058601,0.11291149049635328,1.5541539080573108,1.5252524067205053,-1.3164167796230462,0.7935655850480372,-0.6393080820517401,1.4513571743158522,False,False,True,False,False,True,False,True,False,False,False,True,False
0.7503641237619749,1.6552473315640859,-1.4239203750394067,-1.5892934798440819,1.2759410837778986,0.5924994712268667,1.0037370965907637,0.618482129174492,-1.5591645805469263,-0.3598784632066499,-1.097834947964683,0.9273104470094788,False,True,False,False,False,True,False,False,True,False,False,True,False
0.24769749774442718,0.16138718199164886,1.1118603010698023,-1.6704408407794842,-0.6074131918411853,0.10029098134100073,-1.4824557977826118,1.243661796535649,0.4472846645872359,0.03836026124259394,-1.5112903471480195,0.7666310781680887,False,True,False,True,False,False,False,False,True,False,False,True,False
1.578951871559596,-0.5532159724095178,-1.4880002620962933,-0.9770867335540884,-0.8106686273084401,-0.9840267389957748,-1.229579916178113,-0.8959745842586031,-0.3061798481963836,1.2805652609598568,1.6263134674645752,-0.2961778261275623,False,True,False,True,False,False,False,True,False,False,False,True,False
0.43485807829402295,-0.7679009540663958,-0.15185283818371792,-0.690891694386436,0.3869445228927241,0.8845900011678183,0.7160688256236889,-1.2668656499726387,0.622234416761691,1.6460905793035767,0.7474396754183081,0.6088545767628004,True,False,False,True,False,False,True,False,False,False,False,False,True
0.43613328292248454,1.254893871253369,1.4997612697949085,-0.05880514968074725,-1.2256026615373388,1.6067266901969672,0.6217548377244132,-0.5638471555861199,1.069119287839759,-1.0182795488500052,0.43047068507361225,-1.3860490523046165,False,True,False,False,True,False,True,False,False,False,False,True,False
-0.21441198957252372,1.2640652134202446,0.501716932768686,1.287107145825997,0.718656420207759,-0.608911655213129,-0.05094918045155199,0.3507630738130283,1.693476885462223,0.22633176264814484,0.6006469582189345,-0.9132815734290641,False,True,False,False,False,True,True,False,False,True,False,False,False
-0.49593447708351485,-1.3952212008294285,0.09449140061164547,-1.1157090556029539,-0.21677520325659363,-0.7050613839060906,-1.2067111937504182,1.0159602717653764,0.6720424726320553,-1.463726447651935,0.9972002750809074,-0.5600062872419161,True,False,False,False,True,False,False,False,True,True,False,False,False
-0.6073841757357208,0.06179476162187642,-0.43031786013248385,-1.1146196353120024,-1.59812967170196,0.003043279624082489,1.136929061442852,-1.467872546844228,-0.8977389366596635,-0.168099758660953,-1.3555511941245133,0.8050932822325295,True,False,False,False,False,True,False,False,True,True,False,False,False
-1.5384797726954271,1.5511438633445267,1.1997063586602448,-1.3244375060063176,-1.0996414490819608,-0.5785549622271219,-1.1325471112305714,-0.25491969980750734,-0.4174138459241638,1.3015665587273844,-1.2298987019032688,0.6337119389935804,False,False,True,True,False,False,False,True,False,False,True,False,False
1.030109293670371,-0.9073186326008906,1.1344000851957217,0.04074058738684145,0.7969602077395117,0.2565019917436421,-0.3389070639424724,0.36089458484273246,-1.0074925548672007,0.6007778220042778,0.679567031337559,1.1658148085147655,False,True,False,False,False,True,False,True,False,False,False,True,False
0.21695790673307835,0.5295527617279042,-0.3238770581783393,-0.8132907238613843,-1.008212498351765,0.047932968254005864,-0.38033288852979436,-0.7232915514481809,0.8990491904218298,-0.9585928992498314,1.1314540908043684,-1.2648746780181626,False,False,True,False,True,False,True,False,False,False,False,False,True
-1.034722762682144,-0.600372344929573,-1.1109152981965418,-0.5328128924028734,0.7448053795446538,0.5726562710681338,-0.20943270849373105,-0.33215386386415613,0.5004643408676499,0.3218424659744287,1.6616764614017319,0.1134102251524223,False,True,False,True,False,False,True,False,False,False,False,True,False
1.120453739931744,0.2836691569733206,0.5137957830824759,-0.9814329271729364,0.6439764454843967,0.13336511114824193,0.24476005127163383,1.5464650420375947,-0.8445228397062519,-1.0193122877360155,-0.40490275025195915,1.5795119722451205,False,True,False,False,False,True,True,False,False,False,False,False,True
1.6531458778408468,1.4774082300365976,0.8281381706120672,-0.6304823643320391,-0.8690330451121088,-1.2224704404509588,0.9715173721145094,-0.42863577957281823,0.28950409219943163,-0.9715330084259166,1.2922541053334542,-1.0386606613538414,False,True,False,False,True,False,False,True,False,False,False,True,False
1.7178251015922426,-0.8676644814915417,1.0037935540486158,-1.3950474762912812,-0.7359527459412065,-0.8356628508541756,0.7059934798678479,-0.8372144867907714,-0.2720933370068585,0.7751572305995372,0.9615741654175625,0.9885071496554173,True,False,False,False,True,False,False,False,True,True,False,False,False
1.4471728875654104,-1.4827467759018451,0.6089720235648117,1.0379279508259618,-0.4064943809705092,0.012337036158196365,0.3279811143614343,-0.6127695619064766,-1.6046325230178586,0.6553568465666083,0.4984924144328442,-1.427676660922638,False,False,True,True,False,False,True,False,False,False,True,False,False
1.4623240055139872,1.3776619488162962,-0.2454446603890819,1.5033347658914964,-0.9216696315290153,1.1985288433738768,-0.8533344994317459,0.5576688739533271,1.019672872658468,-1.2175718392262027,1.3157946325441996,1.2304291892383898,False,True,False,False,False,True,False,False,True,False,False,False,True
0.35205445924244017,-0.92918790122786,1.1965318486979657,0.9767461599446138,0.09404357068565801,-0.746948579366029,1.0181343657235753,-0.29084047880172037,1.6658039757102772,0.4451311719166749,-1.5703685023515312,1.3309160959081836,False,True,False,False,False,True,False,False,True,False,False,False,True
-0.9818246305815032,1.1583612552719136,1.3714545490106727,-0.8325049346643218,-0.48306090514233185,1.5946272030060273,-0.21753681368895872,0.2266829400636819,-0.14268107678360767,1.5272816185784168,0.5272237054805293,0.3034639155452409,False,True,False,False,False,True,False,False,True,False,True,False,False
0.36306213320106184,1.5067971618148155,-0.2637015499752425,0.7081851712085686,0.990162948230618,-0.45995633620986315,-1.2542310819689413,1.5710925997247667,1.183040480374003,-1.157439068314687,-0.7144358237815809,-1.317004797145639,False,False,True,False,False,True,False,False,True,False,False,True,False
-1.1186291699840407,-1.6785477846343742,-0.28237285911478127,-0.9391604195531233,0.6869092003569918,1.0469642674441764,0.9322485257878455,-1.514057539040156,0.9832663053325668,-1.7013542322394282,0.6335783180602925,1.2464374568567334,False,True,False,False,False,True,False,True,False,False,True,False,False
0.22925766877012974,-0.45531193523816155,-0.6057516622174202,-0.9283178335138155,1.648134830776408,1.4489285956014142,-0.7132737632158245,1.21559375318226,-0.101058728805296,0.5228272299925858,1.301683764584698,-0.7690288077122635,False,True,False,True,False,False,True,False,False,True,False,False,False
-1.71311394247429,0.608408234994681,1.0216276725939615,-1.565517464171157,-0.7135055394779786,0.13390384001906858,0.5391102029751011,1.1829617926317058,-0.6420338081013537,-0.19943252748017776,-1.080955272991769,-0.3141167471138568,True,False,False,True,False,False,False,True,False,False,False,False,True
-1.2569745489336628,-0.7316638430764565,0.577036225164377,-0.7184462491958433,1.1844249914630296,1.1373343059540955,1.2211264382606104,0.12071803262131797,-1.320063133780936,-0.918333207414809,1.2100772704841347,-1.6549487741995286,False,True,False,False,True,False,True,False,False,True,False,False,False
-1.7268579191674998,1.629092395894816,1.203448448151776,0.6485119757286056,-1.6213960738189888,-1.5587534488857462,1.5235621016285215,0.1689839002485185,-0.061200914914096495,-0.4077842767311023,-1.194764205463865,-0.8033743392189113,False,False,True,False,True,False,False,False,True,False,False,False,True
-0.18617575346840415,-1.3433618812948662,-1.0535850504756965,-1.2071805883384505,-0.6970463958572886,-1.4495979660819904,-0.7031956821345654,-1.2993033455010565,0.7355943452459661,1.702360015729476,1.42650122252444,-1.492726202659922,False,False,True,True,False,False,False,True,False,False,False,True,False
1.4646245084916152,0.7944755944295053,0.5441252428242364,-1.6172523820813864,0.05849087644115045,-0.6917996455183588,-1.5393419812207916,1.1470334881186564,-1.3548554968573432,1.4188526589609423,1.2729722076293757,-1.3635611390080429,True,False,False,False,False,True,False,True,False,True,False,False,False
-1.0966756734519283,0.9264147500152059,0.0005009548501310734,0.6799093080670355,-0.5777796152856072,1.5447392963552522,1.4194303019164687,0.68068440245863,-1.3909920081235039,-0.47066987595369086,0.8302492640701915,-0.5853387270334127,True,False,False,True,False,False,False,False,True,False,False,False,True
1.0778017247214788,-0.2915066737143841,-1.266436502139719,0.08383368285778456,-1.5297755296694724,1.2052049135159,0.2594809673253055,1.4681609108471942,-1.263250106607181,-1.0622144544481882,-0.7428005162393687,0.242216937903269,False,True,False,True,False,False,True,False,False,True,False,False,False
-0.9429127031414946,1.0409280269090384,1.0674988326126271,-0.2831196153457705,1.4012513164032936,-0.5939424072229348,-0.4357832259089009,-1.1964212895631416,0.4323767114360817,-1.2009281271689132,1.452209821413765,0.8341620939652148,True,False,False,False,False,True,True,False,False,False,False,False,True
1.1418716265758913,-0.8039726945098657,-0.7322624141404831,-0.8031751635908339,1.524595021551428,1.228442946879602,-0.8087239683705477,-0.47217160921000395,0.9730325671695346,-0.9152354427122449,-1.701791921574656,0.13223329774631415,False,True,False,False,True,False,False,False,True,False,True,False,False
-0.8881924177988526,-0.4044841157253434,1.489011372198204,0.8808308661361041,-1.7273579603346085,-0.2954813361807042,-0.8205623052923747,-1.380431806743675,-0.9262241132666393,0.15073621379166138,1.0005331013593284,0.7423292851630795,True,False,False,False,True,False,False,True,False,False,False,False,True
0.8986745598531845,-0.48291977410149284,-1.1945105443827528,1.1276891659459172,-0.09522604697369626,0.7833375634363717,-0.2007231545473661,0.08202107142635466,0.019396801262322037,1.636427015859573,0.43139398354296155,-0.49009086861448165,True,False,False,False,True,False,False,False,True,True,False,False,False
1.4194948921640056,0.410419418718727,1.1150340317373282,-1.718786848993994,0.5515259578102025,0.42540867111839487,-0.49997657862714506,-0.43677088261022373,0.5503632102434222,1.2627140770314655,-1.1140927592137002,1.4813852980012978,False,False,True,False,True,False,True,False,False,False,False,True,False
-0.4470266440049238,-0.6207054079760855,0.21667899583291614,-1.5251038045359333,-0.3345019340888582,-1.0533039022924922,-0.5660950972789296,-1.2989436769338225,-0.9066679286607493,-0.19903241763608995,-0.5217952269957156,0.7096361061063932,False,False,True,False,True,False,False,False,True,False,True,False,False
-0.34754334145837634,-1.4807360882860472,0.0572513186829297,-0.10041518969999967,-1.0111980390047839,-1.388714995007494,-0.12365484321775741,0.14288618147103618,-0.05396705718164804,-0.05061520964827295,-0.6554628458551055,-0.29462387160534875,False,False,True,True,False,False,True,False,False,False,False,False,True
-0.08181685064354356,0.560500685375613,-1.6648609834346668,0.5046473701599405,-0.9225636350894121,-0.16861074660781472,-0.0408618485844186,0.5782871608230471,-0.817822570158805,-1.128282340998071,-1.4847765186200075,-1.4943454355204677,False,True,False,False,False,True,True,False,False,False,False,False,True
1.4954845145918398,-1.0141389259652407,-1.5149561857159544,-0.14739969840615766,0.8925321574231029,1.2690838935057813,-0.0023766198679080327,-1.6524810676634902,1.452433878974726,1.2076266424344484,-1.4545206478273467,-0.8154824969819301,False,True,False,False,True,False,False,False,True,False,False,True,False
1.3614518301561598,1.3370641121770968,1.2796052094391432,0.3460093749556967,1.690914029745141,1.2830067303887118,1.43999309080215,1.325375789209837,0.5653346666557452,-1.526021298688111,-0.4349109094476535,-0.28913773249385866,True,False,False,False,True,False,False,True,False,False,False,False,True
1.4950234475926585,0.7932068037842586,1.5542535140071727,-0.7634202726795801,0.2270225875072036,-0.8561600991349766,0.8799141683192097,0.5229440300851692,1.1018809695034544,-0.9950808384257525,0.1645440044144883,-0.8542806895889294,True,False,False,False,False,True,False,True,False,True,False,False,False
-0.13244971993319707,-0.5897635970544853,-0.4406442952088214,-1.1149857873732931,-0.5028071128245943,0.9485399519491077,-0.15698672996673557,-1.0527610412777983,1.3824464491295272,-0.2409144716182069,-0.8222539705198751,-0.9830924626559127,False,False,True,False,False,True,True,False,False,False,True,False,False
1.0758087499503435,0.9181485355414675,-0.04150808858291633,1.087493886206835,1.315293121298604,-0.43269268861637095,-0.9023445287569659,0.40410000582550526,-0.03746602263876918,0.970937127490371,-1.6020148662402003,0.18162118356373408,True,False,False,False,False,True,True,False,False,True,False,False,False
1.4234926198787377,0.2422491032603961,-1.5140464090867385,1.0891694763486532,0.012261771228996382,0.720466230921062,-1.4095232473100754,1.2084814935297576,0.06658414212096211,1.5935124556184492,0.5355588076676626,1.5055850155644206,False,False,True,True,False,False,True,False,False,False,False,True,False
-0.2407486885012521,-0.004021988793954644,1.4744407792549608,0.10709938716386966,-0.6818990940530139,1.5324823509867098,-1.19101579321397,-0.8985191880629113,0.6401191948370679,-1.2048773508707094,-0.27796438738066154,-1.4567896844125845,False,True,False,False,False,True,True,False,False,True,False,False,False
1.698752173845693,1.2460985793779615,-1.6338594844067733,1.3384439157022914,0.05932603797407587,-1.4964167882511632,-1.6713592604757612,0.43206260790490886,0.5817282895270582,0.3951770679167314,0.9149363726030951,1.6806261344289477,True,False,False,False,False,True,False,True,False,True,False,False,False
0.30190897940902445,-0.715018186210419,1.479347982879002,1.5693701292625017,1.280486750553815,-0.18632844150990815,0.9458049230609603,0.6243836186841011,-1.3283356772553907,1.5683284447480577,1.1294044815810387,0.6176571947732794,False,False,True,False,True,False,False,False,True,False,False,False,True
1.6589636315376084,-0.15100640169856341,-0.09607699839734829,-0.9173930321432607,0.4190623879602059,0.4274736412026259,-1.0536854401771723,1.197067797138702,0.7499775102442842,-1.4579692701181106,-0.43488974165998506,0.05914123272230877,False,True,False,False,False,True,False,True,False,False,True,False,False
-0.07891962580696932,0.7127105494376327,-1.6661007268517063,-0.627750341219675,-1.2081497819586173,0.9497964689101662,0.05767735772376877,0.39548658996586683,0.45013122624912416,-0.9449744758941792,0.5211983718140768,0.9543625664807287,False,True,False,True,False,False,False,True,False,False,False,False,True
-1.161913106356657,-0.8618320522445134,0.09863264163773092,0.23995799174893015,0.687308405341825,1.6358922676603178,1.4740580717963585,1.293903909391703,0.02515494057339612,-0.3872228163995236,-1.4094406756760778,1.539014149580721,False,True,False,False,False,True,True,False,False,False,False,True,False
1.1335555340712375,-1.2273155140250611,0.6651370701777441,0.535115243863475,-0.4012219612474018,-1.4548328404563677,0.45257290335002925,-1.1202007625071495,-1.3060391926274766,-0.2657120497696499,-0.13116097204256782,-0.8688701731294279,True,False,False,False,True,False,False,False,True,False,False,True,False
-1.5408352786721395,0.667145772680676,-0.24191687802478265,0.6347118912302704,0.3790921308496328,-0.0981759799999584,-0.3687670365527507,1.1389998232874052,0.7078045548057793,-1.456446920364726,0.5233308577971245,1.1607730589212586,True,False,False,True,False,False,False,False,True,False,False,False,True
-1.2283457937247708,0.7389446332866232,1.19791141142542,0.015471479065842309,0.11555943713135643,-0.7850114826358849,-0.08557771477105411,0.47314536337464375,1.3205644923290962,-0.16878071306664905,1.585120754508597,-0.06266005484028087,False,True,False,False,True,False,False,False,True,False,True,False,False
1.0597780819230198,1.4971196820849715,-1.1337622273260772,-0.45182255133726945,-1.5850890382471827,1.6308021764405767,1.4284794935314458,1.185586197186549,-0.9996207990135039,-1.1680616231691308,1.6791824653960052,1.5455117389459943,False,False,True,False,False,True,False,False,True,False,False,True,False
1.1834672437063323,-0.9533019930197303,0.16986542970245222,-1.3210997234901007,0.6870567098233978,1.2698646152981705,-1.5025017718305487,0.3322956769047544,1.0934148228353509,-0.6157880884854007,0.6041013890715642,-0.7426830491657512,False,False,True,True,False,False,True,False,False,True,False,False,False
-0.24392769362354827,1.4843530209630629,-1.6164396263231662,1.626819227621055,-0.8838761048418148,1.3783134306349398,-1.3245679631623721,-0.7191344810199423,-0.8118967833434295,-1.6179922453032702,0.5875756956010701,0.40575870875506354,False,True,False,False,False,True,False,True,False,False,True,False,False
-0.5670145660865157,0.9063667667121349,-0.5133038227803403,0.01765965759449612,-0.5812219334433756,-0.35912018444966026,-0.9039756343232236,-0.598117644792976,-0.5797550548501912,1.5922832276144792,0.9550591967556846,1.3144293390347546,False,True,False,True,False,False,False,True,False,True,False,False,False
-1.3823649036883041,0.058404685631387655,-0.29238231879186977,1.0871160697803974,0.28263460088101816,-1.1920746666735853,-1.3325163796244204,-1.727684573421937,-0.7108515910210826,-0.5105243159050216,1.0626980752638944,0.13052681655413514,True,False,False,True,False,False,True,False,False,False,True,False,False
0.034613403609909825,-1.0772120656555049,-0.615552512853516,-0.7162968238137257,-1.3741584492930905,1.2280957096630938,1.1065660996307505,-1.0556409362899972,0.46735196638339815,-0.5837218275521585,-0.3251260871248929,0.10648297322040151,True,False,False,True,False,False,True,False,False,False,True,False,False
0.4475761197762247,-1.4322300738723022,-0.0033716896175071207,0.4021486353603026,0.7894134020550055,1.3001073832253807,-0.8826500063969677,-1.6630222209299348,-0.8587407883307153,-1.1699621159734261,-0.4967399844140566,1.6026356795317511,False,False,True,False,False,True,False,False,True,False,False,False,True
-1.318240494931225,1.2170684394522109,-0.3578184476849541,-0.3468338071118797,-1.0339244937570342,-0.9582276159643367,1.7333080156702667,-1.051762114825291,0.717198189386214,1.6359840367390377,-1.01467075604501,1.137458270804313,True,False,False,False,True,False,False,False,True,False,True,False,False
0.8539624996761023,1.1763288538793502,-1.298496295249222,1.3618499453849,0.19911435889570517,-0.9268852624590094,0.3077233629559881,-1.1057758582625121,-0.383985060847701,-1.4085177797535355,0.7167276817252922,1.7188252733593632,False,True,False,False,False,True,True,False,False,False,False,False,True
-0.4832545249698143,-1.6643686914509859,0.04429057899332744,1.1341076350039163,0.19751973206404116,-0.6416360074743789,1.205161660696445,-1.3275829635424332,1.3123687768194294,0.6237007803744183,-0.2480236615841015,1.530312317665836,False,False,True,False,False,True,False,False,True,True,False,False,False
0.8364771265465671,0.7662709900087511,0.8916558334762553,1.5636330740508328,0.7662537865056313,-0.583916144800035,-0.36501951914710706,-0.93345303898111,-0.17512271810098531,0.14354835886133377,1.2033624327561834,0.3644115719942059,True,False,False,False,True,False,True,False,False,False,False,False,True
0.8971713165075187,1.698251569354797,0.49907543830028106,1.5717330497595265,-0.010302719535538322,1.321417111525385,-0.8608637199618121,-1.7145302201154,-1.025877127082566,1.720291414991734,0.3660043283373093,0.5846523809919811,True,False,False,False,True,False,True,False,False,True,False,False,False
0.34468965009857405,-0.11199388750708927,-0.3833421008944148,-0.43365801545246924,0.14478383015716137,0.3234026809658966,0.0013364327949568183,-0.3551991172486231,-0.48677260698894154,-0.10596137257674769,-0.009429146524122646,0.35668383460279623,False,False,True,False,False,True,False,False,True,True,False,False,False
0.3608317140521905,0.776084573404149,-1.072974576640402,-0.3913682978849668,-0.24233100337133356,-0.3363644016644283,-1.6299690749313749,0.6438539005669859,-0.06110692537911674,-0.12167596950688227,-0.24393109749418518,-0.7694756129656779,True,False,False,False,False,True,False,True,False,False,False,False,True
1.4977057533658118,1.361008993287666,-0.9001895029735993,0.5282817144356895,-1.087930515179292,-0.45134059423159745,0.4044682432976051,-0.9051743015094101,-1.6537373252013143,1.4831967285686944,-0.6166563668527617,-1.1728096883789818,False,False,True,False,False,True,True,False,False,False,False,False,True
-0.1808091618920095,1.3202273960182709,-0.07010903332654747,1.4773995785335932,-1.3918466850983557,-0.5314927828567468,0.41086620265492213,-0.5065070401367425,1.0686396961034668,-1.6161547247617998,-1.1496557390474216,-1.5111214395139991,False,True,False,False,False,True,False,True,False,True,False,False,False
-1.3742005808600901,-1.6250760184386517,0.23726188945065504,0.9654893829035754,-1.4889540124943659,0.6762293950028372,-1.1398573727207404,-1.4487650809403532,0.3883589516681642,1.2241294810479604,1.1770891872935572,1.5431388721898374,True,False,False,True,False,False,True,False,False,True,False,False,False
-1.6720225732097023,-0.11993895964159393,-1.638793417263584,-0.6864316746243725,0.5820078084678022,-1.480868059012882,-1.0305420448222313,-1.6737352537126642,-1.1192044944608703,-1.4937315126439028,0.8901254330434936,0.5565341482616576,False,False,True,True,False,False,True,False,False,False,False,False,True
1.4201035321006727,-0.10364023192966124,1.3297178872960913,-1.4127815343999812,-0.4622421475600135,0.9639083251692231,-1.0338626345471391,-1.4068971379914823,-1.611149751270112,0.8537993259161314,-1.427861394918893,1.0833556950721448,True,False,False,True,False,False,True,False,False,False,False,True,False
1.1368320490779604,0.3274961731074734,0.1549617122316434,-0.4635628339308563,-0.35348902794561493,-0.2758435015665824,-1.5196643606634967,-1.3568381594606955,0.10421041602638799,1.55779663485207,0.2091986102330082,-1.582063806265751,True,False,False,False,True,False,False,True,False,False,False,False,True
-0.07863855154024785,-1.0697915151450794,-0.1744169684992478,-1.030046910462196,0.7139969181833572,-1.1174650108097377,0.7553796131375206,-0.5359571059424137,1.4832586608963743,-0.43601937324144685,-0.059620955394680576,0.7028905482131597,False,False,True,True,False,False,True,False,False,False,False,False,True
0.9324265424658801,-0.9990161755930644,0.23327883078536427,0.9201372058827703,-1.2547200493865793,-1.1609054015016966,0.89753621042224,-1.3273317314727962,1.132623542505507,0.0701773854916373,0.5855057159481004,-1.734354592123066,False,False,True,True,False,False,False,False,True,False,False,True,False
1.0663203391437996,0.05679444663116635,-0.17852794457596313,-0.0986349031166426,-1.129011621905601,0.9466197639543068,-0.9979646835623874,1.137005753496777,-0.4228257893614763,0.5161120147665698,1.163802634043424,1.2130532082217031,False,True,False,True,False,False,False,False,True,False,True,False,False
-1.6282119856239547,-0.15377070170990742,1.4829769158013948,0.47489348962880235,-0.23819333436437098,1.050816314426287,1.0354737856405465,-0.8473977747057011,-0.6001757596355423,-0.12023891125670015,0.9599251789007565,1.3547221755224097,True,False,False,False,False,True,True,False,False,False,False,False,True
-1.307194461539103,1.3544110032485435,1.1072279043681599,-0.1570861353080399,1.4719688925057384,0.20001283849052653,0.39597965276308295,-1.7219826585127025,0.7500016213346468,0.41532983632334336,0.7643818147329301,1.402673137221357,False,True,False,False,True,False,False,False,True,False,False,False,True
0.8053218899493791,-0.40865166648423,0.15468141533285318,-0.3940792865524574,-0.37737677941190934,-1.6496725271550825,0.2802793361348831,-1.2935074613316921,0.5718828599988098,1.134220934762817,1.1998562454927704,0.8628149188579424,True,False,False,False,False,True,False,False,True,False,True,False,False
-1.4290844765148702,1.0265376933251125,1.457110974532078,-0.3043599220808592,-1.5071294579368502,-0.8530841901083281,-1.3993523761608326,0.5719401695452442,1.0468815171317751,0.8764428180468296,1.6070208870578382,-0.9920496359516758,False,True,False,False,True,False,False,False,True,False,False,True,False
-0.05084109024726254,-0.7780783729019671,-1.2082306126679108,-0.6530186828386649,-1.4286947561978833,-1.5426997007785723,1.300733939943549,-1.382353273917794,-1.4090631351511869,-0.6175176577981843,0.5837442222738399,-0.973482344973976,False,True,False,True,False,False,False,True,False,False,False,False,True
-0.7946032588575689,-0.6872062905362513,-0.37608223457801365,-0.12121351298393847,1.427825612452099,-0.3490983874553181,-0.579091403015668,0.48658915509869133,-1.6916799810551661,-1.3236591555013566,-0.8461281025824552,-1.7433570984089626,False,False,True,True,False,False,False,True,False,False,True,False,False
1.4289648198583629,-0.4997563991892582,-0.11794020908423299,0.13779451608893106,0.37005849620510256,0.41485221634527647,-0.21963461878335602,-0.2818058505499105,0.5390121703149423,-1.5498235360378396,0.7394870288496649,-0.40427869261331817,False,False,True,False,True,False,False,True,False,True,False,False,False
1.0732947220366484,1.0740113755464886,1.5861427102034449,-1.4905040427623024,0.8275142824360958,-0.6869976807283487,-0.4930214615900378,0.9436145537124739,0.23145129174532852,-1.5178065256870836,1.1263328688726972,-0.7091539645975371,False,True,False,False,False,True,False,True,False,False,False,False,True
0.5708264383253632,1.5285964817616355,-1.472166142699959,0.8237761877183155,-0.14777783906327593,-0.3751448198078995,0.7833907816349582,0.004176903874443117,-1.724086021361654,1.4645251461586373,-1.7238732931247687,-0.7495796982077685,False,False,True,True,False,False,False,False,True,False,False,False,True
-0.16932597112818806,1.091622612565772,1.234695683386051,1.5588763154365672,0.532184365888616,0.24394200699589783,1.3815633359797443,0.11600937944971228,1.7541463989197703,-0.2208113287407867,0.5925199863873467,0.9018209231045224,False,True,False,False,True,False,False,True,False,False,True,False,False
0.5098830451193065,-0.9094837062302005,-1.2319522250328978,0.7785573688725512,0.6780185303501555,1.6057051892489174,-0.958916324933924,-0.015805147231396404,1.029684088867379,0.8417734280654084,-1.6236272917304666,-0.8556617816772267,False,True,False,False,False,True,False,True,False,False,False,False,True
-0.1314881533968893,0.34262509485959336,0.3778037787133688,-0.15888585021361368,-0.9585463747381464,-0.2501765133662846,-0.9974582605714492,0.41243448267261235,1.5670540799368375,-1.4899674234889233,1.1735974088092853,-0.6957892630074584,True,False,False,True,False,False,False,False,True,True,False,False,False
1.5286343256137482,-0.8185639465967747,-1.698729918007144,1.0946776638398446,-0.40771592150477903,-0.055962562179769845,-1.123340782068073,-1.121263067901172,0.2884608808101252,0.248573753373051,-1.0950031276587213,-0.020127236317361404,False,True,False,False,True,False,False,True,False,False,True,False,False
-1.2720311443782253,-0.35831477480584667,-1.346607926368019,1.2768564228274282,-1.6362227975531984,0.2729386874367428,1.7432046719553127,-0.4249454196204357,0.28534857488560617,1.2508409977304387,0.3455695804255789,0.8502362772967516,True,False,False,False,False,True,False,False,True,False,True,False,False
0.8389566890030946,-0.4557796726024607,-1.5305141254676387,0.3374455638546911,-0.7826625618260336,1.0640104914400588,-0.7818699568931828,0.2573290043422632,-0.34193859156298534,-0.6453620447530182,-1.3007969979273908,1.037789289911536,False,False,True,False,False,True,False,False,True,False,True,False,False
-1.0551305066301648,1.020202014641406,1.0368285387906446,0.1853209797492483,-0.7440343010866619,1.1077456886821198,-1.1883941605553086,1.0171584028813583,-0.5491337465784554,0.7973350137745092,-1.0292062012378564,-1.2304853731195458,True,False,False,True,False,False,True,False,False,False,False,False,True
1.4811810325352912,-0.8492967399949668,-1.6157326844299624,1.5137651017588125,1.156345590451159,-0.6793995294401164,-0.49172137623271805,-1.051122381357991,-0.86739004566981,-1.3230926023510854,-1.1290607908528585,0.6009566715637833,False,False,True,False,False,True,False,True,False,True,False,False,False
1.489748753439427,-1.5308070935973408,-0.3732651122651106,1.6177447070184432,0.42655803840708534,-0.1906488113395672,-1.5346430302401275,0.06738142695039614,0.6333717880365792,1.6837042504464754,1.464336627549641,1.115961108157606,False,True,False,False,True,False,False,False,True,True,False,False,False
-1.190336978710397,-0.43313742220712365,1.158098598912533,-1.5550829854532355,0.9096859971660312,-0.5872250645428455,1.0363793250746844,1.4931027656404816,0.526762903154816,-0.4888842191820487,-1.5964570022328162,-0.7632917857495551,False,False,True,False,False,True,False,False,True,False,False,True,False
1.1950577443041956,-0.5805897225018372,-1.5448588885877654,0.8441204550770282,0.3775887955986645,-0.15549080703254242,-0.0044122343481194926,0.20618733819515464,-1.6618905320975037,1.5827683510666937,0.17060413532348334,-1.5681499352714923,True,False,False,False,True,False,True,False,False,False,True,False,False
0.2794626148661829,0.45375181847431234,-1.1539697292901074,0.3845284688982288,-0.4842005028533605,0.6976990616600183,-1.0310444614980034,-0.8158212995423794,0.33155506875244734,-1.6083452276580426,-0.3667912419670468,-1.7516983026446025,False,False,True,False,False,True,True,False,False,False,True,False,False
-0.8415402813921083,0.41703102260870817,1.3149007179217755,-1.2362447102313627,-1.1398712086734724,0.5873591489998383,0.03616639102851815,0.15499639785399327,0.3633857801774247,0.9263201567507068,-1.309303885635831,-0.17240085177821962,True,False,False,True,False,False,False,True,False,False,True,False,False
-1.227642595370687,-0.3090745887637041,1.0323281695054911,-0.5102568638594133,-1.0304048464246205,-1.5878294136979934,-0.0886722862033211,-0.3322295517889241,0.4687361229213758,1.3983478632976893,-1.2245608095274856,-0.35699231895093003,False,True,False,True,False,False,True,False,False,False,True,False,False
1.6639506754894728,-1.341600260069048,1.1083166697860671,-0.1788987272123875,0.1374178261283205,1.1134064606164948,0.33605071848568346,-1.1200171433406718,0.9725637322709432,1.134521729690708,-1.2082412329137062,-0.3066174210353315,False,False,True,False,True,False,False,True,False,False,False,True,False
1.334730353923102,-0.14675888645519364,1.0074711683362323,0.7518603414168729,-0.20738791879098306,-1.439236049365552,1.702675352057944,1.6080730925942839,0.6104582333211062,-0.3546085513035244,0.677284497078858,0.15480172014852783,True,False,False,False,True,False,True,False,False,True,False,False,False
1.3866332879125933,1.253870580625079,0.5075641980249198,1.2530575003509077,-0.6142580916887629,-1.444442606802759,1.0607616017058503,-1.294809533962529,-1.3872425659775156,0.8662320844643346,0.8525561189312534,-1.1661830708701661,False,True,False,False,True,False,False,True,False,True,False,False,False
1.5439336594009556,-1.4087347239027272,-0.8462013899070244,0.5037420451525138,0.8323556111155044,-0.8341948100355743,0.5174198740793167,1.3862718608850189,0.19617877490890148,0.8458654608372391,0.061857842090254626,-0.9492004709876133,False,True,False,False,True,False,False,True,False,False,False,False,True
-0.3647342938857698,-1.4837029881856234,-1.0972469147225608,-0.21140417233094314,-1.4806744853700886,-1.5928594584961868,-1.6889309975374494,1.5100706064390363,1.6888649047756943,1.3705987540060856,0.5441900090290795,-0.33963187618816665,False,True,False,True,False,False,False,True,False,False,False,True,False
1.57412185746664,0.19645347647466438,-0.7872200251732803,-0.2328701828229648,-1.334329274538563,0.17152799691757747,0.4630801749745733,0.32206440272374565,-1.3132066632304482,1.3785491751609396,-0.5804035699995517,1.4418605276987184,False,True,False,True,False,False,False,True,False,True,False,False,False
0.43281592709854055,-0.2667650905969376,0.9998559536981166,-0.09720360914641356,0.03972683854126474,0.20378854818984538,-0.8409638315130588,0.40381970398656725,0.21492624084750445,-0.8130586137740812,1.6821477370169498,0.27910784191795907,False,False,True,True,False,False,True,False,False,False,False,False,True
1.4013264241827366,-1.4221970051789878,0.4395407288151162,-1.2026605096411442,-0.11550834558002095,1.446371392462506,0.7839132061508322,0.5811570902762129,0.05653260013546469,-0.45635347386911534,1.0413873995950453,-1.2526732912872949,False,False,True,True,False,False,True,False,False,False,False,True,False
1.4479314450236296,0.9871742486571826,0.39613236381718775,1.4064750451501333,-1.351395527312966,0.8055970195255469,0.45896491158021596,1.2348269243036474,-0.341079618425115,0.5036041575369019,0.7213000022108612,1.484895181257267,False,True,False,False,True,False,False,False,True,True,False,False,False
1.0229333953175914,-1.5807638047281458,0.189488256156971,1.5762612198290678,-1.7314614201055694,1.3684364200192782,-1.2721755954511975,-0.02753992674783705,-1.1433168839118726,1.106984420512292,-1.5809123486829628,1.1550298547509732,False,True,False,True,False,False,False,True,False,False,False,True,False
-1.0188052233739724,-0.416546852274578,-1.6239774817149168,-0.6719473869211439,0.37728611268592865,-1.1115112272156005,0.754674230403273,0.5523202701532846,0.3872702023900563,-1.5780902839499313,1.3007299554914284,-1.6845623752090952,True,False,False,False,True,False,True,False,False,False,False,True,False
0.7076287243720468,-0.06592895917566809,-1.3883507267917874,-0.5103589656022159,-1.063250338864087,-0.38568456967699155,1.1262257877024582,-0.05295589647683587,-0.17138020071863147,1.6570374836743267,-0.3205181435072636,-0.22241833785261286,False,False,True,False,False,True,False,False,True,True,False,False,False
0.013423825658449249,1.4618310937166037,-1.5687744672549442,-1.694626931500354,0.9081141288413718,-0.22599669428308763,1.4022517883416477,0.9773970412889252,-0.07676924326667865,-1.306430143766873,0.6638421418196395,-1.5612650455600046,False,False,True,True,False,False,True,False,False,False,False,True,False
-1.2376362284710498,-0.4403283407817037,1.6736929970807222,-1.505545596282465,-1.6701429499340803,0.790636260124684,1.105519428374423,0.198079721915833,0.12928881834447456,-0.015621098653277469,-0.7664257470722657,0.7477718298307612,True,False,False,False,True,False,True,False,False,True,False,False,False
0.16328210716058275,0.9300927231781108,0.4144592359814099,1.0726768294149907,-1.4752138296791264,-0.008018097552251559,-0.6381634376666012,-0.29773226673749115,-1.5899731427132617,-1.2805914548599382,1.1396105919282806,-0.6894767661393426,False,True,False,False,True,False,False,False,True,False,False,False,True
-1.4649415816868263,1.218052842816873,1.5636919524497326,0.14056524931389297,0.2758644359483515,1.1307903008144753,-0.8680667881060785,0.18538057422446214,-0.688378221315074,1.7033014887693314,0.8897703964749942,-1.1954673494033918,False,False,True,False,True,False,True,False,False,False,False,False,True
0.7829539303782606,-1.4707243232857332,-1.1436670214101086,0.40456362385026956,0.21556282322201134,0.03509984687091506,-0.3137514805201847,-0.7804043647706718,-1.226973023233382,0.2286849400177789,0.008979047438703883,0.10460423412950598,False,True,False,False,True,False,True,False,False,True,False,False,False
1.1709399830042742,1.1870767923741448,0.608742491222319,1.1626657972379946,1.422509205448769,1.429530344154357,0.28474513062765333,-0.6692686501233438,0.34751284143394645,0.34660743746645195,0.06719417190076031,0.35347846974064306,False,True,False,False,False,True,True,False,False,False,True,False,False
-1.0029302386187167,0.7831433567577897,0.6402911811187396,0.3021796867444156,0.3708490896984812,-0.4234835297882987,0.5518466056992527,-0.3469593331724014,0.22951797790753203,0.7659646216360022,0.1117842913127659,1.265633721791579,False,False,True,False,False,True,True,False,False,False,False,True,False
0.2827720743958791,0.11624182415262313,-0.3320960565346933,-0.36262105712265336,0.5108976132092797,-0.48580741469164246,1.4966139637415008,-0.2997785636913856,1.7355471500572943,0.8452092915829814,1.1811252255854279,0.8295559919564378,False,False,True,False,False,True,False,True,False,False,False,True,False
1.1303652763396916,-0.4763425898338051,-0.053435360661015924,-1.3173537716941173,-0.7100724721333307,0.44841746159170265,1.1287815958725949,0.2127447680980885,0.9807689891950948,0.7324658319572835,1.238756333574454,-1.6526724569210873,True,False,False,False,False,True,False,False,True,False,False,True,False
-0.7743285608517824,0.7390727444474231,0.37096709554294066,1.0877760995739962,-0.35775888388401544,-1.3911817784416591,0.18948276042365275,-0.6670220409905201,0.2365266600214968,-0.8551214590739203,1.1094788170617325,1.7519963024498397,False,True,False,True,False,False,False,False,True,True,False,False,False
-1.527295258000971,0.3299063265206259,-1.653734472368014,-0.6562822371226293,-0.46449385915564656,1.4485440809752343,0.26362106647166755,1.623559849486071,-1.6863173658768271,1.4846651533471034,-1.2159048137606483,-1.53279685046751,False,True,False,False,True,False,True,False,False,False,True,False,False
1.1136659818154953,-0.04918069305126199,1.594804244603213,-0.28617914748541046,-0.6905918300509125,0.6410053422476393,-1.0980446480935664,-1.658921694138252,-0.608077838654743,-1.4716981676646046,0.9600945079044125,-0.7087302078494433,True,False,False,False,True,False,False,True,False,True,False,False,False
-0.893378437543105,0.7018169433207616,-0.32112508358608427,1.6470166406728821,-1.66021681755437,-0.9849854992004528,-0.19645737389292073,-1.4008738409431332,0.7877329680532015,-0.11377573923900303,-0.7721076747556157,0.9997337944366176,False,False,True,False,True,False,False,True,False,False,False,True,False
0.8966028022313615,0.2606209832336752,-1.5381578917434446,-0.5662597750400817,0.4616539709247944,0.38700701907368035,1.5240831599102758,1.1260217330442475,1.0872177782070092,-0.5928627027418086,-0.16041081771187563,-0.6316046163895807,True,False,False,False,True,False,False,False,True,False,False,True,False
-0.7729575434025726,-0.640498655621365,1.4363802030028419,-1.4014405380164958,0.8336692106033328,-1.539716608309592,1.540033886709396,-0.7972234792471029,0.7920074121991547,-1.5048792451304362,0.4370948715135583,-0.005738318953948833,True,False,False,False,True,False,False,True,False,False,False,False,True
-1.1870587234534284,1.7305318543166566,-0.26271429142365627,1.5759846807359468,0.9513262276332631,-0.9803062527622886,-0.24091109291248006,-0.04358531952294489,-1.629606111016794,-1.3663000189460972,0.973578299890622,0.2847394523532099,False,False,True,False,False,True,False,True,False,False,False,True,False
-1.0639694809358258,-1.3633748186556462,1.6728793826646708,-1.637947953415009,0.4332143767246662,0.16191263295090716,-1.0693666761507852,-1.533333837592746,0.792694183037049,0.8186363178622875,-0.3281074407057252,1.2706316661351051,False,False,True,False,True,False,False,False,True,False,True,False,False
-0.569325573702253,-1.1356874008655424,1.0558796993887034,1.5400150525465315,0.09588194243844868,-1.2799853330914397,-0.001295546524047427,1.1292547237610375,0.34887589755446957,0.30642537379525087,-0.09534538879252902,1.5032324291197634,False,False,True,False,True,False,False,True,False,True,False,False,False
0.5774252019820181,-0.8955169546122795,0.8754732476842003,-0.8026235561926522,0.6314114339811601,0.5025604322866617,-1.1392767555250636,-0.7087623267425276,0.7092761127336582,-1.0974265747622756,0.14428323368067025,0.29212533086819625,False,True,False,False,True,False,False,False,True,True,False,False,False
0.19081301950624915,1.5259350551474047,1.4815694461447455,-0.31114848319372096,-0.9286707049826982,-0.9053902128797006,0.45368944286158724,0.3089913427067861,0.4731166810822649,-0.6954405107837086,0.9383830770805501,0.09928257274783246,True,False,False,False,True,False,False,True,False,False,False,True,False
-0.6336559393863666,0.6262737383182252,-0.5406658089368578,1.669408613914727,-1.4797628438349522,-0.7600182983452194,-0.5086477006302024,-0.3687897284881556,0.7796545180281934,0.6664142765940467,-0.4844146629203267,0.9833741169848252,False,False,True,False,False,True,False,True,False,False,True,False,False
-0.1472679760196886,1.5715565098404516,-1.447069332942286,-0.7966963384627466,-0.16580426896291853,1.6138252209785122,-0.6322407654231983,-0.33381491767528637,-1.0613487183048913,-0.1538380254276394,-0.4798847970594621,-0.2808258763155771,False,True,False,True,False,False,False,False,True,False,False,True,False
-1.1844353056266066,-1.3655493823669482,-1.2860926393872436,1.588285373518318,-0.3850546527130826,-1.592139545126417,-1.462982784945267,1.0061036572137447,0.005283770802842488,0.6281910449652702,1.3355162197634347,-0.6927357893957226,True,False,False,True,False,False,True,False,False,False,False,False,True
-0.8739416290683105,-0.21888892974133506,-0.4096589721425436,-0.13838980711542834,-0.04832948805809218,1.3138548942274058,-0.6540645580403026,-0.8520104296370445,0.7754860221965006,0.8793479781524168,-0.07250300304143013,0.09229447783450785,False,False,True,False,True,False,False,False,True,True,False,False,False
1.1594791015549766,0.7697757478457486,-1.6544212395114601,-0.6539523828531454,-0.5214152984800341,1.3437246687907487,-1.0976194199295015,-0.6160413861044505,-1.0263699475262815,0.9869386979633684,-0.5823847629028108,-1.1857346112155591,False,False,True,False,True,False,False,True,False,False,False,True,False
1.404039553797198,-0.8013389989683732,1.0712629550821862,0.9362237750496116,-0.606688753312026,-1.3232167068820315,-1.5615266439119144,-1.4883885268317738,-1.1367160062029038,0.7516795377096124,1.4516300900896262,0.5988729412020857,False,True,False,True,False,False,True,False,False,True,False,False,False
-1.0889467994129818,-0.9193441176015883,-0.8847615327520019,-0.17830382293644192,0.7846141966411255,0.8950269397821706,1.592784153631545,0.5932884002465596,-0.5520036501425926,0.685926395194968,-0.5601379632735771,-0.6181146152005418,False,True,False,False,False,True,False,True,False,False,True,False,False
1.5021088300844518,-1.5504762222493613,-0.8166336047415204,0.34055858075545714,-0.6062867983705219,-0.650861807697552,0.22268982367159595,0.5543628035426195,-0.22986097113940315,-0.32744464697741965,1.4034738665927524,-0.9739042305358752,False,False,True,True,False,False,True,False,False,True,False,False,False
0.7731419726095803,1.407863986617716,-1.4335662842883004,0.690990532521334,1.2139656522344942,1.4986530947946457,-0.31431804902707355,-0.9793570048920264,1.3756012694769184,-1.7107778784230816,-0.3104969697907682,-0.8600237527777845,True,False,False,True,False,False,True,False,False,False,False,False,True
-1.2141792215242069,1.453789980447867,-0.7083253871944823,-0.49313565916328783,0.7628736844556638,0.07851870501299438,1.1043332380609554,0.026227055278760594,-1.4276781756639363,-1.207377002989942,1.078326380054757,-0.33673034766685983,True,False,False,True,False,False,True,False,False,True,False,False,False
-1.5646630293647545,1.2603421607261025,-0.08508001322687454,-0.5612298737983652,1.0392152122881553,-0.3454563621804149,1.2078504311446008,0.9666416565978054,-1.4737304164401943,-1.187869458591739,-1.0314041672781646,-1.3258777207129693,False,True,False,False,False,True,True,False,False,False,True,False,False
1.1223762900220686,0.22430218542779998,-1.4932018214825473,-0.9009457999344425,0.42558356118121354,0.3331584299520134,-0.05105670202971955,-0.06289220661307934,0.6560381957049263,-0.795997001185094,-1.6781157028034221,-1.0692186378551523,True,False,False,False,True,False,True,False,False,False,True,False,False
0.29066862114150477,0.5574205197336461,0.9329461468881372,0.894670078148016,-0.5008002277539569,-1.1700118785201057,-1.2834252709572718,0.752572240878841,-0.9725793150355824,0.05111139517868824,-1.379278888293647,1.7572382790305308,True,False,False,True,False,False,False,False,True,False,False,False,True
-1.2992320841082272,-0.03341859894201183,0.14064722274616315,-1.6794973972558487,-1.5366753970524545,1.4579355454078662,0.7935255814722246,-1.629446410289209,0.21841992456054948,-0.051479772066817156,1.2385639865342515,-1.483339450009149,False,False,True,True,False,False,True,False,False,False,False,False,True
0.1309111677196471,-1.1954257139807183,1.1918036198858954,-1.3620201046121365,0.4079212338612714,0.49072111984575256,-0.0073991747365898435,1.6154644173424508,1.0102830192340702,-1.2895499336790832,-0.4530703879429144,-0.3815469928905705,True,False,False,False,True,False,False,True,False,True,False,False,False
0.14055223415125795,-0.4186125349305838,-1.4225825110091943,-0.705712193453856,1.3736668071253944,0.6942420042205979,-0.38198586713293403,-0.43430360212852764,1.2252623657924522,0.5790741769084322,-0.48728352023812327,1.3949738692203768,False,True,False,False,True,False,False,False,True,False,False,True,False
0.5237944804376207,-0.6404961282887621,-0.012675221883969984,-0.0561245736580685,0.7527860724685514,-1.013808914537304,0.1545092664781599,-1.3643875129290688,1.2625409888987613,-1.546215950932774,-1.113876265945268,0.3743588218807433,True,False,False,False,False,True,True,False,False,False,True,False,False
-0.4496905683354299,-0.7621781500332596,-1.6789905696041112,-0.7381814218751869,-0.3933148017157726,1.2925005466921207,0.3179759992634038,-0.7246895464807658,0.7891066097812183,-1.263438230618295,0.2560104727498981,-0.33518789149162853,True,False,False,True,False,False,False,False,True,True,False,False,False
-0.6666085298049311,-1.6915768954396933,-0.8488597276987434,0.11085618072242202,0.0588294154977497,1.0164747639080254,-0.057026671666983976,-0.682699838422796,-0.3817429501780975,-1.6839688802180173,-1.3778165225724728,-1.557401772102024,False,False,True,False,True,False,False,True,False,False,False,False,True
-0.017391393540989102,-1.1431312037273735,0.989746503705502,1.2774659766175853,-0.9248687509687837,0.967676072676103,-0.229957696956923,1.1039593255385534,0.7812314393374921,0.2288329649118702,1.2579837547617054,-0.7838346339863279,False,False,True,False,True,False,False,True,False,True,False,False,False
1.1444480605701959,-0.09695992762453251,-0.07638808020033587,0.8019252103362488,1.1894039022151062,-0.6892451893017315,0.5204129748403018,-1.5736343592983413,-1.1854868581549078,-1.0654601165718234,0.6105456481438983,-0.9377354327279769,False,True,False,True,False,False,False,False,True,False,True,False,False
-0.41641305244940835,-1.5651551330369378,-1.4031997376176504,0.9924373163101011,0.2672825405599083,-0.7309660281428988,1.0182905326185068,1.463170646292267,0.029239230907638178,-0.6073915590154753,-1.4411894861566232,-0.05257362984471608,False,False,True,False,False,True,False,False,True,False,False,False,True
0.9275387063630315,0.4514862871151526,0.47974708285152284,0.3628996172701844,1.318795750759732,1.7136088469594324,-0.9461013718083161,0.04009096851011207,-0.43878214456578357,0.4762522886173848,-0.009440286279323506,0.2678782915617562,False,True,False,True,False,False,False,True,False,False,False,False,True
-0.3982992603219357,-1.3812068332373775,0.2398789012739945,-1.2565607797219138,0.8869357807307738,1.4615858759082891,-1.6195261612310612,-1.1258648337120287,1.519386741212238,1.1706232711871924,1.2815592113054908,1.0492090039870654,False,True,False,True,False,False,False,False,True,False,True,False,False
0.3322656327743516,0.274593541724418,-1.3605975647867008,0.6710127205113093,-0.6889354998343917,-1.5597472775450314,1.5220003490063516,0.948939080132312,-1.3038890758840702,-0.07474435501509236,-1.0982883489748143,0.9943671844074305,False,True,False,False,True,False,False,False,True,False,False,True,False
-1.046644984565698,1.6696079950118945,1.4428616804144005,-1.6675430737588963,-1.2029986120167093,-0.2638069386577469,0.7815018238313158,1.6473161170606114,1.452042398854915,-0.210639465947345,-0.4287992432537695,-0.9221424043756461,False,True,False,False,True,False,False,True,False,False,False,True,False
1.0536482467725095,0.1338601013909133,-0.17492885379818549,0.5914996583081961,1.3042147886681092,1.0360073911439496,-0.8956948768790712,0.4341899015681867,1.0298257246435893,1.272727641281417,1.3197826114789917,0.13668732698537017,False,False,True,False,True,False,False,True,False,False,True,False,False
-0.778594655936918,1.0033593279305146,0.18290209394017568,0.7277937205515052,-0.30969920910807136,1.5327420529085314,-0.09760106481291189,-1.3818357274739905,-0.24053396846430486,0.7452044153868561,-1.7090137310995095,-0.46029966065600963,True,False,False,False,True,False,False,False,True,False,False,False,True
1.336373997095976,1.5336643902367086,-0.20151335443464102,0.4656617045680453,-0.2503579458720351,1.095398204755801,0.4323432691521958,-0.4764147958004778,1.5575015112583483,0.15466882671997523,1.2905281175085854,-1.669621485250593,True,False,False,False,True,False,False,True,False,False,False,False,True
0.06746753543368081,1.2586777743035,1.1475340807406504,-0.050109670798920716,1.7205534379072553,1.7076220258696033,-0.657231507436633,0.9216342627921105,-0.5262053699216646,0.9635330321267866,-1.2605336880570739,0.3402817134915841,False,True,False,False,True,False,False,True,False,True,False,False,False
-0.22411522181475005,1.7280997375790526,1.307316541540822,-1.1972065687450355,1.3085170251129103,-0.5646120157574295,-1.5769243552387084,1.5243333465941913,-0.49060306706548684,-0.759976888790521,0.8910439842790977,1.4569614163570657,False,True,False,False,True,False,False,False,True,True,False,False,False
-0.9626219323502884,-0.6063120704667442,-1.3816520165850488,-0.6116553818468444,1.290862966155766,-0.5892489466247273,-1.668905980812121,0.3920754867571778,-1.159651257606699,1.43830394637534,-1.33626612392044,1.230129724857001,False,True,False,False,False,True,False,True,False,False,False,False,True
0.9426079978821688,-1.0305496709465065,-0.18754132157767486,-0.5988487476543737,1.3788806497646748,0.25917792363415004,0.2554350445970353,0.23691357002306176,1.4202995862139915,0.9931774582667692,0.7790698965194024,-1.4112325275079338,False,True,False,False,True,False,False,False,True,False,False,False,True
-0.4495331525409174,0.977734331994466,-1.5061544755015281,-0.5940317718444396,0.750121488487642,-1.5100788024007907,1.2259600556101506,-1.42460977270903,0.8573107681390291,-0.10763894794390781,-1.6069674230004525,-1.7489589804614236,False,False,True,False,False,True,False,True,False,False,False,False,True
0.5128184388277467,-0.946981635057731,-0.9806848580315861,-0.9755122124556245,-1.6189428631359493,-0.8990092495292941,-0.6853868817587009,0.17827231213856004,0.744208898348177,-1.1787528139565124,0.972731906170993,-1.3458340805553204,False,True,False,True,False,False,False,True,False,False,False,True,False
-0.957994268813266,-0.7754502943373816,-0.7168558126379985,-1.1340308214569885,1.1053503322057878,0.05665087590925468,-0.1285795560855455,-0.8000937218513717,-1.4336000673138547,-1.5299500200711735,-0.9071467405993341,-1.1644467351763135,False,False,True,False,False,True,True,False,False,False,True,False,False
-0.9964208081519585,-0.040301204041699616,-0.33701877779818185,0.7334881096297651,1.2121917554610735,-0.9296933443965274,-1.5176273799252238,-1.1756123042556659,-0.6960482194209842,-1.5196223581264645,-1.432274445393209,-0.21194785826524556,True,False,False,False,True,False,False,True,False,False,True,False,False
-1.4551894198776574,-1.4106052583902278,1.3530858761254116,0.4828743890703962,0.9417020197473035,0.12438017401843554,1.4328463191067085,0.6455094771148263,0.43852328202752605,-1.6189545301481492,0.33322376940190335,-1.7157453429824774,False,True,False,True,False,False,False,False,True,False,True,False,False
0.38741813612723086,1.0297808718844017,0.5726645227319562,-0.10682944914267886,-1.5947294565978003,1.491890303623795,0.6875332527642982,0.8608378209424444,-1.0866319691393185,1.246653419049442,0.15548820872609367,-0.6258914480349757,False,True,False,True,False,False,False,False,True,True,False,False,False
1.3418013095004424,-0.5769396610055731,-0.8499029920979381,0.06754225327350316,0.4245507895730281,0.9364489756254306,1.5619690376112827,-1.2620553650331143,1.0198603539542033,-0.2215432993918886,-0.9550512811324716,0.6170561477273494,False,False,True,False,False,True,False,False,True,False,False,False,True
-1.6264166505205413,-1.3828653254232683,-1.3566263213008212,0.4873067203909034,0.8347538898791648,1.1284580988467001,0.8192243253409648,-1.0919707969654258,-0.9528391573601609,-1.2992398856393104,-1.3619161488182772,-0.49522802579484987,False,True,False,True,False,False,False,False,True,False,True,False,False
0.6643918490654372,-1.2376367852285015,1.582245108555935,-0.29453833165281357,1.2749690710852521,-0.8276802415689037,0.8434264312462338,0.5885296477084883,-0.1577864035463352,1.495089750088881,1.3825449766943363,-0.8491333381315546,False,False,True,True,False,False,False,True,False,False,False,True,False
-0.19238651399344162,1.6671591804314592,0.3724594171133485,-0.5137031087243129,-0.24406295195264185,0.9792930266395063,-1.573793024843734,-0.9548586129338099,0.3002048173962746,-0.6295428952253673,-0.6567340825212759,1.4982867559390203,False,False,True,False,True,False,True,False,False,True,False,False,False
1.6644665604273696,-0.4082009193782428,1.4605785216684466,1.0800931991766525,0.1839146743799616,1.1586972244876497,-0.5439828243339965,1.4112573354622595,0.621965949936814,-0.02328870165658369,0.01627400122670273,1.760826396091469,True,False,False,False,False,True,False,False,True,False,False,False,True
1.2780261304531162,-1.2091937413073515,-1.6491835141066231,0.6752145684708599,-0.2649238250685953,0.09073324856209751,-0.19859101633848528,-0.026022037213953908,-1.242030393378643,1.5994475013481935,-1.3071517859465498,-1.578033472164089,False,True,False,False,True,False,False,False,True,False,True,False,False
0.27424882970176323,0.0027979093542624196,0.7085715822644031,-1.2551274743017602,0.5722811105232938,-1.7403610805341856,1.1229913965988745,-0.7886087057858276,0.3939375162451006,-0.5974089725721293,0.733893286660104,0.8324792371034658,False,True,False,True,False,False,True,False,False,False,True,False,False
0.8716398521109339,1.3062192542251378,0.5118110518910782,0.49403026982603854,-1.7363323949893879,0.03584818010596193,-1.693048262304045,0.2229241669729513,-1.5119095957081767,1.4844569248519988,-0.5483148632529433,1.5416422183843923,False,True,False,False,False,True,True,False,False,False,True,False,False
-0.35146737416119833,-0.622946085610016,-1.3582545938783126,0.11756432882613103,-1.3802253172136265,0.6874622188599593,-1.3023047262974083,0.757091761153677,-1.612826815569529,0.04619718970212565,0.4248865991881582,-0.17088881066697756,True,False,False,False,True,False,False,False,True,False,False,True,False
-0.5024388397916256,-1.6823077394209716,0.5569895492698006,-0.3580726536934401,-1.317501708986009,1.4514424373092416,-0.4097777654840891,0.35432582548655595,0.22916545953485226,-0.13063665195573035,1.157265518361289,1.4695352647366189,False,True,False,True,False,False,False,True,False,True,False,False,False
-0.7379496848733452,-0.8516616390672911,0.08464092270246973,-0.5327230657524006,1.3249232130932187,-0.648719910892341,-0.40558502942319535,-1.098874062038121,0.28871552072791395,-1.03930179915206,1.6183378121279148,-1.1966992640721992,False,True,False,True,False,False,False,False,True,False,True,False,False
-0.29804880252196697,1.200601966268763,1.1001604677522687,-0.2359262068001055,0.9092306117888025,0.856083787425799,0.6811988549701425,0.9987853344879377,-1.6190993284532855,-0.8671989295220032,1.5147373782615101,1.2885792875647413,False,False,True,True,False,False,False,False,True,False,False,False,True
1.0718597318370107,1.238970243799391,-0.21841466983406602,-1.1784451005246706,-1.1708289668402652,1.4343833416194567,-1.4971168059425783,1.0740084475800453,-0.370273335338275,-0.6228434412750542,-1.1289581615285542,-0.3083483626859922,False,True,False,True,False,False,False,False,True,True,False,False,False
-0.361872671518403,-1.0869035557690687,1.6522544881853878,1.1031254435533642,-0.7026272012818168,1.1934310966449384,0.45836067927607793,1.2102491548925192,-1.06650807756347,0.2397839449215679,-1.6255048473169582,0.9605887963074575,False,True,False,True,False,False,False,True,False,False,False,True,False
-1.019391041293783,-0.24940714779029596,1.087215060559799,1.49063691375029,0.740726788429165,0.3486849498194655,0.9887869724163574,-0.5836079273031872,0.8603480619058474,-1.5968178842484548,0.49672294165565894,0.36471323868146,True,False,False,False,False,True,False,False,True,False,True,False,False
1.1750979165626616,1.5556862377802152,0.6014028288543404,-0.21273826543046714,1.7168400611769794,0.6829374545535569,0.9124393732606999,-0.3283646054251343,-1.1737892789753688,-1.0204397624364843,0.22648043372875418,-0.5349540395393159,False,True,False,False,True,False,False,False,True,False,False,True,False
-0.65076805035522,0.9547224076847598,0.4361286114988744,1.4413127673020492,1.7251602390131957,-1.2274863190185936,-1.3620029096625386,1.2825598079617735,0.7133432260759475,-1.2055256066576665,1.6814269461628712,1.5084331448648958,False,False,True,False,True,False,False,False,True,False,False,False,True
0.28083934704583147,-0.175009545710942,-0.4318663131294501,-0.6875610442787877,-0.7219656397546346,1.3555857982705033,0.46853122276452464,-1.0270675281220183,1.125822805485154,-0.20616486357793556,-1.4219321573406687,0.4269466498933291,False,True,False,False,True,False,False,False,True,False,False,True,False
-0.9799150025101323,-0.7619549149942186,0.7436508817570786,1.6028069487951124,-0.3575862675134024,0.6252772225047942,0.32400907416764757,-0.5892784727838719,1.3568821027531421,1.7054821348451676,-0.21061198673272202,0.10058225409039306,True,False,False,True,False,False,False,True,False,True,False,False,False
-1.4493700372306373,-1.231066648298679,0.5168195498283281,0.1386154528229484,-1.0111880672331126,0.9111938538825554,0.16907301281886278,1.0865215559067796,1.7473921621580304,-0.7018098362271548,1.7177985862721505,-0.3883210073185724,False,True,False,False,True,False,True,False,False,False,False,True,False
-0.6419667468143785,-0.06297963568220485,-1.1599139850609135,1.4239535750355867,-1.3815993962866135,0.8447027184458633,0.5226096425911468,1.2368928670805066,-0.8177899362580672,0.5205319362768024,-1.6252867665510826,1.2661158096566627,False,True,False,False,True,False,False,False,True,False,False,True,False
1.3561010531738462,0.3293090744693261,1.3533190388978178,1.5801709164168243,1.3573799541534033,-0.7927526212037453,-1.2746517950742349,-1.01541439508677,-1.4873596300212382,1.0170512960663771,-1.245387551079838,0.1634284764616243,False,False,True,True,False,False,True,False,False,True,False,False,False
0.9314910178185425,-0.026833105249118326,1.5522510809183234,-1.0620235154035347,-0.6717023798373499,0.8763156399521924,-1.5876054167200366,-0.9056989532610545,-0.24290387494942606,-1.1005063147431482,0.4839237179507517,-0.6310706494473608,False,True,False,True,False,False,False,False,True,False,False,False,True
0.9876423925685442,-0.9168912257676262,-0.21300607843635172,-1.6555410513444706,0.30955315867360683,-1.2860321425986299,-1.6127891977908797,-0.06689503544392746,0.36842758254897784,1.3808212174717582,1.6223201592427834,-1.3173611026258425,False,True,False,False,False,True,True,False,False,False,False,True,False
1.712604902763861,1.4508150006226135,-0.9345217077227566,0.5768260835924813,0.18516106813293515,-0.6588456335221696,-1.2410740338326849,-0.915155801577815,-0.0711032990335364,-0.8164185625225882,-1.4855526340401268,0.35967241113775944,True,False,False,True,False,False,True,False,False,False,False,False,True
0.980858998239085,1.7437351623777726,1.3205366709960933,1.348397950929041,1.5464997118654784,1.0422987927831375,-1.640952838248406,0.2329122603361605,-0.08478732370342144,1.505802325713973,1.0051968434124863,-1.3212467038008076,False,True,False,False,True,False,False,True,False,False,True,False,False
0.5834212000165409,1.2967416168159032,0.8295834540876187,0.5417471329248941,1.7113435078852355,-0.6835089814884375,1.2105550620688637,-0.6320257703081916,0.37312115233680987,-0.4984543016791049,-1.5551035039679295,1.180837124805886,True,False,False,False,True,False,False,True,False,False,False,False,True
1.3241522727049002,-0.6050710576584056,-1.2483975796334466,0.5303133035211282,1.221248689144964,-1.334719137494951,0.7853266309520572,-0.5008052873976071,-0.5658156360779619,-0.30720144824453005,-1.2355932158242202,-0.2737271856458212,False,True,False,False,False,True,False,True,False,False,True,False,False
-0.9482672684814832,-1.5258678939091588,-0.12301573023664725,1.4724533332591647,1.5915727372295214,1.5072574060895836,1.7108109597144074,0.8916233512313206,-1.4239161636345872,0.9396711375914476,-0.378322831071421,-1.031614248931302,True,False,False,False,True,False,False,True,False,True,False,False,False
0.023153835918599742,0.7365077567966696,-0.6268575147427049,-0.7199725108425755,1.2753177317449271,0.26167091197399434,0.5759337689049892,-1.0120442610466016,-0.281447097431573,1.4107406736227033,0.35801280779432415,-1.2578404868578308,False,False,True,False,True,False,False,False,True,False,False,False,True
-0.6417489263615822,0.8219082968820046,-1.1139473112071752,1.224976381962239,-0.3599292389488398,-0.5841309135709679,1.0035280284209196,0.039145471941273095,-0.2832705912091492,-1.029707146144702,0.20496328952035311,1.7670253128136795,False,False,True,True,False,False,False,True,False,False,True,False,False
0.26281715942000583,-0.5873616286142558,0.2628634836551649,0.8501924711684106,-1.0101155301980642,1.1293073665641933,0.5564532031809529,-0.2983413570346649,0.8470838888220908,-0.5674168627632943,1.568540731603001,-0.610970934292021,True,False,False,False,False,True,False,False,True,False,False,False,True
0.7540853633165012,-1.3324828964079236,-0.5922256676512375,-0.8134981980730238,-0.8538611260333612,-1.042411980678369,0.1714491757712249,0.13231686532990153,-0.5021655566676758,1.1713469754737424,-1.742045118475277,1.544879256894273,False,True,False,False,True,False,True,False,False,False,False,False,True
1.071909316313928,-1.4797754935630112,-1.5014717240669724,-1.4997179263288005,-1.480229967007227,-0.2731388988947968,0.47333339418077347,1.3667776853843028,0.36225295527561935,0.8513528081191851,-1.3280703793789743,0.5644340902140462,False,False,True,False,False,True,False,False,True,False,True,False,False
-0.7248250833663964,0.886045064834805,-1.7343019758233258,-0.39125681629916287,-1.4046795733112758,1.0050110614748897,1.2071697423871997,1.3127780728434766,-0.24665360488718338,0.16693742426520888,-1.6201460341582357,0.8978395257401479,False,False,True,True,False,False,False,False,True,False,False,True,False
0.9098363099402084,-0.3971361279671424,-0.5581704422177243,0.904331683417562,0.410501880636246,0.7653086254856777,-0.08559185930045887,-1.6861463250572086,1.4089948836128743,-0.48160393578051514,0.36261702540606505,0.8202342999647527,True,False,False,True,False,False,False,True,False,False,False,False,True
0.008493745384680382,0.11327651940349624,0.3413693650554319,-0.4352795452622509,-0.8904069550247984,-0.8227123502487742,0.46006131222420077,0.44899194308033386,-0.1480390266434118,0.9234441579859689,1.611279248895219,-0.3716049260627502,False,True,False,False,True,False,True,False,False,True,False,False,False
0.57122933910458,-0.281945245184589,-1.1399220400797965,-1.1199386192571614,-0.36820442836360306,0.14456992610245037,0.5440536282526781,-0.4757627998835143,0.9041376630422511,-1.5234803840526476,-0.6516867072657024,0.39429689850784566,False,True,False,False,False,True,False,False,True,False,True,False,False
-0.6540298979628004,-0.7739149519628451,1.315558310511713,-1.704222307558303,0.5539082401381054,-0.3340887532211213,1.301434876640377,0.9262558566725583,1.75022286423593,1.5223532089833864,-1.2170766114207943,-1.7309288876285926,True,False,False,False,False,True,True,False,False,False,False,False,True
-1.083387538304334,-0.7152250614591564,0.7951812790176497,1.3839268788337187,-0.665630223147631,0.5508134870548214,-0.31368821754707,-1.6606377251961613,-0.39663650717062304,0.256109990739512,-0.2984759742139361,-1.175969896004278,False,False,True,False,False,True,True,False,False,False,False,False,True
-0.19174934049296838,0.618873109129357,-0.6186253444676424,1.146692618950772,1.0192159600915245,0.3895309041287408,0.6581079777516249,-0.05911751453208982,0.2189468335912402,0.7093065015903696,-1.0371174375190744,-0.9153069856916884,True,False,False,True,False,False,False,True,False,False,False,True,False
-1.6223076156048195,-0.1350665055939166,0.6793524799381724,-1.1809649060909118,-0.6977924337194228,1.077478079918526,-0.9828750395604431,-0.006461285980185512,1.3734913964899662,-1.605141895383304,1.1023342991980272,0.6592201325026389,False,True,False,False,False,True,True,False,False,False,True,False,False
-0.2461734500191323,-1.452135698150001,-1.0213645238091182,-0.5670691961439706,-1.3654224511618849,-1.5932508269101162,-1.4901732814696438,1.3355376323978492,0.42440875797396677,-0.03933374998129375,-0.016455929555001032,-0.9956753129472606,True,False,False,True,False,False,True,False,False,False,True,False,False
-0.1522516432976211,-0.07677794042145906,-0.4276595362765418,0.31666580249769044,1.3750724589185248,-0.8549555284279198,-0.027386622416871148,1.3240311201393147,-0.8978887111767836,-0.7283083349917743,-0.08909789917793727,0.5569517599407144,False,False,True,False,False,True,True,False,False,False,False,True,False
-1.1657169774287965,0.9536107094231486,1.0813283928625728,-1.2458376008248953,1.1204915750332882,-0.76186975269642,0.9252950537243675,-1.0715961885530405,0.12535383087867333,-0.19992098604179556,0.25505616239188866,1.4493212148705708,False,False,True,False,False,True,True,False,False,False,True,False,False
0.7003454946557512,-1.1199316656823568,-0.586654165344539,-0.26543845477513434,0.07919108416997962,0.5274559452007263,1.4151818917066152,1.4673871305003432,-0.5577938924772932,-0.13023802440897367,-1.7022013515022156,0.536809737178387,False,False,True,False,False,True,True,False,False,False,False,True,False
-1.0500933934813466,1.3272579076672195,-1.726761502697339,-0.9076023389686014,-0.6381180293814256,0.36517582053869846,-1.561168769894203,-1.3515477404955978,1.030357149707044,0.30798042754482513,1.337987210377421,-0.44463712597589744,True,False,False,True,False,False,True,False,False,False,False,True,False
0.8087270907722508,-0.6096133691272205,1.5623448320501647,-0.8378452986256584,-0.7181925789276772,-0.3657569849354138,0.5644501829169088,0.668187760609021,1.3193320687615806,0.4549877518592757,-0.24217539047954229,-0.8279159820479546,True,False,False,False,True,False,False,False,True,False,False,True,False
0.9318582074735509,1.253634385900574,-0.9189363279427206,-0.2866092269537426,-0.3397880429595169,0.5430101051654733,0.4819180097373135,-0.5943057999728729,-1.3404807624830986,1.0634474283671211,0.006422587358034085,1.192010016778777,False,True,False,False,True,False,False,False,True,False,True,False,False
-0.7958576805630444,0.018963478539064008,-0.8294860557890419,-1.206482400347437,-1.6185950753142517,1.31627406255004,-0.20634248713554817,-1.6620550667779381,-0.18152911162890312,0.11207131238685789,-0.5397535465684261,-0.05171579774500169,False,False,True,False,True,False,True,False,False,False,False,True,False
0.11887950990476144,1.6400583677734024,-1.7266085104585112,1.6057471793333222,-1.2662900056023785,0.6545468904840902,0.04514605954838858,-0.024354633438837998,1.4156834345933151,0.8402466344122153,0.19967306999059106,-1.0470375831203833,True,False,False,False,False,True,True,False,False,True,False,False,False
1.7268111501854115,0.6715261466899409,-0.0523801021411118,-0.5499298440459194,1.3623144933664224,0.37734424858515436,0.6885386316621374,0.6724335882477974,1.573476433924503,-0.291150283735465,1.4192618757940367,1.2405088509724516,False,False,True,True,False,False,False,True,False,False,False,False,True
1.504948028886815,1.3632980885356283,-1.6797631216383428,-1.648595208546824,-0.7163543312163234,-1.2494370153390981,1.5399465769039449,0.3259058398913471,1.3852969580025143,1.120949223136772,1.2289979317725035,-0.9857929146738458,True,False,False,False,False,True,False,False,True,True,False,False,False
-0.6212394296434588,-1.6050828105246626,-1.1954332948053001,-0.6971150285883531,0.847051449497553,-1.7412920576301059,1.5301860872831303,-1.5101990887173158,1.1533039834545415,-1.3031617742458725,0.8583450434080024,0.6545312708498495,False,False,True,False,True,False,True,False,False,False,True,False,False
1.581789194538164,1.7169705546927765,-0.49944607522830714,0.19740399623164903,-0.9144626535194254,1.2229344374010918,-1.5515840462768056,0.4022797929194704,1.5024690635720213,-1.5912073137581335,-1.6505407096211826,0.25531745080900636,False,False,True,True,False,False,False,True,False,False,False,False,True
-0.4402387161947723,-0.4451863557861258,-0.1813778108969763,0.0030569736692931146,-0.7277271096488142,0.8938160136709049,0.7922799768771546,-1.5923413641814652,-1.602853273161756,-0.6125298838731926,0.4275043085536763,1.218253263770769,False,True,False,True,False,False,False,True,False,False,True,False,False
-0.7170933953534321,-0.63482458029716,-0.21574172880781176,0.03308869584218885,0.5494300456259493,0.1624484376225762,1.5352577392568858,0.5268865881776377,1.1888054335529714,-1.3890024301915131,0.31514367494880574,-1.6617492141801884,False,False,True,False,False,True,False,False,True,False,False,False,True
1.0614484587739335,0.06112216120041232,-1.584720262779563,0.4457689636105647,-0.33003492091246206,0.29249784728542316,-0.6443444549214674,0.28735319237298185,-0.6156918594136271,0.017566763185098245,-1.5468791443646899,-0.8857843472793402,True,False,False,False,False,True,True,False,False,False,True,False,False
0.15843314050418958,-0.5745259094359274,0.1410475851286207,0.48150124153050733,-0.12942548583643684,0.16352647599668277,1.037756482917511,-1.476917240266752,0.13366508594885573,-1.1218940000508648,0.4044593453034206,0.164101214670523,True,False,False,False,False,True,True,False,False,False,True,False,False
-0.5107943921223793,0.1164355035123251,1.3462619641008797,0.4077518298337556,0.021507216508052707,1.3695964391858266,0.22586134394594187,1.6214725543019577,1.400763565657851,-0.26493301280706577,0.9723901492613608,-1.0668024582760527,False,True,False,False,True,False,False,True,False,False,True,False,False
-0.9835811601924118,0.12040490822034494,-1.0278207800286527,1.0428459671113157,0.4986434375186422,-0.04999145983764155,0.8884724103620978,1.0545646231574601,-1.4114609035032144,0.26970767013663255,-1.7505366002012999,0.31039040416301766,False,True,False,False,True,False,False,True,False,False,False,True,False
-0.01394028749769694,1.4043493901991495,0.24605284760657983,0.4215896434584054,0.6618502118667424,0.30929704023532595,0.8017910529376512,1.6245026521972903,0.6020431929152682,0.26420915311101,-1.4456523773021523,0.8518520366554783,True,False,False,False,True,False,False,False,True,True,False,False,False
-1.5355281063394135,-1.600473231312582,-1.5026019980851382,1.3739973204225344,-0.9837665365333549,-0.8966211856215036,-0.44100685637106185,1.4281101582214357,-0.8470353197079015,-0.5901516182961879,-0.7071636181724782,-0.7228401146838555,False,False,True,True,False,False,False,False,True,False,False,False,True
1.2462675531241802,0.1745305005766043,1.543259123790688,0.7257947167486197,0.14347223750578134,-0.9422949957864326,-1.5981841454763421,1.0590328642146873,0.9824193331081452,0.8301327214026837,0.7291611160483841,-1.2605335110867668,False,True,False,True,False,False,True,False,False,False,False,True,False
-0.5385486394312803,0.5675427237804904,1.3298860341905832,0.3591226074075621,1.6047555516775205,-0.23637498673402632,1.2586850936732275,1.37326396868542,-0.9081769871575737,-0.6187653424066796,-1.4622617506724538,1.745434405393731,True,False,False,False,False,True,True,False,False,True,False,False,False
-0.26097631739452104,-1.318190144159796,-1.545701018115031,-0.8269875394589723,-0.261745349548906,0.2864998137282012,1.3170633680654513,-1.5472496578656538,0.5264318600880519,-1.0684127125750638,-0.8461034736960455,-1.0121167367658976,False,True,False,False,True,False,True,False,False,False,True,False,False
-0.6728601677498526,-0.009660691842819348,1.3332010876648497,-0.16415224174670645,-1.506212600784193,-0.8924541343586694,-1.3398288570835746,-0.5362413649538648,-0.37616317190714094,0.46298547641296706,0.7107478718126172,-0.38593946298578563,True,False,False,False,False,True,False,False,True,False,False,False,True
-1.1900014013082896,0.06439063593258629,0.6030136802258795,0.572486367516318,-0.2397410085660935,0.9532740703060593,-1.2759159670579348,-0.023307294127444634,1.4084948067760938,1.1725691420079967,-1.131571143386527,-0.28225336133410156,False,False,True,False,True,False,False,False,True,False,False,True,False
-0.5792571181971263,-0.42697685903841576,-0.6106868071796239,0.25083566394818474,-0.44446323720434366,1.4665171808890152,-0.4837365614734577,-0.40893014941784467,-1.2623099249728618,1.1161978388614406,-1.5981484908550898,1.4108066294013835,True,False,False,True,False,False,False,False,True,False,True,False,False
1.2916416166613456,-1.32996972446975,1.3485682893979067,1.624508349388806,0.5817862591261687,0.3994396338588709,-1.005291710988238,1.6481800076519246,-0.5649784112688536,1.5403542053255546,0.49917617654022883,-1.1572484046166318,True,False,False,True,False,False,False,False,True,True,False,False,False
0.05960196158323077,-0.7129505581262603,0.001229327829874579,-0.7693976623798781,-1.49338305267362,0.3129048221341574,1.5090058512480353,1.265578540975352,1.6958387107127315,-0.9204212072073583,0.304126100942369,-0.21241494512519948,True,False,False,False,False,True,False,True,False,True,False,False,False
1.0863833422247444,-0.6168563504610738,1.5525372439370986,0.9237812754814168,0.7901720182824928,1.333945550462166,-1.1597109452647634,-1.5498736851502362,0.09946966787892766,-0.7288037028174315,0.984166926827366,0.8031141057509218,False,True,False,False,False,True,True,False,False,False,False,True,False
0.37216072590202093,-0.2116922759772232,-1.058232304209583,0.621716192467042,1.3942380878325018,-0.7580896013365749,-1.0999818182971517,1.3996249536660632,-0.9782560633592138,-1.4619186976264729,0.5290957674737077,1.332346778755221,False,True,False,False,True,False,False,True,False,True,False,False,False
1.12098417708504,-1.3036094590670295,0.36058579258019796,-1.739082261448012,-0.5831349198941779,0.5181530590069601,-0.46230308582331253,0.8391718059984036,1.0992420355773906,-0.349500053151568,-0.9805758134189659,0.9233443745781572,True,False,False,False,True,False,False,False,True,False,False,True,False
-1.383256796304989,-0.03643389878977545,-0.21630183792209642,-0.9861354960924538,-1.447563879216398,-1.7023462662908089,0.17867355956836262,1.0257876298202386,1.5001106345906317,1.642210011270411,1.6128291495649434,-0.4364659474530875,True,False,False,True,False,False,False,True,False,False,True,False,False
1.4276000893113052,0.34928271146822715,-0.19706843770260787,0.9055397391708592,0.34027571208469903,-0.7825614297752115,-1.1769333355589473,0.692065709233469,-0.8802837414683613,0.7897963919549593,1.0415780384949662,-1.5304543890323845,False,False,True,False,True,False,False,True,False,False,True,False,False
0.8591421708389826,0.0017250436386157073,-1.5471447965166447,1.6125837273130141,-1.3211307434140882,-1.615342546495326,-0.2174540093642286,1.051416260432181,-1.4789286114880713,-1.3878651473048245,0.6523809512371639,-0.06708586400263784,False,True,False,False,False,True,False,False,True,False,True,False,False
1.4040056930234108,1.6631006457899868,1.6696734559100819,0.43740965254416586,-0.20213908616912565,-0.4239958349039776,0.9296022057660334,-1.4601656394933868,0.5437597327953535,1.5459584755012699,-1.5565928769503627,0.3207383927477719,True,False,False,True,False,False,True,False,False,False,True,False,False
0.182936808859015,0.5067406113979135,1.558799840388912,-0.3149561204920469,-0.6798453268849309,-0.22287162983347242,1.537930346072304,-1.4074923666594532,1.61111548547602,1.481708621428497,-0.04729156228330785,-0.8941086171041114,False,True,False,False,False,True,True,False,False,True,False,False,False
-1.7225311478773562,-0.28386273070699686,1.600823733134204,-1.6849931936633225,-0.5796766961199655,-0.4769943061573718,0.5713149106329405,-1.4547767817028336,1.2519831150302367,1.0330551495481217,0.9547275013155829,-1.2138064950061112,False,True,False,False,False,True,False,True,False,False,False,False,True
0.9099381883334001,1.4098760443147462,0.7843355825272859,0.6255254491542684,-0.41447810162826887,0.1472220737938398,1.6117746531892128,0.4055309436700236,-1.4872372374768204,-0.8367981855755731,0.32277211060194194,-0.9982182113275745,False,False,True,False,False,True,True,False,False,False,False,True,False
0.9042116657061466,0.6107186202023811,-1.3210765728183766,0.5815138953148827,1.4730290771614907,0.49406791677814954,0.47131879034227864,-0.5728963681041956,-1.4954954479540266,1.5509112365092312,1.1561091611039913,1.2704715535938023,True,False,False,False,False,True,False,False,True,True,False,False,False
1.3786093430545465,1.0018776003982548,1.6146412217563333,-0.5477645284626141,-1.6131479193022262,1.4402720484146387,1.6522082341179225,0.6403341704692933,0.7342105635700098,1.1881596671466472,1.141540839720382,-1.4771039783219713,False,False,True,True,False,False,True,False,False,True,False,False,False
-0.6700200347797521,-1.3235508179821494,0.09177137637462596,1.6518543865783093,0.9805058933171408,-0.9124302042206551,-0.6495563887575412,1.3586069435649262,-0.8633757348811806,0.943674133852398,-0.42782890279354874,1.428682518873213,False,True,False,False,False,True,False,False,True,False,False,False,True
-1.0436196857598805,-1.2091740255205423,1.0407074369080254,1.6317793992774015,-1.5591516538099046,1.0453858627120969,0.45513612781627083,-0.08380307504802693,-1.136084655965305,1.3320425691743125,0.4832920722993003,-1.6109901844361878,False,True,False,False,True,False,True,False,False,False,True,False,False
-1.349330865758173,-1.3506583951964013,0.6695053512509809,-0.47936405867883713,0.44011092862444884,1.4917094692464863,1.2424189237671281,-0.866843409045326,0.07447483007608509,0.9478040247863355,1.6275377510183342,1.4268796347234298,False,True,False,True,False,False,True,False,False,False,True,False,False
-0.9222528781282364,-1.3053967656690133,-0.6055837821470487,-0.40190670717417887,1.5307168772473163,-1.7233420293297501,-0.9627782671463254,1.5690914266652678,0.2766704132512798,1.2092334622298673,0.6763783341074816,1.506838270001728,False,False,True,False,True,False,True,False,False,False,False,False,True
-0.9415374231524705,1.2126871636444658,-0.6602940939250171,-0.8852401102963866,0.01637199162207478,-1.138680444485818,0.9371906388007554,-0.13798637897741894,0.9042432525867059,-0.3665222888726629,1.1310355588248577,-1.0245489123306453,False,True,False,False,False,True,True,False,False,True,False,False,False
1.0792612987585652,0.6669238156480745,-0.8690682663727224,0.3249585921572377,-1.1410295142178009,-1.5003069207710014,-1.253410213806663,0.29612013683914595,1.0612551053475088,0.34234107752543214,0.7798993356328501,-1.1742499349225444,False,True,False,True,False,False,False,False,True,False,True,False,False
-0.7010338751569689,0.7426654325665957,0.5283058988401644,1.616657328599602,0.13246024765101988,0.3159215982141783,-0.6859543870479314,1.2934823689657406,-1.52169570743625,1.3208049325093767,1.0756384946075623,-0.5957027167231473,False,False,True,True,False,False,True,False,False,False,False,False,True
1.5116206021337366,0.9840169393760826,-0.005267518492282385,0.8334346791923793,1.7428656746506257,-1.0195968280409375,0.17736777658268588,0.8373082882969527,0.6356799600526505,-0.2955326455739698,-1.391045705174303,0.6865673092655973,False,True,False,True,False,False,True,False,False,False,False,True,False
1.6562439454815296,-0.8229841648369028,0.08128827714654413,1.6653300005661935,-1.1767465984375645,-0.0017182032999816048,1.0846365832063465,-0.8237934467906532,-1.3401395951524957,0.8290210305735528,-0.695663750909984,-0.6005122769439487,True,False,False,False,False,True,True,False,False,False,False,True,False
-0.09943761832970659,0.6362846870689978,-0.45774335938594923,-1.6767910239116266,0.1764694727819623,0.6483459321238404,-1.617888399582709,-0.04010015456592329,-1.1250573552627203,1.0919015518842676,-1.3940060559868728,1.5261565582386964,True,False,False,True,False,False,False,False,True,False,False,True,False
-0.9462591821065905,-1.6770928863112944,1.2070364345162936,-0.5888496986907863,0.050428807353265014,-1.6675260590453043,-1.5266595566311036,1.4792315920892094,1.6382144561327554,0.024698465640793445,0.8664504659834998,1.2247563272179136,False,False,True,True,False,False,True,False,False,False,True,False,False
-0.6529084590667784,1.3611837572852195,0.6935943202822213,-1.4819155563046011,0.11380616472664973,1.2631278298784328,-0.27333098606024214,-0.10554418700633905,0.09604873119055012,-1.3789971154639757,-0.5648130920290201,-0.8107672026628151,False,True,False,True,False,False,False,True,False,False,False,False,True
0.3297146720546026,0.9361458633492261,1.6831748080907682,-0.16715548385951706,-0.7853932632227077,-1.543039418986699,0.24776931101731825,1.4763939737491902,-0.49950961678908024,-0.8200701490507566,-0.24767066604019586,1.5257520081881804,False,True,False,True,False,False,True,False,False,True,False,False,False
-1.2633893827441744,1.2377167782764837,0.03606950374256466,-0.7823230140580332,-0.44953646635144767,0.5240320545429746,-0.480931893899803,-0.04851105615872308,0.7007615824987932,-1.6053692106869435,0.7040898348331173,-0.841990724748113,False,False,True,True,False,False,False,True,False,False,False,False,True
-1.2375512749725708,-0.2650126180258201,-1.0944952518445308,-0.6051540829531667,0.13698653626276244,-1.6095802939314925,1.4498712806020329,1.6755418916836067,0.43736468161837605,0.7898066621254332,1.2443318795550082,-0.485501495911122,False,False,True,False,True,False,False,True,False,True,False,False,False
0.3521300058368005,0.07487008138416401,0.8446757529962226,-1.1819122065880259,-1.0000407311161548,0.4488920585855916,0.4490889149075982,-1.448104179451075,-0.15832496495582618,-1.6509351709279545,-0.8104380190703834,-0.7315394122432392,False,False,True,True,False,False,False,True,False,False,False,False,True
-1.408141532239246,-0.8225258089941683,-0.7441198530472114,1.304348422610477,0.16032440050956562,0.9823810174734722,0.5547236177988728,0.6670452465078026,-1.1704860043743632,-1.1737892066963047,-0.3988971000020286,0.7252710362699543,False,False,True,False,True,False,False,True,False,False,True,False,False
-0.870966545636276,-0.4559753908498763,-1.5318483153029263,-0.5710607534258855,-0.13037989849265674,-1.0642963490488382,-0.23686441950811074,0.8932143356839537,-1.2392470354934249,1.4499891873647455,-1.087525691050606,0.25716929117834364,False,False,True,True,False,False,True,False,False,False,True,False,False
1.5165100190516498,0.1284388886448711,1.5541995083212798,0.26928107331554674,-1.5950893714834191,-1.4445515793287678,0.385611070184378,-1.566263004315875,-0.11671270137632685,-0.7998418106487853,-0.34186020387413635,1.3972969369105954,True,False,False,False,False,True,False,True,False,True,False,False,False
1.7091498341183542,-1.1669612013664383,0.18681461618913411,-0.891186904295588,0.06405640886425225,-0.01186319570449098,-0.5006352598791898,0.1344741692188064,1.423961507766547,-1.2162633952638717,-0.7810231986966423,0.8154730808987826,False,True,False,False,True,False,False,False,True,False,True,False,False
1.4669321183739445,0.029619693115307644,-1.2532264523038448,-0.32572060904736977,1.2443026547307332,0.2952235967994098,-0.49270052678529525,-1.102286161702262,0.6749854694961729,-1.413488004753125,0.11998096138218742,1.351002205673491,False,True,False,True,False,False,False,False,True,True,False,False,False
0.0698563756548987,-0.44346078817220447,-1.1603631771947147,0.765210913428099,0.16429796553452863,-0.8614103063571092,-0.9088272578810656,0.6404208986519703,-1.6879964075035008,1.1537471769855938,-0.3416996927694841,-0.5510035919630824,False,True,False,False,False,True,False,True,False,True,False,False,False
-0.2847634425632001,-0.10041977633633628,1.6289254002809943,-1.4349170483803013,0.0892701327434528,0.23282586587343845,-1.607797529773906,-0.5853237585815468,0.19923191814470081,-0.6018687963395281,-0.9946785430542661,-1.1980663344276563,True,False,False,False,True,False,False,True,False,False,False,True,False
0.7894876491041897,-0.2107010630722691,-0.6281205073805276,-0.5861036829129224,-0.20305650477121814,-0.5582212608640806,1.5434205647614072,1.573480637064162,1.3447376798008157,-1.0612186833267439,1.1426446312949479,-1.5444631550498429,False,False,True,False,False,True,True,False,False,False,True,False,False
1.4677475265805204,1.0519833801805607,0.03946517098136213,-0.8723842975087323,1.5662670292571725,0.4396646491625913,0.5814767759164896,1.406460632204882,-0.8145421848271488,-0.9828028248076799,-0.782638894475211,1.169072012468929,False,True,False,False,False,True,False,False,True,True,False,False,False
1.1959960424181615,-1.6720001186357751,0.14941096778771387,-0.4232525334651127,-1.4856410853972404,-0.8723197103951663,-1.467997329611835,-1.59276835286123,1.1408892752065514,1.5076203791767526,-0.1612341976746394,1.5203522935254463,True,False,False,False,False,True,False,True,False,True,False,False,False
-1.5382849791641557,-0.9810744057337865,1.579880570022356,1.5747282047013866,0.5834518324276193,-0.15858744281215797,1.66800706182904,0.6757729263809157,1.6389444208021149,-0.5847024519249612,-0.15873373806352528,-1.5658988430884306,False,True,False,False,True,False,True,False,False,False,False,False,True
-1.220902374049047,-1.4400166030925725,0.0007502376996461264,-1.7209381112133872,1.1014234620507852,0.917973768312523,1.0868908046322705,-0.4971238284732603,-0.06565495878834213,-1.5653155785074495,0.2342533634789921,1.1489588635563341,True,False,False,False,True,False,True,False,False,False,False,False,True
-1.5208579810655125,0.08668949671713037,1.5470218867192216,-1.5494757546346802,1.2043197605256417,0.7378832951745811,0.44409109250299356,-0.4032815075530694,-0.7293360690070297,-1.1896067345445083,1.6197130534182513,-1.0733442817000376,False,True,False,False,False,True,False,True,False,True,False,False,False
-0.7621359446484153,1.1495385083623355,-0.33066087407395717,-0.056066023077229785,-0.6835340385738035,-1.541194256969752,-0.3023125541062268,-0.7445034645669927,1.050319902164337,-0.9381889500517409,-0.8514621838704169,1.1887526190806166,False,False,True,False,True,False,False,True,False,False,False,True,False
1.624782793908783,0.17638529405442033,-1.403890298935491,0.7777158726117396,1.2856013173085907,0.5695540862037056,0.1899726229531964,-0.118234445948271,0.6562378497796736,-1.2977509305956272,0.25602059755209444,0.8303914945424343,True,False,False,False,True,False,False,False,True,False,False,True,False
0.5750105662728029,-1.1944530810561818,1.6876849319696188,-1.7350607610760822,-1.5440050836035897,0.2199760567280906,1.6764795066540756,-0.09858424261574192,-1.3692988625548448,-0.12378597666546766,0.527548993079597,1.260580205710693,True,False,False,False,False,True,False,False,True,False,False,False,True
0.123715037162154,-0.3802248541521428,-0.34796731069341363,1.5247289924211225,1.5297393394536842,1.0163249013302307,1.2891933584403295,-0.9905794104265904,1.266437488319723,-1.6710283118678673,0.08576530341775426,1.6215421743247436,False,False,True,False,False,True,True,False,False,False,True,False,False
1.4156435484231775,0.4807404706511878,-0.9952543566312314,1.5991220158334187,-1.4435430545442909,-0.11047219971328669,-0.9386225136800684,-1.2592309103090047,1.501565965094114,0.7179339070479323,-0.5982134684284971,-1.1333112642882115,False,False,True,True,False,False,False,False,True,False,True,False,False
0.328770745800201,0.718621917862033,-0.32660483033523663,-0.3544143008871071,-0.7899807706511495,0.9144968429145376,0.6515920325292948,0.9891924820964545,-0.7245469989254987,-1.1782603460908914,0.6763159291310326,1.7308255693126595,False,False,True,False,True,False,False,True,False,False,False,True,False
-1.0372906737491965,-1.3831069809397305,-0.7214303821394519,-0.9177754843858346,0.9153169274794704,0.5055063569415994,0.7490752798379164,0.3759930314133399,0.007371848800487043,-0.7461175283573986,-0.4858992187042939,0.9712490292719094,False,False,True,False,False,True,False,False,True,False,True,False,False
1.296462304247396,-1.3502820094458996,-1.5897120398963631,1.0631199278006491,-0.9132844804401724,1.346471675460804,-1.022209229104861,-1.3079298325784865,-1.6634215260961553,-0.09191637451310725,-0.5598403559428955,-0.07464744380634473,False,True,False,False,True,False,False,False,True,True,False,False,False
0.5508538649171156,0.5780203201150091,0.29419073864125567,0.06901648614577754,-0.29792130486706647,1.70424006820502,1.0846148989903899,-0.9524323209138952,-1.4873503435646207,-0.17520855631621865,1.4950786234031552,1.6744197434748438,True,False,False,True,False,False,False,True,False,False,False,False,True
-0.6170792129327604,1.5310676474740044,-1.2217900584733614,0.07437155847545117,1.6541058047643828,-0.9837281024200765,-0.762157488623489,-1.615754967958619,-0.3210734792056068,-0.845662029907093,-0.6887628885036083,-0.6700801183328117,False,True,False,False,True,False,True,False,False,False,True,False,False
0.48436126978205946,0.6678773813399254,1.5216567062737307,-1.1860621045667774,0.7449136009039137,1.7114444488445455,-1.0534965076470282,-1.6809755550671082,0.8698489423334673,0.5746049794827657,1.517480022597589,0.027355019256854865,False,True,False,False,False,True,False,False,True,False,True,False,False
1.465204854362625,0.5260658511002958,0.7839415304808571,-0.1386246839072947,1.449195512249107,-1.332182703317955,0.8998022047412976,1.5932444721098071,-1.2242020225164743,-1.4219646092847584,1.328542614197735,-0.15213482894830668,False,False,True,False,True,False,False,False,True,False,False,False,True
-0.27006235177010013,-0.1606650473915325,1.3215386914828584,-0.43425392727538026,1.0408975580271784,1.1774626201129572,0.23557174469074996,-0.12870734513766802,1.3445890728975618,1.0208000300309459,1.1092029799770244,-1.4417165055279004,True,False,False,False,False,True,True,False,False,True,False,False,False
-0.4886304987317156,0.24823868701579316,0.03059035342632011,-0.9617973558259746,1.4235262549883354,-1.293552527564784,-1.614688519279684,-0.5985843644310674,-1.211352158586527,-1.2013225068492241,0.9273748302724046,-0.41778906534815224,True,False,False,False,True,False,False,True,False,False,False,True,False
-1.5753632650185414,0.228544419226306,1.6068740040682383,-0.43201023538018146,-1.6240104050654685,0.13223062914267428,0.1633550558695877,-0.1340873275934532,1.2184625777774363,-0.35553782549159985,-1.7498495773509775,-1.0483302133365513,False,True,False,False,False,True,False,True,False,False,False,True,False
0.5561965167715448,-0.5801413555080669,1.4225443480613105,-0.5264831263748829,0.47683768590698966,0.684257202918172,-1.3492485150674869,0.64402094652047,0.38265354702874277,0.8330669026850201,0.2841632652706415,1.5870197570739615,True,False,False,True,False,False,True,False,False,False,False,False,True
1.5003491818242325,0.8335213148767656,-1.3939408545534935,0.06812635481706547,-0.7436626500601422,0.9532406213422842,0.7187566682312461,0.45320259214742514,1.5392921232715238,1.105691756344266,1.0631304844480696,0.703617073477923,True,False,False,False,True,False,False,False,True,True,False,False,False
-0.6306649284249867,0.7677093432907234,0.6233539755994453,-1.2177065104622156,0.7661130524072435,-0.886379834228677,1.0491375389067936,-0.577586624806336,0.8209932605608223,1.280864072419851,-1.4125697643641344,-0.6795507851288988,False,False,True,False,False,True,True,False,False,False,False,False,True
-1.420248342144336,-1.4248034399907337,1.64039363467289,-0.3508450795932143,-1.676352404554566,0.6440806453070519,-1.6910804322566542,0.47390279391253165,0.9394634781301174,-1.447556239194773,-0.8445402599509364,1.2064088308176433,False,True,False,False,True,False,False,True,False,False,True,False,False
0.09757072874963643,0.7380791126304244,-0.466773080581461,1.4954442447430634,-0.8156712435216412,0.6132068996222612,-1.1216918138592415,-1.0274530189297015,0.8671771226398953,1.2287284640771163,0.8078243045353032,-1.1692993210542826,False,False,True,False,True,False,False,True,False,False,False,True,False
1.015709839935682,0.6351646813179272,-0.48109574425520235,-1.120548946447108,-1.3923272083071887,-0.8321037982822386,-1.1770879732960038,0.5053349883131318,0.38281146350877887,-1.2588605518981622,0.886841295045288,1.4196325762102817,False,False,True,True,False,False,False,False,True,True,False,False,False
0.5287285498309845,1.6647217264435112,-0.1397508088896317,0.9309539549394811,-0.8338748869058167,-0.9680053688297894,1.234951666491741,-0.5524981921616442,-0.26326536245832455,-0.2408537557020984,0.5585199901171553,-0.9160372566621842,False,True,False,True,False,False,True,False,False,False,False,False,True
-1.4916267904069453,-1.0166488743664597,0.0011315492073456855,0.22141389799637146,0.6921002223762173,-0.37324792400590473,-0.6116883437633885,-1.3864184294741033,-1.6247813977437395,0.268039551845632,1.491104366970983,1.367435904003339,False,True,False,False,True,False,True,False,False,False,True,False,False
0.16957730089803946,-0.8308170581264422,0.22222400208338441,0.287235156962293,-1.0732101470993853,1.3143706566768572,0.21207797980277823,-0.3795311600467243,-1.4897846705571258,-0.08906920864723519,-1.2049637685447891,0.21240901740159301,False,False,True,False,False,True,False,False,True,False,True,False,False
-0.9153843794001612,-1.346494852271357,1.6765461118989928,1.506650039569942,-1.2597544037440822,0.6482186883655029,-0.8527266267510947,-0.38467465566798453,0.42738097481343096,-0.27358364714374717,-0.13837273809437428,-0.7110915364299409,True,False,False,True,False,False,False,False,True,False,False,False,True
1.5999712576246536,-0.9387835747753124,-0.9341862197034715,0.6446830767937436,-0.8525849325687406,0.6078944859672769,0.9145109923266039,0.7863436581309202,0.28059514444904443,0.4167745579302456,1.4726438691689305,0.8237387044314873,False,False,True,False,False,True,False,False,True,False,True,False,False
-0.5027577234495096,-0.9465855472588937,-1.1139905863548911,0.8037083012302915,1.0154342933767093,-0.3244449183898687,-1.3557888150910757,-1.1089548852695155,0.30543006279142976,1.2971467043773521,1.5542840273298595,-0.8313954395790585,False,True,False,False,True,False,True,False,False,False,False,True,False
1.1905982787783786,-0.35805138651406426,-1.6189502685254398,1.2552157825704418,0.9072510474191503,1.2151092077312506,-0.8076196769794708,-0.41329085348610944,-0.7177414497782566,1.6045339586867478,-0.31496234551435487,-0.8585633183591415,False,False,True,True,False,False,False,False,True,False,False,True,False
0.5942013063669183,-1.3568367073547998,1.0271530231472736,0.44321240894361175,-0.12246136413392027,-0.09685171510557739,-1.317241302004132,1.0223042392729258,1.6171313461849568,-1.5839323488047925,-0.3246469190596667,1.4251550127881147,True,False,False,False,True,False,True,False,False,True,False,False,False
0.9761096494652137,-0.7367146869698988,0.317940948973685,1.1378004802574138,0.4815975770676254,-1.424327096602357,-1.3002407462824166,0.6207024394976504,-1.4224670237059194,-0.4234954597601779,0.6924974688442436,-1.5826017319406043,False,False,True,False,True,False,False,True,False,False,True,False,False
1.0638116333653378,-0.07598041550432011,-1.4507762129611075,1.3258972352214673,1.2575035794514928,1.4972001255922278,1.2978743820853316,1.378130597770997,0.04838274794545644,-1.4253280843142073,-0.35498450535924525,-0.6391459344844679,False,False,True,False,False,True,True,False,False,False,False,False,True
1.589935661489173,1.448043223607152,1.4076725257332208,1.6241904815225472,-0.9300341520821412,0.9220720074747376,0.7038952410103569,0.7952541087280025,1.7071553409165865,1.6457088587078241,-0.9335127501255281,-1.6800651177911134,True,False,False,False,False,True,False,True,False,False,True,False,False
-0.03239700221387217,0.5485293471887704,-0.2583351945634018,0.3313576778053772,-0.20074013986076958,-1.3921341936245555,-0.41875687815093127,1.013916514338474,-0.15366981747498504,1.373594329886101,0.03487685920953076,-0.2312542487904923,False,False,True,False,True,False,False,False,True,False,False,False,True
-0.5275790429931804,1.1554192019087244,0.8030360818756095,1.0337324173860483,0.17994825300268708,1.2926333246910329,-0.9792693159800789,1.3078737554355384,0.887187521398913,-1.2018284787650024,-0.36328576781845684,0.9873892072685353,False,False,True,True,False,False,False,False,True,False,False,False,True
-1.2996879998819906,0.7446809643681457,-1.3885327682578992,0.24578446769546022,-0.19346106225485946,1.6995988890051954,-0.3169875315173977,0.0311775174569024,1.489745270591122,1.1557779127598975,-1.4670436429752138,0.4716248024337952,False,False,True,True,False,False,True,False,False,True,False,False,False
-0.6364507090211494,-0.35721982622373033,0.6667015952837774,-0.08293490086887516,1.654081181615481,0.9868927349812745,1.6313498765084433,-1.1323219197543113,-0.18696142859682413,-1.7053077765438645,-1.1753022037849068,-1.3455007088735937,False,True,False,True,False,False,False,False,True,False,False,False,True
-0.25492809777344927,0.9200587458125712,1.6671921910053338,0.7870122243490835,-0.15786594575507137,1.186693896364333,-1.1165457119007067,-0.4616415487871777,-0.7925071426281264,0.20782088929418835,-1.6015169746145483,1.5267585696429788,True,False,False,False,False,True,True,False,False,False,False,False,True
-0.7726405959672533,-0.47788366908640045,-1.6202587299244573,0.7310913378772099,0.4982871519124999,1.3007992045378558,0.7192621084303925,-1.0661940318672622,-0.7221298373665607,0.6201432679048704,-0.3134056448937415,-1.1634116841653697,False,False,True,False,True,False,False,True,False,False,False,True,False
0.9053587870664798,-0.02986697711856744,-0.6688848332502468,-1.0363448066798713,1.1204201912638672,-1.572961480752627,-1.2401052387875826,-0.6754150361844926,-0.18971816495312738,-0.0708910517616825,-0.6605639451047179,-1.7071130043116673,True,False,False,False,True,False,True,False,False,False,False,False,True
-1.5111168199012759,-0.7159789543929119,0.3066103732734443,-0.3426482088167638,-0.4753482415334658,0.8963676348802196,1.3761178805494387,-0.6553316397932872,-0.3744724337819046,-1.5802109760249097,-1.5822408927713654,1.0374698906990196,False,True,False,False,False,True,True,False,False,False,False,False,True
-0.6555944660598393,-0.316159128460253,0.883743972145847,0.6321845906181621,-0.5592119541414428,-0.2683820092523757,-0.7408269699984433,-1.2120190933755748,1.1344569385544312,1.3143459137735474,0.023816417000861113,-0.32277456343862077,False,False,True,False,False,True,False,True,False,False,False,False,True
-1.55840982555392,1.6156546341937972,-0.14009340337311965,-0.41577819428968404,-1.0875160417429761,-1.2268598702435298,-1.0942320955099218,0.7951268247534286,0.8195811140596803,-1.5529678257131567,-0.1080931185007768,-0.9021296070142573,True,False,False,True,False,False,False,True,False,False,True,False,False
0.4669708220244951,-1.0898669938777794,-0.6743906451851843,1.024059593697033,1.4016764521632568,-0.12204427024377085,-1.4180581512321828,-0.846395303982077,-0.9082307255526968,-0.4945508809352224,1.25253820794934,1.7722434205053947,False,False,True,False,False,True,False,True,False,False,True,False,False
-1.3562177027606945,0.21697766084775066,-0.6583002109862189,-0.748544377064344,1.5260460030678702,0.02839799568693644,-0.9354791703049001,0.6377704365576535,0.7532174853599004,1.3853863610514316,-1.1406183672098789,0.22072838522150948,True,False,False,False,True,False,True,False,False,True,False,False,False
0.8314963621927534,0.46943155822117216,-1.1138858663034168,-0.942709970829875,-0.5740155015238487,-0.5664082534875189,-0.876917689830967,1.0743571367946032,-1.5257497044491306,1.1035958182006773,-0.3739947057599854,0.7773231645711883,False,True,False,False,False,True,False,False,True,False,False,False,True
1.1189169256288651,-0.4929708301019878,-0.810776581445598,-1.487649307342738,0.4551478357251327,-1.631880587188206,1.3041499132347252,-1.7149492598316076,-0.5374624341811186,0.17400571013892932,-1.4403665061281252,-0.5336249272495563,False,True,False,False,True,False,False,True,False,True,False,False,False
-1.495163550252389,1.218979645239045,0.8602020436803246,-0.46405318501247467,0.2049653165478333,-0.5420568274561812,-1.5745098829434938,0.7430146729939033,-1.6340351335124113,0.13064121937790987,-0.9537374852480552,0.46801900199084784,False,True,False,False,False,True,True,False,False,False,False,True,False
1.1433788066997241,-1.6964557985376856,1.3059594327654762,-1.4401300256879888,-0.2087879011161682,0.655944262600854,-0.7470202332519683,1.4491561558783252,1.1584893863549381,-1.3895658662356671,1.1301465054756754,0.6213211298002403,False,False,True,True,False,False,False,True,False,True,False,False,False
-0.5768206461965282,0.3469507978449821,-0.5903759165385907,-1.1189592472980416,-0.06962318259274382,1.4326904385576054,1.6268154881836554,-0.6006087764937614,-0.9535789083552275,1.3291958487087772,0.2573059226823862,-1.6409287213596437,True,False,False,True,False,False,False,True,False,False,True,False,False
-0.898002773470764,-1.498869342812883,0.09846849336372444,1.1475427520433452,-0.3671607940127513,-0.005165379609868734,-1.0668879585881021,0.4305234005669658,0.6885265483422228,-1.054739758235036,-0.1367612020578745,-1.7056289114987975,True,False,False,False,False,True,True,False,False,False,True,False,False
-0.234786618289506,-0.5715285920155468,-0.8838350733780197,1.4397310144694815,-0.6893017376391183,-1.3699876320371303,0.3706545109668135,-1.6149748334488576,-0.47625120906093293,0.5394867003653457,1.3293530152280069,0.3371269318783123,False,True,False,True,False,False,True,False,False,True,False,False,False
-0.28476239266671566,0.7439397290068972,-0.9280363099841927,0.2798691410101056,0.5613319438802429,0.9471650759746219,0.19710013888159766,0.12035600781584826,0.6067178553143983,0.7174128412306898,-1.411807884968166,-0.9463196591273915,False,False,True,False,False,True,False,False,True,False,True,False,False
0.34204626576753017,1.180629719752622,0.7549239878458142,1.2196731154645482,-0.15013093578934025,0.6902413884095905,-0.34686425922645353,-0.6983740117989075,0.3509682515450945,1.2815287653658414,-0.33520754504109546,0.5623020606157176,False,False,True,False,False,True,False,False,True,False,True,False,False
-1.4880637690576406,1.515332986852614,-1.3135323125668115,-1.032976948998046,0.2652755410828802,1.5172503526806655,1.5231893072943812,1.4419931450408212,-0.9396155374767825,0.3103130123228382,-0.7780958234248846,0.8858149353060787,False,True,False,False,False,True,True,False,False,False,False,True,False
1.7293658820160014,0.722956102736834,-1.1293030445007044,0.31616086862513665,-0.8022386137310131,0.49423373901047873,-0.31293506941250393,0.25718265320384276,1.224466158680586,-1.3962378384864793,-1.520487622921026,0.21653057911381596,False,False,True,False,False,True,False,True,False,True,False,False,False
-0.4111159703311561,1.3105766071390514,-0.18360178940387323,0.754252420282996,0.17198458294102228,0.006632410899617332,-1.314504368090083,1.6449096736244562,-0.3761234804927019,-0.6322331038990452,0.21946911324416937,-0.20172261896153315,False,False,True,False,False,True,True,False,False,True,False,False,False
0.8729253350033684,-0.9023620829800328,-0.3983796087680848,-0.03002677387171313,0.7716912504783384,0.9037566161809627,1.2733714311130688,-0.9505331967603855,-1.1146161266606618,1.4701250924843698,-0.6401420582759597,0.42320426893123014,False,True,False,False,False,True,False,False,True,False,True,False,False
1.3826750049539025,-0.31822534177941747,-0.501438395508534,-1.6586982352492874,1.1333815244140866,-1.118106840747871,0.22843670044862038,-0.0070405142408317585,-0.45763732518994527,1.360637069506912,-0.17330239482528878,1.010181191382965,True,False,False,False,True,False,True,False,False,False,False,False,True
1.3239341922512158,-0.5601343384988082,-0.5447879256693354,1.642160295082281,0.7871299940438475,-1.7297429255035275,1.5923881202673085,0.1395185228809835,0.9915843235477935,-0.7310436669872022,-0.7349373998686851,0.92662399453568,True,False,False,True,False,False,False,False,True,False,False,False,True
-1.1461319669333205,0.14387965685725645,0.6509911588143548,-0.6369343378781638,-1.5820579045822896,1.4719600283950787,0.8260693467282941,1.1963751667034157,-0.22936335195315824,0.8959419055822313,1.2120730550363674,0.7257239534433921,False,True,False,False,True,False,False,False,True,True,False,False,False
1.1810418643617642,1.3078029275359953,-0.11240991599491011,1.3499527043938497,-0.4523137599540311,-0.6552317361652781,0.8738456195421846,0.8183941041099636,0.6046375492327218,0.6067824545270728,-0.48791034533136624,-0.2577741382516599,False,False,True,False,False,True,True,False,False,False,False,False,True
0.6705568891132008,-1.1113926399652676,-0.9293653951381872,-1.2910275384814074,0.014960366046369494,-0.6579546589857749,-1.3137514987130645,-0.8743191736809713,1.1478190791282465,-0.9818355877160532,0.11875738431376723,1.0219160855030898,True,False,False,False,True,False,False,True,False,False,True,False,False
1.706279960745314,-1.1336518424782502,0.08884603849580726,0.912655798429449,1.0585934868379332,0.360310319089868,-0.39965061653936834,-1.104563299351878,-1.1462994962661834,-0.6879631686730464,-0.43987409146629125,-0.2990996248720874,False,True,False,True,False,False,True,False,False,False,False,True,False
0.05644319319526888,0.4944072743053182,1.4427467720505274,1.060068261847106,0.08357909713024676,1.4913524450825575,-1.5454790999772539,0.592987921884823,-0.17405934114998034,0.3970396562374701,1.5154206178517007,0.907125495406637,False,False,True,False,False,True,True,False,False,False,False,True,False
-1.1689741571445638,-0.15786868301351367,1.2264732264920373,0.12466676935502002,0.38893427364181693,-0.6286709456004923,-0.9980479449274154,0.22498064919363167,1.3640020827334853,-0.2529353465973535,-0.30630692799431986,-0.7065888126929961,False,True,False,False,False,True,False,False,True,False,False,True,False
0.7272664615103361,1.6129167196669565,-0.3882338503390096,0.783358369592529,-0.29999282000387506,0.03611220044425173,0.8004197716214393,0.8162222115036812,0.9175516730904212,-0.16139183377551006,-0.11380730781703044,0.8738900969464484,False,False,True,False,False,True,True,False,False,True,False,False,False
0.507774792234438,-0.8032505645531482,1.6846206788865667,-1.3898186902632872,-1.672562478103315,1.475674812787419,-0.24037236153160957,0.4224275571933877,1.1227769693853555,1.1698787203492833,0.749408806207382,1.3387180974308968,False,False,True,False,False,True,False,True,False,True,False,False,False
-0.9686471605195839,-0.1502768901393665,-1.675234533333449,-0.6357208479002405,-1.2560057839503604,-1.3426454432010322,-1.2531286909025012,1.30223177589527,1.6334891807893315,1.713552806110468,1.244732213674273,0.16615404340010584,True,False,False,False,False,True,False,False,True,False,False,False,True
0.9004825553490937,0.7760490862069658,-0.9206225011765342,-1.0356243686515243,0.003818248237945753,0.45223399753967436,0.2584360802835175,0.19544198928679898,0.3678683445312686,-0.9741972135528395,0.046040483200219064,1.6896714733705962,False,True,False,True,False,False,True,False,False,False,True,False,False
-1.651361319323139,0.6095450942947258,-1.2527929747013746,-0.6999401748288475,0.8066445350112641,-1.7362110199153238,1.6072733265529453,1.058023017747986,-0.8487737394528792,1.0685695758916893,1.0301087098280528,1.5112027448874976,True,False,False,False,False,True,False,False,True,True,False,False,False
-1.6056310601389603,0.12481514637228597,-1.131189743150943,-1.6816606864522143,-0.43105517795879617,-0.22539957141076672,1.707377622371976,-1.192288878932785,-0.11730351438428233,-0.18607080543179977,1.7125826527181534,-0.029448598349864498,True,False,False,False,False,True,False,True,False,False,False,False,True
0.9402318056745469,0.4837268614803544,-0.9543589559180794,1.5451287577880608,0.5203489318411519,0.760284814957511,1.302835389734095,-0.2582535910490457,-0.5689443519964239,-0.986409676458143,-0.7467288869676821,-1.1260551134103114,False,False,True,True,False,False,True,False,False,True,False,False,False
-0.40071280038693585,-1.6316359152786954,0.45095041382648937,-1.4024101211024336,-1.3391882014651235,0.6642296041388196,0.8847052818325688,0.20850038149432346,1.4065469196318694,0.211096475059653,0.2917739572224755,1.1494410858875745,True,False,False,False,False,True,False,True,False,False,True,False,False
0.5827898545092199,0.7629674383669787,-0.05052996040943818,0.7637855460388386,0.45094844448850946,0.43825397347991135,-0.8595843887984838,-1.5678231328629433,1.624859384595106,0.22268607678432306,-1.6346327277359216,-0.7440029522335463,True,False,False,True,False,False,False,False,True,True,False,False,False
-1.368693663440027,-0.48363875432277986,0.5390373977607272,-0.7578234980050885,0.7409728100330261,0.33170124834550274,-1.399252282250131,1.3834932981372834,-1.2060182207741739,1.3046824363424403,0.9624784312314424,-1.0590809416149978,False,True,False,False,False,True,False,True,False,False,True,False,False
-0.6421980064847691,0.9694981885176635,-1.4708058462663773,-1.0048878320919024,1.237885717386907,-0.2846118861573565,-1.2886273848394896,-0.8045885932755354,-0.8170362256466527,0.9123779854259194,-0.39677678392282906,-0.3578357650599625,False,True,False,True,False,False,False,True,False,False,False,True,False
0.5610680620135859,-1.1438494097249394,-1.6146440880011785,-0.05703673363581669,-0.910206926900049,0.22096986166298724,0.5705559485974946,1.1114622159165013,0.9098234699457652,1.4098713859500238,-0.2666329486987474,-0.8886884526007979,False,True,False,True,False,False,False,True,False,False,False,True,False
1.1512345651853118,-0.0847432847570876,-1.1319116076204154,0.5427175660950787,-0.12945460519502325,-0.021942795190039742,-0.6108972895925583,-0.5437734519682713,1.1933749972570429,0.6387205227128514,1.5194960012056582,1.5055053385693398,False,True,False,True,False,False,False,True,False,True,False,False,False
-1.076184138565556,-0.9272256732933724,1.6086875496729516,0.2671876106357198,0.9310163248650895,-1.7008915037274321,-1.2603339382236471,0.024606528694904026,0.9383885661891714,-0.4033332532018407,0.7166297027933192,-0.31271043541410276,False,True,False,False,False,True,False,False,True,True,False,False,False
-0.2738359347739456,1.3661001410219913,-1.3773007166720157,-1.69130557645972,0.43823362559490897,0.5975384773656027,1.4341230939091376,1.6811074878487924,-0.29501878478587057,-1.3166045802248798,-0.12232669043783426,1.083248441224073,True,False,False,True,False,False,False,False,True,True,False,False,False
-1.6930160136110743,-1.33824231972243,-0.6108886537849169,-0.3303227785372787,-1.5613632802585893,1.3337352036545893,-0.13264176698234048,-1.0881074014571794,0.9507877249303891,0.6473926710134028,0.2643590740494021,-0.7988878412922189,False,False,True,True,False,False,True,False,False,False,False,True,False
0.575940723182693,-0.8516085775876361,0.39088483477873615,0.12562244603424183,-0.9801526066053212,0.1631911490668219,-1.4685590022966222,0.29774770494336344,-0.24952931469039796,-1.545754277444351,-0.8771254203791495,0.20926028398804308,False,True,False,False,False,True,False,True,False,False,True,False,False
0.7849859095849001,-0.08766998121406162,-1.1847173833413016,-0.0461691437605214,-0.010289465209795744,0.4874913442766483,-0.01460662877607562,1.704863879511555,0.7813889230165165,-1.0583410354493947,-1.5576978059065083,0.16972696345690963,False,True,False,False,True,False,True,False,False,False,False,False,True
-0.13256117372259532,0.7438421254733119,0.25650387978890515,1.1213704625933052,0.28797623250357524,-1.7369559718081946,-0.1306240122126364,0.4380024128348871,-0.09138024393004021,-0.22059448343419044,-0.4686202491154807,-0.265078948426013,False,False,True,True,False,False,False,True,False,False,False,True,False
-0.8081184634561739,-0.887721936785486,-1.3757123586940245,0.037261612124179826,-0.20905668916505143,0.6264851184889428,0.17493412338485786,-0.4773565398434375,-1.4753577028070661,-0.040691254786004556,0.33888831763274524,0.7704603430779087,True,False,False,False,False,True,False,False,True,False,False,False,True
0.6018961387393896,-0.507499828768433,-0.2927668016580415,1.4395535475761643,1.6012923732172606,1.7155263027670347,-0.9111170312921704,0.9678650504215877,0.8129874909370871,0.6090603332158087,-0.32827158680552443,-0.32324508492966814,False,False,True,False,False,True,True,False,False,False,False,True,False
-0.26923433587195744,0.8967733257827094,-0.7075264756512986,1.2060598714251125,0.6978191492878956,1.070187026428911,-0.8556610872651618,-1.6454349498240404,-1.4171931594731688,0.8220779009016208,1.2174375771103556,0.3391625390852049,True,False,False,True,False,False,False,True,False,True,False,False,False
-1.5972780094777397,1.1720465622888725,-1.0936794920875494,-0.3648152192698811,0.06395131065960928,-0.46657345822378765,-0.36308428755020805,1.7078652083352661,-0.4216580256134618,-0.8122809892167328,-0.8061489772314464,-0.15315062830394502,True,False,False,False,True,False,False,True,False,True,False,False,False
1.5809919573609368,0.07741840922702793,-0.48486816256891735,9.861258095028886e-05,-1.0108857123132657,1.6985797920832142,-1.2661236691289284,-1.3724312513124288,-1.205368282083577,-0.4446978416067462,0.6827470091261045,-0.5936991238372924,True,False,False,False,False,True,False,True,False,False,False,False,True
0.22753092756898846,-1.307413604566144,-0.5429843393604202,0.2998056643259752,-1.5852015213747659,1.5235643719337284,1.458294137765152,-1.7059605941391436,-0.6783726864910266,-1.3041885559678508,-1.0496763991540414,-0.2202062576727483,True,False,False,False,False,True,True,False,False,True,False,False,False
0.6728622447400889,0.9614788095469492,-0.4418605747735864,-1.344100389684778,0.46837721898098544,0.6125216578788244,0.3557169169693994,-1.1465425990500453,-1.3216370240409427,0.20972587567813208,-1.264597310804452,-1.64719596884097,False,False,True,True,False,False,False,True,False,False,False,True,False
0.7896445417038112,-0.37016012648366775,-1.3641687567941796,0.5247054971371755,0.031248117099749475,-0.04649726362046984,1.0845094970225946,-0.03583066036687131,0.08744810226635784,0.38683846499692276,-0.312015855457406,-0.17176795190581715,False,True,False,False,True,False,False,True,False,False,False,True,False
1.0642288671334326,1.254249391716183,1.3245158452105505,0.6298022537162179,0.18778943194555484,-1.4968888411450598,1.09721840027315,0.5209440793785899,-0.8260686500160118,1.5621697082703163,1.0663920201490011,-0.3758867912442053,True,False,False,False,True,False,True,False,False,False,False,False,True
-1.0733447013487933,0.12894673161809628,1.3906207159663881,0.12367565405229013,-0.9771851727891532,-0.7250057930829391,-0.16340097069117696,1.1605189581567492,1.7312257215212172,0.5421258490937673,-1.550054730870684,1.1303459313303248,False,True,False,False,True,False,False,True,False,True,False,False,False
-1.159840996398341,-0.15027917850818956,-0.11126448644701022,0.45564642829297614,0.3813159481146321,0.6487148179546885,0.5127285304803062,-0.5468190813551564,-0.48077537587856,0.7580279154264572,1.6991918502116696,0.09287137741219624,False,True,False,False,True,False,True,False,False,True,False,False,False
1.6972244818003934,-1.2036251310961963,1.312800197607898,1.5887098909413664,-0.5555959018155717,1.2212191742870973,-1.153361943828592,1.106740795213956,-0.949462115804608,1.3874881995891675,0.9061830108007094,0.580018783072478,True,False,False,True,False,False,False,True,False,False,True,False,False
0.5727069288719201,-0.5396358738299123,-0.15624867243563356,0.9284673675297561,-0.015300661017411142,-0.15091367542713097,-0.8768489116889085,-1.615136855470022,0.6444156477020544,1.565597496167998,-1.2246157903055799,1.2452666546277698,False,False,True,False,True,False,False,False,True,False,True,False,False
-1.4933886338995361,-0.5135898170456701,0.4508119045526488,0.7738815171211434,-1.450692931828288,0.065116911731603,0.5167461142601356,-1.3698589209252119,0.2449172847840354,1.507780285423551,-0.49462354306995376,0.6568707899639582,True,False,False,False,False,True,False,False,True,False,True,False,False
0.23339567937234412,-0.9165719921631318,-1.7301338562216102,0.32869734627439967,-0.13069342662452402,-0.7727193527964604,0.04859928880813721,-1.1465759032649336,-0.13047336832093612,-0.5960853690431958,-0.2249384356060969,-1.3121836508346274,False,True,False,False,False,True,False,False,True,False,False,False,True
0.6637266966195213,0.18019915669668032,-0.4121306161984901,-1.7335288305449654,-0.6714133978959865,0.45734353253897464,0.960297451941406,1.1938797414280453,0.9470558008822666,1.037066167947368,-1.1127718560683353,1.384242193424041,False,False,True,False,True,False,False,True,False,False,False,True,False
0.018229507825293683,-1.7070883397579262,0.8724071074813488,-1.3870361090376038,-1.4483541452345816,0.7095637377268504,0.5764967941809276,-0.9859408060785957,0.2575948598904832,-1.4281955893463598,1.6255749090811604,0.3848696225382008,False,True,False,False,True,False,False,False,True,False,True,False,False
-1.5529155456132397,-1.5714662910894988,-0.732243138028889,-1.556393879374165,-0.6748263999036792,-1.2619207427267558,0.6853320377812254,0.46445477776032007,-1.160459001429547,1.567702043554573,-0.5736017835603111,0.47846665930862126,True,False,False,False,True,False,False,True,False,False,False,True,False
-0.22011604135854515,0.3781552951347306,0.45257752341755997,0.3828248678119763,0.5413648784158535,0.9397632680610258,0.03618396985850771,0.5124841980472661,-1.6537192248150199,0.1509187740750474,-0.07252254618124854,-0.9999033775989801,True,False,False,True,False,False,True,False,False,False,False,False,True
1.6517784558505382,-1.3089115472274853,-1.0338601144347186,-0.032186293078088166,1.714762489705194,1.2455737510364762,0.8044100566744197,1.214785445080153,0.34188608917066354,1.3424116768440926,1.3155278214416775,-0.3497772985248896,False,True,False,True,False,False,True,False,False,False,True,False,False
-0.048424337019476654,1.3707330278051006,0.565080077629698,1.422038098656888,-1.5635444746855827,0.9984286762750147,-0.504901166632138,0.5224482430932185,-1.5119371828444388,-1.1528230775787713,1.1826049357800563,1.3531309169014032,False,False,True,False,True,False,False,True,False,True,False,False,False
1.565645350895585,-0.9084294514895219,-1.5990755757770851,-1.2461139696586059,1.7427825921055302,-0.1920050207417292,0.0770572932534865,0.10502536750871659,-0.5864074788060442,1.5973379965412307,-0.0007582857136865109,0.43714905225501133,True,False,False,False,False,True,False,False,True,True,False,False,False
0.8585071098557644,0.009495524037492813,1.4915093510714617,1.666683033863576,-0.0007583840825273581,-0.9088051032225056,-1.6606872851575158,-0.43993908163552214,-0.9503611998068714,-1.4103936811998692,1.1540240059567513,-0.8003149622318408,False,False,True,False,True,False,True,False,False,False,False,False,True
-0.494687535436556,0.18231610828503322,-1.2918166694153808,-0.3645703735117247,-1.239701373472719,-1.2828089735359205,-1.038044705909114,-1.3704474171235155,-0.1796746896729074,-0.12465441030418438,1.6762308349809338,1.7258434684757114,False,True,False,False,True,False,False,True,False,False,True,False,False
-0.27715052037625393,0.3930463593525717,0.026306825488369004,-1.45052917229626,-1.1717851555950851,1.3260574053888585,0.5401765512689934,1.0519081404206738,1.5254487146475546,1.3913211109473274,-1.3366236709120796,1.377379148970557,False,False,True,False,False,True,False,False,True,False,False,True,False
-0.4461138118378394,1.5106179776326614,1.313755675221116,-0.2832593945382631,-0.5838570880051961,1.458749035753432,0.8090984650049418,-1.5922263750858945,-1.5588172198573724,-0.7709861266967654,-0.16032785961929266,1.324400088342427,True,False,False,True,False,False,False,False,True,False,True,False,False
-0.736585768732728,1.3035687199265997,-1.2309657447624234,0.0961908853949112,-0.8788405189016094,1.3713426673615878,-0.2118765279064142,-0.992427835533012,-0.38965789451603916,-0.9897599147731586,0.9512565625382733,-1.682706164893753,False,True,False,False,True,False,False,True,False,False,False,False,True
-0.7780189169248253,-1.4795484921089632,-1.0868509726721576,-1.3680341015314927,0.0305085941371202,-0.49060007386721244,1.3310730464602474,1.3275233666381263,1.050859199041964,1.5786776346674043,-1.290202057073673,-0.5691086206491763,False,True,False,False,False,True,True,False,False,False,False,False,True
1.2791423261308354,1.2600201840815652,-0.4536938598798121,0.18421560104873258,0.18714943319527433,-0.9495638969341162,-0.5879420085203604,0.42885383829434226,0.4486783498709482,-0.20294710555370638,-0.36616302552973184,-0.8016920374905016,False,False,True,False,True,False,False,True,False,True,False,False,False
-1.2919431467238687,0.5176308357790356,0.8652606670215767,-0.44433060710315697,0.8216536580396663,1.707109219945357,1.7401481415270872,-1.5629611698200898,-0.1255213012084309,-1.2576391532559785,-1.179150569381417,-0.10475236216409563,False,False,True,True,False,False,False,True,False,False,False,True,False
-1.0830878145788945,-0.3681582687047029,-0.9798224710581198,1.011802665869116,1.3578314663900637,0.8102363204815267,0.22512601108651287,0.46717941087045073,-1.3372998215292828,1.2590907036409995,0.7066362850986554,-0.04726056495346901,False,False,True,True,False,False,False,True,False,False,False,False,True
0.5276067787607329,0.6491007479109432,0.8621495347270863,-1.728807380010723,-0.2512049787212919,0.8930502141936625,-0.5003083017632294,0.5335347561747936,1.0747002577832705,1.479125152695204,1.0977498240377632,-1.2870285591026767,True,False,False,False,True,False,False,False,True,False,False,False,True
-0.48806486697283086,-0.1948505570640624,-1.0803679406986932,-1.523175784283197,0.3213466869491242,-1.3429964488294617,1.3024724142119781,0.4911470645536151,1.4682070291592049,1.6500734315973709,-1.0832561935089242,-0.6338574211908433,False,True,False,False,False,True,True,False,False,False,False,True,False
0.09445700719497582,1.5973303340444969,-1.019271562074672,0.1337711062917812,1.177139087913394,-0.6772899806222569,-0.3687020693136717,-1.3660630128287399,-0.8210022876014675,-1.0535262682455189,0.5799270055435339,0.27398216415099186,False,True,False,False,True,False,False,False,True,False,False,True,False
-0.7492916096043926,0.8964496200945756,0.32146949741949626,-0.5255161244772378,-0.44001033956360047,1.2895297271945747,0.8341302323907517,-1.366621920418689,-1.6271028326279213,1.1184641012948728,0.7492079559835632,1.2566960390346733,True,False,False,False,True,False,False,False,True,True,False,False,False
1.344439296794532,0.9253902056920436,-0.6111104335989226,1.2312427666242094,1.7151407212929641,-0.9227567050158132,-1.35928610243806,-0.1755068754481406,1.1584091165478092,0.27199686575988163,-1.6886910934843848,0.4255600287149824,True,False,False,False,False,True,True,False,False,True,False,False,False
0.16059931430298732,-0.7647014674902977,-1.4751978341815106,0.49307711189284753,-1.6592966582851458,-0.612077986690834,1.0527995566440722,-1.0124446103921032,-0.08796783247941106,-1.0917037571163253,-0.3588771502412852,1.4566884035899306,True,False,False,False,True,False,True,False,False,False,True,False,False
0.6012795688264497,-0.17711948789592008,1.454772066587597,-0.05465339906555904,-0.9668752205780725,0.6207147968580943,-0.24362131179265592,-0.4370243013583162,1.5019208786509932,-1.229352724835003,0.5231949622330638,0.6633023622278059,True,False,False,False,True,False,True,False,False,False,False,True,False
-1.310485155063965,0.20458747000247035,-1.1142573629896588,0.7694822055515439,0.1939631055748274,0.7587021619560863,1.7238749064898775,0.7461621143112818,-1.1355290448351467,0.8060835501470393,0.9546710238870656,-1.6819915076929692,False,True,False,False,False,True,False,True,False,False,False,True,False
-0.9492698492229679,-1.7034127827869872,1.1932087419411816,-1.3844792948692817,0.6419003956522806,-1.6054602929083073,1.0353997206369487,0.4691530764054016,-1.055209242800666,-1.160676485624625,-0.8522396880675875,1.2252800670360804,False,True,False,False,True,False,False,True,False,True,False,False,False
-0.7955146135597295,-0.04748654810343305,0.14607404030169072,-1.3365638990915432,-0.40097692239846366,-0.6311227512889199,0.01181483563648569,-1.406413262455288,0.11777438963493035,-1.009926591631443,-0.515932806446822,1.262611649350274,False,False,True,True,False,False,True,False,False,False,False,False,True
0.2966320994076895,0.7322436144603476,-1.2294156842881772,-0.9679393263690496,-0.08616506405806636,-0.777163639002153,-0.20473671529447254,1.2303515771539366,-0.9923959069898097,-1.4807961389756334,1.3022052508128417,-1.225748406172312,False,True,False,False,True,False,False,True,False,False,False,True,False
0.30806511658054664,0.3841330099043208,-0.03187100599174956,0.6081563501779403,1.2281648664276932,1.6658336540232719,1.328269382610563,1.079454580142041,-1.1633462770828094,1.2817247707736839,0.32140035962471103,1.6094321559553584,True,False,False,True,False,False,False,False,True,False,False,True,False
1.623035332824602,-0.5721165226217315,-0.8833539276990938,0.9595758757349168,-1.6913180684451619,-0.3339875859029178,1.6428312310921982,-1.696705357066091,0.7667779391654289,-0.8351958263538456,1.3086103992501044,1.3650919607173275,False,True,False,False,False,True,True,False,False,True,False,False,False
0.684081891123728,-1.5614808286734088,0.8367620869812396,1.610635359382423,-1.7413157624407105,-1.3611405672521402,0.9735904237090223,-1.3976187089769063,0.5905508763566598,0.34186492220333875,1.3158250339535877,-0.21205474715244607,False,True,False,False,False,True,False,False,True,True,False,False,False
1.2251075612772582,1.4310065713986633,0.3883991561748611,-1.4825377094564895,0.11813173687062141,1.6879821349164756,-0.09206489464922682,-0.36552412909969356,1.4143909134688928,0.603381741458693,1.088690319367084,-0.6640114852560156,False,True,False,True,False,False,True,False,False,False,False,False,True
0.5733572861614273,-0.8651182559242615,-0.013799756818094254,-1.0265379772883376,0.3529142143991052,-1.1463457740820466,-1.1173636181824809,-0.5551292079862017,1.578604347793298,0.8423325499132174,0.1308540062954482,-0.6760442375331713,False,True,False,True,False,False,False,False,True,False,True,False,False
-0.20880962267761163,-1.0188417014719835,-1.104711427839774,-0.16763635652169456,0.8007121994461073,-1.1431688001395903,0.16412025542110045,0.30981485893032246,-0.6781783358942243,-0.4014908515506829,0.9950329120171566,-0.277962317677144,False,True,False,False,True,False,True,False,False,True,False,False,False
-0.3221519165692519,-1.5657915859289124,0.15937211278445707,-0.9069248796539369,-1.1324106869251924,0.5502905009212632,0.04924190181748658,1.5193340252742575,-0.2820528661208636,-0.7341741718483961,0.1003523567796724,0.7938968904867616,True,False,False,True,False,False,True,False,False,True,False,False,False
-0.6536794381111523,-0.16175752420705786,0.6302124976135415,1.0181582727129113,1.554940100914735,-0.41747192866092864,0.7106806972784869,1.0287108389332231,0.9106858269749896,0.6655812240374444,-1.3184893829023863,-1.4042296361531956,False,False,True,False,True,False,False,True,False,True,False,False,False
1.6644027790099893,-0.5058672671598965,1.2995253859537947,-0.48983451400497413,-0.6763614827148461,-1.0371074650710952,1.3475406982347398,-1.1347899819980714,-1.0602985041696358,1.0081204287647574,-1.6751774356692617,-1.3223001611129857,False,False,True,True,False,False,True,False,False,True,False,False,False
-0.8651266706897317,1.6861775091680382,0.11084109397644487,0.8039133432698654,0.48425091429073025,1.5676395200790951,0.8536591231739367,1.1310921507636373,-0.19256847146438397,1.0971689511668552,-0.6749314139918355,-0.7738908031996109,False,True,False,False,False,True,True,False,False,False,False,False,True
-0.2568848206622843,-0.8097676658320974,-0.9272550056134401,-1.7111693752811212,-0.9208779521919441,0.5422372441376345,0.01877753422820876,-1.1523752538481171,0.5702609476270888,0.9968649302819332,-0.9361498780446651,1.4291119317830738,True,False,False,True,False,False,False,False,True,False,False,False,True
1.022741316297594,-0.9638903938939956,1.145951454639619,-1.0690576577135709,0.35450466250024126,0.49142685068050246,-0.2279834741973499,-0.5354078468408185,-0.6499383378892465,1.0020745581236399,-1.1063102665771496,0.8235514127861271,True,False,False,False,True,False,False,False,True,True,False,False,False
-0.28299312349302874,1.4106541253339253,1.044288629320001,-0.3096318316047551,1.1811974704784616,1.3007445731265088,-1.530227255595563,-0.15796294719404902,1.7184183924509948,1.4175422085486222,0.37425658182180543,1.3137899355759826,False,False,True,True,False,False,False,True,False,False,True,False,False
0.6325776758566698,0.5729774895607899,-1.724701787022284,-0.20638504369858898,-1.462764526817528,-1.5105870842156877,1.0441910933312173,0.1881969067067626,-1.6765655019563166,-0.4052503901252724,1.4534054187094585,0.07017564207514349,False,False,True,False,False,True,False,True,False,False,False,False,True
1.1653872571376787,0.43917700128646336,-0.3297890411796198,-0.2805596097701114,-1.0151597017450955,-1.482652673878083,-0.9001181356425779,0.5413316225467454,-0.7105531763082469,1.0523323807050555,-1.5071475080616432,0.5350960610340354,False,True,False,True,False,False,False,True,False,False,False,True,False
-1.0131641058599365,1.2081282100796156,0.9331388456884363,-0.4672190776372337,-1.4386075733406636,0.9520441943304543,0.3909469244307727,1.0476715102588203,1.0710456873509953,0.07675786440126317,0.21500485707365752,-1.366963908792001,False,True,False,True,False,False,True,False,False,True,False,False,False
-0.8056250084341909,0.32570753194411506,-0.2462092663894833,1.610256522338833,0.12456290430009685,-1.6825384145465854,-1.2979408879469667,1.3873892503036784,-0.003612016173975058,-0.15192734948744668,0.16623223953534005,1.1391214537365362,False,False,True,True,False,False,False,True,False,False,False,True,False
0.16881618100169524,-0.9912257082424016,1.3113609430685784,1.4998600720632447,1.0138282632069084,1.427692565425211,1.7228301352976656,0.35285758932810307,-1.6983637338537303,-0.2541169805844019,1.3035565353184158,-1.1492478188879756,True,False,False,False,True,False,False,True,False,True,False,False,False
-1.4497981192619456,1.346673470400219,0.7252470255000142,-1.3030286253270906,0.7968663125316763,-0.7148914656661116,0.4684429270213686,0.026581495922954012,-1.7163670979366552,0.7019241725779479,-1.4599241698840257,-1.5480052049358626,True,False,False,False,False,True,False,True,False,True,False,False,False
1.7025169278772485,0.776389468088791,0.9130330563891412,-0.37730571013671554,0.5374793635613182,-1.1296922232543813,-0.9057477824620046,-0.9204888835335081,-0.38414666146141446,-0.9381511289360083,0.2832319195458233,-1.0613470730257761,False,False,True,False,False,True,False,False,True,False,False,True,False
-0.1927333240422901,1.2703913088879624,0.057988872150197525,0.871718233341863,-1.5397625981453096,1.1327376228055097,1.4937085403336456,-1.5765352749812802,-0.5850327412295463,-0.630965005817935,-0.2231073880925691,1.3489381862903471,False,False,True,True,False,False,False,True,False,False,False,True,False
-0.3611792774617752,1.422247770671729,0.078328152770396,1.1028381005555534,-1.5116592406904614,-0.9457488458640806,0.09042295226817353,-0.38049373716393803,-0.7953309336762212,-1.1859095440574532,0.12251879847196996,-0.041631891401327746,False,True,False,False,True,False,False,True,False,True,False,False,False
1.3032193580196674,-0.2552334485008609,-0.17250756560012703,0.06076107649502546,-0.23834590912147355,1.0414845105030595,0.9844082809181198,-1.2694553529967034,1.121741330358731,1.4217262070448449,1.2106114074532408,-0.4051885563532317,False,False,True,False,True,False,False,True,False,True,False,False,False
-1.138078911567005,-0.02308042968514427,0.9303837529887671,-0.5495794074666898,-1.250778869407169,-1.735537005296372,0.4349721680313797,0.8009365869378818,1.2681140743894044,0.866688577186575,-0.9379701732439255,-0.06967987831854183,False,False,True,True,False,False,True,False,False,False,False,True,False
0.8824510737754131,-0.9286346208039642,-0.6782818454620672,-1.7369159290793224,-0.8339125373136623,0.3160176727938935,0.8390013227397192,0.024027108389927773,-0.6612572289608624,0.3616290004168707,-0.6233166130054363,1.1312368329990872,False,True,False,False,True,False,False,True,False,False,False,False,True
-0.7543697349681606,0.6889695885663255,-1.5240092210138878,1.520851413533472,0.23142496651374753,1.19329625525033,-1.2243601765260532,0.4186228339344581,-0.5754478148813482,-0.8171449491812027,0.06384133569147832,-0.9086718826214394,False,False,True,True,False,False,True,False,False,False,True,False,False
-0.7076529942740316,0.6903421829905941,-1.008614992836505,-1.447820427804596,-1.4514113635590515,1.1404267490678068,-0.9213278451680281,0.3414650969115804,-1.7146680676891057,0.5849200339118726,1.2628438958554302,-0.6508209144590531,True,False,False,True,False,False,False,True,False,False,False,False,True
-1.1055668416986189,0.552399310976174,1.397352191715829,-0.7348777567388199,-1.3210317552910227,-0.8750535202930178,-0.9201379321423938,1.4764647657043168,-0.6623180684140249,0.67346521309006,0.1373367539784096,0.4163456361316176,False,True,False,True,False,False,False,True,False,False,False,True,False
0.0461490946383026,0.6059162534699299,-0.18173603149149087,-0.4082888806980584,1.6665648554482182,-0.018020955059202273,-0.057582963649736536,-0.3332547226931728,-0.9539483167824346,-0.4486082538973149,-0.9756437242753863,0.37537402069882286,False,False,True,True,False,False,False,False,True,False,True,False,False
0.9436412197172429,1.1092229438749568,1.2112750908840175,1.4986546307314357,1.4709049716014808,-0.8430481532961714,-0.45845207211923594,-1.0651189669384309,-1.1905947173702367,-1.2451563090044693,0.42009864208885744,0.42248890055347443,True,False,False,True,False,False,True,False,False,False,False,False,True
-1.6795394137273285,-1.208008734843331,0.07267347920009914,0.3407786656556006,-0.3515478011533498,-1.5417369980205549,1.5955385170747038,0.22288802878995595,-0.7092374230503713,-1.095410531679671,0.8994956068286594,0.6517426565749411,False,True,False,True,False,False,False,False,True,False,False,False,True
-1.6790105968200693,-0.9721678174564616,-0.5951064212417996,-1.4798024021761922,0.8616809719569427,0.7586381848476582,0.4537969686701749,0.6594454685071334,0.21052853839032598,0.46693135405159825,0.1902189717100688,1.7581000593020888,True,False,False,True,False,False,False,True,False,True,False,False,False
-0.19363694839487444,-1.5567984050307222,-1.0160483152020405,1.2702100581141058,-0.15668148950324778,-0.6240449781786045,1.493219349930496,-0.6830048825920363,-1.5600958863526857,1.2361501225571745,1.328210326449247,-0.19415625731702202,False,False,True,False,False,True,True,False,False,False,True,False,False
0.6787688217821662,1.5867122779610632,-0.716726947632577,-1.0977194542662343,1.192765812209813,-0.985887147344162,0.6258575021589041,0.47500457865577816,-1.3124812537655777,1.2266364374840117,-0.735465265204845,1.0228070683005248,True,False,False,True,False,False,False,False,True,False,False,True,False
0.032026548013224146,0.18460165194990444,0.4846400936857936,1.4224886982528575,-0.7580296393567932,-1.7180503850058617,0.680511642802054,-1.520226647415099,0.8043812872387909,-1.1489540724611056,0.17143531638147877,1.0074214591474855,False,True,False,False,False,True,False,False,True,False,True,False,False
-1.6831502614519456,-1.041011600426523,1.3875772923099132,-0.6098335422489595,1.0405009082318473,1.347357381927853,1.7161802229807328,0.722474681695985,1.366211618469698,0.2735755379329906,-0.5311840667467175,0.20435377596411344,False,True,False,False,False,True,False,True,False,False,True,False,False
0.7708628184454396,0.5306921967740901,0.5731651758924861,-0.5535566324731942,0.4663597600342882,0.38118347105687483,-0.3881233863277547,-0.2200996787463873,0.03358259177047664,0.11854241275344506,0.2900223421270131,1.5575577660598459,False,True,False,True,False,False,False,False,True,False,False,True,False
0.8885371929501041,-1.4009510933200504,-1.1740733392008278,1.3878110658453413,-0.33241959580408514,-0.2952655680503804,-0.42501833586669846,1.4777310543700963,1.355485810391706,-1.297254530707188,-0.6106247964051515,-1.7310464821342488,True,False,False,True,False,False,True,False,False,False,False,False,True
-0.6810350616405701,-1.5816768324560084,1.3061964820734941,0.7969372621765038,1.3802666641313424,-0.3632286913965824,-1.5016943213981715,-1.6454760536864026,-1.0749623576415748,-1.7078233277860158,-0.5965293384877534,-0.8614148669655729,False,True,False,True,False,False,False,False,True,False,True,False,False
1.5768931537302526,-0.46909200224900466,-1.1525333971656233,1.5522436727740065,-1.347121584889087,1.2336892853600023,1.4962867972426142,0.24611848768147102,-1.3383257445198873,1.4428508687192734,0.2999428354693007,0.9093068780027813,False,False,True,False,False,True,False,False,True,False,True,False,False
-0.557422361876737,-0.28411095550755383,-1.009000902985372,1.0956789619445093,-1.5068371652257069,0.17364514473307688,1.2358707527747388,-0.5306046338335126,1.1852720510724808,0.7575557259948904,-0.9206317042562893,-0.368699041935963,False,True,False,False,True,False,False,False,True,True,False,False,False
-1.554613865470674,1.5300261594399063,-0.1267227150650094,-1.3989916517934977,0.05439626662686381,1.707376035756611,0.07873711629124408,0.37501430000284736,0.8085548144591826,1.159161736635691,0.9050259553109872,1.553470609204718,False,False,True,False,False,True,True,False,False,False,True,False,False
1.131911056094752,0.2067501856395688,-1.6208371033817606,-1.5329682315391788,-1.7448891505550461,1.4093396862499459,1.1997936439327348,0.7998983826234538,0.6668903765196673,0.7416515761885734,1.6429278619132388,-0.43586594942344886,False,False,True,False,True,False,True,False,False,False,True,False,False
0.9921970093995797,-1.2498908467380352,1.4270695547357901,1.2168150724789186,0.25754828223137083,-0.5362274678292664,-0.9160323491425291,-0.25356914246308554,1.6614929998840529,1.6656766491283794,0.3636829989795408,1.1933907728264765,False,False,True,False,False,True,False,False,True,False,True,False,False
0.9793908637535906,-1.4050751981915142,0.8576251363260758,1.6647894221371102,0.5143781953280055,0.5464129391971283,-0.2610355625060174,0.45413552210133307,1.6429597978208241,0.8689367670285454,-1.4651308315933709,-0.6257606138106186,True,False,False,False,False,True,False,True,False,True,False,False,False
-1.495075253008314,0.5416948456061352,1.5252078216336127,-0.16742577009443968,-0.4677517500015461,1.4128647444298543,0.5481334305410682,0.945440121183459,0.2509000080100504,-0.12794466786021433,-0.3983069120513713,0.14902505643378372,False,True,False,False,False,True,False,False,True,False,True,False,False
-0.9141078994386539,-1.66979675656428,-1.1570675313115955,0.01580505075352281,1.6591030831426743,-1.2100571359904526,1.3149800087805308,0.5660713490849808,0.08982267283657404,0.16690402372909263,-0.45194500613685534,-0.5566120470261363,True,False,False,True,False,False,True,False,False,False,False,True,False
-0.41224422427849794,1.443788413890211,1.0692507600347485,-0.06797962768089491,1.5105185809336787,-0.7808388409344933,1.2161620734067307,-1.691023450975273,0.95555556651009,0.37546691544340816,0.1517504927128265,0.558888709684216,True,False,False,False,True,False,False,False,True,False,True,False,False
-0.9061438864582244,0.4396522258086065,-1.6177579496554275,0.17954216774493217,-0.0579487852843659,-0.4676485173159789,1.1993390879664312,-0.46025041185522747,1.2406096898458217,0.6398692962755984,1.156372185475538,1.0120881161069366,False,True,False,False,False,True,False,True,False,False,True,False,False
1.019334946115975,-1.6200874815023063,1.2086423525557781,0.7138222226613116,0.13538048577497827,-0.2787560286453775,-0.402750512989718,-0.1800621581563722,-0.4596027545097991,-0.5982105179329065,-1.0133214401039976,1.6820536796297139,False,True,False,True,False,False,False,False,True,False,True,False,False
-0.4907981049640005,-1.1080258744791978,0.703151301821968,1.5371818279184737,-1.2302445302503258,-0.912721707935363,-1.0676776269248174,1.4274641593573074,-1.3046614437837958,-1.5826990569553399,-1.2416616460624608,1.7175002276203617,False,True,False,False,False,True,True,False,False,False,True,False,False
1.0054219242828828,1.1657250702952164,1.5163211974300543,-0.13472305802630785,1.2216910542901986,-0.9232659285036457,-1.6196517839520286,-1.3354903507100802,-0.6163340983536469,1.6021254582727271,0.4605740637810403,-1.0411906480244038,False,False,True,True,False,False,False,False,True,False,True,False,False
1.1930509435076009,0.6740822395205357,1.578846103877179,0.9889527710548428,-0.41344610005165733,0.46369473489745683,1.1871975864515827,1.4216477967076901,-1.4490532688321731,-0.8128434255961509,-0.1227879318153193,-0.006509494417526537,True,False,False,False,True,False,False,True,False,True,False,False,False
0.34085425771259253,-0.9678585204191549,1.4799676528960253,-1.6653584683692966,-0.4197193349655017,0.2414054060550797,0.6045162565340887,0.007449107812342522,1.2286581691622838,0.14443420563027792,0.38298544196396744,-0.7846503312281276,False,True,False,False,False,True,False,False,True,False,False,False,True
0.8147736599808374,-1.0475319657643694,-1.6304864346767374,-1.3888549303072582,-0.07046489045900714,0.11350617853211065,-0.5608250230408783,-0.27598820004073416,-1.623236489462156,0.5903871754471643,1.6001063421737942,-0.8637190025040661,False,False,True,False,True,False,False,True,False,False,True,False,False
1.4277755438594724,-1.1204765252681383,-1.4316322073000483,0.120142421629506,0.05562503763609991,-1.0674242580917033,0.6435748042297176,-0.7761115378985465,1.2352094897310828,0.6005088258148469,-1.0255541740661593,1.6861001035544307,False,False,True,False,False,True,True,False,False,False,False,True,False
0.48079306124810733,0.928702277733035,0.404886504111505,-1.1703072367033671,0.2275612295858191,-1.5311573065437027,-0.9959925146256549,0.7086038171515839,-1.2715531616397406,-0.8217468230895527,0.07794896697613601,1.3041420022770216,True,False,False,False,True,False,False,False,True,False,True,False,False
-1.4445526113235754,-1.5947011927745531,1.254850930253245,-0.7837511273465829,-1.1628916050656062,-0.6575378075724446,1.4025032737219014,0.025884585730452006,-0.5357052070213871,0.3916483937980508,-0.849943446098425,-0.7462861756865656,False,True,False,True,False,False,False,True,False,True,False,False,False
-1.6298121174586089,0.9125259604657134,0.7686330529293748,-1.5327983801678442,0.015972331437298915,1.42439732821827,0.5986764967649146,0.39334481941274907,1.452129787572294,-0.16602329391021042,0.16774655027619426,-0.7543630323538185,False,False,True,True,False,False,False,True,False,False,False,False,True
-1.6300544661820189,-0.9718397178412059,1.6423939520343895,1.1352886968588445,1.3319814941306596,0.861718990448154,-1.0564491692019096,-0.1185879171797781,-0.5930550028860977,-1.3633413245137729,0.4868075617956438,0.854567427300867,True,False,False,False,False,True,False,False,True,False,False,False,True
0.7044018028427915,-0.6700222189058533,-1.4853745501376827,0.3327957409332168,1.6680857347219402,0.4975017014738777,1.2175970665856308,1.335137848082757,-1.1747219350865412,-1.5778198328663542,-1.2828879725278786,-1.6889125735786064,False,True,False,False,True,False,False,False,True,False,False,False,True
-0.2585264366299479,-1.0849564582860076,-0.2285578338454742,-0.19559831854470383,0.49121711835272386,0.03159933248955559,0.11208331118012316,1.500064703796774,1.0126351113148697,1.6493130358116,1.3691701357210577,0.48213912316171104,True,False,False,False,False,True,True,False,False,False,True,False,False
-1.2437052642401945,1.3531731702583578,-1.2225446250192107,-0.5759527577603402,-1.0783419396540683,-1.6362259200254354,0.4258322253157491,0.2828277868525909,1.4835765835754386,-1.5815286107845186,1.5611470124494289,1.4263902880198498,False,True,False,False,True,False,False,True,False,False,False,True,False
1.0271775853945626,1.2139813545984364,-0.32723172513204196,0.18791188121434252,-1.5621154446232588,0.305561506317318,0.5707010522511461,-0.8944341940358548,0.7462858633505164,-0.1352862140352175,0.2086149219263717,-1.6541219377786267,False,True,False,False,False,True,False,True,False,False,True,False,False
1.69039887725748,1.0930948304402233,-0.7727244417675094,-0.24902631721362112,0.6000394266552109,0.19404644576960223,1.4561651760148828,0.8592917968205315,1.0529866361321703,1.3445729460388973,0.23940626089678665,-0.48425639498107154,False,False,True,False,False,True,False,True,False,False,True,False,False
1.5545195953097182,0.9633683796285494,-0.9526060764914306,-1.2987787961281456,-1.7240136064211666,1.3348793895602578,0.08355224495368195,0.5742156313757586,0.9302654366233098,-1.0087975049547095,0.0913086544604687,-0.0949499857898804,False,True,False,False,False,True,False,False,True,False,True,False,False
1.0514699926761961,1.1210122868505743,0.02763533932047077,1.2776989943760628,-1.3280581813539518,0.9740602162931333,0.1674564345324613,1.0247773197055612,-1.725048472687327,0.1098896070772266,0.42904453695746564,0.4142813231882601,False,True,False,True,False,False,False,True,False,False,True,False,False
-1.6518301728530673,0.6299004977660991,0.647353764301314,1.3711650815569547,0.36540544899618294,-1.406838049176099,1.6903718761904793,0.1810673801058442,1.2987278883433517,0.171591674148523,-1.7471687299856837,-0.1710050958612512,False,False,True,True,False,False,False,False,True,False,False,True,False
-0.017235228271583296,-0.6526877349007126,0.6175703380389558,0.6558854848783172,-1.2038811628097634,1.3444966388882116,-1.415871833435114,-0.32169144970160984,1.7316714121177663,1.6432312132872355,0.925587141339499,-0.7852863877908621,False,False,True,True,False,False,False,False,True,False,True,False,False
-1.024440488354837,-0.9722980944065043,-0.06843970289143388,0.5846328664578326,1.5723138393048326,1.0885674819549214,-0.8355429617129294,0.14632684357679482,1.0449315236418768,-0.5761514779166752,-0.0014848789252785025,0.39515940673314925,False,True,False,False,False,True,False,False,True,True,False,False,False
1.2052158653695475,-1.373700228975226,-0.2731293340456099,1.3760808370770723,-0.14425843971448835,0.919505460759991,1.7379708958707623,1.3759227352834953,0.006498741308418083,1.6476773764099508,-1.5361932858159433,-1.5009609227483776,False,True,False,False,True,False,True,False,False,False,False,True,False
-1.2873532210736203,1.1544349443577044,0.1340454635384157,-0.814343401497051,0.814349795524191,0.06256735572687809,0.9803245268062836,1.4172591048035357,1.4061917229548428,0.9366551315084849,-0.5536769578194497,-0.627843204287892,False,True,False,False,False,True,False,True,False,True,False,False,False
0.5214927426363174,-1.4545256231161932,0.22359029443421166,-0.9144244874389794,-1.567797347943922,0.12928948677360802,1.138776176372616,-1.3037185660758814,1.4344210093933085,1.5788541895943344,0.6591835079058576,-0.5588500938335921,True,False,False,False,True,False,True,False,False,True,False,False,False
-0.3196764300177155,-0.6495389148123919,0.8615553159980076,0.42686009420639226,-0.5746430426477632,1.298460620898681,0.6702953918553398,-1.712705917188118,0.05203262837916447,0.342193382077744,0.15657777939382483,-1.158587081117238,True,False,False,True,False,False,False,False,True,False,False,False,True
-0.8560015813778675,0.900442896501428,1.1538821007667905,-0.10393895081023556,-1.550354868443985,0.959442550625792,-0.7539656998764754,0.7201323675558077,-0.20736181756189723,-0.8060656420323609,0.45274444500464955,0.1557687742775276,False,False,True,False,True,False,False,True,False,True,False,False,False
1.1123486798460624,-1.3119847168216359,-0.0707608297002669,0.42003033996682054,-0.3457110684832354,0.9979884689685773,-0.37024158637968474,0.45122401242848,-1.0213609029630826,0.672235821748727,0.10219590897550465,-1.700615702406954,False,False,True,True,False,False,False,True,False,False,False,False,True
-0.10916465637675228,0.940465082360354,-0.17933851728223682,0.9321262751409986,-0.25997914334337857,1.2485297420263657,0.4856313105439714,0.06713366523203176,-0.5455887470809803,1.5920310286111774,-0.18934283849985964,1.1093453942032043,False,False,True,False,False,True,True,False,False,False,False,True,False
1.596135779226719,1.0859962981279179,-0.8119852357167658,0.016222414419103062,-0.9237769295462811,-0.31199587760971426,0.7527825022948473,-0.9594106601610426,-0.15351968380367403,-1.4267909332369628,1.5687157748670568,1.0421902948701451,False,True,False,True,False,False,False,True,False,False,True,False,False
0.8353644512772552,0.769045733604026,1.0847193452368928,0.07776601912215858,-1.6810377281506834,1.5839597672484012,-1.6554092363115605,0.6405436067452241,-1.2759233434101018,-0.3871233751820908,0.8548794553776108,1.3669416427276575,False,False,True,True,False,False,True,False,False,False,False,True,False
1.634926399978796,-0.21414126677884598,-0.4342910435046515,1.5536308677104416,1.3937635123870953,0.11874466460693617,1.0267234498311257,0.618845626798381,1.643300274277083,1.028460659323832,0.7574655552617575,-0.2905831510727077,True,False,False,False,True,False,False,False,True,True,False,False,False
-0.13904427145453016,-0.3560623747654963,1.1497066427915568,-1.5003220082305893,-1.3909578956508235,0.30571466022874483,1.4475351470940259,-1.5730286333218848,1.047152686866482,-0.6152877784431895,-1.2803775907056743,0.8058577417816611,False,True,False,False,False,True,True,False,False,True,False,False,False
1.5962160927894944,1.0895813553899245,-1.142960545665272,-0.10707928404811073,-0.9888321789707755,-1.7304941207290436,1.6167312582179065,-1.1787460418421025,-0.29849774624443803,-1.1217719866469422,-0.9235664537529186,1.1079208733870092,False,True,False,False,False,True,False,True,False,False,False,False,True
0.5935871097086524,-0.08561332442389626,0.216905873972648,1.2823546208157333,1.5203174972763975,1.269282281434276,-1.3619107689930807,-0.7177279503779356,-0.690088103316539,-1.3447045235437447,-0.6681281599067675,0.4272067467925124,False,False,True,True,False,False,True,False,False,False,False,True,False
1.2617727679006008,0.5870856116261136,0.6564428754963652,-0.010851660146198759,-1.4387174241469942,1.1347137559022944,0.4580123728312783,-0.30093038108223796,-0.6061818178204333,1.4789814838013364,0.773444286543582,0.47180956018078357,False,True,False,False,True,False,False,True,False,False,False,False,True
-0.24817387480924114,-1.5326160488741942,1.5410753914416926,-0.673870298892292,-0.07975407485496325,1.521651159462428,0.9876406130057025,-1.3708916603310917,-0.6090771950107631,1.1617295897159758,-0.42126028852882896,-1.2226705136453186,False,False,True,False,True,False,False,False,True,False,False,False,True
1.3802670418029115,0.3965753824148917,-1.4669534265132604,-1.5752879444054018,1.1903064510794654,1.7050866693725513,-0.6954156131653717,-0.0072637228022650055,1.0536131832930176,0.5598581855238994,1.65005468621673,-0.0950971673014954,False,False,True,False,True,False,False,False,True,True,False,False,False
-1.287104793960995,-1.63349316691203,-1.5592066676633525,-0.47588960203850306,1.4054948077479907,1.597106675008744,-0.698030359252157,1.2944467805623507,1.298817398275524,-1.207490418741311,0.05070897571710191,-0.03788516479786611,False,True,False,False,False,True,False,False,True,False,False,True,False
-0.6428225448633348,-0.5455084383277362,-0.5816626525699575,-1.0878463198633237,1.3978943765246556,-0.1624081566612253,-0.5561017421752803,0.8627933616302951,-0.378937668695711,0.799426648893059,0.6020101344621339,0.02217064857465243,False,False,True,True,False,False,False,False,True,False,False,True,False
0.20470649575211392,-0.41231757686505566,0.3649455559360872,-0.513533588175749,-1.721721374643545,0.3385799366339852,0.7204596203344353,0.29280903969195565,1.5598356123846866,0.7072808168383555,-0.2850590986155183,-0.5783288034346743,True,False,False,False,True,False,True,False,False,True,False,False,False
1.4919527847576726,0.21107413454300633,0.9467204616119025,0.5007325415020487,-0.5660907192050857,1.6409356648201918,0.551109131506952,0.9583750663125087,-0.6240814614081596,0.7458749795178621,0.5000536413749629,-1.1944711525360954,False,True,False,False,True,False,True,False,False,False,False,False,True
-0.7593905426242916,-0.835917439181474,0.8363632585122616,-0.034642204795336924,-0.9803837200112111,1.3509995929087304,-1.104635346605939,0.11142935379718226,0.07282437488662379,-0.774601988111565,0.34391375484997977,-1.376077111654324,False,False,True,True,False,False,True,False,False,False,True,False,False
1.5584347786615942,-1.364250215750842,-1.4957448147493542,0.5205230957256006,0.5593502795254023,-1.2988183427883562,-1.4796770005652622,-1.1830103898788351,-1.7111909057942996,-1.6772143138935747,0.7212789855163112,0.3085212890094624,False,True,False,False,True,False,False,True,False,True,False,False,False
-0.44576026213437,-1.522954991063263,0.19805533212547266,-0.1863426801836051,-0.3352057564071371,-0.141444330649922,-0.9058509727745587,-0.4113815279181529,1.1792960220142348,0.24015688221391593,1.204401336973885,0.8274406981536109,True,False,False,True,False,False,False,True,False,False,False,True,False
1.3038202359328703,-1.2661499608582762,-1.581897332768664,1.517100889663453,0.04280351510884296,0.6695390061749446,1.5159850845894913,0.9780219436094127,1.000058604274044,-0.5837372407103831,1.541642471733379,0.22052607255267445,False,False,True,False,True,False,False,False,True,False,False,False,True
0.23618338272682235,1.6748791398446357,0.7703113062394391,-1.490750218226041,-0.7258918805211486,-1.3640776264711785,1.5786290011536237,-1.3921455700858145,-0.27189992939122487,0.22291158900654517,-1.315189162510718,-1.4017946887683523,True,False,False,False,False,True,True,False,False,False,False,True,False
-1.0316170753553104,-1.0091117168334216,1.5112341974976464,1.0504796684304423,0.2378638191824455,0.41641900414647365,-0.9829070714973298,-0.7234129868365267,1.32094777513374,0.18728929772699052,-1.2942489712743013,1.5447675610777214,False,False,True,True,False,False,False,True,False,False,False,True,False
1.1631319767742034,0.03494372566881672,-1.1542029822177717,1.1309504951876401,1.409878940557311,0.2276322699749806,-1.0285493468607032,-0.03918950647346448,-1.7230185466090138,-0.09434687479164007,-1.3193031459198479,1.1189954402808826,False,False,True,False,True,False,False,False,True,False,False,False,True
-0.2354483935531958,-1.3964161998599054,0.47967743652183076,-0.01217759650889116,-1.3476239153126173,-0.10057133989218862,0.9087054756927544,-0.7827216627238115,-1.0659440319984348,-1.2900255778846206,-1.5408085788022101,1.6522596145374397,True,False,False,False,True,False,True,False,False,False,False,False,True
1.5654216910641898,1.6425054430768589,-0.3533125815514518,-1.0472963579254784,1.02452110543946,-1.4327352599680574,-1.0518024913963107,0.8615541668133343,0.993330071195972,0.3930685707651891,-1.157350218468718,-0.5461472691224134,False,True,False,False,True,False,False,True,False,False,False,True,False
-0.38648704301014436,-1.3649837766040396,1.700481160847805,-0.12484332415794507,-0.003969514149454496,0.9771470294480423,0.14567676175648858,1.0306854723488563,-0.1492392295480862,0.17431919838801307,0.7605628302524737,-1.622147248906941,False,False,True,True,False,False,False,False,True,False,True,False,False
-0.3471649818043637,1.3091149550692622,0.06680893073215184,0.72296210367965,0.7448235643252669,-1.670423059432621,-0.6062042442038799,0.9934300058887051,-1.5916894356471383,-1.2712525305809557,0.5302263324350757,1.1984743495885595,True,False,False,True,False,False,False,False,True,False,False,True,False
-1.0928399933902544,-0.5945856670777067,1.195193638054308,-1.1967679332594976,0.20553630948576915,0.4862145446999913,-0.4779233864431676,-1.0211620643340844,1.3701096677252989,-0.39607254410409826,0.9411839543498419,-0.19515052988611276,False,True,False,False,False,True,False,True,False,True,False,False,False
1.5420636128278096,1.3394125872918217,-1.1521419404809248,-0.33412158685122334,1.456015696914673,0.5667823589318927,0.4746149214030417,0.8342120707937372,0.10670490911331824,-0.8941498693159154,0.15837938739458846,1.4785721233006615,False,True,False,False,True,False,True,False,False,False,False,False,True
-0.2341944942401751,0.9144435962285101,-1.0376825269911645,-0.9601732185904376,-1.6128619518967855,-0.8431834134321887,-0.5600521056421349,0.22280036659529276,-0.4473872167925487,0.8659925901520944,0.06675525996352702,0.12168477224450032,True,False,False,False,True,False,True,False,False,False,True,False,False
-1.0566918027985202,-0.6267697930274556,-0.929411052122444,0.06829196115862836,-0.2830113437978284,-0.727834206948651,-1.5684081560717889,1.3263828828382545,1.600622533022296,1.661121136975317,0.27306299531908573,-1.1555951517575007,False,False,True,False,True,False,True,False,False,False,False,False,True
-0.7342279492870984,1.6026014105581763,0.9509918554214007,1.4643308878434058,-0.2148128073963186,-0.07832335957738144,-1.519450389767795,1.1638560838633036,-1.4609243635536848,-1.0417371667342132,-0.5143874596825655,1.0825380962993474,False,False,True,True,False,False,False,False,True,True,False,False,False
0.7056561371198713,-1.6044464993706764,-0.920378195586925,0.9783579756621609,-1.3914844551839007,-0.460497558327097,1.0430486769070137,1.1558946011419062,0.12466112882341093,0.44354866150949807,-1.018272298850365,0.14090660731635596,True,False,False,True,False,False,False,True,False,True,False,False,False
1.6267585003290639,-0.18898517239811125,-1.615386603344792,-1.4224747279949292,-0.921888823136018,1.6075519202724464,-0.5987262879032533,0.02800321607851785,0.09041077531650969,-1.337439688697942,-1.4600881421786385,1.2593362031848443,True,False,False,False,True,False,True,False,False,False,False,True,False
0.3631305978878878,0.42991704741276954,0.27189777277780947,1.1881673729043645,-1.2171204012610148,0.9987511284445298,0.8209137067863357,-0.30014618635586293,-1.6223308354534642,1.05982291408963,0.41302160762482076,-1.0194853914003323,False,True,False,False,True,False,False,False,True,False,False,True,False
0.8040458585885772,-0.3422500609784922,0.23106101065570092,-1.1920659402168858,-1.636679595315907,1.0140713682923272,0.9409344786087988,-0.9010173468236684,-0.8379773475821519,-0.45349481216861004,0.6153028419554476,-0.18705127975595134,False,True,False,False,False,True,False,False,True,False,False,True,False
0.1431987528378352,0.7297113304800243,-0.03458843903297313,-1.3894750947750052,0.6397556098213215,-0.1137397645854065,-0.06225485847209362,-1.2082209476118746,-1.0606478641959671,0.16060259848127287,-1.4379202159094748,-0.095004909766264,False,False,True,False,True,False,False,True,False,True,False,False,False
-1.0557042250059465,-1.493586476322996,0.6033165726685212,1.1756494806110038,-1.6029492014407989,-1.625632209243819,-0.6311244275745098,-0.05557120855316013,1.1468800777408232,-1.0562304651901253,0.6478714722677024,-0.00431770367671865,False,False,True,True,False,False,True,False,False,False,False,True,False
0.3577266974080917,-0.5847435098128991,-0.7638572015362282,-0.5167574608627818,-0.7175766567931815,0.18444822545542447,-1.5461033980131031,0.811965514725543,-0.32721973657960113,-1.3894002805467356,1.0005119240543854,1.0615260238242414,False,True,False,False,False,True,False,True,False,False,True,False,False
-1.1210943041919084,-0.9271101422511986,-1.5179711230404664,0.825400341301086,-0.2049834228864024,-0.5139347469197567,-1.4138305247319758,-0.7448527766137351,1.089978462444488,1.3234232450245003,-0.23787372292272743,1.3114641578635169,False,True,False,False,True,False,True,False,False,False,False,True,False
0.24342145616057165,-0.06358390569380873,1.0515985023389456,1.5985844221330587,0.43366946302425563,-0.07160072742100543,1.468452964291363,-0.8740804233088101,1.4537592115122078,-0.08189746906037024,-0.7080959281983276,-0.6846217256489864,False,False,True,True,False,False,False,True,False,False,True,False,False
-1.434174706787013,1.0901456586939806,1.2158204597420679,1.2709595567876046,0.903376771477973,1.4063190950359423,0.48452716648901806,-0.4570058342626794,0.8025141108448652,0.07926967030242821,-1.26045283552328,1.0317296838499361,False,False,True,True,False,False,True,False,False,False,True,False,False
-0.18482199169013344,0.440858722617338,1.231719757873839,0.8341011989794401,0.5098006900436655,0.7633668399654927,0.09919044290524288,0.17690365083630336,-1.6782212960817575,-0.3604573092783631,-0.8195665177064213,0.7652456875407039,False,False,True,True,False,False,False,True,False,False,False,True,False
-1.093220126137048,-0.005190064612052463,0.4391665141578205,-0.4413812750825648,0.04600505114273054,-0.15910020915882223,-1.12260634766617,0.0586993155153708,-1.6292970999584813,-0.6967757461820879,-1.3466856240689278,-0.2851750741163295,False,True,False,False,True,False,False,True,False,False,True,False,False
1.7295977689533077,-0.9199466940368158,0.7832533111205989,1.2669378553487376,-0.10866122629075917,1.1923880879318847,-0.9698738416145106,-1.1429185167089593,-1.0798468049249828,-1.294011256129561,0.40746004050635903,1.0257236284913092,True,False,False,False,True,False,True,False,False,True,False,False,False
0.669960558100429,-0.39080912069215845,-1.351612008274166,0.5148896744531045,1.1107568591020263,1.112050140078664,-1.3970675329061246,1.1888412492856708,-1.4299409464042994,1.5183049672133577,-1.3590817824866632,-0.774480031016235,False,True,False,True,False,False,False,False,True,False,False,False,True
-0.5748280290768056,-1.191181605450151,0.5387671255329683,-0.5362213587733754,0.9619355143213003,-1.7283342200052785,-1.1661987670483982,-0.2856671810091713,-0.014321626338246523,1.3491061692981938,-1.0985633835948323,-1.6759748205697387,True,False,False,False,True,False,False,True,False,False,True,False,False
-0.3206883795581196,0.5308186104282058,1.291219276423168,1.6070097660387475,-1.4403809637789056,0.2587869890914177,-1.421871029122292,-0.7149741552850991,1.056913278459004,-0.6563671297157903,-0.24088738966787382,-1.649348788153193,False,True,False,True,False,False,False,True,False,False,True,False,False
1.574356068790833,1.2874042803296977,0.6886128640530481,-0.14902072238613936,0.44358107232639976,0.9555453412048016,0.7039063507143534,1.1074266587537172,0.46990911865060947,1.024031367543773,-0.5341093418071895,1.5721772445650286,False,False,True,True,False,False,True,False,False,False,True,False,False
1.4482024370047988,-1.156957340242398,-0.5282880021020184,0.6180035688010528,-1.01128400802749,-1.0610041676395883,1.7289182129233356,1.4496452804633555,-1.3940294048539286,-0.11933644236440608,-0.43007288898776636,-0.9845520883965134,False,True,False,True,False,False,True,False,False,False,False,True,False
-0.44804198719150046,0.7170498300044388,-0.06693933377595279,1.4847231659525788,0.044831314684280796,1.6862403898062879,0.9325222521585943,1.4958814773974787,-1.5469807460461653,0.21129028316582119,0.48154117609958924,-0.8645753451866343,False,False,True,False,True,False,False,False,True,False,True,False,False
1.1949593453434608,-1.6834947180673048,0.0789277972246556,0.28970037506753776,-1.746234298240799,-0.23520286976442184,1.0064302112668022,1.4175656588098264,-1.4816361186334044,1.3370946955260035,-1.5139790606248,-1.553788433807472,False,True,False,True,False,False,False,False,True,False,True,False,False
1.311971451273016,1.2231383644005571,-1.369820475116729,0.5777203276932649,-0.9206915210613733,1.4227489545344711,-0.1829322383733721,1.6135341888725823,0.9574304927283374,-1.2510364017436215,0.24331918319876966,1.2010435414595866,False,False,True,True,False,False,True,False,False,False,True,False,False
-1.556832221132425,0.134905380575698,1.1177188366774944,-1.1127601289686293,0.6985730210331882,-0.4394551118134166,1.240836929555937,-1.1797406191634225,0.8690502920155402,0.7038932711122041,0.9933393248931303,-0.8898811585869065,True,False,False,False,False,True,False,True,False,False,True,False,False
-1.167366504323815,0.725346922593759,-1.7271957392333703,-1.5329632080409874,1.1827650187372143,1.0519359499881766,-0.41073089581759525,-1.654792417755589,-0.8409117276299888,-0.7808661538583334,-0.967971994220963,-0.6801437220859589,False,True,False,False,True,False,False,True,False,False,True,False,False
-0.2820183035438694,1.0653542028133511,1.1871568510926302,-1.6766855258213367,1.64322660654885,-1.7442332338074356,1.6184879846977658,0.6599297668954667,0.5260130365407242,0.11359106201274481,1.3608514907918337,-0.05381483726908826,False,False,True,False,False,True,False,True,False,True,False,False,False
-0.6066291939807619,0.38380593349357445,-1.5185718223558202,-1.1832964464372595,0.9411684941343024,1.5772150940773901,-1.637118373229266,0.6909422302120757,-0.521901049440081,0.36897850954150296,-1.4088401541005993,0.9660928348356101,False,True,False,False,False,True,True,False,False,False,True,False,False
1.5701517913504646,-1.2503552483728633,0.07527819523312848,-1.002425345904689,-0.24751916346626487,-0.1512597214695544,1.3683637345657265,-1.6191995399064312,1.3389986918112968,-1.700718355138707,-0.9223054548931249,0.22296076593325,False,True,False,False,False,True,False,False,True,False,True,False,False
1.6383347244542452,1.322445310797396,-0.27888978068340164,0.06771639873898157,-0.24930173700731897,0.6653149169806735,0.44025099542306956,-1.685549632369117,-0.7742676960401182,0.36417897809725747,1.1667968566782394,0.23730955440152873,False,True,False,True,False,False,False,True,False,False,False,False,True
0.29804223819095843,-0.18594979414382443,-0.19479653438892056,-0.9304266660411391,0.6595199380095303,-1.417782455072755,0.03314826524921231,0.3746439141649084,-0.5153925430501892,1.6903143532872407,-0.3266108787369194,1.3139580164998852,False,False,True,False,True,False,False,False,True,False,False,True,False
-0.4989193164664014,1.2355778612451276,0.9680119403969767,-0.020099575464121455,0.4541342388811966,0.5339386204528869,-1.629100874233351,1.4172545221650832,0.3627229917784273,-1.0903728143647884,-1.0539690228471,-1.4279136844428313,False,True,False,True,False,False,False,False,True,False,False,True,False
1.5578476983809542,0.3959541074399807,1.0807802103657236,0.33052140916950684,0.010843549054724386,-0.5702317998676746,0.4341147908487041,1.0895233823992758,-1.1542664994307896,-0.65529071066829,0.8241353080086317,0.5686050898547977,True,False,False,True,False,False,True,False,False,False,False,True,False
-0.9054376084516138,-0.7247224536717503,0.7009343639864768,-1.7207115999435774,-1.0996660954647437,0.4090994417483132,-0.10630311111181913,-0.3651721531742464,-0.1660636684647393,1.4314331579116955,1.5887539318702617,-1.0653903349203084,False,False,True,True,False,False,False,True,False,True,False,False,False
-0.798376324336173,1.096127222189682,0.535968868445556,-1.6699590773815978,0.7717096060535247,-1.5053848336921176,-1.6049339778336118,1.1612313933406218,0.018735581307295555,1.1481857105775914,-0.03474509111485176,-1.1028002604448541,True,False,False,True,False,False,False,True,False,False,True,False,False
-1.0754970964080395,-1.0293037713025919,-1.6686541309794798,-1.532442143512143,-1.4306473896628074,-0.7485151216280466,-0.33465757309176397,0.4013152320356716,1.6707184543849967,-0.6030701395707181,-1.514988051717232,-1.6521653655664408,False,True,False,False,False,True,True,False,False,True,False,False,False
-1.5472247856116121,0.06522892510177607,0.6176482536737672,-0.7021490431758458,-0.5107410004270437,0.38955644708117393,-1.6873160571154462,0.9738487198100145,-1.1427210418822717,-0.16020002529479918,0.7349110305728679,1.6664483278439002,True,False,False,True,False,False,False,True,False,False,False,True,False
1.3499663805448878,1.329111729873158,-0.9160834527886853,-0.07402336957675261,0.0027417911081522397,0.6234525639315052,-1.564920695882865,1.6246909984716527,-0.15345444666060548,0.5518230541273514,-0.1929998185329089,-0.5853812483536865,False,True,False,False,False,True,False,False,True,False,True,False,False
-0.8660023822748221,-0.9892827448559515,1.327189572512297,0.4206988997360521,-1.3010687251684383,-1.6183073799962095,0.3720205198119738,-1.1389552315221092,-0.05381717005185104,-0.6684626331396702,-1.1722546808385648,1.1156100388210108,False,False,True,False,True,False,False,True,False,True,False,False,False
0.15654532753262046,0.32414381473670645,-0.9354549992123361,-1.243751794368535,-0.5510291228165035,0.9864336152803928,0.9714541761982328,-0.6850910974214955,-0.6571334891139259,-0.4231264114994234,-0.27415417383866175,-0.5124634848221223,False,False,True,False,False,True,False,False,True,False,False,True,False
1.449165045236592,-0.4125027031863316,0.3710541944631128,1.6639251641610169,1.025108340320807,1.6104082013630816,-0.20624379763984035,1.1821192823894848,0.32248068266062524,-0.8234483688411315,1.3566453727307803,-1.4573370810175539,False,False,True,False,False,True,True,False,False,False,False,True,False
0.18925574376897944,1.2146688123251597,-0.18761991554295246,0.6925218358950089,-0.35105218460024457,0.334167784363693,-0.003316975518637016,1.2716507128386318,-0.6063726888876979,0.9894480949145932,-0.19794500549333258,-0.7925251587481051,True,False,False,False,False,True,False,False,True,True,False,False,False
0.3445553963843755,1.674248669220986,-0.11124905768891798,0.05347381774442391,-0.5832508156317087,-1.4487626462703378,-0.16614842064962768,0.9116251283384302,-1.2303952521783716,-0.3456297836115702,0.7496436559933618,-0.27980179295686963,False,False,True,True,False,False,False,True,False,True,False,False,False
-0.7371949802354628,0.3948966221181011,1.0987770789641056,0.16155893662783466,1.745727283457867,-1.53855459409334,1.2127136831981058,-0.12536443749843265,-0.7687972339906927,-0.11063046664405504,0.10013492605042054,0.990734103699287,False,False,True,False,True,False,False,False,True,False,False,False,True
-1.0370742658784264,-0.4893585629674441,-0.6864235803176346,-0.010693128715275812,-0.9807603744999568,1.205463859854729,-1.4816202662502052,1.4146797667065234,1.693099896902764,-1.5086075547343298,1.2013422890124323,0.31865300059958274,False,True,False,True,False,False,False,False,True,False,True,False,False
0.0012433736715833344,0.9287763938290424,-0.15387200972274503,0.40899003783279275,-0.5735128544843677,1.5469905116327436,-0.44320029523035387,-0.5793971211675866,-1.4751495286709166,-1.124885108829775,-0.6060751527778862,-1.3391350699876625,True,False,False,False,True,False,False,False,True,False,True,False,False
-1.3743518261445362,0.0022255036397703905,-0.5853660243360554,-1.4402307008946582,-0.5091447683792344,-1.3648472431535779,0.19577736425913872,0.4404630426035216,0.38167657104329356,0.6245061416327846,-0.2941229228387316,0.40186381583807,False,True,False,False,False,True,True,False,False,False,False,False,True
1.059083173897863,-0.9456754092403378,-0.8924848466655378,0.7570909868426143,-0.3014604704996447,0.8091097464118816,0.5101956764693163,-0.8066495625622919,-0.740586383281924,0.4628089443229161,1.633323334677208,-0.871917319513043,False,True,False,False,False,True,False,True,False,False,False,False,True
1.0355874364584075,1.0984083508124483,-0.8504431114231304,-1.7068525629001745,0.7914513742623451,1.3975714891247435,-0.39213453695638956,0.6086067727718094,0.08909715026535286,1.1287406052056488,-1.0518965271403187,0.08722497204740358,False,False,True,False,False,True,False,False,True,False,False,True,False
0.6591512281455514,1.0327989510836155,0.8423746340851425,-0.9829367695355458,-1.6490043811671673,-1.4995919981598698,-0.9031075361451012,1.246202666629969,0.00892781011809968,-0.6738816869318738,-0.5145698882055698,-0.5218606128158079,False,False,True,False,False,True,False,True,False,False,False,True,False
-1.4630693624713413,0.030698108686129013,0.7381824428520639,0.6758205274388562,-0.17892033370107296,-0.3140938251303295,1.1233716486324639,0.8310438888261721,0.4621700210710377,1.0924374517704587,-1.454305131671059,0.17468023622914075,False,False,True,False,False,True,False,True,False,False,False,False,True
-1.5604236895613066,-1.1420072791481486,-0.5467752972279499,1.531159158159726,0.7642001368372141,-0.9846548010496146,1.6021521220231179,0.19406864463338194,-1.3247670042372164,0.939517152145168,-1.703069039882625,-1.5614106731483366,False,False,True,True,False,False,False,True,False,False,True,False,False
-0.04725873534058328,-0.2779541947364327,1.2206882591110508,-1.4388192147071635,-1.0852313782851601,-1.087605305919925,0.4890391385061787,-0.25389750049567406,0.06472578001676106,0.5761683938009549,-1.7044172672486686,0.6157454028034288,False,True,False,True,False,False,True,False,False,False,False,True,False
-0.3047214513044092,-0.5790138863646609,-0.06713716294378722,0.8797752302802478,-0.9470332580358032,-0.47980716607559154,-0.22371447510599038,-1.581735119344394,0.041744252682861784,0.5013055178875317,-1.049521853924063,1.6660996351570039,False,False,True,False,False,True,True,False,False,False,True,False,False
1.5552003829116299,-0.40446298033633316,0.0008777275502383496,1.6598683592966692,-0.8112559793004412,-1.7023352799655624,-0.6044637177109802,-1.2079265835798643,-1.09988618591291,-0.7729188308021359,-0.5009762847920888,0.7677251512508166,True,False,False,False,True,False,False,False,True,False,True,False,False
0.19309269143650828,0.41204980550160314,-1.6919038739864276,0.4613090750757039,-0.8623121299913348,1.4492307156107338,1.499351083652673,1.3634064720109798,-0.69516744456478,-0.4254901190660146,0.784026820585123,-1.0012529879695027,True,False,False,False,True,False,True,False,False,False,False,False,True
0.2821349232139291,-0.4825402879892036,1.687837871041829,-1.4262333740424828,1.5457685250217592,0.9986087453491753,-1.6374881263263261,1.4847236800095147,-0.6074159428408048,0.7407523673722133,1.1548471642962972,-0.46159238878908904,True,False,False,True,False,False,False,True,False,False,False,False,True
0.780316162515464,1.3138022782245709,-1.5843325264561932,-1.5483592541249362,1.233523086285954,-0.4222330843000358,1.6208673271557794,1.0562152912159157,1.3973866769894172,-0.1024133507599382,1.3414887742391104,-1.665512506433662,True,False,False,False,True,False,False,False,True,False,False,False,True
-0.17739189022366722,-0.839981722562952,1.5624470756433788,0.36037637069167017,-0.43220512944730866,1.4209994517376794,-0.533482112714319,1.5705850390421823,0.30711204453039104,-0.9140796463492606,-0.24795527221334837,-0.010173608493514794,False,False,True,True,False,False,True,False,False,True,False,False,False
-0.5755898684903962,0.0629612512388244,0.6584711111466719,0.22667438238196158,0.9391725926490748,1.0399214335883449,-1.659208505214376,-0.9798959731282674,-0.08488967726501562,0.7152329290864246,-0.3290656926189361,-1.0525898664993587,False,False,True,False,False,True,True,False,False,False,True,False,False
-0.1326236490534439,-0.7353680822571633,1.2747140043993717,0.14029469084819282,-1.0430505652430297,-0.7801772713041885,-0.5234740046906871,-0.8139899607429618,-1.6557187187233524,-0.6235275439172898,0.8678167958133318,-1.5691630892425792,True,False,False,False,True,False,False,True,False,False,False,False,True
0.17034019301064207,1.5083840279929903,0.9946718423598465,0.5964203911734299,1.4397703481181445,-0.975599581332395,-0.2921141309087318,1.1886356015950372,-1.67592661654723,-0.7651564815975979,0.06266856115879076,0.7184289784645345,False,False,True,False,True,False,False,False,True,True,False,False,False
-0.49625654369373573,-1.0673272663151785,1.1437630947755615,-1.13665777882883,1.2725512386239262,1.5609857247225087,-0.017012422125784264,-0.5636405457441503,-1.1099214929895125,1.4137510079825675,0.12677930662820452,-0.5568673464966947,False,True,False,True,False,False,True,False,False,False,False,True,False
0.5767062958083936,1.5142477828426366,0.2908520415264691,0.061052592180393606,-1.48691290469609,1.251878540708982,1.4048096570380724,1.016878781872332,-0.2764451782439349,-0.6616529183031921,0.45680399952354156,1.0264367801937042,False,True,False,True,False,False,False,False,True,False,False,False,True
0.9913754102562173,1.4391210228254034,1.6764116654045758,1.1389342259073159,0.20755473007628125,-0.7313111809118752,-1.4998946563439115,-0.7520189502373491,-0.7545086652631466,-1.1915679574065141,0.22788711589598534,-1.6405320798340637,False,True,False,True,False,False,True,False,False,False,False,False,True
1.3632471027871618,1.5354984848747386,1.287931068940826,-0.3333751186518149,1.0902492329707336,0.7454936040148823,-0.11021170162429714,0.4680180944008528,1.459696898884392,-0.3128430582251327,-0.01630808311462737,1.7296990566054076,True,False,False,False,True,False,True,False,False,False,True,False,False
-1.247448523298573,0.12785398401606562,-1.0359961917796658,-0.8750999397875477,1.0839287361476102,-1.2551900542460694,-0.3064932217074425,-0.6745838091720986,-1.468665816961624,-1.6880528998057718,0.2708439680081618,0.8520019233871285,True,False,False,False,True,False,False,False,True,False,False,False,True
-1.4828126956696035,0.6616461470331029,-1.1545926917387388,-0.4939856910494969,1.748373248108291,-0.1653675729189672,1.2328271315393,-0.6444245330452719,0.6674668390576266,-1.6644953096766424,-1.4751914900815357,1.583301570101848,False,False,True,True,False,False,True,False,False,False,True,False,False
1.0184760761815979,-0.36059901786106474,1.3117014309911548,1.561334694349159,-0.2902295164785805,0.6916948769862012,-0.9613710269676191,1.4457759347903703,-0.5443696236618212,-0.9255273859883051,1.4655452240129279,0.5478240579933192,True,False,False,False,True,False,True,False,False,True,False,False,False
1.1580104214071556,0.05690209351277911,-0.11933251678702843,0.16462069168012733,-0.9738368273339403,-0.24793927974096608,0.09939730971343581,-0.016458830972816224,-1.6990904622227365,1.4573459090062861,1.295841855375951,-1.165625382306627,False,True,False,True,False,False,False,True,False,False,False,False,True
0.4529360255927606,0.2413657735534507,-0.43987355087976054,-1.173172552202797,-1.1804704567968096,-1.163521934248483,0.40029538721563734,-0.7421511191606125,0.525341340692726,0.43532889122657226,1.3260912307359922,-0.0962576150796279,True,False,False,False,False,True,True,False,False,False,False,False,True
-1.5309451146936661,0.29225438160894995,1.649016763925455,-1.2594811666423376,-1.4942628681592862,-0.2506783520798228,0.4719039141516428,0.9783339644483205,1.1868983418125483,-0.864152303999691,0.8807278971236434,-0.6208704369513373,True,False,False,False,True,False,False,False,True,False,False,True,False
0.28424250212481406,-1.6954707279255423,-0.6444974383516099,-0.18057611686131772,-0.6102365377679292,-0.31480804818966107,-1.6942929724391265,1.2267422585207515,0.9207753852293786,-0.9295551820720909,0.9680859178652023,-0.3706006507452929,False,False,True,False,True,False,False,True,False,True,False,False,False
0.31441412499330285,-0.43700006804705943,-0.5593349369447281,0.00025720210354008004,1.5969667676530312,-0.1017121875994808,1.4970100275114073,-0.5140757496645815,0.2743683468373045,-0.04102952228690082,-0.014027239101374146,0.5626414009886147,False,False,True,True,False,False,False,True,False,True,False,False,False
1.1315596132789882,-0.9664867183322201,0.21956961113002052,-1.522685833882275,0.4916935013670314,-0.7747045464773793,-0.1556579157906323,-0.7859832903328777,0.23459139001490706,1.5161957069254546,1.167977814494231,0.32484290180349246,False,False,True,False,False,True,False,False,True,False,False,False,True
-1.3156841969067123,-1.4080489122823538,0.8206884026066871,1.6365803808544015,-1.212117146331888,0.3799476439542311,0.2569835925882565,-1.1347199488353683,-0.05703033948347803,1.6206549828435604,-0.5149410941304606,-1.547543516721857,False,False,True,False,True,False,True,False,False,False,True,False,False
0.1790032808874485,-1.3181884026677697,0.4319967275964665,0.2722003349527522,-1.3508377567643357,-1.376204758877925,-0.2549242283684424,-0.06240212901319566,0.06203666194165326,0.9482666747122436,1.489976986595345,-0.730614723011654,False,True,False,False,True,False,True,False,False,False,True,False,False
0.5205048001550371,0.7277700376201299,-1.3900077542370028,0.7533809887896559,0.05478755108993593,0.3625044080794208,0.6509236972220758,0.20833149853608307,-1.0227122382537215,-1.6136477612245834,-1.5941715724392307,-1.5640252020139374,False,False,True,False,False,True,False,True,False,False,False,True,False
0.29593285627316157,0.17409728198552113,1.0518500919457556,1.2016118293058893,1.6179435299334488,-1.3093328834840892,-1.48291029436186,0.6337251924045894,-1.5779975114240408,-0.9591169641765696,-1.357067396267108,-1.6922105457615435,False,True,False,False,False,True,False,False,True,True,False,False,False
-0.6982979076791358,-1.6795381399980471,1.4595456467790613,0.941049866320122,-1.2828833573781766,-0.7468375004167924,-1.30031318069784,-0.025166062365633433,1.3299750715282432,-0.05961264227809587,0.8264744575998418,1.1808595424185604,True,False,False,False,False,True,False,True,False,False,False,False,True
-0.682911797079058,-0.2571736357812428,0.1369106833369492,1.029823332529567,1.0503106013966879,0.5451853158479035,1.5310484742127017,0.20893771937043468,-0.7576646802323007,0.16575531924497153,-1.6756143317946377,-0.5693406078977339,False,False,True,False,False,True,False,True,False,False,False,False,True
-1.4208777674217763,-1.4052992514924447,-1.3524002819376149,-1.1383108744322694,-0.2992419593965269,1.092225309940813,0.0832039272149725,-1.2895784180855194,-0.5309083065773388,0.6454901698882944,0.6825831158966095,-1.2725959812515548,True,False,False,True,False,False,False,True,False,True,False,False,False
1.4237186838960418,-1.4466114626361224,-0.363996851364652,1.5860791729796153,-0.34342459854912233,-1.743154155806472,0.895950255408928,-1.5248518503850166,-0.6886064218534198,1.3785913474726312,-0.6927698959394976,1.1261560939259436,True,False,False,False,True,False,True,False,False,False,True,False,False
0.8140391606385059,0.8242540251377173,-0.4950691572323257,0.6531704867441284,0.5191077413055581,1.1984997472095342,-0.5429779948943941,-1.3278116524290058,0.3332259253636115,1.0020390806243908,-1.1120945399501267,-1.12654922540759,False,True,False,False,False,True,False,True,False,False,False,True,False
-1.4048432350484212,-1.6729616302133559,-0.49053861601973237,1.0052221819437137,-0.6701099437206604,1.1244094482307758,1.6028975262742415,-0.23194555650245102,0.10992613966426533,1.3709662832754577,-1.1618943700410826,-1.3836975356432206,False,True,False,False,True,False,False,False,True,True,False,False,False
-0.5748922688367961,0.46812180878682175,1.6405353813108812,-1.5727203685456437,1.4343657954097162,-1.2715778290587234,0.6205854675006393,0.9585466461814384,-0.5120651356012449,1.3619153269197621,-0.3417290364711903,-0.9351280715740483,True,False,False,False,True,False,False,True,False,True,False,False,False
-1.060444340379697,-1.0635429235980998,-0.6271365718896121,-0.35899336580603786,1.4067466867441025,-1.5112241211179236,0.3349691005256668,0.038297447303741974,-0.6849692368941812,1.6626113802446503,-1.2887771973306028,-0.6105774217315032,True,False,False,False,False,True,False,True,False,False,True,False,False
0.01718663787988918,1.556042825184089,-1.5503396934241185,1.0506210093115333,0.9399939512100152,-0.6128209652724049,-1.0544177499316183,-0.7604135641347661,-0.5663235613246994,1.4318662920721454,1.5962504148479204,0.24599704272108613,False,False,True,True,False,False,False,False,True,False,False,True,False
1.1610390220870759,-0.9197916252223889,1.428769273863403,0.8651124221723645,-1.4867812178642006,-1.5414071952625386,0.845789834350579,-0.842104835745401,-0.4286339620273068,0.3361517469508351,-0.14644042757042458,1.3519684393193285,False,True,False,True,False,False,False,False,True,False,True,False,False
-1.5923740945068356,0.34588110524360766,0.4248451745882731,0.7711836281904859,-0.05103338614590741,-0.7169037168255485,0.2114052472350675,-1.6080004857834593,0.3555712360613811,-0.19725337566917378,-1.4609960315263433,1.3565810645089766,True,False,False,False,True,False,True,False,False,False,True,False,False
-0.9246749765171783,-0.9705732486188152,1.5434825577897793,-1.4606697782773335,0.4115154388727931,-0.05150503448770417,0.4283237998246526,1.2455734190919205,0.03011637135556918,-0.9938402137521147,-1.357812933458005,-0.1596933048638054,False,True,False,True,False,False,False,True,False,False,False,False,True
0.29457488238283497,-0.9098600214595777,-0.6365534864578515,0.038814823701467736,0.32987036559862204,-0.9404539281859986,1.3642401891323797,-0.4859329738420982,0.19491436166782922,1.6163459021401,-1.6640607114268806,-1.0322103336697162,False,False,True,False,False,True,True,False,False,False,True,False,False
-0.8584355735673671,-1.3804531154536277,1.5318126329546276,-0.13344746258155643,-0.7768037304014999,1.099292610489937,-0.05290973685156921,-0.15838329585928262,0.559714141394292,1.1789161198437377,-1.4396209102650361,-0.6846952764350234,False,True,False,False,False,True,True,False,False,False,True,False,False
-0.7760322436206004,-1.4551195169446245,1.5026342277210916,1.1188215718296632,1.4108433987558844,-0.8763545730998166,1.4026202358155384,0.3505720122577416,-1.284352107637709,-1.6820545113841257,-1.2498496204329377,0.9580684258825671,False,False,True,True,False,False,True,False,False,False,False,False,True
-1.7262523236545955,-1.3665924169539139,-0.4039810393999295,-1.6964001993763043,0.34981303129673635,0.3416210176753932,0.3715860121832082,-1.7252990672417874,-1.054824143935998,1.5566403965632656,1.4449263082497135,1.665058532141277,True,False,False,False,False,True,True,False,False,True,False,False,False
-0.37617277329072407,-0.6122339517370279,-1.0631404243979365,-0.6863174742646686,-0.7239204433566737,0.2403795106874007,-0.5820655104222686,-0.0971493803280359,1.3847856933663505,0.014465478628534607,1.0330804957203052,0.15259251206975963,False,True,False,True,False,False,False,True,False,True,False,False,False
-0.41913825513957864,0.6344864224205673,-0.6760382508440805,1.4631338818257276,0.14424227042330473,0.45631317233011465,0.7033819187756318,0.21119378002369574,1.1900575589481044,1.493390414532015,-1.5749707470863186,-1.6199676232646287,False,True,False,False,False,True,True,False,False,False,False,False,True
1.1197299080701237,1.204675703733919,-1.2447469297518552,0.9938935174422677,0.9435310661341948,-0.6694862905794112,-0.32695665280665315,-1.2119563831605598,1.6436776976385363,0.04172917607120815,-1.3418798808843249,0.07285109184308881,True,False,False,True,False,False,False,False,True,False,True,False,False
0.31572948916994903,0.11164082937618318,1.5940653975157197,1.2479555729520113,1.1992610147763705,-0.2815651936278511,-0.4619767524681614,-1.1452108524850075,-0.33438999398870256,1.3510914496856925,-0.3176992145325227,0.32856785327555815,False,False,True,True,False,False,True,False,False,False,False,False,True
1.4696099313562954,1.5113827311761685,-1.4153807307125876,0.8168678568649662,1.5000434904740991,1.225027353065051,-1.5352386465121461,-1.1411745069321595,0.6031965438692526,1.440893441066434,0.8833748460511257,1.1471086953485476,True,False,False,True,False,False,False,False,True,False,False,True,False
1.443516163338875,-0.34582544339359583,-0.4831726601707305,0.5465670695435209,-1.211482846246772,1.2365999444151694,-1.3507018998122264,-1.5399186597852694,-1.6306411019005473,-1.0143162364371165,0.2538651929003281,0.2956674387591191,False,True,False,False,True,False,True,False,False,True,False,False,False
-0.26063122661311044,0.7347756385095117,-1.127724989681067,1.1579839261519862,-0.08284037136667509,0.4445719174167415,-1.3743639281320266,-1.1435499664319795,1.570644691178224,-1.202709571642909,1.6508621278858278,-0.8781016378233818,False,False,True,False,True,False,True,False,False,False,True,False,False
0.2534147994407796,-0.2695569284718313,-0.8125917777739469,-1.6330601367353232,0.7423841930514644,-0.7989793471262057,0.26650134647782536,-0.9085312215251987,1.3828574769397557,0.6904639211804698,1.4185025690103232,-0.8169622031860674,True,False,False,False,True,False,True,False,False,False,True,False,False
-1.3133524165611639,1.3916643229324324,-1.125214426065956,-1.5882823020112424,0.7909712736479524,0.31419112391475174,-1.30159212722892,1.5885720425127252,1.2382542902257077,-0.7727887182808173,1.6664653487912324,-1.557530781263355,True,False,False,False,False,True,False,False,True,False,False,False,True
0.4665919619649822,1.075601241607762,-0.8595975716638881,0.6843854700451721,-1.2662327506611089,-1.419121957147353,-0.24021001089387345,1.5133269763109742,-0.6222574860532499,0.1158865241527105,0.4064429543302419,-0.36553607583400705,False,True,False,False,False,True,True,False,False,False,True,False,False
-1.0645941075573384,1.0007269956093372,-1.589256737560728,0.24913114163216116,1.4046323557696938,-0.9489248457832646,-1.2048564807910103,0.5003823630617249,-0.2247389889316102,0.820097859972817,-1.5899112763646635,-0.9962884583062198,False,True,False,False,False,True,False,False,True,False,False,True,False
1.4070260951449323,0.3595948117171304,-0.07792155728989872,1.2118554766746954,0.5867630602349365,1.5846396676818733,1.1808301204700464,-0.35714974939510186,1.3698733769698666,-0.6515748367644026,-0.9021844817973925,-0.8089516531781771,False,False,True,False,False,True,False,False,True,False,True,False,False
0.7760323072688484,-1.0449045318929475,-0.7349318654644689,1.4010660133625394,-0.32932564493617994,0.5199831002959638,0.1311170207640808,-1.0678570108585126,1.0934375523197113,0.018926611147906933,0.11695584835265205,0.4678927490493395,False,True,False,False,False,True,True,False,False,True,False,False,False
-0.7300544088784806,0.6851476458272013,0.26022912532082204,0.6769574557608914,0.6563254194595398,0.16352627773115558,0.8683697778227131,-1.1055773286621884,-1.4204207710698689,-0.7262261282548254,-1.504991398274421,-0.02577499156511114,True,False,False,False,True,False,False,False,True,False,False,False,True
1.110764589920138,0.7277908131795562,0.9482788310293265,0.17564135302660638,1.1984386541415673,0.13765208850646585,0.48221265729698864,0.9418197814663329,-0.030958839920943993,-0.5686243223217506,0.879481992479746,-1.1663960696085973,False,True,False,False,False,True,False,True,False,False,False,True,False
1.6571322283072383,0.7523351793032527,0.841278425846442,1.3343162099118848,-0.011241521878712173,-0.05150650439952156,-0.5927783473971056,0.6997988707589291,-0.6803529490687957,1.4009099396270894,1.2648441805317543,-0.4336141650813742,True,False,False,True,False,False,False,True,False,False,False,False,True
-1.150772434536159,-0.15045351526075781,-0.38548996954793496,-1.4553694688094645,0.6735511207565581,0.8397914248415302,-0.24191556608761045,-1.2196435955996434,-1.5061743073323288,-1.4817763184249646,1.4523648156664604,0.3304825727285214,False,False,True,True,False,False,True,False,False,False,False,False,True
1.414054853129067,-0.981437033269747,0.1184597137874831,-1.5011066347853785,0.9578675738941866,-1.6728095847434277,1.2593276478975728,1.6832388916878773,0.28538720367677406,0.14218440492477646,-1.521264274145042,-1.0834940895814074,False,True,False,False,True,False,False,True,False,True,False,False,False
0.7152579090615355,1.2658830366644598,0.1461089704496529,-0.41213371453588366,0.7309370979150759,1.1320587868608951,1.2751154730158059,0.3110809604056031,-1.139824849128892,-0.6997186527807523,-1.6887060747374205,0.8831458761333293,False,True,False,True,False,False,False,True,False,True,False,False,False
-0.7868480463778765,0.6599313419193417,0.1394898708559268,1.224498694439856,0.9243718459613373,-0.7356811825542214,-1.5181869182693344,0.5132154683589712,-0.6981006943194478,1.5560821364905477,-1.2735488862613564,0.21177023791127622,True,False,False,True,False,False,False,True,False,True,False,False,False
0.9842979388128547,-1.2302786782261126,1.0829410834160862,1.1560021598049748,0.7052288088640989,1.4878181113129139,1.418311653889098,-1.2644796470419262,0.3641411795279818,-0.5849238980429379,-0.6128798132879465,1.2885851810407307,False,False,True,False,True,False,True,False,False,False,True,False,False
1.5312466312659854,0.0764489025484946,-0.6403760917541236,-0.6436253986341506,1.078145039654737,0.9494311697372343,0.5242885825067456,-0.5359322257838963,1.569307125713369,-0.16066012826373482,-0.6505718627957825,-1.4696813044470547,True,False,False,False,True,False,False,True,False,False,True,False,False
0.03773990853564694,0.8117057947789391,1.4626566513707149,0.5181946080440892,-1.576462170917008,-0.7060825373199305,0.3896340887370382,-1.449370476550131,0.8060275984990509,0.2797603063647676,-0.5159153076532981,-0.8301098907827287,False,True,False,True,False,False,False,True,False,False,True,False,False
-0.22205733950135778,-1.2717923050394564,0.30587452267698023,-0.5915894313208665,-0.4047171650148698,0.3341104573588302,-0.8693038909641184,-0.7752782347783999,-0.607811364478645,0.8665823963238763,-1.42589945362472,-0.051194621416640086,True,False,False,False,False,True,True,False,False,False,False,True,False
0.4284538856576645,0.6294959247730375,1.5710041178708645,-1.036483620190464,-1.2058437303147715,0.5611429369957728,-0.4466818926149886,0.38053247961171777,1.6296394251175976,1.6501213228360139,1.461868351031842,0.8418186022302155,False,True,False,True,False,False,False,False,True,False,True,False,False
-0.6453162977581358,1.2108915812803271,-1.0088276535753595,0.6926200276919449,1.639876479230892,1.0891099259981625,0.45700335829046007,-0.19496062397854108,-0.22785116812682893,-0.8615185632943326,-0.4435300974053526,-0.9045498599121143,False,False,True,True,False,False,True,False,False,False,False,False,True
0.8462546590654834,1.527128513587864,-1.6490204171749543,0.3744123210263185,-0.1715880762981096,1.708538430392973,-0.72883144887187,0.32283508498355484,1.028921201192295,-0.9242972644254535,-1.4205687168322516,-1.4597339139596626,False,False,True,True,False,False,False,True,False,True,False,False,False
-1.5714912860342838,0.4050480148543131,0.12908017624282736,0.8212878072039224,0.7569037715421837,-1.358525317293774,7.487227268212518e-05,1.6754756575636722,1.7195428112492235,1.1549424628064455,0.5256504025684436,-0.003346382296323211,False,False,True,True,False,False,False,False,True,False,True,False,False
0.17713265853571014,0.9479242204748307,0.7205851633357441,0.14666269238753107,0.97338653291069,1.6384250731997803,-0.8694503269198802,1.5706418984866666,0.7868663463894042,0.3290395374666281,0.10367478994287786,0.5834561402153374,True,False,False,False,False,True,False,False,True,False,False,False,True
1.6548676977077865,-1.6931205962399853,1.6116743997016252,1.3179468263432061,-0.09469329407378067,-0.6849271107801639,-0.9163292090731081,1.6971295259916366,0.18766328219238582,-1.4002915973382672,0.3452208814232936,0.03379319905608651,False,False,True,False,False,True,False,False,True,False,False,False,True
1.2086978682844864,1.1023364477823934,0.9493675850504203,1.3191980820785183,-0.16313667077321822,-0.5131561882382588,-0.08938246211844984,-1.4086567949630402,-0.0007926893870736873,-1.5033338219152332,0.9028732248663919,-0.5385988397509767,False,True,False,True,False,False,False,True,False,False,False,False,True
-1.1294055146172564,-1.2347354117728613,-1.7377178025398277,-0.10184097826018622,-1.0514298519472371,1.1256507660801096,-1.3697544893597215,0.15225746072462218,-0.22590009099959693,0.009825989333568444,-0.40512602116401003,1.2675805847143782,False,False,True,True,False,False,True,False,False,False,False,True,False
-0.5469543449515573,0.4474594142395699,1.2052777485374138,-1.4141210468701848,1.1404158385387837,1.4418711593088678,-1.5372905959927605,1.072282097033099,-0.5047440410632327,0.05550569335615053,1.3492629162141017,1.6875798489932998,True,False,False,True,False,False,False,False,True,True,False,False,False
-1.597408397356319,-0.7646001587887752,-1.7060481396215723,1.4605052704301391,-0.3924326999569519,-1.2129876305662652,-1.5770870087459028,-0.25729636198392397,0.7008107213928185,-0.09854003443121324,1.4755109465980167,0.762362444123423,False,True,False,False,False,True,False,False,True,False,False,False,True
-1.3707464518297487,-0.1060729041212451,1.2993288912583139,-1.104131320984581,0.7903177216375721,0.14479580832428607,0.9930475646524766,1.720823277454527,-0.4020806440658257,-0.3336731064532226,1.0990219151688225,1.649562066384462,False,False,True,False,False,True,True,False,False,False,False,True,False
-0.925715328966763,-0.4005566192356764,-0.18155894454703908,-0.6252527543529214,1.264802241442971,-0.4329948651730421,-1.3316026621069685,0.9332078103802255,-0.12557544281485591,-1.0777309633753658,0.6395399978478683,-0.7624539060027037,False,False,True,False,False,True,False,False,True,False,False,False,True
0.4163796691910151,-0.8413835978588903,-1.23046997761357,-0.18993822569323654,0.19064001418863175,-0.9347272007137559,1.2722816074619583,0.738941194368556,0.9921569086158867,-0.2070619170740472,1.0247163458811408,-0.3686685188590815,False,False,True,False,True,False,False,True,False,False,False,True,False
0.9627191998551377,-0.7994031088540581,0.8945835804087648,0.5948797987200837,0.15036182837556686,0.15259254316003978,-0.5035702239207875,-0.8947153377287664,-0.06916714205227685,-0.1167330739327009,-1.3625368097785746,-0.867188320923254,False,True,False,False,False,True,False,False,True,False,True,False,False
0.9496335423466721,1.3427725203301648,0.30470718453252443,1.2793503848054357,0.0992918183131044,-0.8692872061454315,0.7519783222936977,-0.915811323820954,1.5502960847121994,0.9704788026731009,-1.1125705540261202,-1.0187661000869834,True,False,False,True,False,False,True,False,False,False,False,False,True
1.4332640088765767,1.7383733978540146,-0.59476409796089,1.4256226994594208,-1.3755133610959722,1.3195528621623793,-0.16608530661079415,-0.1767243004466012,-0.5727612015704228,1.016836667255008,-0.021914620551259145,-1.387621500606489,False,False,True,False,False,True,False,True,False,False,False,False,True
-1.1846174898058188,-0.09422561118213778,0.6060139779863493,0.8785381204186208,0.9779960638639854,0.7599173968503996,-1.605495558481762,1.3442564574264988,0.37165211961255823,-0.7020828682989816,1.6818136312303775,1.1588748061935454,False,True,False,True,False,False,False,False,True,False,True,False,False
1.3268025103321204,0.43722328231797325,0.3433080187166115,-0.2149615701764937,0.043985329096442635,-1.2715872846546574,0.9052107751506533,0.6762606152854206,-1.0427791800447512,-0.5777317733428592,-0.27360424619113183,1.3144547468924472,False,False,True,False,False,True,False,False,True,False,False,True,False
-0.9217458153550311,-0.525185691535093,1.6752327094307207,-0.27347654588127784,0.8578082956946244,-0.4809424216590408,-0.779679693587057,1.687183809351185,-0.596326585433815,-1.3900242158340121,0.1544006539793009,-0.3758557464379322,False,False,True,False,False,True,True,False,False,False,False,False,True
0.7090440088364304,-0.5603327545393532,0.7659847755671187,-0.7542862735910868,0.5610756486964921,1.4995001745067609,0.9247062453727927,-0.8896702104239004,-0.97154287217028,0.41206821203427185,-0.5168051430632576,-1.240264018535167,False,True,False,False,False,True,False,False,True,False,True,False,False
0.9324691121199595,-1.3639392396347438,-0.8004777170869545,-1.2729721611978142,-0.6414798219336352,-1.1865761982796588,0.8238068181194249,-1.4960409937522976,-1.28797998981637,-1.6968696178476033,-1.7239505535113442,1.632011823857127,False,False,True,False,True,False,False,True,False,False,False,True,False
1.433229282307259,0.24006409670849552,-1.4716831344377905,0.26038699004423055,-0.3363822412233591,0.9690130578789784,-0.6596759649732136,0.7548949007751283,-1.653719889688824,-1.1030638363344676,1.462253720466463,-1.110613738632934,False,True,False,True,False,False,False,False,True,False,True,False,False
1.585028141349038,0.09291926073412429,-0.2811765485571103,1.6443738255981817,-1.5889615782728042,-1.1771986904235596,0.14824470882865853,-0.992063591865105,0.9145352433444183,0.49210557418508066,1.0030505073747447,-0.20052701173267898,False,False,True,False,False,True,False,True,False,False,True,False,False
-1.2776149093548506,-0.5916399338864903,-0.8699495566531404,0.0008858252870434255,-0.9287355895814214,-0.7167285964012716,-1.1141677798835408,0.15793573660606697,0.7085377608570795,-0.582407570872718,-0.36913533227923334,1.299526666986396,False,False,True,False,True,False,False,True,False,True,False,False,False
0.7474287660507719,1.3409337627232407,0.2728241972026922,0.6895829425839406,-0.772187225332861,0.3178939179228326,1.6362130065567724,0.34092623565747326,-0.9322386408093141,-0.4232339923443414,-0.6827549333436035,-0.5711468624612868,True,False,False,False,False,True,False,False,True,True,False,False,False
-1.5381291782250306,1.5466518810258798,-0.1305198054427217,1.4249418028103082,0.2740820340460439,-0.9890823551213963,0.47498723651316155,-0.44733268238707724,-0.9349245121425027,1.3480445157857817,1.4889675507464322,0.41909017174509827,False,False,True,False,True,False,False,False,True,False,True,False,False
-1.0457680792795658,0.028349109167050586,1.2546486521995999,-0.5780936761005893,-1.5758840956792788,-1.3746644928861287,1.7388980436647534,-0.06276400488595446,-0.7176714822697504,0.6072298831364643,-0.45368856269220903,-0.30758995103658476,False,False,True,True,False,False,True,False,False,False,False,True,False
-0.9107844814318766,-0.06598262119060715,1.0913391486437312,-0.8157310805387655,-0.19505603928624485,-0.8778011076389973,1.1026900503895287,-1.6636871608570272,-1.2663703479922135,-0.9738784554836305,0.8296094954915136,-0.14455262657507909,True,False,False,False,False,True,False,False,True,False,False,False,True
1.4248514749304606,1.3337146691900248,0.6730115100273494,0.349161221735716,-0.2989036180957158,1.4871048603791575,-0.4383381607801857,1.1150473350485768,1.4451127277051583,-1.674409806758736,1.196415522083377,1.686072526961343,False,True,False,True,False,False,True,False,False,True,False,False,False
0.772588281693487,-1.2147064888848975,1.7051840847197977,1.1078020316105976,-0.33089013610276025,1.0625466544378686,0.6635031166694803,1.4150117921644354,1.7227621653167002,-0.6642392377185979,1.675672720709074,-0.34685749334243043,True,False,False,True,False,False,False,False,True,False,True,False,False
-1.6700641731116652,1.2755834533334582,1.4282086544774852,1.623927071307854,0.9044052531474162,-1.5872596691341756,-0.7715583345831715,1.074676856628422,0.331860051560741,1.2809413910646013,-1.3696723456748572,-0.4813163868083339,False,True,False,False,False,True,True,False,False,True,False,False,False
1.3885002476744024,0.12830227158333238,-0.21506653966857164,0.8288465250267335,-0.7028575662311106,-0.61829996720682,0.31771104043889337,-0.3199497887931388,0.6554072575496567,0.35209857763499824,0.5496602558622179,-0.5697540171040453,False,True,False,False,True,False,False,False,True,False,False,False,True
-0.1514714065077522,0.722373664285088,-0.24315975441339355,0.4049258089874597,-0.9466584830926345,-1.3890502510868237,-0.06546136400327715,1.3934966278329584,0.32617648450625225,0.9787192577960728,0.23502811103291407,-1.59088740916395,False,False,True,False,True,False,False,False,True,True,False,False,False
0.34090220171994673,0.25732024710916696,0.7998055897243648,-0.3796289983041907,1.0888072819501768,-1.325538835986704,-0.7647282624154186,0.9819815144858923,-0.009042147694428963,-0.5254983349848735,1.2229026906377558,1.7721227148674785,False,False,True,False,False,True,False,False,True,False,False,False,True
1.409941318412682,0.13204574744040104,0.7541028469024218,0.9139161761215238,0.9743285757464215,0.20620128437817262,-0.3416776753051996,-0.027557041624194166,-0.25388466955018113,0.9156511019704724,1.3697221050591535,-0.20695041714501602,False,False,True,True,False,False,True,False,False,False,True,False,False
0.2610088336316616,0.20302111065368655,1.215940870563535,0.008515932337576887,0.25657244224594106,-1.26141242090984,0.24795166506289762,1.245177437067899,1.4643852422106576,0.6097853206539995,0.6380995217970883,0.8852543014051721,False,True,False,False,True,False,True,False,False,False,False,True,False
-1.3458462723951425,-1.4267886420710152,1.0157451844735959,-0.4999429419832012,-1.5061226268421,-0.3546195619309653,0.6069422378608031,-0.3830356209070653,1.6788323150847309,-1.2662866598479672,-1.1376651891475233,-0.9595642551397074,True,False,False,False,False,True,False,False,True,True,False,False,False
1.4780216461016373,0.4805684883709127,-0.9891102858034869,-0.02950645834637138,1.0379656290483612,0.3851017937840272,-1.6721274552508663,1.6356517096129477,1.0715672490799535,-0.06545477726014746,-0.0531677226478173,-0.6783972356644754,False,False,True,False,True,False,False,False,True,True,False,False,False
1.5290921050466502,-0.6998022833104743,0.11666905632881702,-1.3893729979318892,0.6656010324201107,1.4803807841716414,-0.8245847497948134,-1.0405079291907091,0.6445228820752977,0.689586883294884,-0.20723596567010272,1.4360226936824458,True,False,False,True,False,False,False,False,True,True,False,False,False
0.7377636157858688,-1.0115034985519213,0.9866654964712099,0.772973523302817,-1.097805877425106,0.35776378221130833,-1.1853630440059983,-1.695888695219017,-1.6268579861420065,0.0928662514479821,0.22542111756397765,0.39998572828144746,False,False,True,False,True,False,True,False,False,False,False,False,True
0.8756717539452762,0.5446236882900001,0.39006288656720806,1.097394417902271,-0.27774327024652995,0.24200246460857544,-0.7949382838458667,0.45946179670055337,1.092574134134183,0.04765776943850757,-0.7322157342005255,-0.7769828252480941,False,True,False,True,False,False,False,True,False,False,True,False,False
0.8000529909025325,0.0659372444354893,1.0383396357864971,-0.5353011755177752,0.1499091727382163,-1.3540729603199353,1.2564546105287202,-0.9461592292850234,-0.5796310272151887,-0.24278913735413932,-0.8452957622483912,1.3153400056314062,False,True,False,False,False,True,False,False,True,False,False,True,False
-1.3137318617477383,0.547198494502939,-0.3782080481984124,0.2607903923717859,0.35837536326135233,-0.672044837787867,-0.32204211672349303,1.710330292361124,-0.33548131673449344,-0.9902496618408,-1.429260260558447,0.5283926225629114,False,True,False,True,False,False,False,False,True,False,True,False,False
-0.4608044923460422,-0.10797853128459443,-0.5170975268989515,-0.7083565133167778,1.0604506623588674,0.2021114730860412,-1.3453022336765112,0.6694169626631528,-1.342375030957927,1.3415329129549016,0.5980232197798786,-0.7541853977983145,False,False,True,False,False,True,False,True,False,False,False,False,True
0.05560691498441903,0.44925334754797286,0.0831400531742549,-0.35555381449344226,0.46353939743679773,-1.237277493049564,1.0258343219115653,0.49396853573927174,0.47213663301955294,0.3105462963979156,-1.403665923386028,-1.6912926106794408,False,False,True,False,True,False,False,False,True,False,True,False,False
-1.260619622948063,-1.0256437009964587,0.6949910282302413,0.7037271863720951,1.4430973571191033,-0.9623026196084936,-1.4166047561044355,-0.7446257164074721,-1.0647023745653101,1.7022045472892007,1.711092792311315,-0.3398820132674211,False,False,True,False,False,True,False,True,False,False,True,False,False
0.17460763896951503,-0.5901942876002981,-0.7365498894477357,0.29487267720823823,-1.602531817520313,0.3231622736191173,-0.662549290013489,-1.7289893350171424,0.6053880297078921,-0.6492056445241462,0.6382446054515509,1.487902418099944,False,False,True,True,False,False,True,False,False,False,False,True,False
0.881447495755636,-0.1978866761439647,0.6744685078515981,-0.3606379941474599,1.1757209957918417,0.44466278339699816,-0.23469803783551485,0.39266080626904365,-1.0945593092086339,1.478672323644266,-1.6931398043348773,1.0247048346764476,False,True,False,True,False,False,False,False,True,False,False,False,True
-0.6769374932469824,-0.5166615637888766,0.251841236663375,-0.5054806775130333,-0.9708604294530133,1.5260419548325797,-0.008117781862712422,0.07582938267275034,0.716133022841386,-1.106394343037227,-0.09328128310186866,1.0803543014665316,True,False,False,False,True,False,True,False,False,False,False,True,False
-1.0099161919322108,-1.2694807587563326,1.694377863394463,-1.2154631817905253,0.40518149896196126,-1.3421616200562656,-1.3283600908395627,-1.3227177369998913,-0.1592115901575076,-0.38903560108887414,0.06800020165638514,1.0654707443677458,True,False,False,False,False,True,False,True,False,False,False,True,False
-1.4510069425662193,0.5327464837994853,-0.7942404724126363,-1.1392599482335404,1.5799752265834832,0.6733381601305783,-1.3256970154501684,0.8672221235366826,0.16740550406165713,-1.5045674350273694,1.079847474640781,1.639641990469376,True,False,False,True,False,False,False,False,True,True,False,False,False
0.4950275894944122,-1.1285874334024508,-0.5485268114859618,0.9469689345550932,-0.6342738854998721,1.3929049852488815,-1.2203199064800436,0.029176362441399505,0.539381153785103,-0.07665144506063198,-0.059554401455797455,-1.048399293692004,False,False,True,False,True,False,False,True,False,False,False,False,True
1.5871423858039644,1.2225162510780776,0.42667207517211225,-0.4442960609428158,0.6499906938471409,1.0133950812606467,-0.0709126413757942,1.2054570656454955,1.1214128401811063,-1.369694420942309,-0.10499841510599708,0.11098284698914422,False,True,False,True,False,False,False,True,False,False,False,False,True
1.6092678248003056,-0.925112577444575,0.19829644894104093,-0.9313196827680279,-0.8287545738718263,-0.134446168616047,-0.6066070452519676,-0.8471232689110902,1.5720071350749443,0.78706528949533,1.290038690561372,1.2855684688233198,False,True,False,False,True,False,True,False,False,False,False,True,False
-1.5390948657945447,-1.100639030107139,-0.09638949681232338,0.5041008717955262,1.7398997089024535,-0.9823268162966745,0.06497648778861131,0.5470483898095665,-0.43288705903529257,1.2943751995005033,1.5932624120235057,0.8725095545076758,True,False,False,False,True,False,False,False,True,False,False,False,True
1.023499052276035,1.1128780546413304,0.26701207360517776,0.12880869724495417,0.8545359160661563,-0.4880158471002636,-1.341368359048205,0.9068088192799793,0.30947728202391644,1.0086904734063855,1.2863644092366322,0.07164112380519394,True,False,False,False,True,False,True,False,False,False,False,True,False
1.6492672599551594,-0.17598047700489947,1.1296730077113495,-0.9652584558582623,0.30249636923412615,0.7451403555148335,0.6188707544530619,1.3251710146704456,0.5282211179408788,0.5288542206475138,-0.02266660313783838,-0.3882490791556904,True,False,False,False,False,True,True,False,False,False,False,False,True
0.29112910003373893,1.4854126356266746,0.7168170435858764,-0.061680029596505107,0.3465040717841312,-0.8613887700666427,1.1112705080678853,1.43725337648518,-0.40449151574911885,-0.1881046148325299,0.6622072348997566,0.022236202213229823,False,True,False,False,False,True,True,False,False,False,True,False,False
0.2511010487572701,-0.6484593845546419,0.9874706625958242,-0.3940211679811052,-0.12234155938153199,-1.302591796417962,-0.2824526141718074,1.1424902955649179,0.4360131208305425,-0.05294956454436744,-0.9237436624212017,1.564306181398805,False,True,False,False,False,True,False,True,False,False,False,True,False
0.04895830995803384,1.5399679869411356,1.7032371944852684,1.6364844237294243,-0.33601742674164353,-0.7829116195320648,-0.2612025448634215,0.8941536774007699,-0.050240328245109246,-0.36932778942297173,1.437570719626197,-1.0172185102884042,True,False,False,False,True,False,False,True,False,False,False,False,True
-0.7378830310835031,-1.3856779509531645,-0.9910058684390946,0.19174945139775337,-1.5808558510886226,-1.6619490203842566,1.3130425966904136,0.13166427559239924,1.6108322783332882,0.9514641383580655,-1.4978732554783702,-1.0138683536217679,True,False,False,True,False,False,False,False,True,True,False,False,False
-0.11390194567692526,0.3498100191028435,1.0096043065168634,0.09788616852672943,0.672147301473117,-1.3725056589824784,1.538604373621447,-1.6016270718603205,-0.28305042258084934,0.19997646085060003,0.034977650438813665,-1.013073721538322,False,False,True,True,False,False,True,False,False,True,False,False,False
-1.365152511236438,-0.08040200176203538,-0.9708309160131584,0.478915448366319,1.6633779288379993,1.0693298967607898,-1.1184339113741433,1.665831598924215,-0.7916385080930359,-1.289437154416591,-1.0096800689286165,-1.4043369823769465,True,False,False,True,False,False,False,True,False,False,False,False,True
-1.0967075561110604,0.2700967740789087,-0.3695650763669784,0.4564458725524189,0.06602079781719024,-0.1383972225639443,-0.8574091340939954,1.3640247628118118,1.084523368215954,-1.704120484383747,-0.15138341992047386,0.32955941621633095,True,False,False,False,True,False,False,True,False,True,False,False,False
0.4142316379585116,1.3783174852727114,-0.4139735550920778,0.23521572363116666,-1.0110644467218264,1.106495024984721,-0.5184831919638722,-0.8114824285915577,-1.2860478949943712,1.0600183915589656,-1.1641898111095994,0.0023940421361786624,False,True,False,False,True,False,False,False,True,True,False,False,False
-1.4195718769191517,-0.4695953824182481,-1.6336491392014139,-1.4665576968864809,0.597750276230656,-0.3841253778705,-0.19953926091333204,-0.7394140172544231,-0.08150911720653276,1.5221446445250444,0.23298809601646528,1.483003884661551,True,False,False,False,True,False,False,True,False,False,False,False,True
0.22496312212437952,-0.863352737698383,0.9929924563764931,0.6872806762158279,-0.3868544569416674,-0.02598048508370509,1.316590875169797,0.02531128988096065,0.9646046611054686,0.5094471221263879,0.4466823399454643,0.7279075840294397,True,False,False,True,False,False,False,True,False,False,False,False,True
-0.5533922826339863,-0.8753074390086979,0.8713751211867925,1.1267292047619701,-0.6200278450251355,-0.1999601151572185,-1.5179889822866999,-0.8789230057512902,0.6212416202645175,0.3550035172379295,0.2430502907088021,-1.0689147188999184,True,False,False,False,False,True,True,False,False,True,False,False,False
0.5031154003603115,-1.180942605452212,-1.580867493315972,-0.5148701595078092,1.0270609602224694,0.3225866724308955,1.1259146591641704,-0.044310910649690664,0.3873856288649214,-1.08847381541123,-0.21455150411731527,-1.032627335255889,False,False,True,True,False,False,False,False,True,False,False,True,False
0.6828405758449954,0.12031905038085476,0.7001866833581974,0.8362050983867411,-0.09446203459199069,-1.294833834819677,1.5704752442790644,-0.5531118905325586,0.1362872751889758,0.48670994912640325,1.579314039138622,-1.2265648554258544,False,True,False,False,False,True,False,True,False,True,False,False,False
-0.42723096469020566,-0.5748692449893652,0.33086525310835574,0.4555914790204272,-0.6819762663293087,-0.7151580717501368,-1.2930873421420646,-0.6732874867418533,-1.2061884938842098,-0.4598143895318952,-1.4765301858564326,-0.06532511079436312,False,True,False,True,False,False,False,True,False,False,False,False,True
1.5927805006505862,0.06763290489085685,-1.167245832097762,-1.4798667214071353,1.6578483425299082,0.8069271480436441,0.023377796916211405,-1.511045239368775,-0.028898880540138682,-1.2074951469337776,-0.06838169279550904,0.10570713237116452,True,False,False,False,False,True,False,True,False,True,False,False,False
-1.6927793207634294,0.28265783948195733,-0.24867986700143346,0.707836400827901,-0.9059680469010952,1.4436427184040566,0.8148386499354704,-0.6080678946646907,-0.2679572709646319,-0.15689123306937228,-0.4145436802067988,0.5768861352647106,False,True,False,False,True,False,True,False,False,True,False,False,False
0.7055510995607561,0.6502269992522872,-0.9547425865783113,1.076457108624582,0.2638539498827835,-1.7191602285859484,0.32303788325818855,0.37808187119739395,1.2557662502804128,0.4325902992067373,-0.06781606930224161,1.4959051712189866,False,True,False,False,True,False,False,False,True,False,False,False,True
-1.3820697692762687,0.445802022875007,1.405783833369776,1.098474934002895,0.20683411215546516,-1.5488304737526821,-0.711434480757513,1.028727024253515,0.5619050745898329,1.3762740087195549,0.36256076709282253,1.7264776187032038,True,False,False,False,False,True,True,False,False,False,False,True,False
1.402398647457745,-0.8102587941397154,-0.5020080430820955,0.9277801562326066,-0.23801373239090556,1.3306060658537422,-1.4164903680692296,-1.6549639873054942,-1.519323633881199,-1.7084156381920312,-1.3333749966695683,0.8123482981540038,False,False,True,False,False,True,False,True,False,False,True,False,False
-0.7632674893856679,-0.8337092735434967,-0.07366954179990692,-1.2263505529307979,-1.0159742932405553,0.17560463189336536,-1.6926312657519194,-0.8608492139590649,-0.4516332027494697,0.8668333244933187,0.1105697891433583,0.5198294039623446,False,False,True,True,False,False,False,False,True,False,True,False,False
-1.0539518368805756,-1.2211471637924947,0.9914500615226078,-1.0944593851933098,-1.6895338287545691,0.0005875595411664987,0.9904389623513815,-0.06787168121068261,0.8734546869879997,-0.3487080928791871,0.8093140638761576,-0.5833529223591629,True,False,False,False,False,True,False,True,False,True,False,False,False
0.4771459538822226,-0.5613480581305409,-0.121741539953135,-0.6540995372658809,-1.5299528125148691,0.45581654905511165,-0.5751852292789726,-1.2621684254738843,-0.6223967656871221,-0.7726137734641593,-0.7056337663533444,1.217467884927052,False,True,False,False,True,False,True,False,False,False,False,True,False
-1.5471053951219107,0.8680969905795881,1.1261600451468197,-0.341365177546176,0.5127736300936238,-0.6519257513110713,0.03562898179224759,0.21044639463435402,-0.17646732513925276,-1.4191153088365198,1.1665330628697763,0.45877847460945115,False,True,False,False,True,False,False,True,False,True,False,False,False
0.3284751109775916,-1.0666556830923772,1.4835141817400501,0.2940725274797325,0.05083959840453686,-0.7068860623066268,-0.8031198582084117,-1.6881863987439667,0.40464928538734746,-1.547239940340941,0.32521993745365385,0.6770700016746221,True,False,False,True,False,False,False,True,False,True,False,False,False
1.57703970239754,-1.2694666487334458,-1.5971231955757015,-0.9886071595664921,-1.6292391721029176,1.6384611202501034,1.393641386077443,0.3246121114587159,1.722010297468964,-0.10278403591775095,0.016835642763402263,-1.5282329827118584,True,False,False,False,True,False,False,False,True,False,False,True,False
-0.04803529869660245,1.2859742449777904,-1.0567072117967091,-1.5579867961175358,0.6371415310213179,-0.5028448880585596,0.4837935026078452,-1.4895503324952357,-0.6445188447143325,-0.32502780815715165,1.2638081375943029,-0.1554016561118331,False,True,False,True,False,False,False,False,True,True,False,False,False
1.1441476417643388,-0.1042816826300434,0.8101641018690605,0.03247992085292524,0.6900248125631565,0.8316290892570176,0.780460371546747,-0.5909277372294991,0.5930906096253709,0.4597598102235793,0.9363117214822365,1.6225957083284448,True,False,False,True,False,False,False,False,True,True,False,False,False
0.6769877811587034,-0.02562683848935788,0.4085595583339866,0.0661109859595121,-0.6924364340041707,0.0004467813760086503,-1.642766974537819,0.12812088797852536,-0.04163543175742481,0.4020980977966675,-1.5665521462096594,-0.5212595139820342,False,False,True,False,True,False,False,False,True,True,False,False,False
-0.4089869798840871,-0.437201241081894,-1.4987067648076502,-1.3297189207054536,-1.6956544278876382,1.601707988970961,-1.471498728414335,-0.2732767324706815,1.539134361173071,0.0282108754010792,-1.5622705016272722,0.5822378926584075,True,False,False,False,False,True,True,False,False,False,True,False,False
0.6311386323316968,0.010785577490463261,-0.010782006774119323,-1.28523615210435,-0.6339828268711375,0.5630774842128283,1.096981572718181,-1.0850686453363452,-1.6609813085521608,0.2577044704700454,0.6549717671008277,0.8828534148854292,False,True,False,False,True,False,False,False,True,False,True,False,False
-1.289904515435039,1.365584038967918,0.6173687107868239,-0.6849716859752477,0.34262358258928866,-0.6695008916344032,0.7196256963792045,-0.7997598286624644,1.0981646391034001,-1.6635950003647046,-0.33921738012586483,1.3121853991311352,False,True,False,False,True,False,False,False,True,False,False,False,True
0.22757608985662123,-1.3806746851206193,-1.3882970921937912,-1.5768006245818795,-0.183921652976576,-1.0898371374761133,-0.7130903250975482,0.5050292181127546,-1.464232590624227,1.3495308687697152,0.574606268932133,-1.0803176334163072,False,False,True,False,True,False,False,False,True,False,False,True,False
1.43501640546392,-0.14146158843880993,1.3491070503626263,0.180553999884014,-1.0837136151835067,0.18788903816419372,0.4663190013045128,0.7468358665656555,1.188603357106096,1.5127374097702229,-1.6887076209476641,0.0117164101273448,False,False,True,False,True,False,True,False,False,False,False,True,False
0.5233557267198626,-0.5706202214034336,-0.7711210969217146,-0.03937840079198846,0.9454994091691377,-0.40514669718485274,-0.7831675535284979,1.6943540404044444,0.5127638284339443,-1.450179921711755,1.7282800643792788,-0.37368629632008904,True,False,False,False,False,True,True,False,False,False,False,False,True
0.7688799190338198,-1.0121569845814293,1.3594304342968824,-1.3529980230333267,0.47335022716073855,-1.0866942370162354,1.637331382937672,-0.17239238843477836,-0.323553806567727,1.0914701471373436,-0.6855696220922635,1.4506762155379311,False,True,False,True,False,False,True,False,False,False,False,True,False
-1.2729797750719698,1.5059478275992,1.0651893985343848,0.7095960455732612,-0.6990959528641377,1.1996899368646943,-0.28170773766306767,0.21926228094201008,1.751968730837903,0.24517396581465517,0.8662862086466345,-1.4145437204506146,False,True,False,False,True,False,False,False,True,False,False,True,False
0.7709921348401082,1.1621456727568207,-0.8640486084988052,-0.8661210939705651,-0.45867483565969885,-0.4544249756617441,-1.1346202460227215,-0.34622754823137464,0.3665022246507455,1.4955256611210335,0.44473189265433755,-1.650418407422821,False,True,False,False,True,False,False,False,True,False,False,True,False
-1.3115822551147558,-1.6437246642174663,-1.6917194309048016,-1.6882547692232552,-0.9359804646335536,0.9722131842856154,1.0702873917672964,-1.3024183257170152,1.0434439736844228,0.6465592106983902,1.3372079329532054,0.4063772229523476,True,False,False,True,False,False,True,False,False,True,False,False,False
1.5459665629759685,1.58111303334586,-0.9650325589558497,-0.17443694602329401,-0.13617525495470917,-1.0103576007387984,-0.16821437994505653,1.5034687062737766,-0.25468547708047523,0.6056396831334381,0.8941781718619558,1.5523960204766365,False,False,True,True,False,False,False,False,True,True,False,False,False
-0.32896191751251525,-1.6972594236718608,-1.1625595212084208,-1.5811833653444176,-0.4106045164362312,0.9118724364245898,-1.2622119341106988,-1.4493631172614505,1.506728955342822,-1.5392725067772037,0.1588026423353203,-0.054328512025486046,False,True,False,False,False,True,False,False,True,False,False,True,False
-0.3205188490265946,-0.05919209271322494,0.7030999931207295,0.52162491989372,0.12055932189460462,0.29395540386000124,-0.6016704144730485,0.13182849698134388,0.24494248304021227,-1.5265451604651514,-1.3522373429379264,0.8340988304770877,False,False,True,False,True,False,False,True,False,False,True,False,False
-1.0350632804651592,1.6591542100752705,-1.1967933758044982,-1.0111671763903802,-1.168383101611072,-0.44536964298036263,1.1791787312409128,-1.346305165383808,-0.6898227884775902,-1.1615247712404795,1.1262007284365896,-0.34525100264218606,False,True,False,True,False,False,False,True,False,False,False,False,True
-1.2020774735346431,1.0594200628243682,-1.7233894387568074,0.23842061777443038,-0.0870516627945506,1.2970102798509164,-0.4653759288583729,1.0677564334442105,0.40323832556446587,-1.3614892130385532,0.04220026215460421,0.6162566124302211,False,True,False,False,False,True,False,True,False,False,False,False,True
-1.6766546791783064,0.4145367982498712,-0.3671078782471395,0.666487507814569,1.1282760561578369,-0.07234503902272404,-0.7762988441297809,1.2816769329349527,-1.3336823127718764,1.4147897325685732,1.5640723743021994,-1.296167871346422,False,False,True,True,False,False,False,False,True,True,False,False,False
-0.5770016248764765,-1.5246562274511475,0.8673996109832953,-0.7518013523307988,0.6727644134487822,0.810866888172291,0.2355680466957338,0.38574156739388626,-0.3535131960639322,-1.2433612047040106,-0.43604067521627665,1.2318548393976216,False,False,True,True,False,False,False,True,False,True,False,False,False
1.5342168775441634,-0.46520556747754704,-0.509699256228797,1.13745260195989,-0.861177722810776,0.19039501528060376,-1.2421538079931986,1.5663434704765442,-0.1912743508067733,-0.8904839427502657,-1.109426947741529,-1.0369348672456473,False,False,True,False,True,False,True,False,False,False,True,False,False
-1.3078704815289872,1.440919030745538,-0.8115928926205539,1.1840943432614468,-1.6493155878212453,1.3058683539298175,-0.5469620151642209,-0.5799460340555495,-0.4275495871282759,-1.4642587727414156,1.7070234231843122,-0.23619093298014585,True,False,False,False,True,False,False,True,False,True,False,False,False
-0.8519986181829864,1.6839521632984737,-1.6404302199492327,1.353116132732475,0.10762147192330071,-1.437750256352223,1.6316526824029556,-1.1188379960216381,1.3155268357932417,1.5501309236715721,0.019649899291525018,0.4029344576775642,True,False,False,False,False,True,False,True,False,True,False,False,False
0.09336835071756565,0.5645285543043964,-1.601474269700541,0.669329963942745,-1.064947702219565,0.4834754279648602,-0.4252775536299533,-0.6150396846433602,-0.8598366970512807,0.289528077579331,1.3980990056688367,-1.0355061232133567,True,False,False,True,False,False,False,False,True,False,True,False,False
-0.5569919234914368,1.033208625189973,1.145796311426436,0.6814665401805102,-1.6097275717071065,1.5952569243942825,-0.00012933560573638012,-0.4882543713108193,1.3478890260568999,-1.4897768345105162,-1.7532610110033084,1.3933475446599,True,False,False,False,True,False,True,False,False,False,False,False,True
0.27011173271000694,-1.6013825481335167,0.713898401165819,1.0054731908708725,-1.3431100544804089,-0.23002324882923353,-0.6979064690192136,1.0828992469746657,0.2726741295750464,0.7857642567752378,-0.8643572241557638,-0.1563938809892439,False,False,True,True,False,False,True,False,False,False,False,True,False
-1.157570538839774,1.6816441759419678,-0.8609755420134558,0.8987685732624073,-0.9474537829326741,0.7097594599629969,0.6190472514791985,0.29894986573476323,1.239079233109273,0.9673632104642904,0.45377495930611716,-1.1204663614778247,False,False,True,False,False,True,False,False,True,False,False,True,False
-0.2171351507849957,-1.1247627089181138,-1.083114367727521,1.3872494034667269,0.14286504001654884,-0.8564861000606121,-1.2736683674949738,-1.1174826767099566,1.65123248815535,-0.6079981453858464,-0.0011068785748080258,0.41546751722439496,False,False,True,False,False,True,True,False,False,False,False,False,True
-1.4553769994881338,0.35167821216010836,0.10319522642585287,0.20957247651103894,1.3151752778973427,1.5819076401095624,0.5083323327007734,-0.13262791468194873,0.40405231182645546,-0.04998898373280111,-1.7341753320464093,1.1355531818882154,False,False,True,True,False,False,False,False,True,True,False,False,False
-1.557582751347138,-0.79339348393257,0.858341945185062,-1.429492631660445,-1.2725889603087297,0.21066334278050364,-0.35151065370548545,0.012990064012753422,0.5247789857126476,-1.6488937706217406,-0.2270395333471315,1.5453512394574516,False,False,True,False,False,True,True,False,False,True,False,False,False
-0.661945127865547,-0.6734750679301529,1.284290229210047,-0.9155484534978352,1.671779296966919,-0.8459721912689786,0.41192474988450883,-1.326419619571596,1.6530621576240612,-0.19872723016992017,-0.5437848623623003,0.667056266564722,True,False,False,True,False,False,True,False,False,False,False,True,False
-0.5501391755790499,-0.8522012455709579,-0.08227159367669365,-0.6544685302115307,-0.410945120993549,1.008321655158487,-1.4153101683943214,-0.9772106856564887,1.572492561524288,-1.0516214313430046,-0.10944713423074731,-0.3054118414445792,False,True,False,False,True,False,True,False,False,False,False,True,False
0.7526184361833684,0.6481852771437383,1.2363750122598007,0.783747558369944,-0.5977733923329791,-0.7990689862140915,-0.8580205700253547,1.0555629254347392,1.1151701222946244,1.218509443313923,-0.829571275147636,1.3188536051049375,False,True,False,False,True,False,False,True,False,False,False,False,True
-1.185015102462368,-0.8593163381798734,-0.018065513192427825,1.5810328811476162,-0.17534038683770453,-0.5892767524226687,0.5384980353805491,0.7260375664259193,0.8473703744610361,0.4104072827890803,-0.25059332228480663,1.6028930337505778,False,True,False,False,False,True,True,False,False,True,False,False,False
-1.5117791091590111,-1.0323210324602428,-0.6158236679340127,-1.1895467373093052,0.4641181786223204,-1.2175872615879981,-0.1325027662638805,0.038477498003242815,-1.1855557000408068,0.6173271332997757,1.2164012924604761,1.0675850865348426,True,False,False,False,True,False,True,False,False,True,False,False,False
-0.9382059686207056,-0.051080467508876855,-0.061493194126440325,-0.8119087705638274,1.6228689958330729,0.12990375094539466,-1.4420049242142727,-1.4975589696464493,1.3224826460277144,0.35739787334999507,-0.9918637669177599,1.5914764499692213,False,False,True,False,False,True,False,True,False,False,False,True,False
-1.0011344599290999,1.4608705377443134,-1.4341642020220164,0.15492509759896722,-1.133367920013933,-1.1407510511475054,-1.42540185026857,1.4700348143503128,-0.05865742038577067,-1.0483905673868061,0.6322540286302437,-1.2444489051618495,False,True,False,False,True,False,True,False,False,False,False,True,False
1.5013326698109388,1.2756568250924658,1.203868119195276,-0.7053124788310675,1.116344392810148,0.48088512448085907,-0.6682792109656028,-0.48766673232684943,1.6849948171183076,-1.2187082724645266,-1.270606633920444,1.431472118186895,False,False,True,True,False,False,False,False,True,False,False,True,False
-0.4615856550101659,-0.31947477303347804,0.04804276700455606,-0.0268084833941008,0.5863644110393331,-0.0102479320495543,-1.147727337674227,0.7356176203311003,-1.3241606133060668,-1.0341786833504332,0.8261808213550071,0.972371913138364,True,False,False,False,False,True,True,False,False,False,True,False,False
-1.428737504283991,-0.543872928272475,-0.7143194087607492,-1.4897602435492272,0.592024938057257,0.30087885526146085,-1.199793623544726,1.3546315497058707,1.6188626069643095,-0.3687719831649154,-1.2977921821967133,-1.2871877034683152,False,False,True,False,True,False,True,False,False,False,True,False,False
-1.0273475481276606,-0.8809286786488776,1.1975650203059391,-1.5572266107600021,0.09304135011689602,-1.0700439051967057,-1.3500548989537695,-0.8112849072115002,-0.6990976990005878,1.695366278808228,0.9851351195557444,-0.4103509867935792,False,True,False,False,True,False,True,False,False,False,True,False,False
-1.128928290551322,-1.2739908935716757,1.3972237846669124,1.2430333607066426,0.9505834447233074,1.1598917283066799,-0.20648546888996616,1.598959919494253,-0.46285440343844286,0.7536230181857068,-1.1655353656373406,-1.3573121033493905,True,False,False,False,False,True,True,False,False,False,True,False,False
1.4230770402582322,-1.2860688109769665,-1.5385195356005972,1.480264626156648,1.0654262885083323,-0.6017362987876316,-0.5029275502958132,-0.28768075456033215,-1.1825639712370017,1.114568836762111,-1.4517621314051021,-0.48477526256124115,False,True,False,False,False,True,False,False,True,False,True,False,False
1.668176031228737,-0.09179492296118777,-1.0504433515271652,-0.519965929513681,1.0034940339836107,-0.8122421865904131,1.5517583991243198,1.460001412528941,1.6789548957632654,-1.0715287089145147,-0.6455057641109136,1.4268187730031752,True,False,False,False,False,True,False,False,True,False,True,False,False
-1.4930339548708373,0.875287486094403,-1.3061318895428802,-0.14754538512416254,-1.6129105175493668,-1.3144199908051297,0.736630862010792,1.3532192744137408,1.506897583747926,-0.6080606346340969,-0.5584200416694226,0.3287977166031821,False,False,True,True,False,False,True,False,False,False,True,False,False
1.6672737244288762,1.3699529201768221,0.36361353629907434,-1.2035100792923352,0.694601622450798,-0.6808565200004784,0.8911560887226714,-1.2251246964500515,1.1497315414617233,-0.6404602580004235,0.07216543374344012,-0.547215729293441,False,True,False,False,True,False,False,False,True,False,False,True,False
0.9435884546340003,0.21456142425740826,0.11717356330779709,-0.665141793117897,1.2408884189980873,-0.7256029541615489,1.6473553810466213,0.955816011065447,-0.5508948534612648,0.010079590048251454,-1.752684660164686,-0.2705373663316922,False,True,False,False,True,False,False,False,True,False,False,True,False
-0.8489580303752061,-0.47723559556673,-0.427498771651566,-1.2127221502223693,-1.5444255287938164,-1.6646479649701267,1.6199559920668942,0.8092224992952908,-0.29114111697835954,-1.1135942958282146,-1.611659951372897,0.5352711521722376,True,False,False,False,True,False,False,False,True,True,False,False,False
-0.2488577274252789,-0.5607887582909112,-1.0478263750791161,-1.7464039540666358,1.204101248996798,0.37343519217041465,1.1327423581465341,-1.2027314992357436,-0.7308662949363292,1.091885478245321,0.685381464707276,1.6798851015922198,False,True,False,True,False,False,False,False,True,False,True,False,False
1.1069097045014726,0.28321551389664623,-0.7114894979361271,-0.31441473372863016,0.8101615841769076,-1.1322371438485168,-1.5213131984140809,0.03871642301832508,-1.5351656038922843,1.1304423889162927,-0.3337375236610665,-0.9208696986779225,True,False,False,False,True,False,False,False,True,False,False,True,False
0.3129191797129786,-1.5099630474919357,1.6669638324701344,-1.0946690995393291,0.5911909570948779,1.039880741227173,-1.1147758905351728,-1.269394855782156,0.9177608685455684,-1.213207015913643,-0.7112246631345469,-1.4356368330815004,True,False,False,True,False,False,True,False,False,False,True,False,False
0.7351592200621248,-1.3376859826844543,0.8223580190201053,1.2037050545202685,-1.0076677667023228,1.6187004744904847,1.3200053795812903,1.3254371885117942,0.29002367399004547,-0.6928138256983265,-1.170560198256744,-1.197200546086458,False,False,True,False,False,True,False,True,False,False,False,False,True
0.3695292625576385,-0.8298380420011902,0.9842683815540062,-1.489816700714433,1.677782154535322,0.9777655130364427,-0.6159708560119498,0.7025629637748826,1.6788563142875153,-0.8820215555316836,-0.02095075665915582,0.23344700598311677,False,False,True,False,True,False,False,True,False,True,False,False,False
0.9681930299119316,1.1737165009451664,-1.205375940491719,-0.3619343317951154,-0.45363671679463385,-1.421770875628969,1.1457431189903136,0.48524755103961686,1.5800620524256406,-0.742684627084565,1.506952656442053,-1.3416592207512854,False,False,True,False,True,False,False,False,True,False,True,False,False
1.6782260021218696,0.6195577200617798,1.559975894413781,-1.4478175897839534,-0.8096503258674468,0.66167191199678,1.3058583966434787,-1.2339662385811834,-0.019002318884483765,1.3906931282613255,1.3138633544888811,-1.264930587796625,False,True,False,False,False,True,False,True,False,True,False,False,False
-1.5523674257754039,-0.6239662666609748,-1.6592942559042985,0.9377661966839107,-1.131459522738689,0.8979145277250795,-1.516955508767303,1.517300047946823,-0.19256281803931746,0.32879281004388905,-1.6505546552120853,0.31046352924201553,False,True,False,False,False,True,False,False,True,False,False,False,True
1.1455401548146193,1.459131330311581,1.3797165900628467,-0.9063240393989298,1.627608180241406,1.4441442207607285,0.9073027759258446,-1.0967808089892905,0.029999552862157105,-1.5641257112071725,-0.2980125401933386,-1.554849291131896,False,False,True,False,False,True,False,False,True,False,False,False,True
-0.4831048821666173,1.4968619534550798,-1.031621990667145,-0.6123256722499608,-1.1768154468556948,-1.4971057718436829,0.7372640389513954,-0.1828536982441864,1.6348589175681312,-0.5362636941625304,-0.1509428021614229,-1.1759395642097081,True,False,False,False,False,True,False,False,True,False,False,False,True
0.05177369439821211,-0.5694580994208629,-0.39813641952600565,0.31534719855472476,0.2636835494634556,-0.6545930860747456,1.6835463183008887,0.655117723853804,0.9947514872262608,0.962458079038585,0.08938913757662631,-1.1195091072235952,False,False,True,False,False,True,False,True,False,False,False,False,True
-1.1239315860274837,0.6999871860339266,-1.4501062561649665,0.36976954854850586,0.4761439142236972,-0.4295995951281784,-0.01293455499810342,-0.35308687579125486,-0.8128480605710593,-1.6813207142876385,-1.537534937669236,-0.7493937823402559,False,False,True,False,False,True,False,False,True,False,True,False,False
-0.3729045196163548,-1.1913439287113465,-0.7188045506796095,0.4554931070341523,-0.6371423022078202,0.7741063968923267,-0.2431239817539133,-1.4998178138275535,-1.4417392872534707,-1.3998852965636799,0.13946923755596394,-0.9996390851290722,True,False,False,False,False,True,True,False,False,False,False,True,False
-1.231171358613363,-0.6746553814639094,0.07478574260809351,1.3762440556739803,1.6085695651683771,1.5265337448988527,-0.9941441715049149,1.4646419750287507,0.8895800871182414,-1.5050626152191402,1.4110957045412094,-0.3366705781459362,True,False,False,False,True,False,False,False,True,False,False,False,True
0.04752509224568304,0.956562032403935,0.24006208089913042,-0.5070757664064155,-0.4162221467227126,-0.2750934219390657,0.6441581412284072,-0.26690719476381847,-0.13216016782218087,0.342176367091452,0.689457030378164,-0.0057345932185985035,False,False,True,False,True,False,False,True,False,False,False,True,False
0.5945505627349326,0.4997685414586326,-0.44689207683871307,-1.2924435221106707,1.2770321429212637,-1.675472923767258,0.47138294437193884,-0.014740121391391114,-0.6379301519239788,-0.22046289531837987,0.777552555894819,0.08069247170304186,True,False,False,False,True,False,True,False,False,False,True,False,False
1.0550169242320935,1.0149386179883977,1.0069039317662092,0.9312513147891943,-0.09339037419673793,1.3621040225985859,0.2712530130317417,0.6055271437860238,0.17732365990630508,0.7776812422167173,-0.08594351821666671,1.094752756013193,True,False,False,True,False,False,True,False,False,False,False,False,True
-0.9193958784406242,0.45878461599233394,0.14880191882227115,-0.09804426859000018,0.8220858197146911,0.545608677729968,-1.3982600600193156,1.0498711293245377,0.9928600411350572,0.06995388035634298,0.2702373924097405,0.007043106234362427,False,True,False,True,False,False,True,False,False,False,False,False,True
1.1310323993273903,-0.2979264659331679,1.4230931992800178,-1.5878028889432867,-0.10390690572480583,-1.7221725311484546,-1.3950266743897306,1.6799120473859521,0.6146458347880337,-1.5592067606977356,-0.24598629217590487,0.26891554274963264,False,True,False,False,True,False,False,True,False,False,False,False,True
0.7171907854584549,0.9674867581747418,0.21278040829037367,0.2547231616551293,-0.41650662224149915,-1.1588165015922263,0.23218930137616026,-0.8214414255777689,0.943268058550905,1.4251768870911157,-0.8038870020692851,1.3141857670835762,False,True,False,True,False,False,True,False,False,False,False,False,True
0.9220182606780897,0.3322203956187916,0.3107372009258067,-1.7146854841562162,-1.7548184082685525,-0.5485778913656627,-1.1970750923517408,1.3176192527414587,0.7717929620443178,0.3505888869057622,-1.3667651287310272,0.5513510673825021,False,False,True,False,False,True,False,True,False,False,True,False,False
0.8371722326887989,0.861068783100724,0.19334577749700413,-0.5738349769562961,-1.2544554960354326,1.4306600467064206,-0.4606427478871456,-0.5587564611644981,0.7571769958496978,0.6798255833337693,0.0755003608041585,0.31585516320910195,False,True,False,True,False,False,True,False,False,True,False,False,False
1.5635245730329463,0.24422368623605067,-0.3801902300784345,-0.7842343401381346,1.0778897411158626,-0.2824319455136212,0.8258279799876904,-1.4080375104979443,-0.4659140799487358,-1.6150055277693722,-1.4188760734346042,0.43473131277238464,False,False,True,True,False,False,False,True,False,False,True,False,False
-1.666920965073415,0.8844485848784913,1.1411148688232589,1.221534982516068,-1.6619817451877228,1.4495195878400178,1.4821951030075982,-0.04112857000204772,-1.3410598932968467,-1.5008788686209618,-0.9756565356877845,0.8212328057395936,True,False,False,False,True,False,False,False,True,False,False,True,False
-0.746351874512215,-0.9017872620031806,0.1350486161410935,1.5132577544566315,1.0388271090215366,-0.9199162043543465,1.3324616907160838,-0.1215282002754462,-0.24143751065719493,0.7138084672435074,0.6972295514887393,0.38429612960624043,False,True,False,False,True,False,True,False,False,True,False,False,False
-0.4847771218688049,-0.671082566786437,0.9847483484042416,0.6913334475163786,1.1149665299711842,1.0182450699502115,0.7777245577832971,1.617710077848357,0.1032762611665507,0.14094149712858503,1.4917617617896421,0.5842380312333814,True,False,False,False,False,True,False,True,False,False,False,True,False
-1.402962315724743,1.2918075957929847,-0.6237675398462087,-0.7327496356664266,1.5530406439993591,-1.5846812480657135,-1.1346192717755792,-0.7413430887628548,-0.42545590708385705,0.26769208538828404,1.11132824219373,0.4534197897417144,False,False,True,False,True,False,False,True,False,True,False,False,False
0.610013301295497,0.327671003766051,1.1722892376200047,1.24590940030808,-0.5785839337052233,0.8190940357792696,0.8003575222390329,-1.0642499712741074,1.628709352028549,-0.12381981207733386,-1.1024120168559726,-1.685778999341698,True,False,False,False,False,True,False,True,False,False,False,False,True
0.6440906514994315,1.5907844312023292,0.09195192320178394,1.1437940307616536,1.6275302216691154,0.05215240248815945,0.27125026193343965,-0.7612971275733903,-1.3012656980834552,1.3840905960253502,0.983313245398233,0.2496520893543946,False,True,False,False,True,False,True,False,False,True,False,False,False
0.8975011147410459,-0.9100997559919383,0.33357990276416033,0.3514652267417114,-0.8356164905591316,1.7065532812338977,0.44980733636903597,0.08696282772178447,-1.5168929618308604,-0.7695626377271745,1.6261284956141142,0.6266092482229374,False,False,True,False,True,False,False,True,False,True,False,False,False
-0.09325083715988787,1.6840654187219897,-1.0970346140428846,1.294117148633953,1.0418464726536083,0.7032698441578575,-0.6198433812927285,1.6619180570495486,-1.6332171745779684,0.41008709530903076,1.091847836566295,-1.1454258412819154,False,True,False,False,True,False,False,True,False,False,False,False,True
0.600140838523277,0.8881304161309213,0.8002863859531968,-0.035028422222177336,-0.6749765710871559,-0.6301933777377456,-1.0020623909737316,-1.0107971614171598,-1.5732277474580685,0.2662161849692874,1.2384025441073139,0.26910083464961715,True,False,False,True,False,False,False,True,False,False,False,False,True
-0.8895694817871642,0.05087082914702723,-1.1033616175233258,-0.5647318007404446,-0.6428050438920806,1.6930912473306012,-0.38351160259150796,-1.577502605601542,-1.3471209664643888,-1.6692581363828494,1.6489635420307833,0.25550436027116524,True,False,False,False,True,False,True,False,False,False,True,False,False
-0.44426590202110816,-1.4582780068179324,-0.7548814257639842,0.19503697114834948,0.05154069396720105,-1.0196597180729874,1.1422500491696983,-0.7692878657564282,1.6007678925309727,1.2134781737137452,0.7410836229792725,-0.5621315873545121,True,False,False,False,True,False,False,False,True,False,True,False,False
-0.7687229339544017,-1.3693390382959667,0.5871554708877701,1.503869334653019,0.8720737208903206,0.04771220885871894,0.8996031818606319,1.4052764698452902,-0.5609311098357768,-0.5665659564117257,-0.03701947108892054,-0.18874512819276976,False,True,False,True,False,False,False,False,True,False,True,False,False
-0.2509939983775815,0.08256409960557397,-1.154725957819331,1.6354508814195203,-0.595972320680186,1.1986941185803919,-0.9519940931191132,-1.6565916914529202,0.0963702031280945,-1.5105661806440258,-0.4324460616073235,-1.6070844150651853,False,True,False,True,False,False,False,True,False,True,False,False,False
-1.4525158092511248,0.1861258110505026,-1.6952233541647894,1.6620932410620124,-1.1959991588367598,1.5865107165343457,-0.8912246220854901,0.7804073479755947,-1.5976280745575324,0.05985785580466515,1.7243411433856204,-0.763642054079409,False,False,True,False,True,False,True,False,False,False,False,True,False
0.9401726385025932,0.7646872194249816,1.0480969723164872,-1.0335938356311525,1.2581623080998492,0.6800131659945108,-0.77784538957854,0.37091026088018386,-0.7941884909939285,-0.1704239345023025,-0.6519103127302676,0.7736021540837713,True,False,False,False,False,True,False,False,True,True,False,False,False
-0.9489592653595483,1.0150420790027084,1.3289989622024205,0.18834006991730495,-1.6570962214138882,-0.9038006088010995,1.6122518868454552,-0.9741305709441608,1.2750551254787217,0.5101390664545778,-1.2907948188637963,-1.3514511327946044,True,False,False,True,False,False,False,True,False,False,False,False,True
1.6389953432251196,0.3071111975397555,-0.7709979427439108,-0.7565716833723246,-1.5665085976792235,0.893785484409656,-1.5354178712344293,-1.6891433341197601,-0.45046141192751493,-1.386550992697068,-1.391505928586587,-0.845058409322677,False,False,True,False,True,False,False,True,False,False,False,True,False
0.5125816895817504,-1.1494433855227895,1.058116940098817,0.1125565175689814,1.2953591737576708,-0.35285638608609865,-0.7700883491256046,-1.106077913041562,-1.6048317116607862,-0.10847585726717808,-0.5775055889910259,-0.06588407552419616,True,False,False,True,False,False,True,False,False,False,True,False,False
0.06257342098046742,-1.5267758000746867,-0.8904237935870858,-0.7876588625724731,0.9723958415714957,-0.08004575453843797,-0.7646148955924875,-1.3578138082056936,-0.4475230794637719,0.7794666740773294,-0.9618078485134289,-1.3391878616181505,True,False,False,False,True,False,False,True,False,False,True,False,False
1.22076066728501,-1.5379142744496237,-1.0790192472961453,0.8372701230131334,-1.2055355658748708,0.4116982378177437,1.3584180594566089,-1.6283357906423548,0.6573981780889951,-0.07279515072752851,0.5228664943969378,0.2161644644410973,False,False,True,False,True,False,True,False,False,False,True,False,False
-0.015579860764830897,-1.5025302574619546,-0.6444754537133347,-1.4171700783199477,1.650818470215968,-0.3316282670822983,1.3669770869735556,-0.13016738978553205,1.4455991948087146,1.494206058954647,0.5281775288380958,-1.6299900557009335,True,False,False,False,True,False,False,False,True,False,False,False,True
1.122855920772173,0.8546776774345107,-0.644527285660179,0.5497420725958106,-1.5104707268720194,1.2640555117802545,0.16356570433236614,-0.17868316398537432,-1.6913291753243078,-1.2572312272314983,1.1093035314282242,0.4812610356280589,False,False,True,False,True,False,False,False,True,False,True,False,False
0.3783230264204523,-1.244626411527358,-1.1610234479071198,-1.2422898873440806,1.1183783240153824,-0.5344806233907394,-1.3756009142075893,-1.5921141173746467,-1.310608345026203,0.8139782860184313,-0.5048694138631573,-0.767385471581373,False,True,False,False,True,False,True,False,False,False,True,False,False
-1.0325979398922578,0.6446639088993814,0.517628394780285,-0.492842816462505,1.6493498459767062,-1.2755255256586768,-0.9890981328642697,-1.525630532295293,0.4728355321053573,-1.067699928439693,-1.172012070765818,1.146587181868924,False,False,True,False,True,False,False,True,False,False,False,False,True
-0.11762650854843258,0.4052222909625149,-0.7832824581946226,-0.9082447255067769,-1.7187647856006725,-0.5185074248842747,-1.3359331701119663,-1.5686527144394191,0.44210358018414714,-0.26301603364196596,-0.6340095325989861,0.21833264340232098,True,False,False,True,False,False,False,False,True,False,False,False,True
0.014244266702645494,0.05273609680574189,-1.7359108932508074,1.4080377902351042,-0.17861725315990756,-1.2690273250194368,0.6908907029574627,-0.5885482492632926,-1.2608305797351183,-1.3829062247208659,1.3953048786700126,-0.9647867010894756,True,False,False,True,False,False,True,False,False,True,False,False,False
-1.4605361313036935,0.14364243784597108,0.2062442956038179,-0.5020865152378585,-0.8593609226902588,1.4741761069799124,1.1113488693670606,0.8472730445069458,-0.40078133733974874,-1.6674654026247795,0.837441864804184,0.12288564710197197,False,True,False,False,True,False,False,True,False,True,False,False,False
0.11001899180166498,1.0054255583609606,-0.38314353340829976,-1.097924020629698,0.6991188083659362,1.3185803262606632,-0.8168662945137797,-0.7720170554082749,1.4643610185320737,0.6130474243068287,-0.6968284477710223,-1.1017903152021795,True,False,False,True,False,False,False,False,True,False,False,False,True
0.02768714369807799,1.200465375267152,0.3184825747633321,-1.380594256447927,1.3588190907479332,0.7567979602904923,-0.21566640126902964,-0.02134456769869367,-0.7308443582487422,0.32220330101918054,1.5034454804252486,-0.4570862744107768,False,False,True,False,True,False,True,False,False,False,False,False,True
-0.7508222165843766,1.169345150110862,0.7300712742389563,-0.49693300469612145,-0.8094667978257746,-1.3876474492996247,-0.304202827279178,1.3317530244791447,0.8823138879522588,-0.39911757904626577,0.30392762053581923,-0.9879047800094461,False,False,True,False,True,False,False,False,True,True,False,False,False
1.0865798042834487,1.2376204666174233,-1.5333501121942716,-0.6061948382307316,0.8439693401321529,-1.7248605339753456,0.07881938416765283,-0.7343629824395579,-1.6377369551166467,0.9867403321834155,-0.16184218726328295,1.4370376351905916,False,False,True,False,True,False,False,False,True,False,True,False,False
0.8695067424760022,1.7054495369360603,-0.6985368446341296,0.23714708257703043,-0.871392138112679,-0.5754346267105815,-1.523270107756515,1.6913814837850158,-0.9378201303516217,-1.6401201010197701,-1.6042999937852687,1.6367537377763222,False,True,False,False,False,True,True,False,False,False,False,False,True
0.5961368613274214,-1.5609155101734775,-0.7313773920550001,0.47663599199244566,0.19913242384575205,1.4968308987019414,1.2431010372440812,0.9754410780488949,-0.8815154995254941,0.6907305616564163,-1.5804066925331903,-0.042892723503662133,True,False,False,False,True,False,True,False,False,False,True,False,False
-1.3360500988071806,-1.6826595760484238,1.215408121561559,-0.5276289737976746,-0.6005953989224448,-0.6056888003660261,0.4218126540582004,-1.3694201196486504,-1.6250805881769916,-1.334454840578058,-1.447212971727227,0.9697429568464285,True,False,False,False,False,True,False,False,True,False,False,True,False
-0.35319978664233864,-1.3700290711612144,0.9486152608073848,0.771797311496009,-1.6480178723623593,-0.8380386599358011,-0.5020026864480935,0.7829311872525633,1.162657385978552,-0.060092555314468485,-1.6639254343938064,1.6133074531904474,True,False,False,False,False,True,True,False,False,False,True,False,False
-1.614906092547688,-0.1766592213369855,0.6514640854327839,0.025518948934411697,0.7278640522279326,-1.0545539891379645,1.1647224194667947,1.647978711975116,0.9774772183274495,0.13996668503468934,1.6129592654236509,1.14371523104343,False,True,False,False,True,False,True,False,False,False,True,False,False
1.5051354976235864,-0.14160428473320333,0.30229193344377114,-0.6472777823818973,1.3882527947899426,-1.4928271502948551,0.6945272670787553,1.5485631164447828,0.06966853658705774,-0.3946440496165977,-0.0652129022595584,0.9237493487563561,True,False,False,False,True,False,False,False,True,False,False,True,False
-1.5895360224633404,-0.3155152678308771,-0.8256631505310431,-0.40370889855627634,0.7917233599479998,-0.49893501455091394,-1.205139661962858,-1.5480624551256872,-1.0295956390082572,-0.1680721526836388,-1.1293053010161989,1.3318815268235231,False,True,False,False,True,False,False,False,True,False,False,False,True
-0.275882608371262,0.5089511749140853,-0.4961481433914622,0.3934510577296817,-0.8095974090308855,-0.7448058987161877,1.2592619560745115,0.5446758017529427,1.3120656105157193,0.6371524650568194,0.9121163333415383,0.7965571591868631,False,False,True,True,False,False,False,True,False,True,False,False,False
-0.30243502685477186,0.7707834107002918,1.6625799340116432,0.17602834674959023,-0.6041940780600683,-1.0894458494644663,1.0708332488364605,-1.2801269310062102,0.7061441578776755,-0.6142446536802446,-1.1948683401952358,1.4936652756456985,True,False,False,False,True,False,True,False,False,True,False,False,False
-0.5196337042371512,-0.8918434289258692,0.5455533592784318,1.2117492010763649,1.4213144630838819,0.6576631568711546,0.21333142079277542,-1.201809332212131,0.7335166529796194,-0.5337516060461373,-1.3165314699656492,-1.6189639770736028,False,False,True,False,True,False,False,True,False,False,False,True,False
-0.3566740872788825,0.06022485107036361,0.23307234618492362,0.03774259798242851,-1.5684549467980868,-0.6901200090403482,-1.5748204478796628,0.2993336436937106,-1.1160091659787872,0.18046571152543905,-0.18718996400748328,-1.1070079707821072,False,False,True,False,True,False,True,False,False,False,False,True,False
1.144087347694901,1.5738861079760185,-0.2051417950685679,0.8558043070678558,-0.40674214588005364,-1.3831066587932954,-0.36532868383118045,-0.6439250539053402,1.272078703034603,-0.23602000061479303,1.3984607872650363,0.9609700977294491,True,False,False,True,False,False,True,False,False,False,False,True,False
-0.10938966792901897,0.3208105214145165,0.18532889365319474,1.183445012446102,1.4054315201838994,0.9353959115377329,1.5355424893869076,-1.0250777488551543,1.2959845266718788,0.5071133235707581,1.085700971223543,-0.7552976394296212,True,False,False,False,True,False,False,False,True,False,True,False,False
0.3690467315466715,-0.7268139892411887,0.6139172490743581,1.2241401892805057,-0.34341246303659045,0.5981853410822647,0.0867844818849843,-0.9376475832839348,1.022650300002315,-1.13511557346711,1.0316256743231185,-0.5901765109228119,True,False,False,False,False,True,False,True,False,True,False,False,False
-0.4246387621960225,-1.6135507927865083,-0.5320839063427466,-1.2427245387268615,-0.8754919644639908,-0.7295458300960176,0.5622266308554813,1.4745512177688072,-0.3808253304277379,-0.7147469999482651,-1.0075710392864117,0.9314078829296746,True,False,False,False,True,False,False,False,True,False,False,True,False
0.05771294136111643,1.4313296859772824,-1.3687498711751163,0.4497860205606034,1.7426346099512657,-1.265439548101481,1.1635918420118176,-1.188656529470158,0.04818768571193185,0.4266905025006093,1.0016126945465122,1.6206389428059134,True,False,False,True,False,False,False,False,True,True,False,False,False
-0.1420861718089117,1.691283361729202,1.0195487644919048,1.0168205359658655,-0.9551893887679558,-0.6824285088126052,-0.10646206047175753,0.7721615091653784,1.4424813141897823,1.1558795145496372,-0.5045186481165757,-0.15626446159662605,True,False,False,False,True,False,False,True,False,False,False,True,False
-0.7294607571185391,-0.1619502318002779,0.46069960330409515,1.6422620051919745,0.08636260787302995,1.5120638862370497,-0.9356337673238118,-0.8422281249080951,-0.5932765952403243,-0.9894400759183712,0.024677752915029626,-0.38048576616550517,False,True,False,False,True,False,False,True,False,False,True,False,False
-1.0287212687935714,-0.8057322154320643,1.1934414554279804,1.025656219952804,-0.7990101986419784,1.6964768722761379,-1.3319658271923889,1.1040579780071271,1.1404054663816057,0.16748925281067817,0.16154501032912605,-0.485060420417007,False,False,True,True,False,False,True,False,False,False,True,False,False
-0.4781461606119814,0.6712274845033105,-0.3202149955956666,1.1765169186426843,-1.695872279538747,1.481742410712104,-0.1650083270630816,1.3316715511967578,0.18365150496676122,-1.5877643126435916,-1.368524386055095,0.6345156395072843,True,False,False,True,False,False,False,True,False,False,False,True,False
0.2488542210787757,-0.22862386288840017,0.9931349631948143,-0.4064878011604528,-0.3097175936371387,0.12594799452909614,1.5161560501717601,-0.25258304594059683,-1.2294412916349755,-0.2931587270597702,0.03759082658258245,-0.7956772993826075,True,False,False,False,False,True,False,True,False,False,False,True,False
1.3884443525964316,-1.4016217889238982,-0.5986799372626421,1.5255519579875085,-0.836579999358441,1.0702848875665136,0.9891877113076017,1.2555882474753253,-0.6232635941912563,1.5099547931377626,-0.5717933825205906,1.1994421554466748,False,False,True,False,True,False,True,False,False,True,False,False,False
1.0025551717366925,0.7864264185890381,0.08393465332418305,1.1486097183774449,-1.505866908402909,-0.398592893635866,0.5374466554715064,0.451034696009735,1.5513322850465603,0.6124993353545979,1.2694779993817256,-0.1632560986069943,False,True,False,False,True,False,True,False,False,False,False,False,True
-1.6382163987892053,0.34341029245768023,-1.1005476896417161,-0.5378723986948029,-0.5434097883264515,-0.739294029994378,-0.7383326370195445,-1.327153911578703,-1.5718288208244175,0.54785387477957,0.9467419487153536,1.3930284608973469,False,True,False,True,False,False,False,False,True,True,False,False,False
-0.5574018353341161,-0.922060992449759,-0.7398691411031761,0.721671042220853,1.1261893108887384,0.9298048293404471,-1.6713472994314533,-0.9153054158992615,1.4866630059971107,-0.7996411841608299,0.5657496996301483,0.5981974884139765,False,False,True,False,True,False,False,True,False,False,False,False,True
-1.5913825091445095,0.4814394002932036,0.8189565457318028,-0.23552352378135144,-0.03825112647831914,-0.24587465994514904,1.4690628143035178,-0.5496172406838068,1.4846194671363446,-1.1088319206000945,-0.5400669820976479,1.4335484151753428,False,False,True,True,False,False,False,False,True,True,False,False,False
0.34695477058982704,-0.8065021983349734,1.3420045012000703,1.6407696410727308,-0.016447667038429828,1.1726321085681617,1.135650737326824,0.6813221540017206,1.1299667332954202,1.5606827974167066,-1.120662902089365,0.3497483672641486,False,True,False,False,False,True,True,False,False,False,False,False,True
-1.051126980435997,0.9208853375887636,0.4527278447533582,-1.0355041255613544,-1.1350055057656965,1.6130502833760678,-1.233343079056148,-1.0779029558229456,-0.9928999717686714,-1.4536531934643888,0.6330468138217118,-1.3926807350828325,False,True,False,False,False,True,False,False,True,False,False,False,True
1.2559764559328794,1.2649314633653237,0.5646649974059373,-0.9699903307910337,0.955727503452264,-1.0308506991851818,-0.880168583052694,1.5527292297853392,1.5672296991348031,1.6460420402497888,-1.1616492581532418,1.2083886388528045,False,True,False,False,True,False,False,True,False,False,False,False,True
-1.0650645277794146,0.4264422000913829,1.065021498722388,-0.605583153734005,-1.6928600850720592,0.9781749810710635,1.2523153958638304,1.5121910239978211,-0.05296234459739591,-0.8972439439016708,1.3551979374588403,0.2549918466133444,False,False,True,False,True,False,False,False,True,False,True,False,False
1.2700029599765228,1.0323625077630003,1.381720779703749,1.569353144958252,0.9292916659179179,-1.3363441479166758,-1.547826429555047,-1.0739261667962898,0.7262184570502382,0.0030714411501348666,1.2425214844997345,-1.3174244184875301,False,False,True,True,False,False,False,True,False,False,True,False,False
-0.022559268239196958,-0.3190566446197916,0.4961575324113166,1.4574877084575693,-0.7969339689716454,-0.7014225440174897,0.4132587626809309,0.2059028932184418,-0.9197301147358312,-0.7827360899648708,-0.1775339435532832,0.09636152395228866,True,False,False,False,True,False,True,False,False,False,False,False,True
-0.49820177087396994,-1.2765597761764622,0.7326207989560934,0.9003543099691518,-1.6182704701013193,0.5746802680497981,-0.4140426707359208,-0.3421843744004,-1.6750745376288232,-1.168657673791686,-1.100945363242388,0.8314637148026621,True,False,False,False,True,False,True,False,False,False,False,False,True
0.09169940194700699,0.047942548931826305,1.4174942142808022,1.2459785767227207,0.3508471521118261,1.14756691891817,0.183227908475229,-0.7487400895766938,1.1743325205404846,0.06380767056748055,0.5817964196273598,-0.17630298842530953,False,True,False,False,False,True,False,True,False,False,False,True,False
0.7921197702545418,0.5493753090853608,-0.05632021791537881,-0.9995629635383563,-1.4023132305658896,1.378559814365886,1.4009185029216242,-1.4824533949349568,-0.44884070521880676,-1.0774397989375297,0.012167832423362772,1.642637180133223,True,False,False,False,True,False,True,False,False,False,True,False,False
0.6120160963329598,-1.5381531864950666,-1.0354065210530914,-1.611140022781844,-0.7719726979069094,1.71027973052212,0.6580576273222845,-1.6893049351329859,-1.5498422035360815,0.8909849395869178,-0.7520759837274819,-0.3198552547417251,True,False,False,True,False,False,False,False,True,True,False,False,False
0.18690225924962722,1.2681083131740303,-0.32862180837894717,-0.45927089436047586,1.5616090202332955,0.04120523044696128,1.2687560257763673,-1.0313700645518755,0.9894015125569746,-0.7480181880244777,-0.7352566913359261,-0.12858904989538533,True,False,False,False,True,False,False,True,False,False,True,False,False
-0.33012461148987243,-0.22711866678556167,-1.4136636442900943,1.0885110595850607,-0.5439661399928267,-1.0179908653986898,1.7307090235899236,-0.1489791288186852,1.1260093275306629,0.8931589696788363,-1.6524013390173733,0.9191799391235508,True,False,False,False,False,True,False,True,False,True,False,False,False
0.5419403474697858,0.45788078847144686,1.003030968399343,-0.2190579907904864,0.9594299619192102,-1.6560369625386382,-1.0724596382274576,0.858428564396876,1.5748962708506475,1.1983710129543383,-1.451861654427908,-1.2444943120379548,False,False,True,False,True,False,False,False,True,False,False,True,False
-0.32179934351490963,-0.4420170851269166,1.5996919673404217,1.4246729516247219,-0.9380117665482768,-1.288082906742675,-1.5807037448610477,0.09820441371888555,-0.6814669791469901,0.007973413826612308,0.6381319552871968,-1.7172164682314948,True,False,False,False,True,False,True,False,False,False,False,False,True
-1.5883500950853269,-0.9219753223783598,1.099995793016817,-1.5128409131582878,-1.543050907406031,-0.5340997810634888,-0.012156153361453844,1.5528579404684746,-1.202918956517061,0.24635832834714427,-0.33568424612468994,0.9219129131895228,False,False,True,False,False,True,False,True,False,False,True,False,False
-1.5469365586576254,1.5415659884645991,0.6312367372104456,-0.9709493895191887,-1.0481982151093783,1.0727548578995598,-0.446589599255456,-0.8703615387224641,0.4499542760872219,-0.8071562572808675,0.4183538762426335,0.36204967165835145,False,True,False,True,False,False,True,False,False,False,False,False,True
-1.3375892573945913,1.5837801424577849,0.4825430144477545,0.9479791051622881,-0.8508658891129633,-0.3468930818643862,0.7825876611224993,1.2490201943254733,-0.9752758845856621,0.08903286296960503,0.7142679881854276,0.80772820304839,True,False,False,False,False,True,False,False,True,False,False,False,True
0.10715146185230034,-0.28437485406442004,0.10749575146720063,1.0542508899190195,1.2585710778921795,-0.22961377339739525,-1.1411086740469543,1.4774567076531235,0.2485867083481287,1.6945104875177304,-1.605197507686784,1.503685886333711,False,False,True,False,False,True,True,False,False,True,False,False,False
-0.8837271717833498,1.311406412255537,0.6861917804030254,1.5997495327138131,-1.3220488353153952,-0.3948537657919681,-1.4243811761922565,-0.2705676079424321,1.2521548545784713,-0.239613928052717,1.3629156170078187,-1.0395574201920814,False,True,False,False,False,True,True,False,False,False,False,False,True
-0.2256245797044411,-1.6225233101550893,-0.2913995433604117,0.7064671764793401,1.4097208416394598,1.5746435028312449,-1.3914868990592713,1.0571515493926764,0.3968518620277367,-0.2890733446950493,-1.5696993483696227,0.14194404541815325,False,False,True,True,False,False,False,True,False,False,False,True,False
0.5265382073903295,0.40619194330207853,-0.7034841405712408,-1.5340096787539466,0.6618488749955463,-1.155047586495713,0.15495076217804576,-1.0746890224610433,1.3663774311146006,0.4917913831911017,-0.12119530154164357,1.0296790727412701,True,False,False,False,False,True,False,False,True,False,True,False,False
-1.4353975418851552,-1.4462395740434222,-0.3300433778486687,0.3550538045274867,1.3681986279022131,0.6197984145352042,-1.1693289042291508,-0.4806624339334619,-1.6316467130827974,0.07667470797489205,-1.6828538224950194,0.15531785878102827,False,True,False,False,False,True,False,True,False,True,False,False,False
-1.002005637499994,-0.2647230426447347,-1.5754363307846806,-0.1938228273578745,0.7974432420904102,0.29576702970910573,-0.8041178363658903,-0.15058029325616487,-1.6110457235572218,-1.5128254835460677,0.29823905792811023,1.3109881012561178,False,True,False,False,False,True,True,False,False,True,False,False,False
-1.5929982915081309,0.5507762278813154,1.0669032321921308,0.8683735817999221,1.2752465528441759,-1.6917450457458425,1.3893792515940357,-0.07464816577878221,0.8089500649099122,-1.4511668778860745,0.8573877031142946,0.9859968367952312,False,False,True,True,False,False,True,False,False,False,False,False,True
1.5598367976311474,0.6379127060565012,0.9894574625219414,-0.7530654210536992,0.6923584050867505,1.4234201404340747,-1.6067385730728454,-1.4871579565454274,0.6833636997544874,0.20127131322420458,0.8772175772121645,1.2280311017850414,False,False,True,True,False,False,True,False,False,False,True,False,False
0.7190900014599408,-0.4101455703909636,0.9773146136843461,0.6111602279281511,-0.49638948132944544,-1.5306855333510196,0.9326165330241182,-1.1099334600165198,0.7058668213256692,0.5911801067201564,-1.641565253434844,0.9883803045566127,True,False,False,True,False,False,False,False,True,False,False,True,False
1.324393936157839,1.6559319344118846,1.0236315537565697,0.9144189948883481,0.9328108367215905,0.7712598409448289,1.4389071059994216,0.3386791650512626,0.6063463459897185,-1.3112661844754283,-1.6862718375053074,-0.310892991908136,False,True,False,True,False,False,False,False,True,True,False,False,False
-1.108773786542789,-1.1064667027246677,1.508923918379411,-0.9997201592944555,1.3596941536840377,-1.0206154488619954,-0.48453995053232857,-0.6885941516169936,-0.9041318845747265,1.5827805554153094,-0.10102419323398516,-0.43494367335058565,False,True,False,False,False,True,True,False,False,False,True,False,False
-0.5695767902868579,-1.6071385169911907,0.7574636637974499,-1.2439920733075056,-1.5551463010555266,0.622466868417335,-0.07530845969153374,0.24502673372377043,-0.3199768968732855,0.7924510192298408,-0.29879333809100384,0.8061657089947518,False,True,False,False,True,False,False,True,False,False,True,False,False
-0.18433865652652104,0.9886368539397974,1.4882999884805563,1.422818704477702,1.5192960517892813,-0.9608114008603964,-0.26145169218211245,-1.1459723177988834,-0.34271263360944304,-0.2484861170085114,-0.6050146987596857,-1.3559172156159405,True,False,False,False,False,True,False,False,True,True,False,False,False
-1.6453717145562645,-0.76227403106729,1.704533542764499,1.5741062573922397,1.3497782795989004,-0.6802687766635871,0.875134444010201,1.5455293695697192,1.3417195009065888,0.09329179695525626,-0.0649608879078715,-0.11027066624536497,True,False,False,True,False,False,False,False,True,False,False,False,True
1.0993849064592849,-0.30664170339737656,0.21788267929678903,1.5256048290724373,-0.8919325899249712,0.40771381123619993,1.2058502398301032,-0.848074242657476,1.4454327259071038,1.5490816829095895,0.18946337945776615,-1.545487860731483,False,True,False,True,False,False,False,True,False,False,False,True,False
-0.9215203705969478,-1.5310961796550742,-0.9081713650866782,0.9028676393738334,-0.4752590031488692,-0.9535408777526759,0.6285668633697535,-0.5620233223272596,0.6787034607832121,-0.44181694624050455,0.9338229850742831,-1.5819655391242005,False,True,False,False,False,True,False,False,True,False,False,False,True
-0.5339936714959259,0.21169324180416577,0.9126285071797928,0.815220569841813,0.3772603015742659,-0.10606484699664218,0.9554693498897359,-1.2585312983864831,-1.0180842719300436,1.3829669007426821,-0.9202505978978295,-0.6758001270135529,False,False,True,True,False,False,False,False,True,True,False,False,False
1.3421766643096833,-1.362217761032189,-1.0040069300304693,0.8434100506406469,0.29781067420009,1.3870307559975164,1.6734139985284482,-0.4633337307932698,1.196196332884622,0.5276360525381663,1.4347246146433559,0.6955130030665129,False,False,True,True,False,False,False,True,False,False,False,False,True
-0.49724089590788095,-0.17956621996928565,-1.3273023273031221,-0.6221819860732292,-1.6137064818612388,-1.0086375536223566,-1.0289108438938985,0.21862777474295614,-0.12693988076985607,-1.3344630655530474,-0.8252284833908634,-1.3193397684142316,False,False,True,True,False,False,False,True,False,True,False,False,False
-1.0612835870673925,-0.047118105877605856,1.235606308144101,0.97584011516359,-0.908862683866177,0.6551007403747202,0.6241150920682481,0.189063910116144,0.7798099238876423,-0.5366275291198918,-1.0686124328669473,-0.6314642684903037,True,False,False,False,False,True,False,True,False,False,True,False,False
-1.56182795709098,-1.2978995003920561,-0.6262996303063202,1.3346512562743857,0.26819005852462957,1.151395800745438,0.07030010536197526,-0.9077567055157605,-1.0867029993585045,-0.6949428836853783,-0.5184398969574463,-1.3249412917635393,False,True,False,True,False,False,False,True,False,True,False,False,False
-1.1339183359402314,-0.5970414803348356,0.04499822929935137,-1.655281631483029,0.5535053110374701,-1.449226102838995,-1.5057977445581174,-0.16136698252604723,-0.6707601816185611,-0.7210999535988898,0.5151909568041609,0.2198401677542368,False,False,True,False,False,True,True,False,False,False,False,True,False
-1.5325280689561323,1.3680071240614318,0.03348300411286154,1.5474689280162341,1.5221723751071394,0.016566300096341597,-0.9487268605014776,-0.9959512040467533,-1.7020703421240466,0.39191575868051515,0.14334549176801575,-1.6868584464316483,False,False,True,False,False,True,False,False,True,False,False,True,False
-1.4480025284289575,-1.364938435416002,-1.5020918363520614,0.8000791805806448,-0.3548331936142896,1.4897942502251398,-0.9702924702364863,0.5842364685212285,-1.5207690882806257,0.10272967667334802,0.6458816917828475,-1.5567393544300534,False,True,False,False,True,False,False,True,False,False,False,False,True
-1.5326954003720379,-0.4104073797821373,-0.6385751275633711,0.5861891197568491,1.0159295496300602,-1.1054731393964303,-1.1840739349137002,0.4880945849482691,-1.3410322287350096,0.30976240105657954,-0.7601115418859185,-0.11776166339549314,True,False,False,True,False,False,False,False,True,False,False,False,True
-1.683345374684423,-0.4172383606354315,1.3310768452030113,-0.2745910508361297,-1.0863895682693643,1.7053210049954832,-1.3362837387907758,-0.5913568402031899,-0.14294284606968735,0.3672890768347158,0.6424902899769437,-1.11386263300449,True,False,False,True,False,False,True,False,False,True,False,False,False
-0.1935231481631919,1.5841423901276257,-1.4233475218772733,0.5621615278122032,-1.2980500715623473,0.39698418316236234,1.1779383470472278,-0.7844846168339368,1.0231671034165457,-0.043409495654769585,-0.19811844784002483,-1.223691810106848,False,False,True,False,True,False,True,False,False,False,False,False,True
-0.3675806033261802,-0.4427493758751517,1.4078613277638337,0.7199530655194242,1.1125487482303706,0.7780508309292249,0.08037153063081633,-1.0310644142109315,0.08173269506582731,0.20240481297784815,0.9977863072077386,-0.8948029259975095,False,True,False,True,False,False,False,True,False,False,False,True,False
-1.1665097896048588,-0.35796335854348993,1.0530274751151494,-0.27001568075315835,0.9392844857763473,1.2702838798467593,0.21075287530382733,0.3865432365414906,1.5871002502111717,-1.4564409537345793,1.0861031335087017,-1.7241714137985378,False,True,False,False,True,False,False,False,True,False,False,True,False
-0.6465903892739374,-0.9714293969527371,0.5256960265755884,-0.3407349388514496,-0.113738391470467,1.2718147775140454,-0.6143822467534112,1.6586770087439848,1.215080057495868,-1.5813013817222774,0.4926991728203404,-0.5335995222188631,False,False,True,False,True,False,False,False,True,False,False,True,False
-1.089751512134519,1.2957505923939667,0.838770974966689,-0.2959758622441303,0.43135767047129875,0.7790908117852289,-1.5551136069323452,1.0644904173978003,-1.6945971032358285,-0.4891526563471151,0.15633011404356764,-1.5022074413260094,True,False,False,False,True,False,True,False,False,False,False,True,False
-1.505521657511372,-0.38051015569249835,-1.3091690216107503,-1.7035883698702365,-0.07471901450857837,-1.2377057894154804,-0.31780829820074147,0.0160407484644663,0.030040522788827927,0.884466234721753,-1.322874178275904,1.2929441590587685,True,False,False,False,True,False,False,True,False,True,False,False,False
0.9301485878142831,-1.2484190725032325,-0.292949181716195,0.015036801986994303,1.3883100291475055,0.5134365746260086,-0.5492848383041842,1.2594796946644133,0.026285786154108627,-0.6647699095401782,-0.04394050070076136,0.17845526346133525,False,True,False,True,False,False,True,False,False,False,False,False,True
-0.31160427557731857,-0.7865901314570451,-0.26525025684295067,-0.23447593520641324,1.7350246036101535,0.9268591232516821,0.10194472939199448,-0.7060932974844398,-1.071035619861615,-1.050191635558609,1.0322600852636217,-1.3793147545571935,True,False,False,True,False,False,False,False,True,True,False,False,False
-0.7743243348059509,-0.5203923375815986,-1.5246320268312783,-0.07562029144386227,1.5891784498948403,0.031226264441985827,-0.25321993859368874,0.3792017685714317,0.2103181837498053,-0.28823533440094373,-0.8683773073731021,0.4493626367303778,False,False,True,False,True,False,False,False,True,False,True,False,False
0.2148617726345654,-1.362982053168522,-1.0736041907376683,0.30174990259889467,1.3216190569455053,0.11363641521293197,0.8894779443994595,1.124360256235213,-0.7644754164057622,1.3190009029035403,-1.6825396937530888,-0.43282918241758095,False,True,False,False,True,False,False,True,False,False,False,False,True
0.2884529511694364,-1.023189615960433,-1.3664377638508798,1.4710904611373246,1.4004050735202445,0.07456704822317918,-0.8045964107455337,0.3028668665635337,-0.7897743949003884,-1.119880995627455,-1.197701889416085,1.2902362577288178,True,False,False,True,False,False,False,False,True,False,False,False,True
1.5522559988126727,-0.10890902036607841,1.0505615716857968,-0.38687803545611965,0.5606588910030336,0.49840255865304783,-1.6354297504454929,1.2316948942506556,-0.7578519901526105,-1.0432945680846044,-1.228205035306795,-1.4046768951357103,True,False,False,False,True,False,False,False,True,False,False,False,True
-1.3758468004805187,-1.3336887182870538,-1.397635751217678,-0.8823475735752258,-0.32289608624401334,0.016844212182835775,1.5435502190217496,-1.7220864720746671,-0.6515019341824245,-0.34856664936284115,1.3618059992413574,1.1331331675153915,False,True,False,True,False,False,False,True,False,False,False,False,True
1.419907658917726,-1.3098269339158826,0.1582910502003832,1.3334041206507343,-0.5857679183311433,1.6919791643655229,-0.07889239213063805,-0.40400776716008935,0.13773716899246818,-0.1208797844131905,-0.21908762169875348,-0.9306403260889244,True,False,False,False,True,False,False,False,True,True,False,False,False
1.136916141197427,1.7449041037277546,0.9255409874000239,-0.7596984693782192,-0.16196118401780069,-0.3417048877855784,-0.35654292207582783,-1.0580008084760961,-0.3962805164951062,0.9200082647961206,0.023967213685951557,-0.9224309097419084,True,False,False,False,False,True,False,False,True,False,True,False,False
0.1274595765245662,-1.3763112141125116,0.813586627275683,0.6805923029524438,-1.3186462632160092,0.14680536814028594,-0.03141626206704745,1.6397772467622775,-0.693070719374212,0.7446842686930849,-1.0690972276530597,-0.6034136198079212,True,False,False,False,False,True,True,False,False,False,False,False,True
0.5617076164993857,1.0915887551193217,0.7795414064281904,1.3831662590406262,1.4307795623612738,-0.11682946180800616,-0.9933841114431184,-1.2874401991855453,0.428436741435034,1.7002560224869177,0.7705155644247665,0.5378442309926506,False,False,True,True,False,False,False,True,False,False,False,False,True
-1.4449958186390808,-1.466018882206009,0.7109986836480592,1.624295000215134,1.3755539739364162,-0.1650911806029461,-0.05388604886050923,0.2998194746423459,0.33386512696054005,0.7620215781544722,-0.1890430762342453,-1.6191974780520502,False,True,False,False,True,False,False,False,True,False,False,True,False
-0.14880925521426122,-1.1724311993851033,-0.22106579827602477,-1.2651568654633512,-0.5833841128110888,-0.21088733759636918,-1.432969978305396,-0.3073489574663917,-1.356270083473633,-1.1202299421731823,-0.9401944518503674,0.1254209805472294,True,False,False,True,False,False,True,False,False,True,False,False,False
-0.9148791112342425,0.18328971580090397,1.4795048582205574,0.7044773937684988,-0.6388724113479736,-1.533113159347435,-0.84991620997588,0.9409504073985142,1.2721575251740334,1.0495705957414359,1.3208163546685654,1.3706989376260788,False,True,False,False,True,False,True,False,False,False,False,True,False
1.1570646549012056,-0.8736586501793201,1.3296442840823286,-0.11585362425352631,1.4383271929796464,-1.229649643753382,0.9400265122898184,-1.7258055632887253,1.5993626225740996,0.6395214567998223,1.1680807538453513,-0.4273193550191536,False,True,False,True,False,False,False,False,True,False,True,False,False
-0.14667150427144932,-1.0367007285745802,-0.26116715430768467,-1.0191111477676211,1.2316221901538624,-0.2887109558198316,0.31359127170741624,0.5490341603752859,1.5175406887894183,1.6242353166411314,-0.8133265534053016,-0.7848513787777438,True,False,False,True,False,False,False,True,False,False,True,False,False
0.5856884219929093,-1.3540347799719645,-0.7110922695866744,-1.5281204163359299,-1.4337241752361305,0.3265946854577251,0.6747748796690032,-1.4118272163131325,0.02191504376529339,0.9300184492001315,0.08041881543939058,0.030294271619914784,True,False,False,False,True,False,False,True,False,False,False,True,False
-1.1699149071756543,-0.824946568108924,0.19751375536981974,-1.3538545554029433,-0.7871599609418579,0.4846191643249921,0.044928081350126894,-1.1072700608105515,-1.6548968590166433,1.1091709868017798,1.4329366660004625,0.9355330973416816,False,True,False,False,False,True,False,False,True,False,False,False,True
-0.9768962514859874,-0.1176977596332796,-0.1594312890933759,-0.09117662073634163,0.47307289411341086,-0.3548546179854158,-0.36496668720477715,1.653370499447598,-0.5513631979983479,-0.8120017569068383,1.3437394190891592,-1.3572539782456947,False,True,False,False,False,True,False,False,True,True,False,False,False
-1.261115326235867,1.670899388740118,0.9725231468142931,-1.212306470593496,-0.8606520886974909,1.6692143796917975,-1.5633837302544544,-0.8513330970317338,1.1913339496798503,-1.2403494053929949,0.922232475015554,-1.4562023787157963,False,True,False,True,False,False,False,False,True,False,False,False,True
-1.3800733349184493,1.1832810064615873,-0.7848699922273789,1.2988414972333173,-0.015910042886580066,0.15551734416506868,-0.6410936065974643,-0.3076357965802587,-0.06074247410074639,-1.5343074755566946,-0.7177428019057581,0.13760525379111505,False,True,False,True,False,False,False,False,True,False,False,False,True
0.7715496747256416,1.1678570636461696,0.7512068446266751,-0.5460150438503991,0.29637586619070777,1.186847831394495,0.979094871143128,1.2598496303367062,-0.095222181784248,-1.5180014468386025,0.6669716399451499,0.7579350256904838,True,False,False,False,False,True,False,False,True,False,False,True,False
1.716956348405943,1.1695693665880187,-0.8939317119350483,-0.6060006820189244,-0.28501243934229403,-0.2118945203124574,0.7519554905907944,-0.16252073268092074,1.1556649475030072,0.09745112085682675,0.1916958131766237,-0.5247944088517147,False,True,False,False,True,False,False,True,False,False,False,True,False
0.28739396130978917,-0.9866134043162269,-1.2268880540879035,-0.11743393581768677,0.15544311934696908,-0.4554435088812772,-0.7304010185682389,-1.273955011289692,1.09717894406508,-0.9031910652623043,1.1920005889182406,-1.1474961583660135,False,False,True,False,True,False,False,False,True,True,False,False,False
-0.0284115064610081,-1.4664859283672793,0.4295499740835355,-0.30242979086097754,-0.7957940233138076,0.05565642751345408,-0.35371419297424367,1.2509752655672073,-1.2813913121738953,1.7077070761033486,-1.6535837964971245,-0.3255141034246293,False,True,False,False,True,False,False,True,False,False,True,False,False
1.6759347043882122,0.7410028269427292,0.7450376167882493,-1.326702290941945,1.4391655937731727,0.1672479941985336,-0.23724021265452852,0.15977093076982124,-1.1344291586631896,-0.07691915123334739,-0.4162826849629181,1.4391074221332893,False,True,False,False,False,True,True,False,False,False,False,False,True
-1.0816898698935842,-1.5567397828663376,-1.030443366976463,-0.3137113522037217,1.7284733904948713,-0.3674339186489838,-0.760292998220597,-0.26840928941871117,-0.35904491644969766,1.7158182559733703,-1.4116882336203689,1.5304250953988818,False,True,False,False,True,False,False,False,True,False,True,False,False
-0.057444853440551204,-0.22918498945537624,0.2711026746119305,-1.658507773649793,-0.3203930642506832,-0.5569985330377696,-0.9000640635870193,-0.9677509126221241,0.3573221969212857,0.7346405106887635,1.001050526935837,-1.6026369992106535,False,False,True,False,True,False,False,True,False,False,False,True,False
-1.2752753693507548,-0.5201847010648531,-1.0624677038981656,1.0138136671540083,-0.9602977742428607,0.06533502444409371,1.6504859016451736,-0.9737652548425367,0.4842237095285159,0.4558875035709006,1.5378699160940832,-1.250664142391473,False,False,True,True,False,False,True,False,False,True,False,False,False
0.2827757664048428,1.4253213929752266,1.2955105155121662,0.9677216477850535,-1.5380209657458974,-1.7369287313953008,-1.629542523081542,1.3235680026147958,0.851329291868805,-1.301690306329831,0.01976952261078217,-1.4179645321573695,False,False,True,False,True,False,False,False,True,False,True,False,False
0.4756999039317766,1.5052188007061256,0.7825553774474939,-0.5761896025150929,1.2723486556439239,1.5510883290078947,1.354858838469847,-1.0358219724475246,1.0732194402038746,1.6499838594293843,1.270161578861742,-1.4142673505060692,False,True,False,True,False,False,False,False,True,False,False,False,True
-1.5297427028669734,0.3042945793773645,-1.6566944986931136,1.5040738400548024,0.1503678058630843,0.1361681228713123,1.714879586045826,-0.7217317287086579,-1.358693505463081,-0.15098186676027256,0.5407186206864173,0.49127007216312546,False,True,False,False,True,False,False,True,False,False,False,True,False
1.6331035429283822,-1.2503297299804388,1.6538685744103363,-1.238534149310456,-1.1673460268044185,-1.7145377081135948,0.9844346648272044,-0.7397314142308312,0.5626638628380832,0.11114109973673571,1.5505703937933717,1.1880333643726402,False,False,True,True,False,False,True,False,False,False,True,False,False
-0.6595743196496838,-1.38987090919166,0.682251854582262,-1.042923877626948,0.9599040761023321,-1.6596944528786606,0.9588259129001252,1.5810897466482163,0.161581744170115,-0.8267343588336875,-1.0519453237362066,-0.06006782317071627,False,True,False,False,True,False,False,False,True,False,False,True,False
-0.7589665342816866,-0.9127072416662654,-1.001260734328807,0.9687577546003971,-0.6429978675910237,-0.0904511657861,0.15697358615137616,0.4453925097909985,0.7608290044240177,0.058668637898142674,-1.0070645521250665,-0.809645374157094,True,False,False,False,False,True,False,False,True,False,True,False,False
0.7099207046192163,1.319388951487169,1.311790140744987,-1.2329011081503405,-1.5638729632920954,-0.24866012269973103,-0.12828606738187556,0.4965994006556934,1.4208119647560489,-0.3372257385045052,-0.7409579725845279,1.5885927493201173,False,True,False,False,True,False,False,False,True,True,False,False,False
1.6835198573586794,-1.1164831810864362,0.06214777095622603,-0.40914633002328543,-0.10387867599437862,1.453767393261153,0.4459019586574008,-1.475852160308888,0.8087816513830999,0.23815850662459664,0.21092824305623814,1.1377190633268521,False,False,True,False,False,True,False,True,False,False,True,False,False
-1.505215002382116,-0.07977598791400203,0.7623629787529209,1.144733590725338,-0.2109813102138012,1.3341859872236992,-0.45482423065141353,0.7398799374536655,-1.413881335886298,-0.6818610149165106,1.2506551346065606,-1.2078557136850878,False,False,True,True,False,False,True,False,False,False,False,False,True
0.971339047100525,-0.24567397863141321,1.361341984907172,-0.8637287083236646,-1.4328575756171131,-0.19387659713517125,0.4279736759332119,-0.9489991067600528,0.2608105559144664,0.03141150114641522,-1.7351695432526708,-1.3564072068574662,True,False,False,True,False,False,False,False,True,True,False,False,False
-0.0833618228867569,-1.2235768294696727,-0.609578124749974,0.301390984449577,-1.217717861547577,1.1322901400844387,1.7041539694773362,0.8689541760046243,-0.7217407360904498,-1.61357555348754,0.3094488269786586,1.0086270402174666,True,False,False,False,True,False,True,False,False,True,False,False,False
1.5566154633481288,1.685466673802897,0.6140466122148217,0.37526643808989885,-0.389792036231787,-0.5248092787367036,-1.600970952721245,-0.3337670940636376,-0.09323016019549553,-0.3352876401556452,-1.7424456474719954,1.6361967413824081,False,True,False,True,False,False,False,True,False,False,True,False,False
-1.465939484222071,-0.35284935854280913,-0.3260747417959307,-1.3699628861734092,-0.010972093263532653,0.5365583888044887,-0.3150644288530618,-1.3009021440407567,0.6306998621507953,-1.5037485137220608,1.7198776618509128,0.9585082102203751,False,True,False,True,False,False,False,True,False,False,False,True,False
-0.35360668900117853,0.6931660772472255,1.327424340879354,-1.6881559131375465,-0.11892626322564646,1.4458835389325742,1.436337910402874,-1.6254676018480885,0.8484800013002449,-0.6407931381601124,1.5235105847133947,0.0031026250326590533,False,False,True,False,True,False,False,True,False,False,False,True,False
0.5859840012298208,0.21825488139211985,0.47582228474675137,-0.7585011108798776,-1.7040094579140448,-0.591466149505532,-1.592058841704189,0.14020399891681903,1.2742668889917892,1.2165790754201937,-0.38068772886877256,1.177223520728244,False,False,True,False,True,False,False,False,True,False,True,False,False
1.1767832566481864,-0.6004333706654312,-1.2555807553976512,-0.21412230583947695,-0.4377987906638011,0.02806286708302197,-0.24462728875278802,0.05176167826320826,-0.6666010465552237,-1.475278357052067,-0.08512027198133028,-1.7325222834490541,True,False,False,False,False,True,False,False,True,False,False,False,True
0.6156387513201459,1.147699310538231,-0.9207459854900676,0.4588736916669675,0.9949001390315743,-1.5668657051169856,1.2146680837372863,0.35360296223955817,-0.2716825221968868,-0.558697604285872,-0.9285709049821115,-0.11238658298658254,False,True,False,False,False,True,False,False,True,False,False,True,False
-0.7980318292986323,-1.658230409270704,0.12767010550908794,-0.4332182971168921,1.138910459832326,-0.96805384433321,0.8602050552603044,-1.0782989793132676,-1.2771072826754573,-1.1496450783130272,0.70753081578445,-1.103812348919248,False,True,False,True,False,False,False,False,True,False,False,False,True
0.6829985863869237,-1.3204798096134196,-0.09435079937271212,1.1258114727328354,0.3864923432082916,1.0988409690154795,0.6923159761360649,-0.782619303762866,-0.9193052805076831,1.3582872061551226,-0.7854644023858051,-1.052827168949938,False,True,False,False,False,True,False,False,True,False,False,False,True
-1.1488360747627198,-0.07135587305121123,-0.3924431865039857,1.4720746700518499,1.1092472415634436,-1.1417319517181268,0.3463325200041275,0.06647506679184392,1.0307331319034096,1.198781122960405,-1.61053546552068,1.260244367879112,True,False,False,False,True,False,False,True,False,True,False,False,False
1.2276362034700934,0.45241572716497847,-1.19373035010424,-1.6087495115383277,0.1408801716420016,-0.23642093935850414,1.7282319351514022,1.0679390090256764,1.3360486281442359,-0.49740334682013276,0.8023804202437724,1.2492737341747886,False,True,False,False,False,True,False,True,False,False,False,True,False
1.4941280631787561,-1.4004617572120297,0.7966866105497118,-1.1074227185240701,-1.4335633404110122,0.5183997402159892,1.573016457465716,0.8615675195744019,0.8385954455018342,-0.11559650926135284,0.9418401193377269,-1.6468739123113951,False,True,False,False,True,False,False,True,False,False,False,False,True
-1.2319347927526167,1.2614720408650508,-0.8216756721998185,-1.4100557029237126,1.3276075784672043,-0.8423720662658242,-0.22042909554640175,0.08178254553879695,-0.9813425233337322,-0.7252626967891506,0.18568892284684993,-1.0529847279400288,True,False,False,False,False,True,False,True,False,False,False,True,False
-0.43248715546325733,-1.1837219750298142,1.597460655683858,-0.15373299876090293,0.7930793924476276,0.32744446660604526,0.952174535748718,1.678403853023357,-0.7318567616662032,-1.0221427309133821,-1.4682140684872433,-0.8634154253049156,False,False,True,True,False,False,False,True,False,False,True,False,False
0.5792291569189177,0.06078626908196051,-1.0940278662223015,0.777358304788305,1.0325065349566365,1.1845434348446366,-0.3359571265360471,0.04261418816795891,-0.5648128189428779,-1.6484392863461743,-1.745824657595239,-1.3872433753837985,False,False,True,False,False,True,True,False,False,False,False,True,False
-0.9460992824477649,-0.24252155353819693,-1.5148420899429431,0.48739221134067306,-0.4924587787054504,0.96724062525377,0.4506946020903248,0.06898984969839952,1.6394469795495017,-0.3781969685201663,0.31838421721651655,-0.23813448295743286,False,False,True,False,False,True,False,True,False,False,False,True,False
-0.9721522149717434,1.009423695447359,-0.6470807961361201,1.5092057296727348,0.33184465230170485,-1.1343972573510792,1.4902110359579472,-0.3266492655301043,0.35058579309470816,-1.6338090262708558,0.598420543923029,1.0023304900698173,False,False,True,True,False,False,False,False,True,False,True,False,False
-0.2822313709083081,0.893097854196294,-0.93269600097811,0.6793447987487077,-1.487284965167003,0.45430855516029445,-0.9058506375562089,-0.7098351081893834,-0.6879368669201833,-0.031042359313835963,1.3806399894160497,-1.040958220997268,False,False,True,False,True,False,False,False,True,True,False,False,False
1.127260156123014,0.6340579505273819,0.09719382092474853,-0.06176504356817051,-1.5321690100419694,-0.23406113197326847,-1.0735996865511286,0.10407871430548708,-0.8589310993898187,0.5186971001138704,0.8842615360860462,-0.8848888014234845,True,False,False,False,False,True,False,False,True,False,False,False,True
-1.3592326721783146,0.21416781172099764,-0.1171065317742817,-0.012621994050962435,1.6677223812498945,-1.7167077867575906,0.09151041862757749,0.30652197307773754,1.4770444554639204,1.571414916468852,-1.3976389831690321,-1.4982758289460678,True,False,False,False,False,True,False,True,False,False,False,True,False
-0.8761884217236693,1.0439671511574424,1.116940905612815,0.787775988071548,-0.012491108051581051,-0.3111001263379867,1.000983059113365,-0.4762661904861191,1.6043636010187121,-0.14187300860804863,0.10313221944608406,1.041885902371508,False,False,True,True,False,False,True,False,False,False,True,False,False
-0.6402201578835349,-0.19700020943070523,0.4369437463898632,-1.3759359746246798,-0.8303292400433788,-1.1545654865382817,0.44112555973212575,-1.3969431805370685,0.5607940350783316,1.6043964494131902,-1.1069508865771185,1.261387815177018,False,False,True,False,True,False,False,True,False,True,False,False,False
-1.4740152740051669,1.5787002692307266,0.06374228731556485,0.44128694459161855,-1.1315112960212168,-0.197782302533283,1.4804408610155741,-0.6294512493615736,-0.2291712237400391,-0.43951415214456896,-0.7146944431351016,-1.1866111827257555,False,True,False,True,False,False,False,False,True,False,False,False,True
0.5705288380835981,-1.3966622297204891,0.8389626419969594,1.556605259713447,-0.7825731092450696,-0.6119450096203264,-1.6662054716459114,-1.4075786526604943,0.1374224522795418,-1.6060817149272801,-0.746977560779374,1.4041052729990244,False,True,False,False,True,False,False,False,True,False,False,False,True
-0.4349109753601229,1.281777434805974,1.5303471043338819,-1.7135746476177665,-0.6168306687316254,-1.3228937394145424,-0.5565920562525782,-0.7984698725760314,-0.8222369192729314,0.5334046023277195,-1.564899353718627,-0.8029802700201344,True,False,False,False,True,False,True,False,False,True,False,False,False
-1.3359890200394997,0.07374830605749524,0.1428525865347684,1.1089829718719055,1.4808817219099224,-0.7325524618204144,-0.36094779553286627,1.5934725536113779,-0.9192792700796785,-0.12296060384912384,-0.9455635825756725,1.6606542226897296,False,False,True,False,False,True,False,False,True,True,False,False,False
1.116052275594218,-1.3559783474330427,-1.4663843215070096,1.0490592671491965,-1.7658032956536276,0.4599220344892417,0.011801316396420963,1.0106109815448885,1.3171182845452676,-0.43239016264549346,1.6074751537402716,0.6781059693391414,False,False,True,False,False,True,True,False,False,False,False,True,False
-0.3971251220992292,0.08449775829267708,-0.0967302101677896,0.08205845624509694,0.21632260780678902,0.25678160046573406,0.1209797485211276,-0.4991895790291337,-1.6635304258242396,0.7876828504159753,0.5654749334806164,-0.8969683194743729,False,False,True,False,True,False,False,False,True,False,False,True,False
-0.4707503784231035,-1.3656634836837944,-0.9210398545946233,0.9422360786265975,1.33252667341802,1.6564139726294818,-0.5198235586586342,0.28479253246417524,-1.2483818159182767,-0.5980352705414492,-1.1151194288598323,0.274688364438589,False,True,False,False,True,False,True,False,False,False,False,True,False
1.2003849398636812,0.548344285016699,-0.6208326122787742,-1.648948472571025,-1.2506893380343034,-0.9944235722450816,-0.8385217193765239,1.385329095714201,-0.41741336969485954,-1.1180320793018619,0.5076923193831456,-1.4288148407244352,True,False,False,False,True,False,False,True,False,True,False,False,False
-0.21666997262978338,-1.612919530043228,1.132873545325955,-0.6538988689236036,-1.0558273353624,-0.21951193529983365,1.2862191756938386,-1.4943168275294283,0.6395661839093073,0.6545774405147218,-1.6178012097010501,-0.13476815566123793,False,False,True,False,False,True,False,False,True,False,False,True,False
-0.9454948599691069,-1.1447250137944367,0.272313794775921,-1.6694758612201555,-1.4181970542072757,0.8919750204536941,0.1211367553772197,-0.24173808632051547,-0.37057463903047305,1.2605193291585242,1.6978258218602817,0.26858255397754766,False,True,False,False,True,False,True,False,False,True,False,False,False
0.6530955355169432,0.14008533708305101,-1.1829352231825299,1.5926637533910848,-0.6075637077756664,-0.6664039185111502,1.4168898352218045,0.76895318442137,-0.6447730188481172,-0.4651305249288464,-0.7903763526406475,1.5151775610434826,False,False,True,False,True,False,True,False,False,True,False,False,False
-1.096863263264037,-0.21878573811886867,1.1752265242448696,0.6900961732829715,-0.6790949343940454,-0.6221624599401829,1.2092284298195681,-1.0664926546537237,0.44093072564745345,-0.33322542127494725,-0.4657526094119229,1.3679205611711227,True,False,False,True,False,False,False,False,True,False,False,False,True
1.106430358209605,-1.4873609043403833,0.7264983004502463,-1.3000216747798132,1.3382705352264483,1.578762047672722,-0.21074505200452326,-0.015780784241779273,0.3454444499414896,0.947755950647312,0.9011930307576639,-0.4170673545099808,False,False,True,False,False,True,False,True,False,False,False,True,False
0.9554239153331233,-1.5959549669764057,-1.192719485681892,-1.2675723788609716,-0.9852876450455299,1.0397712360798033,-1.3782908604278272,0.4783052181853578,-1.4349614120858942,-1.38445777986049,-0.48674343311606716,0.009217046351933305,True,False,False,True,False,False,False,True,False,False,False,True,False
1.0734630929663396,-1.604148206347975,1.2880637395191308,1.5793017070527477,-0.420482250770612,-0.27077996266749427,0.6063013021204733,0.33225951072386234,1.133923809889077,0.3537632876609136,-0.5596474598794853,-0.25776799673984274,True,False,False,True,False,False,True,False,False,False,False,True,False
0.18698695031201457,-1.25747086833995,0.9479031627469611,-1.5393658874030587,0.677951817516774,-0.027189841184102337,-1.1665078354808913,1.5022042239111535,1.5131737250445625,-0.7692908628336419,0.5475230382491437,1.6285133987186649,True,False,False,True,False,False,True,False,False,False,False,False,True
0.9626861866770215,-1.5188202092232472,0.8471481258009236,-1.52739589409539,0.058580611792896614,-1.3490645259957388,0.526782091194386,0.4522514147383433,1.154156115486728,0.35614673799613333,-0.16806022498590145,1.1061882093937747,False,False,True,False,False,True,False,True,False,True,False,False,False
-0.21244355506400214,-0.6176413122137844,0.06074848642302864,0.9627623627228049,-1.3858728194395795,0.23574721731584003,0.5788604004832506,0.49938721473012215,-1.0377734816627868,-0.4394208322721355,-1.6697671270849257,0.5766063645396944,False,False,True,False,False,True,False,True,False,False,False,True,False
-0.3166360142368572,1.697598990793094,-1.5203209201463246,-1.132299000086052,0.19942349636062517,-0.4993095632540204,1.1718610625370447,0.5523835487737184,1.560736226534627,1.637363931906829,-0.9752190375784795,-0.693264441764136,True,False,False,True,False,False,True,False,False,False,False,True,False
-0.44035221189476037,1.5399529869365607,-0.25973693264280084,-0.4901259278917707,-0.6397855808337394,-1.3857335087342866,-0.9263341722330989,-0.36446435565292173,1.3766858810984053,0.6637690931314782,-1.1647469687354095,-1.131346309420721,False,True,False,False,False,True,False,False,True,False,True,False,False
1.4762599288499971,-0.8661291632783575,0.6185814890731598,0.9526564095432257,0.9839544863758165,0.5250160493466057,0.42174669788340646,1.2502223780740536,1.103693780469624,0.6488839115053685,1.24818024936124,0.08182858082448889,True,False,False,False,False,True,True,False,False,False,False,False,True
0.958371988872647,-0.5221979422499805,1.4912729362483539,0.44779950512591493,-0.37182450989126076,1.4299165479419969,1.4219110118514842,1.2305667232650646,0.044273965538240354,0.8747175905943537,-1.0970316397808475,0.46123212047679457,False,False,True,False,True,False,False,False,True,False,False,True,False
-1.1681607764729127,-1.6456855286027325,-0.2676161101314956,0.4655719187743067,-0.6335809511450421,1.2688907236550058,-1.4371577819470984,0.5433676336229553,-0.9522514535218594,1.5637648539077524,-1.4001641010032444,0.5256876952288699,False,True,False,False,False,True,False,False,True,True,False,False,False
0.823145824185122,0.5257567626816553,0.7311776514535353,-0.36761192484076255,-1.1064263582390308,0.0071029162456430085,-1.2285737221094553,0.5939658825110294,-1.22166530132433,-0.10127197138182778,-0.8579677927671577,1.0228537784099363,False,True,False,False,True,False,True,False,False,True,False,False,False
0.7252071449855535,-1.1874045154407098,1.649557573873568,0.3378517566223768,-1.1352106210893054,0.137068787290841,1.169732760281639,0.8491846452269963,-0.5029683151163391,-0.05878459179456129,1.2013247653795314,0.7261170519023459,False,False,True,False,False,True,True,False,False,False,False,False,True
0.8649741842575477,0.8987242373418277,-0.9976491634232857,1.0881809919446674,-0.3766111015049047,-0.665008662059618,-1.4926027655725742,-1.5048452766926315,0.7669623136110841,0.5439759273900638,0.594964328632233,-0.00835693487793146,False,True,False,True,False,False,True,False,False,False,False,True,False
-1.5867993604357338,1.4362746849862298,1.1237734175913372,-0.4432457600910182,1.6126820143057583,1.4191757462405352,0.6900807382178072,-0.19073937073898747,0.850286051324539,0.7444491692757672,-1.668478541569451,0.20178972058132075,False,False,True,False,False,True,False,True,False,False,False,True,False
-1.2899820278344079,-0.08888448695830711,1.6490125246061484,-1.1535310770035607,0.4042084476823299,-0.8764581292891108,-1.046157307710998,1.0091481355092475,1.2098624414294912,0.752772465429754,0.24113894897787055,-0.29302694840587007,False,False,True,False,True,False,False,True,False,True,False,False,False
-0.9936442392015234,0.3194958131263218,0.7527492051606024,1.0274852847238032,0.3448847950363712,-1.2240937172861557,-1.3960800545617793,0.9988069546803534,-0.8435736788335989,-0.8867094361193116,-0.11238200886563952,-0.7053656144831434,False,False,True,True,False,False,True,False,False,False,True,False,False
1.0231671594252911,1.6569759178236558,-1.6636561781437627,0.997965352643545,-0.5914031687472127,1.56093793963246,-0.6900085979074982,0.9998559488021685,1.47208433807022,1.290441105851549,-0.3481200465213307,-0.3864707829598566,False,False,True,False,False,True,False,False,True,False,False,False,True
0.917207586611349,-1.5460309823626297,-1.3695268689124431,-0.45797733441739114,1.1060359636466137,0.8810063751003038,0.14059065697101875,-1.2801831283334721,-0.13076163899361576,0.2800248418927649,-1.2080664388799636,-0.5239192430094117,False,True,False,False,True,False,False,True,False,False,False,True,False
-0.7241941413978535,0.8475840871589628,0.6796080569035734,-0.7422173006280235,0.3285866744868177,0.1509030498699249,-0.9694017169517696,-0.011613610369231005,-1.2183241324266636,-0.4126514438289265,0.8974715609899947,-0.9931095654477888,False,False,True,False,False,True,False,True,False,False,False,True,False
-0.005456289744730791,1.3833357234688484,-0.9187452127215292,-1.2413775028734984,-0.3423140386237372,-0.09811712981056488,0.8937307212056973,1.1936490459831246,-1.5048748458664822,1.3900161847289925,0.6282957656855602,-1.1963658390603824,False,False,True,False,True,False,True,False,False,True,False,False,False
0.23867041931935828,-0.9140816152547827,0.22415938259872573,0.9192038941952649,-0.5440761659949087,-0.8579360313544933,0.4421706978764194,-0.2895068031779812,1.1071218754811323,-0.7468625162202854,-1.3260560773169126,1.2626524493682751,False,False,True,False,False,True,False,True,False,False,True,False,False
0.25781876363167233,1.7075710874090813,1.1131909334963919,1.4177291230725069,-1.2484442832399474,1.3583999112302936,-0.04403658127197733,-0.5329914574508277,0.2693390963308522,1.3921480879378605,0.9114083089368233,1.1474880557978449,False,False,True,True,False,False,False,False,True,False,False,True,False
-1.3988690154292962,0.9013856010658153,0.4095455126834081,0.5127648249814509,0.657112904888189,-0.6050527296809728,0.869079313685357,0.3785543419654738,0.3483666313453166,-1.2896547458264902,-0.08017757640173795,0.4259401697160975,True,False,False,False,True,False,False,False,True,False,True,False,False
-0.9012702458028268,0.7573587538379941,1.136281863958566,-0.9619656363011382,-0.42853224827295344,0.9379067389175546,0.9772100182961865,0.9895871242087616,-0.047785880248631285,-1.4857930549769574,1.4761598939449299,1.0499451810527924,False,False,True,True,False,False,True,False,False,False,True,False,False
-0.26394330724608606,-1.2910268419135653,1.238233160818251,-1.4495191907133442,-0.9655847330098984,1.0974602893164336,-0.6245534649916072,-0.1809010074400243,-0.8796643949797619,-0.5710237536061827,-0.6063653226576577,-0.37495411275490165,False,False,True,True,False,False,True,False,False,False,True,False,False
0.726681112375718,-0.323512823501841,-0.49762790754621805,0.8209811622356319,-0.38531623037195306,0.5676163897609099,1.712794640707229,0.1637373234655938,-0.7873123120862174,-0.16575721583167272,0.09493962222309704,0.5924527829765237,True,False,False,False,True,False,False,False,True,True,False,False,False
0.4173852746983255,0.3730660811766205,1.3116363787656595,-1.2862358463823438,-1.1634929304424524,-0.7331046989802019,0.14475226617135983,-0.15188396637913212,-0.20277620769324897,1.399329367526987,-0.635742684108136,-0.1336949985106346,False,True,False,False,True,False,False,True,False,True,False,False,False
0.5947756993086231,1.4631816810649398,-0.39105407571607326,-0.6557319028901774,1.4146508828927349,-1.2382779610532058,-1.679052260029559,-1.1889102063725325,0.4623655898333321,0.25331156546592515,1.5575842003826437,0.1946720833091019,True,False,False,True,False,False,False,True,False,False,False,True,False
0.4856510607493019,-1.6304182688842515,-0.3969923812841129,-0.012263264165803582,1.3589306870006879,0.7154975571923354,0.36029547002192785,-0.5274278169894541,0.1065848939454538,1.7197493277402973,-0.11760676542070361,0.1752455283067976,True,False,False,False,True,False,True,False,False,True,False,False,False
-0.5569400837303986,-1.387702747749056,0.060226521144050395,0.27475858163031475,-0.2630226964028466,-0.2738450394063668,1.6030044097268605,-0.9668534248696168,-1.3601378554073151,-1.0376205554854034,-0.06452875148446886,-1.2889172726704072,False,True,False,False,True,False,False,True,False,False,True,False,False
-1.236995981998249,1.3581580442297247,-1.4929399113657904,-1.031617764900029,1.7266542928681927,0.3032317540531985,-1.6940799081805504,1.70790458558929,-0.39774013814858955,-1.5787116529513003,1.2062469511590903,1.1868909358636412,False,False,True,False,False,True,False,False,True,False,False,True,False
1.7133158873239502,0.6738298068721114,1.68957072037238,1.5899966739539964,1.3144662924654298,-1.3482185162950109,-0.7131601303101871,-0.8055225398132898,-1.0540443224206812,-0.6586567701228272,0.391505223137649,0.06793587593683635,False,True,False,True,False,False,True,False,False,False,False,False,True
-1.3197021472885413,0.039899387023841285,-0.1424910303262512,-0.6322907015023757,-0.4506232763435646,0.37181693880410277,-1.6561094481448333,-1.3449531585257462,-0.06515285194935885,0.9106595229717741,0.914406651495193,1.599393153465503,True,False,False,False,False,True,False,False,True,False,False,False,True
-1.0450697403356624,-0.8009329283202459,-0.4123718752069817,-0.5313350470656224,-1.4509166854836097,-1.6655916837581752,-0.06461735590587887,0.42946920965231994,0.14709474988600707,1.1450877905886065,-1.2219288370414676,0.7930402282955797,True,False,False,False,True,False,False,False,True,False,False,False,True
-0.06377120056596995,-1.116073565088696,-1.2358546572633755,0.23688058156461106,-0.6464787482322183,-1.741356700756028,0.8871426295576954,1.1136950201702573,-0.6641582941799077,0.4077023839543188,1.4578245670204508,1.6105029259738395,False,False,True,False,False,True,True,False,False,True,False,False,False
1.4741083494700744,-1.366703168565664,-0.30707508358121877,-1.593606296295661,1.181416001016391,1.2268972529524118,-0.9889587115650149,-0.12942801281103355,-0.8613715582407203,-0.43324512619136196,-0.3145747296277897,1.0574840489245718,False,True,False,False,False,True,False,False,True,False,True,False,False
0.276936172605519,0.7409697796474675,-0.8613453056493938,-1.4560004552606858,1.5631187438544023,0.43831635157448695,-0.004773362834553089,1.2647760335164286,-0.7684735783660502,1.2375165445448504,1.295049451075325,0.26870111787356155,False,False,True,False,False,True,False,False,True,False,True,False,False
0.5127129554742521,-0.8975938488839049,-1.4370971561987744,-1.315478941871355,0.5671061757598754,-1.6598314764562416,-0.7338640665074944,1.5631360724882495,-0.4797210274557796,1.4564670423991783,0.6181074821753856,0.2465714952648571,False,False,True,True,False,False,False,True,False,True,False,False,False
1.2806416178928828,0.9260918114722239,0.20516187794762192,-1.02954200921717,0.6731810429666553,-1.3488663075026905,0.41069966713521067,1.2889121434796083,-1.0676672118789774,-1.5707048423038843,1.2944909008453709,1.0962635959659772,False,True,False,True,False,False,False,True,False,False,False,True,False
-0.8166443088848291,0.7147501984567086,0.6157392353617651,0.6318001676036045,-0.6003596362734123,0.2570597229869542,-1.502368761025007,1.2016198032912695,-0.5608839164406222,1.1776781892743415,-1.480805903039708,-0.8508061445155882,False,True,False,False,True,False,False,True,False,True,False,False,False
0.09808238388330116,-1.1791540161114296,-0.66893488819939,-0.32124645241591177,0.5332672301349419,0.4649134949721416,1.0948620999540832,1.3109384876648313,-1.6119039849948156,1.0549049169580975,-1.6362487687248704,1.5078280116565528,False,False,True,False,True,False,False,True,False,False,False,True,False
1.066587851865717,-0.12033579075816601,0.9389058550154753,0.8723712361287524,0.33017436508348275,-0.14346100157412156,-1.6683627389888356,1.5217802344646858,-0.539137652075355,1.0013049937022345,-1.5912194182588622,-1.2561957844424598,True,False,False,True,False,False,True,False,False,False,True,False,False
1.5093295215397335,-1.3115749097775908,-0.6767084705803158,0.2944940781131647,-1.7271385163951327,0.7322617128206844,0.7540314822061895,0.9857983240449226,1.1745056756261507,-1.7012670051773757,-0.3323665133797904,-1.5464941778001566,True,False,False,False,False,True,True,False,False,False,True,False,False
-0.4845018376727082,-0.6816030387420787,0.19455878148907754,0.6481384318745891,0.3377797766694021,-1.742666675132851,1.0133634905780666,1.2751621713030847,0.1297656587147353,1.4169503143974336,0.20195127592124718,-1.1261568356383922,False,True,False,False,True,False,False,False,True,False,False,False,True
-1.3346943084341196,0.19628250062973385,0.2668828976100161,-1.4215247457009603,1.1647600354450023,0.6523006132260679,1.5414848772220873,-0.21750108749699548,-1.5920261809045664,-0.3296728548793638,-0.08291122141994929,-0.8171236787107479,False,True,False,True,False,False,False,True,False,False,False,False,True
0.36846044980660914,1.1128175287753783,-1.3976191274920786,1.1676911204481342,0.5256113435063036,-0.3705945794767104,0.14234564082061235,-0.19968196538321936,-0.626396929168009,-0.13394777467834484,-1.1439228402101251,-0.46011528084552955,False,False,True,False,False,True,False,True,False,False,True,False,False
0.2600651635277025,0.26574635067065455,-0.14948270156398522,-0.6047949155513268,-1.4680744140571331,1.1203130778900825,0.9389174062387268,-1.390861453513189,-1.347165883953946,1.5510789659855424,-0.10258935826654272,-0.4266566976294273,False,False,True,False,False,True,True,False,False,False,False,True,False
1.6703487686836853,0.03463713549934585,-0.6187176786777682,-1.1025587508182169,-0.5719797872452701,0.013805335626489383,0.4726304924938664,0.8447544406392402,0.3211751328026857,-1.2309832530020033,0.9209110029120352,1.738804067154767,False,True,False,False,False,True,False,True,False,False,True,False,False
1.5189426701577404,1.0483709720382257,-0.3123743030710556,-1.5150699155187708,-0.1891037480206064,1.3660612074945957,0.3443970973977747,0.5851091269603873,-1.5506208705755977,-0.7190826362732446,-0.6068746717308099,-0.38940915424802297,False,False,True,False,False,True,False,False,True,False,False,True,False
-0.05141977205690039,-0.449341408042147,-0.26363062709413215,-0.6956460726063318,-0.13813439171519568,0.16157906454841656,-1.475782690925626,-1.3443952922942446,-0.6337086469594209,-1.2156503365492144,0.11048897482564653,-0.8277000466044515,False,True,False,False,False,True,False,False,True,True,False,False,False
1.1256027825513348,0.7652109245103296,0.8012768639831763,-1.538340870230023,-1.0304819158784697,1.4470264884146256,1.0160357475680182,0.510510691355978,-1.6989711307719706,1.5130908715653764,1.5306399553980785,-0.20164573686188983,False,True,False,False,True,False,False,False,True,False,False,False,True
-0.8937247414284059,1.2410515773183057,-0.6665131823977365,-1.6746084358520645,1.3825407597509904,-0.2167562658181659,-1.5965877057846858,1.277470580218455,-1.112679163713397,1.2459869273885458,0.6949687362112622,-0.1452144366991275,False,True,False,True,False,False,False,True,False,False,False,False,True
-1.5780735337515928,0.7441820189234643,0.2608696800997183,1.191453870034501,0.4336900176437722,-1.2494523607718415,0.9251869678361849,0.9896591307016366,-1.1403211200900252,0.6244551119095826,-0.4079034001957847,0.06393033430175421,True,False,False,False,False,True,False,True,False,False,False,True,False
0.2743314939606909,0.7689389105490695,-1.3574793432585415,0.3898021645993142,0.47227010449156354,0.1034435595043058,-0.9222286876234471,1.3751802806680906,0.4810928834115587,-1.022181917650938,-1.1584773854867156,1.4488747600384304,False,False,True,True,False,False,True,False,False,True,False,False,False
-0.06124292478273424,0.06445732504321126,0.8499393576370335,1.2704330950456402,-0.1574557163926011,0.4815975091648034,-1.0074995825353559,-0.1390612969364658,-1.274457321820507,-0.006148850027477911,0.8089313927932344,-0.15488636187194726,False,False,True,False,False,True,False,True,False,False,False,False,True
1.6615551974743927,-1.1595987172425353,-0.05384532761372502,1.2211278364795126,0.08419502629168674,-1.4898581142530096,-0.4637972317228537,0.42816115850351155,-1.4372797625734512,0.3810199100092473,-1.2240469112217836,0.052938283019170994,True,False,False,False,True,False,False,True,False,False,False,True,False
-1.6547367784164515,0.06268992132575908,0.8471999778141412,-1.5930866353670499,-1.5969521596304923,-0.3084411334090149,1.1184349282003891,-1.2770082825222597,-0.2850883991640957,0.9252431238744977,0.4270224925277706,1.422890719279048,False,True,False,True,False,False,True,False,False,False,False,True,False
1.6311790121168686,-0.9238937806690799,0.08778456896108482,0.46325814701891477,1.678364991348521,0.32175709347030473,1.109592617857232,-0.2762326965192825,0.04816636271909836,-0.17058392904781278,0.5456865688590038,0.8384204290107125,False,False,True,False,True,False,True,False,False,False,False,True,False
0.23663390228968875,-0.411698577600821,-1.22414103738256,0.1188996437693627,0.10034793564777687,-1.318030939315178,-0.44294160241655944,1.3567400305084185,1.1486948063012878,0.20291289110833172,1.713433882993625,-1.5245580875401927,False,True,False,True,False,False,False,False,True,False,False,True,False
0.5251429828387408,-1.6388347197057218,-0.8161839443913433,1.3410549160379295,-1.1254744334559093,1.077431298699607,-1.1065790937825084,-0.8402131407960572,-1.6424509186466165,1.5658041407813887,-0.0008001352239574487,-0.1202323887762959,False,True,False,True,False,False,True,False,False,True,False,False,False
-0.8531248239270461,-1.2595056800006121,0.4249541539134949,1.6076687663453613,-0.28870747856972784,-0.1106017806899755,0.3787016822490241,-1.4747521631411058,1.2644705196036297,-1.1508998931450152,-1.0732479402816855,1.654111553031887,False,False,True,False,False,True,False,False,True,False,True,False,False
-1.0169106188448012,-0.9270055478057896,-0.881028625984994,-0.4757828175020695,0.6141012196594459,-1.461610666310041,-0.40210398304351835,-0.23445674159820146,-0.5506416190086519,0.5299567866271963,0.3051592184564508,-1.6143825935294582,True,False,False,False,False,True,True,False,False,False,False,True,False
1.6090651303516885,1.617656398542737,1.52910589873452,1.2012814881455987,0.9666708069191646,0.440086876012947,0.27642134504682847,0.6891548388673816,0.02912634386557867,1.3711336926553785,0.7602140654133448,1.3791741850937385,True,False,False,False,False,True,False,True,False,False,False,True,False
0.526374833744357,0.6711089748134884,1.3269965204441578,-1.2585626784082615,0.2640651431972517,0.8839925966705026,0.4397064686141051,-0.39606831740607623,-1.5177944739480032,-1.3074874690967113,1.4649827178082497,-1.2572130726556259,True,False,False,False,True,False,False,False,True,False,False,True,False
-1.5284762706304504,0.1749465020473311,-1.574199493630701,-0.29758318694013725,1.665171687855792,1.046681356402251,-0.7143101928499905,-0.737127108542212,-1.4994320199040068,1.7172549371828998,0.5271186747060418,0.8372191334730893,True,False,False,False,True,False,False,False,True,False,False,False,True
0.45058229683093864,1.2724473458476528,-0.12250995509277587,-0.8130961091573001,-0.5983547774765281,-1.7102086191362704,-0.6890302085617803,-1.2953814905088656,0.5815206892930834,-1.3315413472656423,0.4691903075016596,0.7014805621541835,False,True,False,False,True,False,False,True,False,False,False,True,False
0.12564421792769834,0.3456114582381284,-1.1527492070428984,1.5172656187620823,-0.591501177296984,0.3616703497123753,-1.1167044260819576,0.720177181686099,0.9024038964818031,1.1890529292855083,1.1799446959003304,0.652306479067393,False,False,True,False,False,True,False,True,False,False,False,True,False
-1.0807046140497025,0.5943382936586559,0.3606251874457232,-0.33060600578709887,0.3669539917486091,0.8673469889051952,-1.4681313788131214,-0.20786326083219275,-0.014323738625831448,0.8163380973647243,-1.2529839134191723,-0.006085186484811553,True,False,False,False,False,True,True,False,False,False,False,True,False
-0.7957407997637416,1.6086524350727054,1.7084977835742716,1.068835571413871,0.2935430403456076,1.3813318149266962,0.6393057709128417,0.6598638034083795,-1.2208891485870468,-1.4859010487326418,-0.8094112154500445,1.6170693461537056,True,False,False,False,False,True,False,False,True,False,False,True,False
-0.9340792148013316,-0.7695284955693259,1.5034425122493835,0.1351203883967344,-1.4950957303497918,0.53085440722936,0.8453018895949065,0.4598791161094199,-0.37734779948966596,1.0911850737899842,1.1434000631981367,-1.4009089850818701,False,True,False,False,False,True,False,False,True,False,False,True,False
-0.2738034759657709,1.5828503332349337,-0.7678616238297343,0.5486967041842117,-0.7055995769463403,0.6267554311262604,0.5982860725496967,-1.6766910128598396,1.0959577579351032,1.1993263706801085,-1.4390522098145397,-1.084102419678696,True,False,False,False,True,False,False,False,True,False,True,False,False
0.11959111131979651,-1.2379585080132285,1.5912838837199896,0.6195512946852704,-0.6190233913088162,-0.10456068772478656,1.0472670425446309,-0.899537100437235,1.448160138586386,-0.6036225599131513,0.8593707140686292,-0.8202072424463149,False,False,True,False,False,True,True,False,False,True,False,False,False
-1.490436571572034,-0.13375353722063557,-0.30904622167178347,-0.6197028234904485,-1.0573031220152727,-0.7740834332012642,1.666610008265623,0.38384978247256496,-0.290533843028661,0.35764664390027673,1.2179902713816688,-0.5579968197287452,True,False,False,True,False,False,False,True,False,False,False,True,False
-0.6786411107636899,-0.03373545883278916,0.3194534546289987,0.41186210210128343,-1.2807561091223834,-1.1907884993983275,1.6927204141631984,-0.008572153917103061,1.0599909689064013,-1.0313736390864958,-1.4466419481628396,-1.7256950908928024,False,True,False,False,True,False,True,False,False,False,False,True,False
-1.0882392669472252,-0.45288129018126255,-0.33331064096483226,-1.2886340493982928,0.1423327568544676,-0.22263662454633115,-1.3348527525736869,-0.8379601584901133,-0.4384264568875841,0.31882405934322916,-0.42610289950482144,-0.9363993003798916,False,True,False,False,False,True,False,False,True,False,False,True,False
-1.5890125348370336,-0.29448682527232434,1.5132082450580089,1.071895796035969,-1.4116106303091829,0.7626705978785179,-1.527295640970678,1.4377269182629624,1.017182264782187,0.1735236354918609,-0.6409223080771139,1.5006307261753589,False,True,False,True,False,False,False,True,False,False,False,False,True
1.1844831741669026,-0.2958371437265315,0.5839272646945425,0.2400335848947713,-0.9570820698381227,-0.6692191397364271,1.5828708170085495,-1.2585884344761715,0.9348482995353584,0.7232287315121919,0.5182336437167933,-1.5604706325337903,False,False,True,False,False,True,False,False,True,False,False,True,False
-0.5814437771759197,-0.3380899786343694,-1.4701010735100353,-1.0575332708189198,-1.0804437893374244,-1.3446624782595549,1.1882252877956043,1.6764905122080598,-0.19188470545826664,1.492380698587933,-1.140805579078426,-0.495300232102904,False,True,False,False,False,True,False,False,True,False,True,False,False
-1.541514541232244,-0.7180664958276353,-0.9849522111646256,-0.7315409275466325,-0.869116704847084,-1.7023909477843215,1.6911193331813423,1.1696581709699105,1.197748173008993,0.12709868703537758,1.7239333098204113,-0.714883535586596,False,False,True,False,True,False,False,True,False,True,False,False,False
-1.4388329933539674,-0.31851308423470326,0.8767294263840488,-0.6077587850506353,0.653873150503747,0.9025216517063619,0.062346538490114047,-1.3924920504340859,-0.28984650686403257,0.9870354040035564,-0.320719093951019,-0.23453125121260168,False,False,True,False,True,False,False,False,True,True,False,False,False
0.9249248237935004,0.26560487344029976,1.4828765343660537,0.20657475455089408,-0.3041610172281509,-0.6349781940712412,0.5651076674744989,-0.3686708330706344,-0.4901705185618832,1.289298688011988,-0.30558505759693855,1.5753012829606825,False,True,False,True,False,False,False,False,True,True,False,False,False
-0.3006482988871226,-1.3524980677405156,0.6026251377906241,-0.5019729613482478,1.359017653017474,-1.232817224593296,-0.06461680112726143,1.1166343689931029,0.44916299914344376,-0.41174070202351776,0.3185834897407238,0.20881858293294245,False,True,False,False,False,True,False,False,True,False,False,True,False
0.8871630329670434,1.4140446514916905,-0.2890773713790272,0.69081054870741,0.23793263087636454,0.6122257545359265,1.0344629051931746,-0.49737942099416044,-1.5704793621676418,0.8590149986447755,-0.4011728617103968,1.7261542242847303,False,False,True,False,False,True,False,True,False,False,True,False,False
1.608802408050764,-1.4738185508624262,0.9015683792214816,0.09018131353082841,0.6500669102799902,0.4372197398004285,-1.2986845634091009,-1.1442511682685745,0.577629764016655,-0.1395747239218476,-0.2410454183044279,1.0043646987051051,False,True,False,False,False,True,True,False,False,False,True,False,False
-0.5422784266288949,0.6401619340676635,0.1464312443235839,-0.818368433748668,1.3601649724674099,-0.5214279703487308,1.0647041262860446,-1.5897510349168245,-0.9698081549188612,-1.2586927254773372,1.3469952670264316,-1.5983803195911728,False,True,False,True,False,False,True,False,False,False,True,False,False
1.6092435002558683,-1.2722242371953207,0.9855732515641117,0.6730136160035589,0.35111914598453087,1.5389358132010202,0.8289995474441634,-1.7208531726116734,1.0902092681041096,1.7238614473136904,0.12079125562887956,-0.6341748712922987,False,True,False,False,True,False,True,False,False,True,False,False,False
-0.28708032924478105,-0.318983175269649,1.4607752589502803,-1.0408669798520196,0.8909251654016332,-0.17130792706273568,-0.8712036218651134,0.4813931896893131,-0.6022746107851703,0.18205420882936105,0.6803781526879842,-0.33716282226639166,False,True,False,True,False,False,False,True,False,False,False,True,False
0.6015027686129195,-0.1052049878022905,1.5775973710439295,0.5748299948132646,-0.2951515441584414,1.4736175498468185,-1.3061262136808436,1.057461051838259,-1.4187869112284945,-0.4901956310922476,-1.663371641180329,1.5445246417383447,True,False,False,False,False,True,True,False,False,False,True,False,False
-0.3464297819956681,1.410825509664192,0.6709835310568342,0.7901632077893875,0.7188219083002083,-1.1203413600825012,-1.0972262300063265,-0.06335662063001163,0.728118764035459,0.35210592521999323,0.8236913350696596,-0.06906383949168583,False,True,False,True,False,False,False,False,True,True,False,False,False
0.8034328987193243,0.14688937563253052,1.699186075863655,0.3385067107483288,0.9957502579147461,0.2690682375063254,-1.6196392529273846,-1.3725916692827227,-1.0970534951374018,-0.1168790666889414,0.045353282532807244,-0.4801536484833116,False,True,False,False,False,True,False,False,True,False,False,True,False
-0.2937942674278391,-0.26627055393559235,1.0178991702637146,-0.9424785293102468,-1.2913760282723115,1.2610218734106857,-0.10001046785537152,1.6263969620664716,0.8824162313581246,0.25516809409681107,1.549555807055166,-1.4596235876175971,False,False,True,True,False,False,True,False,False,False,False,False,True
0.6725960270050612,1.5839126247359854,1.4061613605661003,-0.311326309723266,-0.418616273364061,-0.2957349616013278,-0.46229647197407947,-1.3994151433130966,1.3409466687334386,1.0387364305583509,-0.5583205409609489,-0.24125103161144507,False,False,True,False,True,False,True,False,False,False,True,False,False
-0.16206843025675774,-1.4352918363931486,1.484237218704883,-0.3765932480249678,-0.2937015621786271,0.17819198653556273,-1.6283280820571124,0.7888968425204002,-1.2495444282176515,0.0958448712475361,1.7196855141231258,1.2563886583273847,False,True,False,False,True,False,False,False,True,False,True,False,False
-1.2710686972651424,-1.0344027391288402,1.447510931822267,-1.5615455772599995,0.43048302026738167,0.4667078920686547,-0.08198769938566582,-1.073469677583515,0.9187242076055457,0.5782061075295374,1.3158408256837681,1.524788948488295,False,False,True,True,False,False,True,False,False,True,False,False,False
0.46134572392615203,-1.117886466088586,1.1160469330288043,0.2636613653293986,0.8827703943480708,-0.9755362860948572,0.7257098607984356,-0.46515396350212257,0.32679548417575094,1.5672105034360895,0.34846610508117454,1.1832124613348467,False,False,True,True,False,False,True,False,False,False,True,False,False
-1.218842592357513,1.0499828512176785,-0.9381977787947539,1.0927592991526567,-1.5869249659013223,-1.4050261276918101,-0.564684188904652,1.3090386344348393,-1.4900768054103322,-0.886938650306971,-0.20229498979089758,-0.7436265718194284,True,False,False,False,True,False,True,False,False,False,True,False,False
-0.3316630412010421,-1.6257494923348823,0.6400977890310114,-1.1580290940964946,-1.1313892424774952,-0.7538812450750777,-1.4182902414561909,-1.4390023506639171,1.5606314052687955,0.8264725829619946,0.918873183211716,-0.7379782933394428,False,False,True,False,False,True,False,False,True,True,False,False,False
0.9600871204628117,-0.037934027665361414,-0.6142872295962867,-0.6329689243020417,-1.0424143601779603,1.600470194789941,0.06277229294810734,0.3326382017441824,-0.49254303948195727,-0.2619376796298984,-0.13143834313560665,-0.9269399723006354,False,True,False,False,True,False,False,False,True,False,False,False,True
0.3386494978859331,1.6298920310248095,0.21298661000681016,-0.36039504327502697,-1.53059740252044,1.3570113984004857,-1.2055210640709484,-0.3132130769856936,0.9360827356735608,-0.631835570921499,-1.5109313558398931,1.725723734361908,False,True,False,False,True,False,True,False,False,True,False,False,False
-0.28805730565176557,0.6651648397920608,-0.10491907501924341,-1.1552014271854505,-0.25417373139394545,-0.5191002815771723,1.032144336651648,1.1508421385796463,1.3626205254443788,1.1065032671066595,1.2348963879702832,0.2787501167085798,True,False,False,False,False,True,True,False,False,False,False,True,False
0.5030754199631626,-1.4040498646794408,0.3562061798855418,-1.1577020191892073,-0.4592703843643076,0.5285999693395876,1.1420909554959,-1.4007843448154282,0.5916719419644874,-1.0013369578138547,-0.987501454528814,0.6358757459039858,False,True,False,True,False,False,False,True,False,True,False,False,False
0.5424210445413998,1.0029063651798678,-0.5082598337692479,0.11331663186556692,0.0339357355674269,0.3475421021455565,0.2542424102146512,0.8761136522526572,-0.01861414876857223,-0.27753049768420035,0.7509580641569092,1.3939500369037754,False,False,True,False,True,False,False,True,False,False,False,False,True
1.4591208912577753,0.7874661856830216,0.43785987109862,1.4351307774440596,1.669919383185022,-1.4536009767687366,-1.0794094997187405,-1.0977649046390665,0.3097582307896904,0.08063099775479086,1.1930074823328989,1.3969425439177399,False,True,False,False,False,True,False,False,True,False,False,True,False
0.2329351478121914,-0.3047191917598588,-1.678148478888596,-1.0053164124037577,-1.3877847609904421,1.3535694690265279,-0.7452957276259912,-0.7481760053363681,-0.6500381192977788,-1.5259327023722693,-1.2457618472846617,0.29503414175255405,False,False,True,False,False,True,False,True,False,False,False,False,True
1.723024273199118,0.653529962840307,-0.2636464977142941,-0.19695158028673893,0.8949121962343316,-1.099249600278432,0.06445349215234776,0.161794751613442,0.36564095521013396,0.138789608724912,-1.2276066692802219,-0.6954201317477,False,True,False,False,False,True,False,True,False,True,False,False,False
1.0618686944676612,1.1531665289678616,-1.4184171507301468,0.8031155979203064,-0.7858312442123052,1.5575880109663396,-1.6732611646015065,0.4852173082008761,1.0961845646347994,1.263247752613016,1.716557872444042,1.5383257685928151,False,False,True,False,False,True,False,True,False,True,False,False,False
0.34117538196807984,1.4275599340503002,-0.20190700436123316,0.33657187949011386,0.8960889967123996,1.4812936486439188,-1.0462640334391036,0.018442879061407957,1.265780190125506,-0.07015999592497635,1.3314269785390125,1.132059407053947,False,True,False,False,False,True,False,True,False,True,False,False,False
1.4477260186970582,1.1272406386100358,0.26234378339264564,-1.3155977564332217,0.638381384328814,-0.07559430675276184,0.9923040269696843,-0.14431322173808764,0.3395493333814903,0.3182593469305116,0.5710013259985153,-0.5940649464968447,False,False,True,True,False,False,True,False,False,False,True,False,False
0.22226157353489304,-0.8086656807863114,0.9622346848384299,-1.0659769459223996,-1.165357660635756,-1.6654332486068182,-0.18876939707474213,-1.5908619309122014,-1.0881019424399627,-0.28978729074534926,0.09279982560753121,-1.7440497578019745,True,False,False,False,False,True,False,False,True,False,False,True,False
-0.32701073477272774,0.7262716412468954,1.1589739707974465,-1.5393799943705515,1.195403789548418,0.7318890563267575,-0.19291797100188576,-1.198694013084732,0.018752155314094666,1.405711638072006,-1.1201929059274247,-0.7691008421213934,True,False,False,False,True,False,True,False,False,False,True,False,False
-0.18514654916816148,1.1356117682490843,0.8536310120564201,0.861637739819185,-0.5484993949800003,0.3827144268151527,0.12166508707030889,-0.9017698354890374,-0.5949965647853854,-1.331450758336825,0.8564213062222747,0.37488091326628686,True,False,False,False,True,False,False,True,False,False,True,False,False
0.07002135136013926,1.4109875101529468,-0.7172855235856301,-1.1604778797124577,0.5558188678945354,-0.8040479768763494,-0.8109575215812885,-1.040494710053726,0.19690615595681918,1.4378926190833416,0.5432157348707599,0.8087321797777691,False,False,True,False,True,False,False,True,False,False,False,False,True
-1.6714248377621537,1.5752095251470537,1.1851523710728908,1.6569426153884856,1.567285183640736,1.183691913724542,0.7177216536673074,0.15436780996904986,0.02464726100444629,-0.1520397264447388,1.4715406418353036,0.27229505632097945,True,False,False,True,False,False,True,False,False,False,False,True,False
-0.40711774433068837,1.686053631250705,-0.0018988727182871565,-1.5857714712731437,0.12861901659010352,-0.7085708293243794,-0.8897826481153944,-0.1328782338069702,-1.0631971377563894,-1.2966691887824884,0.8836508062828891,-1.230832049863054,False,False,True,False,True,False,True,False,False,False,False,False,True
0.7353873651011672,1.2712209172951532,-1.3117169133345048,0.15947237804259592,-1.5836870454331784,-1.7089401553756778,-0.5027433724844144,0.416790812868809,-1.5060206246011538,-1.3462261037218928,0.3267451057311984,0.5631619383815384,False,False,True,False,True,False,False,True,False,True,False,False,False
-0.277096461087129,0.7183869894679162,-0.04928892497375798,-0.5813164238944788,0.44218885425313703,-1.35930149527171,-0.5022752984764933,-1.479818159445454,0.8903072860225433,-1.7151121688440987,-0.6682714199455245,1.743239037647564,True,False,False,False,False,True,False,False,True,False,False,True,False
0.801043531376421,-0.322788199463452,-1.395581308858152,-1.3212086741251874,1.0016924464898964,0.10289424201785462,-1.163562456938758,0.6334927103697512,1.1796072896883507,1.3530232624646716,-1.3839195426731976,-0.4617800289904728,True,False,False,False,True,False,False,True,False,False,False,True,False
-1.6083462307323024,0.930898318793825,-1.288666130416828,-1.321029115157573,-1.5500910929640015,-0.7290003978502941,-0.5091009203553871,-1.7028966545710997,-0.48408286976492604,1.241793894857573,-1.6344223142199132,0.780908123113088,False,False,True,False,False,True,True,False,False,False,False,False,True
-0.8727321894520299,-0.9060131427280986,1.709549544126599,0.5399183543323453,1.5972812610659382,-0.08253614461858763,-1.2589376906635668,-1.563037837097353,0.7725990764195222,-1.0636093270012847,-0.18899003115767024,-0.6019228664414417,False,True,False,True,False,False,False,True,False,False,False,True,False
-1.1694049596464111,0.7516181538788778,1.2402974327050478,1.6735384753700882,0.6337887141138063,-0.7761963682985074,-1.4106991209818378,1.5018503383445805,0.7147356128091741,0.9449318429565574,-0.8008488277611764,0.5077840699268784,False,True,False,False,False,True,False,True,False,True,False,False,False
-1.4176054563028615,-1.4488918188909057,-0.833059265267239,-0.7692842804149936,-1.2710432707876924,-0.626928555592082,0.15792486378151346,-1.6987410566531356,0.45838073436423,1.1352979707473458,-1.7367405161005187,0.7314564941832681,False,False,True,True,False,False,False,True,False,False,False,False,True
1.2805245723615877,-0.1124260757372819,-0.17776639777881084,-0.704289171504481,-1.5022003765933174,1.190630456930236,1.2439060631856789,0.4183290624422814,1.696020566432159,-1.112547087570332,-0.2142144145869369,-1.4379012905610298,False,True,False,False,True,False,False,True,False,False,False,True,False
-0.1253310916544694,-1.5139893264745419,-0.729928166476522,-0.4879801569108907,-0.5427701097916123,-0.3408160058958289,1.54981493184377,-1.1677890580441495,-1.4272998975064954,1.561425779676959,-1.084201206349312,1.6991266675241725,False,False,True,False,False,True,False,False,True,False,False,False,True
-0.9919531208438412,-0.06229956243936569,0.12221165817472662,-1.471028467558597,-1.356761735405429,-0.980056965271575,-0.030427567343456356,-1.6543758031168132,0.5807379769557494,-0.6014808249483358,1.4240460084033197,-0.30872074070434646,False,True,False,True,False,False,False,True,False,False,False,False,True
-0.7570807976927307,1.3516078822108388,0.3640365324669766,0.21363831473239012,-0.05367952698438365,1.6977416871563258,0.7650618298324557,-1.205698574666336,-1.6337110766746785,0.2867419001484332,0.8530180233338125,0.4586884286038738,True,False,False,False,False,True,False,True,False,False,True,False,False
1.286035614427766,-0.5958299664694872,0.7021758491263108,1.3373523539169188,-0.00013019415493978649,0.837176256514593,0.8103773149136003,-0.6089292665028929,1.1691345714126664,-1.1122702516442997,-0.006163391756235177,-0.08142921641611282,True,False,False,True,False,False,False,False,True,False,True,False,False
-1.6815554502907555,0.5723033419077269,0.36132689504377064,0.639646332446561,1.201122301302929,-0.020655960644120605,1.0605643646402938,0.4479071307128141,0.7829039050330785,-1.0811753125640964,-1.5197888722966622,0.8938203921944677,False,True,False,True,False,False,False,False,True,False,False,False,True
0.023620125207086964,1.053064484661578,-1.381493018923164,-0.7846340221119397,1.5531209689188383,0.2460376263250701,-0.8191616577867054,0.9401080457968571,0.09598522669986098,-1.532048359735608,-0.12163417659517425,-0.6820179130426921,False,False,True,True,False,False,False,False,True,False,True,False,False
-0.623938356446497,-1.640611519666736,0.22511703463897384,0.6328886158598039,-0.6846500890824982,-0.37881354242845944,-1.1827133473512226,0.08008264328145669,-0.7385948200065493,-0.5387011924895679,-1.6714801112481747,0.00770574086122141,True,False,False,True,False,False,False,True,False,True,False,False,False
-1.6961106657925276,1.2691810085458208,1.1719756953322962,-0.512549344645662,-0.8380586274812005,0.9282693596830667,-1.0693489253557538,0.5024742775240225,-1.1786467031268244,-0.5183119303397631,1.5168770631876412,-0.3576153521564803,False,True,False,True,False,False,False,False,True,True,False,False,False
-1.3440227958631594,-0.45426334893251274,0.676942006880734,-0.27764673539392304,1.1528409519952787,-1.1184851957781812,0.2285278257824131,0.08182097109600153,-0.9957954966010002,-0.23266015797237824,1.5481160706173505,0.5598171766061735,False,True,False,True,False,False,False,False,True,True,False,False,False
-0.2519569285614904,-0.8205302963994409,1.3234873834685512,0.01970854235326678,-1.7346046963226565,-0.20514658352014745,-0.8994632499123509,-0.6459350913686701,0.7054333009862211,-0.5571943540667821,1.7295719548369226,1.0690593846164178,False,True,False,False,True,False,False,True,False,True,False,False,False
0.8030700914399689,0.5930696051484434,-0.032809781889616176,0.7478512354926683,0.2160098767515506,-0.8736132172783083,0.8531589470909283,-0.24647692572712487,-0.4576796749495317,1.221379248802998,-0.4818329516755922,0.44550289293207707,False,True,False,False,True,False,False,True,False,True,False,False,False
0.6114364452518827,0.6863248659028707,-1.1834086329483666,0.23138684684844613,-0.2567369056358489,0.043775126024152684,-1.4890554701436627,1.6556816683028261,-0.29209219569852846,-0.4894093114111905,-0.7427505101097064,-1.3286951032202632,False,True,False,False,False,True,False,False,True,False,False,True,False
-1.4457508898534595,-0.45332407514446427,1.3265484083514,1.423840951500014,-1.2558011398764637,-1.5346233761145356,-1.4041641740262805,1.0521345475681931,-1.3802231748354097,0.7988260434820526,0.5846857002382664,1.5521297010847437,False,True,False,True,False,False,True,False,False,False,False,False,True
-0.9300675837315668,0.11975017736383772,0.1766688616347992,-1.5478448866872712,-1.745694772733419,1.1329378156180485,0.74255981528262,-0.8116828378108579,-1.4545703818478573,1.0523979642232368,-0.35480684927266354,1.4901678186489207,False,True,False,False,False,True,False,True,False,False,True,False,False
0.5460335965327976,1.1099581991336622,0.09767031423221119,0.625133311828581,0.9503535216913531,-0.08444189219629422,-0.7167602737158336,0.9677072656949784,1.1793894286611566,-1.6509757161713536,0.25644888455019027,1.1335358292066624,False,True,False,True,False,False,False,False,True,True,False,False,False
-0.5887494962930302,-1.461380202735705,-0.36814820150110905,1.3268889981071437,0.9311051127766142,-1.4083330780949084,0.4150718336266257,-0.36869079162273294,0.32716858459042336,-1.444072707250133,0.8455465589161042,1.5234833543518693,True,False,False,True,False,False,True,False,False,False,False,False,True
-0.2837366733366244,1.492100591056798,1.5494636381918185,0.2579617770552308,1.1453566044744798,0.30657808195933484,0.3976458644757717,0.6754442900975626,-1.5996777219376461,0.5734725894109586,-1.3113098596018264,-0.6478800199009873,False,True,False,False,True,False,False,False,True,False,False,True,False
0.05007552950046743,-0.08895612158458335,0.9714631509930601,-0.4017448496537241,-0.8747720611883434,1.3084028088540585,1.7096886397890114,0.27654922865594217,-0.15405171813425916,1.3695206146799974,-0.6279977887121326,1.0781722671327132,True,False,False,False,False,True,False,False,True,False,False,False,True
-0.49456338645982256,1.3572762163883734,1.0220335315485751,1.3126983672805284,1.7378759688391727,1.4304401866635987,0.973142406020415,-0.6114083240395976,-0.6209064575490454,0.5856016687236829,-0.3872873885908969,1.0639402789088177,True,False,False,False,False,True,False,False,True,False,False,False,True
-1.4432910939917647,0.12903745371992179,1.0176539764226493,0.03674409893868721,-0.779244159235924,-0.6843637122282609,-1.537482743645531,1.1685422088293158,-0.2840326880343061,-1.3905633103097845,0.2644761922727945,1.4395264695114796,True,False,False,False,False,True,False,True,False,False,True,False,False
1.1202642576145394,0.2990724907001876,0.9668594761271224,-1.4632445819704512,-0.28846713588880196,-1.0850214739954214,0.960368168229363,-0.6785222028664114,-1.6417842781746328,-0.16504068325631277,-0.04323888023669677,-0.8692965062919839,True,False,False,True,False,False,True,False,False,False,False,False,True
-0.3268521672699734,0.8430133393589614,1.2563294282424826,0.5375895927735306,1.0247304583413772,1.0744978522867097,0.8268306127064315,-1.4283236800829957,-0.10620676879609697,-0.8142603271032036,-0.7528381132150684,-1.0351633018555477,False,True,False,True,False,False,True,False,False,False,False,False,True
1.0731693854525597,-1.5780965525938775,1.7062649451424654,1.5412080056225874,-0.6969817790159497,0.5680917204271115,0.6920511443313777,-1.1477491390852275,0.21074265718635435,-0.9653728496397578,-1.2257690388190692,0.8506938083367518,False,True,False,True,False,False,False,False,True,False,True,False,False
-1.257554371594893,0.24136870876955457,0.9776978822806534,0.6171864046438797,-0.682361953416996,-0.9681097711601971,0.22798339560743944,0.6946339492124889,-0.14160098137188812,1.151871784811646,-1.510335013469472,-0.059764393153714256,False,True,False,True,False,False,True,False,False,False,False,True,False
-1.1024329950224223,1.5252559275885125,-0.12834250703999853,-1.1569037341693593,-0.5807320404967714,0.4233688868666985,-0.335635852075317,1.678679557967747,-0.37778915572575744,-0.11994348846094198,-0.6708701670356778,-1.2809306447977074,False,True,False,False,True,False,True,False,False,True,False,False,False
1.7411651613394141,-0.9725211856622923,0.6142566581911508,0.6185179803001298,-0.7594101680794032,-1.4047342551209423,1.6320596985474212,1.5667483894127312,-1.3522499629739408,-1.4536563985281425,0.05514325714257614,0.3709308303034717,False,False,True,False,True,False,False,False,True,False,True,False,False
0.6926831361396656,0.3893676779261333,0.1918307084813772,-0.6857486980009291,0.49540008133162416,0.5190309903093948,-1.625239057473717,-0.7511881786286855,-0.9554691223656824,-0.7918237570264981,-1.0535474333683716,-1.5052433641400806,True,False,False,False,True,False,False,True,False,False,False,False,True
1.7329218774599073,-0.8158989044329719,-1.002175662744257,-1.1067059766258,-0.7823737100561156,-0.9137018345105156,1.1220289153996634,-0.4356508945829115,-1.3216849454357662,1.0731700545434768,-0.5972576226855603,0.10614401543119115,False,True,False,False,False,True,False,True,False,False,False,True,False
1.091710589071914,1.6425720318464125,1.5934507411468042,-1.6505087805546248,0.9790155490391859,0.17474663375253,0.8528614286923827,1.1349955411266661,1.1584139690017294,-1.57259294744771,0.12505520381003368,0.1101924416227335,True,False,False,True,False,False,True,False,False,True,False,False,False
-1.4387129476948153,-1.2556958658278627,1.3962815200955971,-0.3304427701541241,-1.478272989123949,1.690630561230936,0.5581043841156742,-1.4800200047479115,0.044391789433272065,-1.6100005942327305,-0.39061441980645284,-1.5951525698004616,False,False,True,False,True,False,True,False,False,False,False,True,False
1.1822108811074203,-0.9038112973866611,-1.0400345275813294,0.7282046659368353,1.3802192135077775,-0.9758201365884935,1.6671760479056272,0.882099608799213,0.8829676716661671,1.2921257618720647,1.559249331917704,-1.4642400585503614,False,False,True,False,False,True,True,False,False,False,True,False,False
-0.997914747549819,-1.3711752616987252,0.7955439069965224,-0.17179032008581127,-0.8107891661133868,-0.15477530769305067,-1.3722047607639483,-0.7335432135708478,1.2608128668398204,0.41813298182555336,1.2525958949654314,1.245197088666889,False,True,False,True,False,False,True,False,False,False,True,False,False
0.2751691824598027,1.1262168323892376,-0.1866945585059831,1.6410150306856017,1.3559544239897638,-0.773472963826383,1.043281361318528,1.093783286975508,0.6375234253180015,0.46992606377330026,0.7459853318856295,0.15474060507128418,False,True,False,True,False,False,True,False,False,False,False,True,False
-0.7503407419918718,-1.4771189895946113,1.6336054077686137,1.561128618997357,-1.4646999014363606,-0.43388161751544524,0.37450750283414497,-0.5800324202249255,-0.013885418542255407,-1.1841440586289427,-1.5069829344943604,-0.5538302447856882,False,True,False,False,True,False,False,False,True,False,False,False,True
0.8166742951958723,0.2880801814051585,-1.6969667756968287,-0.7802118496533301,0.621991792769154,-1.027304910236576,1.7471122560215726,-0.5048057686604523,-0.28592104010259933,-0.17901078335101597,-0.19214500498436415,1.1287468147971456,False,True,False,False,False,True,True,False,False,False,False,True,False
-0.1521437913606703,1.3089126292676276,1.5198113174835484,0.7127526916021003,-0.02394453646414401,-0.6188452163509089,1.2890564864601632,0.7169814937044937,1.0728319829963624,0.22211965382206017,-1.2061742296110916,-1.4711904445874247,True,False,False,True,False,False,False,False,True,True,False,False,False
-1.079940669649397,-1.3889822809031722,-1.4986720310102926,1.6032936988800075,-0.24555973389287045,0.4227082549979029,-1.1333019096663541,1.100137129280199,-0.0427955158978966,-0.6285520047289784,-1.408434230012701,0.31176766020402397,False,False,True,False,False,True,False,True,False,False,False,False,True
1.1677498175258456,0.13546606397008895,-1.7164597374895765,-0.7553224032823579,0.08108307858923568,0.2303711393372745,0.7062537671535214,0.7889624498581546,-1.5374095462967765,0.9483480659142001,-0.012466707981979434,-0.04307501953987956,False,True,False,False,False,True,True,False,False,False,False,True,False
1.2519935444409682,0.15147276853698513,1.6543719844078977,-0.08238454563667322,0.05591601330909763,-1.1373301699984686,0.03895211829905669,0.25254439323714506,-1.4825148554535172,0.27328679470202727,0.0730726007544924,0.2322063248449034,True,False,False,False,False,True,False,False,True,False,True,False,False
0.7622058713813616,-1.151764996200707,0.1331855497496971,-0.09767575446943368,-1.140556464174165,0.018673254673760162,1.3220190258040185,-1.1189833694686637,1.0993449956713257,-0.1036282140823856,1.3021355740647897,-0.7758025489326074,False,True,False,False,True,False,False,True,False,True,False,False,False
-0.1753505321432281,1.7327059477875795,0.18248984098262006,1.3765030913232155,-0.4200158826420456,0.24360064871162448,0.9287968901524071,0.06200089292276728,-0.9487105527061358,-0.33927255014870306,-1.1492837492088734,0.2935975410746302,False,False,True,False,False,True,False,True,False,True,False,False,False
-1.4668737805161696,0.41283220137199866,0.6554285800615577,-0.19773233005551133,0.06073749334048889,-1.4083382813345446,0.37316928138680033,0.0065063879370267684,1.691779773575971,-0.5307712349527477,-0.21168017399324457,0.30603391667535645,True,False,False,True,False,False,False,True,False,False,False,False,True
-0.0834886150405059,-1.2566152524045202,-1.451837714772453,1.1836697406593786,0.685525461981329,-0.9892889961353003,-0.945285677259427,-1.4589978874969571,-0.37861401002212725,0.1805280026025374,-1.2615526287484222,-0.18630138391305628,False,False,True,True,False,False,True,False,False,False,False,True,False
0.7343524379658597,-1.4361512440377062,1.3524034542874417,0.6617555631835597,0.5472369843131912,-0.2727276678469114,-0.7258865443717185,1.0538332628310472,0.40985833263194393,-1.1357513092955611,1.6489572056360762,0.7638913013593804,True,False,False,True,False,False,False,False,True,False,True,False,False
-0.704528024683649,-1.0740644615947104,-0.7079967244373647,1.2687193539710615,0.7872324307832458,-0.9948620053605535,-0.9089450065359211,-1.48599381064987,1.38822775313878,0.7860725939314043,-0.4041607684141995,-0.7286873079663962,True,False,False,False,False,True,False,True,False,False,True,False,False
1.4875040264670092,0.518275140547477,-1.4635664367173855,-0.2792891896931903,0.3804936394030268,-0.11066186420605632,-0.8898240694416532,-1.270087607932894,-0.6129405513297775,-0.40704508368652553,-1.7332386965878666,-0.37606085016640367,False,False,True,False,False,True,True,False,False,False,True,False,False
-0.061411498998850685,0.3930506213059802,1.0047902275131675,0.5599073796688445,1.6019576168083116,0.28046818320156014,0.5031287645332317,0.6591815364267222,1.4628288535451923,-0.444917877001371,-0.7091828610499593,0.9854032764750753,False,True,False,False,True,False,False,False,True,False,False,False,True
1.3256955047614332,0.9847431420559551,1.710617735875138,0.3087928058360128,-1.0981299425241704,-1.691544277727178,-1.5454614785518062,-1.6214337210815508,0.31024091866909587,1.4726853538567428,1.4733094604311143,-1.3504968393865013,False,True,False,True,False,False,True,False,False,False,True,False,False
-1.0256158423781248,0.9880859410623586,1.2806595623976784,-1.6148376658575,1.1900093566321681,-1.2970002878649614,1.2730074076507074,1.2716725341609465,-1.713295700810089,-0.743773583624295,0.1534433360110096,-0.6580499882415726,False,False,True,False,True,False,False,False,True,True,False,False,False
-0.22134610729818113,1.718506536111308,1.5517452729068755,-1.145676261752888,-0.9023666135693484,0.053669581214086416,0.20536419791563992,1.610896353789451,1.489898923565397,1.6176750631560544,0.32076344277141394,-0.1270730329229362,False,True,False,True,False,False,False,False,True,False,False,True,False
0.6879920763860385,-0.42446763637036367,1.4744189764147657,-0.4945959949434856,-1.3959294709704764,-1.3518999635897397,-0.45811241729567737,-0.5852544106218985,-0.36010897611249026,0.758327286425067,1.265766292146181,-0.20465641354856134,False,True,False,False,True,False,False,False,True,False,True,False,False
-0.6160983911195651,-0.3302103795485396,0.9700713212090787,1.0973314404872472,-1.3985634560228362,-1.2070042928888862,-1.1644688281143756,0.07226133693244102,0.898058134846912,-0.10276050714492521,-1.2700739680001585,1.0165084706555976,True,False,False,True,False,False,True,False,False,False,False,False,True
0.8968164274096249,0.7040474794396921,1.1992316089093646,0.08957193886250399,-0.321387307659586,1.3338097615242723,0.8999345167797447,-1.6187524094803212,-1.0475579872967549,-1.3758382449500526,-1.3552856692086523,0.6322923516035964,False,False,True,False,False,True,False,False,True,True,False,False,False
0.4669879382463536,0.7810046436423413,-0.24311178276825587,0.9137422271089697,1.7305565572006918,0.48902774061847304,1.3761766941993758,-0.9862979390238394,1.1026458626286166,-0.8943010806176646,-1.4186744633372546,0.5889123788521705,False,False,True,False,False,True,True,False,False,False,False,False,True
1.2938768963218987,1.2700482712311205,-1.599289059464254,-1.0225086390540188,1.628291623578844,-1.5023955575917876,0.295993202971495,-1.1572506193835896,-0.534040340542573,-1.6949188407935076,0.13181258802312845,1.7340890512763854,False,True,False,False,True,False,True,False,False,False,False,False,True
-0.4887933082793252,0.8533135515721877,1.329531083321686,0.8964676833361309,0.5818877421229628,-0.17935590419925695,-1.3755523689716669,-1.2286226784025394,-0.5286764383907525,1.4008670905625926,0.4699498221292642,0.07195470439537774,True,False,False,False,False,True,True,False,False,False,False,False,True
0.8266516170224024,1.3625639593967094,0.9308219547394444,-0.9934757429957993,-1.6846545710810454,-0.3870261902300153,1.6830059404416642,0.46091136438033614,1.6915968045748895,1.2961375662550503,0.34269085727508136,1.57355050296818,False,False,True,False,True,False,True,False,False,False,True,False,False
0.49120590010337034,-0.6063260205857879,-0.37344612929493887,-0.8215948312136517,1.547212182173718,0.052938531212674014,-0.6971449112086546,-0.8751929386493327,0.6434925650127651,1.3709520675377869,-1.225693342836167,1.5666109283532128,False,True,False,True,False,False,True,False,False,True,False,False,False
-0.16824678340086313,-1.2960710744452195,1.099603344726993,0.7575032111586043,0.9665287393740702,0.2804206268317346,-0.5570584267017177,0.5891542584194138,-1.028264767422393,0.11827675445707747,0.5760145294499133,-1.7132467896580748,False,True,False,False,True,False,False,True,False,False,False,True,False
0.8800530121253646,0.5014799334960227,-1.7023865406635588,-0.047240811806818356,-0.40668501608013635,0.8290163352949633,1.432001083833103,0.7541952967730551,1.3456543049578888,0.5912356967972279,1.0092574334849638,-0.2088530987829729,False,False,True,True,False,False,True,False,False,False,True,False,False
-1.4910146636823736,-0.4486743608380433,1.3529745273164,-1.4302838652559249,0.44917776446744534,0.47174900685773224,1.605707336123185,-0.032871691791862175,0.2501754671530985,-1.3835438977600993,1.2282030939744675,-0.10188368646779618,False,True,False,False,False,True,False,False,True,False,False,False,True
0.8427130047530611,1.0800068405729057,-0.9605689718157053,-1.2248883093594607,-1.086689673848008,1.383906886877703,0.26498738249074044,-1.433791677099502,0.5031102870917145,-0.753079520854679,1.6495226592609913,-0.6203875177347017,False,True,False,False,True,False,False,False,True,False,False,False,True
-0.7857613884771977,-0.9874923451369978,0.6614668503111395,-1.1234382131364273,1.4164219959291116,-1.0173211536351927,1.636883089125775,0.28928953155758075,-1.0491621661033155,-1.32312037757915,-1.65950284022318,-0.2781256374582669,False,False,True,False,True,False,True,False,False,False,False,True,False
-1.2539331513997765,-0.5564361828076105,1.2648586667313988,1.4404633963152274,0.4256431933369373,1.1344965373533602,0.34296177835121766,0.3620930515086611,0.2835206166920912,-0.8118701436320952,-0.6882863745503338,1.372273758172424,False,True,False,False,True,False,True,False,False,False,False,False,True
-1.1902926205764495,1.0834427954705426,1.3774248573385899,-1.2740839968371562,-0.16184974787384002,-0.57574398393899,0.8895531192511469,1.3849643026205465,0.8735827285941499,-0.044007886305973166,1.1592501375774384,-0.012277834030259303,False,False,True,True,False,False,True,False,False,False,True,False,False
-0.09662395881398315,-0.8055266970775953,-0.4504181631265539,0.7322811850385834,0.8757025338088179,1.2546045766160137,-1.052576497243212,0.37732067567704536,1.3845748199196852,-1.4981741706082259,-1.2775537748193009,0.8036940050119467,False,True,False,True,False,False,False,False,True,True,False,False,False
-1.5519683310102361,0.3948023296081226,0.4927710514908564,-0.41775299169168983,0.5399992272447369,-1.0456953789646,1.3004394550708118,1.2659981029729677,-1.1884875758625675,0.9605842549556045,0.8620538195582116,1.6926560603950054,True,False,False,True,False,False,False,True,False,False,False,True,False
-0.36328928966353685,0.9756401862178345,0.9165332478666728,-0.18438550190679415,-0.9076549034881536,-1.5942361145822692,-0.543889494250855,-1.00913849263925,0.19006858277780728,-0.19504697492816875,0.7265495528338171,-1.565296348235406,True,False,False,False,False,True,True,False,False,False,False,True,False
1.536700348344834,-1.0405757401131992,-1.343168520132705,0.8679648364865385,0.10928984760914082,0.0017578352182898635,-0.772450140867779,0.33557751076845843,-0.6418008792896481,-0.7312359223849839,0.6097886753073741,0.1354435554693596,False,False,True,False,True,False,False,False,True,False,False,True,False
-1.087509107948507,0.298582372731223,0.9519274834647493,-0.6888159862639059,0.2731681711620118,-0.5402913954558266,-0.0798952604473053,-1.01317125200964,1.6405600258180775,-0.3412459206533811,1.379795879685551,0.37135515643271494,False,True,False,False,True,False,False,False,True,False,True,False,False
1.262719678473912,1.1636901980850194,1.3436698532355948,1.4623169608306916,-0.7664894927625127,0.884956098054962,1.1100587242331958,0.42929629947430764,1.5277358407150212,-0.25614928950805244,0.2796780008181489,0.11615227011554098,False,True,False,False,True,False,False,False,True,False,True,False,False
-0.43639169071869827,-0.9784295994855012,-0.48330722522865144,-1.0015679448275463,1.3268317743557,-0.3183578116857582,-1.25501215687475,-1.0563656309336609,1.4029573713692207,1.436076492496777,0.370109218067098,-1.2803013033544954,False,False,True,True,False,False,True,False,False,False,False,False,True
-0.04372829547691834,-0.41587307661365525,1.1879770014049447,1.3484725890549842,-0.6085515023453069,1.3175218456164632,-0.6723940249350291,-0.4346726836591725,1.488656057233032,-0.8163848002771442,0.3154642337645423,1.768296368997986,True,False,False,False,True,False,False,True,False,False,False,False,True
-1.1452711256244656,-1.2770479521945046,1.4792698510479283,0.5305648041181638,-1.1413810264389639,1.1925457712020278,-1.6298785431403409,0.5382486727390258,-0.6305018166386722,0.009245542069113637,1.256365516963294,0.20503698403314485,True,False,False,True,False,False,False,False,True,False,True,False,False
0.8705055967805418,-0.16412369606789445,-0.8959033668736834,-1.062826631156881,0.719679876730963,-0.6713942799932525,1.6305841098367522,-1.5570051662457294,-1.6867010986670117,1.1074961878760716,1.1281688691292877,0.3683383995643244,False,False,True,False,True,False,False,True,False,False,False,True,False
0.7656378932517245,1.0275175662673426,-0.13696804137341875,0.6766094816913389,-0.35485877743728955,-0.15432818404108534,-0.26124040964673556,-0.13902263288697056,-0.06745633923675513,0.03104099994630595,-0.7223910548567137,0.5908072166868469,False,False,True,False,False,True,True,False,False,True,False,False,False
1.378431266027154,-1.171245842431816,0.4652573512053257,-1.7168268174648758,1.5507266370382768,-1.1095993452522943,0.3237089399863563,1.303783966678165,-0.8019265160055876,1.207969064876193,-0.6036759972168726,-1.2323566591810842,False,True,False,True,False,False,True,False,False,False,False,False,True
-1.6817372636327796,-0.8407303697517228,-0.008904995717834815,1.3219278801046497,-0.4559742123337933,-0.9291182532876078,1.6028972712361838,-0.6868748154237995,0.048768399104222176,1.62653149522879,-1.0317769513394819,-1.6549101354859241,False,True,False,True,False,False,False,True,False,False,False,False,True
-0.10805925965897145,0.5369136550857071,-0.04611374881093879,0.6662043200011348,0.9581111602901475,-1.351134011025591,1.5571019003579625,-0.7426801510883169,1.6664702113787164,1.4965154277012194,1.0400981614990747,-0.5899510114769357,True,False,False,False,False,True,True,False,False,True,False,False,False
-0.26077704095773385,0.039730661834303814,-0.8534755039200584,1.5347070832662073,-1.3288706686627385,-1.1707411905939686,-0.2834775262086782,1.6048066028413206,1.5610309635106554,-1.2036161542994606,0.28495549629120626,1.7542923298920199,False,False,True,False,False,True,True,False,False,False,True,False,False
-1.6150558402048174,-0.19960032628902433,1.2861942919261382,-1.355324229489224,-1.0895063688047628,-0.18049037700138928,-0.04247331614479022,0.7958558441088823,-0.6688619190777115,-1.1017329435756564,1.2095486944774452,-0.9813525938044633,False,True,False,False,False,True,False,True,False,False,True,False,False
0.29233887528535685,1.6318826259760313,-1.0857336141280958,-0.917984940957859,-0.9136474027611647,0.3120230184994122,1.7103187520862364,0.8958777775762017,0.8218089140600023,1.6975833366971451,0.17583597694236386,-0.4087001898500301,True,False,False,False,False,True,False,True,False,False,False,True,False
1.2846130084105785,0.8399903326128328,-1.571351759353139,1.5531960899184198,0.5373851135096602,-0.3017347964514253,-1.4074301395276034,1.6768766657548178,1.1632917257852318,1.0660703975817991,-1.4826401811581327,1.544085976191137,False,False,True,False,False,True,False,True,False,False,False,True,False
0.9837029780294541,0.9081198768194552,1.5564065484709986,-0.7103699004444254,0.5729440559048548,-0.7612818010195089,1.458040309257572,0.10863706689636432,-0.7756637781481461,1.2650084215225883,-1.73602100069522,1.650672852256676,True,False,False,True,False,False,False,False,True,False,False,True,False
0.6912304378817877,-1.6979434446726795,0.06934106597867347,0.33053312377247807,0.9879573992352121,1.6756343748333478,-0.12132637966247424,0.6582716771503098,0.9248829028933518,-1.2272798468374024,1.5341474653594445,1.7475759873528425,False,True,False,False,False,True,True,False,False,False,False,False,True
1.2525632793423067,-1.2723026871791692,0.42887357147638444,0.20867570932653517,-0.9870807797421911,-1.110096552050205,1.4397541228006014,0.7958611018938423,-0.642136722056802,-0.6037777373136319,-0.675456920197245,1.2232585640093552,False,True,False,False,False,True,True,False,False,False,False,True,False
0.161946971650274,-0.5456319275082246,-0.5706453018808572,-1.3039552934029475,1.537075323151955,-1.0573699179165,1.4759507204121671,0.677950983949457,1.1690215325824134,-1.6036519910136102,-0.6706871757942088,-1.5499723512486785,True,False,False,True,False,False,True,False,False,False,False,True,False
0.9681134547705069,-1.6005084140448524,-0.8488795725808849,1.5411162768487252,-0.9880731971301365,-0.9758539248975738,-1.1455462201461217,0.4677790833396697,1.6196672983885483,0.9470662314552881,0.09691221625167842,0.0797557783506035,False,False,True,False,True,False,False,True,False,False,True,False,False
-0.997113924409035,0.3140914986233253,-0.12012810397907757,0.9206667287708911,1.293011428497782,0.4236694362983652,0.5261857360777501,0.3075463112619004,-1.1624485734475776,0.5360821840409892,-0.9710160815551055,1.2333986601278517,False,False,True,False,True,False,False,False,True,False,False,True,False
-1.3740912684442563,-0.47496446933237274,-0.26136238073455503,-0.042107973035623525,1.1665952742708243,1.434570353909933,-0.21321882786078616,-0.07708040990020747,1.399139085310704,-1.3605942121203691,-0.6115086838155206,-0.5256580496732409,True,False,False,True,False,False,False,False,True,False,False,True,False
0.4218516230812408,-0.823517885678066,-1.48477549888904,-0.0017322006370161101,0.1050382971391452,-1.1900719788425105,-0.1409700830515623,-1.1108860555296276,-0.450267095276166,0.7746957372190288,1.2341578046634192,-0.1234359895483134,True,False,False,True,False,False,False,True,False,False,False,True,False
-0.9170862854391316,0.416257766318585,1.225542868891985,0.3825737386081632,0.1270956912017747,1.4092167503482391,0.5219183642935121,1.2372478056987362,-0.8922652439255542,0.904726639027173,0.2611754420884565,0.006859581097338742,False,True,False,False,False,True,False,True,False,False,False,False,True
0.5510911370065865,-0.663128533765098,-0.9621039803402138,0.806027997615816,0.7449766294920557,-1.705080498756263,-1.2019464178282138,1.5291842348203395,0.4825571581817287,-1.3812503601820811,0.7212724097833846,0.13626368182266882,False,False,True,False,True,False,False,False,True,False,False,False,True
0.8449518195813611,0.8619479242769921,-1.2050199288614234,-1.0249626701738574,0.8879015178038853,1.0938141411616256,0.41576983557092445,1.2025703983452345,0.9069953332870598,1.7095283252858744,-1.4988887130596038,-0.10137636514566055,False,True,False,False,False,True,False,True,False,False,False,True,False
-0.38384757814179327,-1.0149634401615708,-1.040943875714767,0.9794751978529557,1.0716039347720092,0.1784667951086144,-1.227376849143662,-0.5359475328597814,-0.005525846896582511,-0.06178177241324788,-1.1556242674777186,-1.0900312245002557,False,False,True,False,False,True,False,False,True,False,False,True,False
1.5281673693109161,-1.121806012175619,-0.9998689166192297,0.6765745162532092,-0.5113693677137262,-1.5350812631113364,1.7410498260467284,0.8944624265593589,0.9674002389551276,-1.294761502261366,1.107807958187826,0.6860272798577421,False,False,True,False,False,True,True,False,False,False,False,False,True
0.15244988713973676,-0.15673275536124184,-0.34107401500317885,0.505158518937814,-0.3995992766882947,-0.6727542501826539,1.534899092035862,0.3478355453828507,-0.3260619184616853,-1.3929818028418057,-0.6294401959867215,-0.16648805854011114,False,False,True,True,False,False,False,False,True,False,False,True,False
-0.7663165410641902,1.4963684835782747,0.38962785865757765,1.2696640113458768,0.3248742803036179,-1.1478450073469337,0.6989111912206066,0.12507452366635416,0.7804704248709662,-0.10499723013320679,-0.15422021185613408,0.6359733692522875,False,True,False,True,False,False,False,False,True,True,False,False,False
1.5122453222742476,-0.07339333790881644,1.192259591435813,1.5763125082288776,0.12743713104758178,1.0415443476979347,-0.4724160291111954,-1.1695370376261416,0.6369777734644759,0.10155945641297644,-0.2748217235941184,-0.9975565415983052,True,False,False,True,False,False,False,True,False,False,True,False,False
-1.1873386513551552,1.2431838771218122,-1.353860417511263,1.2050390267887026,-0.7696825491046679,0.4202354532330245,0.7202236820490004,1.4316737580507695,-0.48108937760888626,0.8890655449067404,0.30621475781102503,-0.40583958203874637,False,False,True,True,False,False,False,True,False,False,True,False,False
1.2618686880039218,-0.9451696930130238,-0.2208855210687762,1.6173849364685087,0.7767171761437701,-0.574171341195149,1.6231844253099927,1.5850231704419029,0.9671218282733252,0.35653265813955337,1.1429023835046663,0.9185417819606247,True,False,False,False,True,False,True,False,False,True,False,False,False
1.0478791028702281,0.8899498182894304,-1.2199622668130197,-1.065226895309406,1.5706371643523345,1.6305968289750323,1.0303598799731397,-0.2124125960890161,1.2188851588691265,-1.5961587442922724,-0.16851591555420836,0.03003973023479212,False,True,False,False,True,False,False,True,False,True,False,False,False
1.330624505837024,-0.7203868139621485,0.8306267351194561,-1.5654062918821308,-0.8888851653156353,-0.9849413529843268,0.08714960626433695,0.40152776309298277,0.11267901392729433,-1.3173274846787861,0.13878767418026974,0.304242589305079,False,False,True,False,False,True,True,False,False,False,True,False,False
0.7375196008425693,0.051447469812173456,1.0385655154588875,0.8963357958828605,1.0380874723900233,-0.7358844238112708,-0.33813381913881385,-0.209972770059969,1.6320897865573676,-1.5442752061781915,-0.16760182202290308,-0.47037716727377843,False,True,False,True,False,False,False,True,False,False,True,False,False
0.19490240496616043,1.4285937291818533,0.1383221545206704,-1.3979019054013166,-1.3602563377485175,1.6696434501303665,1.5924696390834465,1.3184394438504274,0.011695889319712572,-0.3727352994617914,0.3322395263158882,1.1871314193939257,True,False,False,True,False,False,False,False,True,True,False,False,False
1.330761507635833,-1.6761451156295264,0.8831099390925272,-0.3647931793221481,0.21859160677791442,0.5007657129009397,-0.9382127227374342,0.8782666041846579,1.3599889707622785,1.4601574081058792,0.7668047123581333,-1.066244862774821,True,False,False,False,True,False,False,True,False,False,True,False,False
0.19274362162674133,-1.050134946900869,-1.7222914581854278,1.2996078083973224,0.4771239582695116,-0.9965388087511825,-0.5808640445318203,0.7472847011916516,-0.9861089583319347,-1.376983088791803,1.1736859544533593,1.5215077294638242,True,False,False,True,False,False,True,False,False,False,False,False,True
-1.4652701772642047,-1.4394240086635113,0.8430549338898945,-0.709447006860329,1.291300115337946,-0.49666556887675156,0.16652215253839475,0.8056756388180013,0.2171651440765606,-0.6847053568731842,1.1897940376984724,0.619614516623986,True,False,False,False,False,True,False,False,True,False,False,False,True
-1.3889052243413098,-0.135793879279606,0.756581785551879,-0.9545616145471103,-1.1759037309826628,-0.5420919566272413,1.2386077630469798,-0.5370071464251114,-1.027034336574619,1.3718714163654206,-0.800887702896398,0.9907162266892225,False,True,False,False,False,True,False,True,False,True,False,False,False
-1.4334779434756426,0.16777521814705537,-0.9138980816367354,1.0992206979291446,1.1761894937046609,1.0167519523143485,0.45033682918412204,0.15545382990637016,-0.1694016171307369,-1.353824426973366,0.45420292160674985,0.8722882904377183,False,False,True,False,True,False,False,True,False,False,False,False,True
-0.9752252858385856,-1.46358565429125,0.5796601131378365,-0.9095631119877071,1.463695018564847,-0.5908069246942259,-0.4222906180656586,-1.184438401686717,1.1955455879772696,-1.1896185771502696,-0.6852634384370896,-0.5542795102751047,True,False,False,True,False,False,False,True,False,False,False,False,True
-0.939951775483225,1.7443231793783678,-0.15842165211410683,-0.8515137105827899,0.0050778436446962515,0.9151927621032646,-1.6166046840039652,0.4283230545858582,1.4428886030336192,0.48781432024669535,0.7833286674652041,-1.4648620791715823,False,False,True,False,False,True,False,True,False,False,True,False,False
0.806476127183362,1.4948987774276523,0.12291513882953298,-1.1853013949196791,-1.1896397800465686,1.1159191886125301,-1.1337698447711049,1.3043845932571525,0.4606179384657222,0.7165729647500757,-0.4999284942929866,0.20208876117412805,True,False,False,True,False,False,True,False,False,False,False,True,False
0.021869522892271957,-0.14525969600020291,0.9043609085618652,0.46121339516272436,0.8537205906632014,1.1432340563190653,0.7764785885217407,1.726124638163804,1.4211962975543966,-1.0316433163996357,0.0598663892093072,0.33354184169177153,False,True,False,False,False,True,False,True,False,True,False,False,False
0.9114294114909928,-0.9800029429825347,-0.38186890230631065,-1.382303217506749,0.873511239173921,1.2186232223910263,-1.0205061146029686,-0.2708290709198432,-1.2941009496873508,-0.6353718257069252,-1.0129189199107853,-1.172316969981782,False,False,True,False,True,False,False,True,False,False,False,True,False
-0.29043306040423666,1.3187516023576542,-0.8011462618702025,-1.4848829919650857,1.044868531010815,-0.13842757116038984,1.3477464510561106,0.6961357851546305,1.4275208286661052,0.462665924801843,-0.7009887018374952,-0.7400237076801172,False,False,True,False,True,False,False,False,True,False,False,False,True
0.6671543587981923,-0.20949417879778465,-1.1221268081789895,1.467300073402556,0.137950008047306,0.8787149829656086,0.6501365231189978,-0.9792799268528652,-0.6943600238614248,1.6680882793825544,1.6759260231428603,1.4649016700367001,True,False,False,False,True,False,False,False,True,True,False,False,False
0.3985807858954741,0.33420310094045214,0.17609284610820325,-1.4987230118834474,1.5895112830490212,-1.3253532140762367,0.9222242446366601,-1.601020918199507,-0.44943118120412784,0.9035472820780884,0.7263142292972617,-0.4938942994103053,False,False,True,False,True,False,True,False,False,True,False,False,False
-0.28428157355496664,-1.0685835067018088,1.121252343628596,-1.1617887762210422,0.18388909212976248,-1.4780317787808022,0.6946576079294781,0.5018806581685861,-0.702788877318394,1.1034972151974054,-0.7956507808319645,0.8928944911704156,False,False,True,False,True,False,False,True,False,False,False,False,True
-1.4941449394389836,-0.48911176529119077,0.3864438859777498,1.063174136613295,1.4393302513628676,-0.005787859264380599,-0.32221778006442986,0.8828819377822951,0.31269583902314513,-1.6639604735549438,-0.37106421248298005,1.451563650468271,False,False,True,False,False,True,False,False,True,False,False,True,False
-1.204973716183591,-0.14421676414374,0.7416358135005128,-0.2797765813804237,0.5939535171521484,-1.088583369400502,-1.0066850204368134,-0.5023318737067557,0.6030289741519095,-0.5185375588502246,0.2871155793735719,-0.1830710927643144,False,False,True,True,False,False,False,True,False,False,False,True,False
0.766554640438471,-1.6792185537869375,1.3364631010568448,-0.3332066308745292,-0.7537214488963861,-0.637283500833767,0.7652079472904133,1.6962410072655218,-1.2167780411754392,-0.9621570892168443,0.15752915575169033,0.6650765646066872,False,True,False,False,False,True,False,False,True,False,False,True,False
1.2136376368125907,0.514684819534692,0.21254316442442217,-1.3496307786696953,-0.9051471834667627,-1.5273565429089038,-0.9559106651570036,-1.3341124909340367,0.2752495923523387,0.37462085772447085,-1.6720537642651974,0.46775905370819604,False,True,False,True,False,False,True,False,False,False,False,True,False
0.5737010488118345,0.7628259218041675,0.12804196168463985,-0.5961268795792575,1.227427854803109,1.1867647509875057,1.524987828426458,-1.5625448746770416,-1.6780598817865342,0.9589881961131577,0.4830734289977579,-1.6305415079472025,True,False,False,False,False,True,True,False,False,False,False,True,False
1.2835806014099091,-0.5809834793540285,1.3465678536441654,1.6548153560831074,0.37082471552505436,-0.8653841879765773,0.31321994152273575,-0.09888848470906501,-1.5257400658767832,-1.701916712308757,1.1647040805860593,0.9903332800856446,False,False,True,False,False,True,False,True,False,False,False,True,False
-1.7021282122642445,0.29600027576228255,-0.1587858277621785,-1.699531609466998,-0.004798115524775621,-1.4318209769391268,-0.4883236120067975,1.4532532061298353,-1.1064987936797683,-1.5367458422492621,0.4931314324043602,-1.662214568144664,False,False,True,False,True,False,True,False,False,True,False,False,False
-0.9657177620492019,0.7182328586367565,-0.9211382215579202,-0.722818962527187,-0.15422490604494501,1.4531132224603753,-1.4929876701906908,-0.7069403418502027,0.6725498168030282,-1.6557078263975602,-1.7013776618386063,0.7319735199338329,False,True,False,False,True,False,False,True,False,False,False,True,False
0.877784556947378,-1.6795759451006715,1.509613172247006,-1.1446989591342993,1.6736687664822936,-1.3335281337690192,-0.766363422968204,-0.37751393251807874,0.7723051388996673,1.4135808889791581,1.044546262278231,0.8527982475273443,True,False,False,False,True,False,False,True,False,False,False,True,False
1.387101813068247,-1.1379958911975099,-0.49123710321620284,-0.5958661239131469,1.5069024143451581,-1.392830882136212,-0.1495270092886835,0.5916789196015697,-0.8114935354062717,-0.9412095014353912,0.9894915264371035,0.3564694391540332,False,True,False,False,True,False,False,True,False,False,False,True,False
1.4945972538165786,1.668696404165036,-0.43598360601862257,-0.942921537228707,-0.43498339675990033,-1.0460649163058686,1.480119610546313,0.32100522341518456,0.662067006764379,0.4031215916138351,0.39325887189977504,0.19731731067947464,False,False,True,True,False,False,True,False,False,False,False,True,False
0.8871751610863926,1.4835282202201514,0.1413634586284001,-0.7216944589354181,-0.9588266343471284,1.7001462913898444,-1.6107594896923811,-1.5366911606138367,-0.4376200991370998,-0.16523640199101555,-0.09492406913771669,-1.103685467681865,False,True,False,True,False,False,False,False,True,True,False,False,False
-1.2318168130510432,-1.3050676874984353,-1.478897274590197,0.9293035372480211,0.018797551597866977,0.8098996525660827,-0.6141836937936767,-1.4866218818499968,-0.7079217753517537,0.35051205323300505,0.09398350030071571,0.19016589620530194,True,False,False,True,False,False,True,False,False,True,False,False,False
-0.8268257527054913,1.236177373663685,-0.2500675888316101,0.08029803259913786,1.4581187405028575,1.3189713715217555,0.49731053267418807,1.3230946391504563,0.6124659596628861,0.38396024514749655,0.6082674930087941,1.0190809975370452,False,False,True,True,False,False,False,False,True,False,False,False,True
0.04602652977776706,-1.0402340762447484,0.5236982287846914,-0.9585729993109743,-0.28566887497314286,0.7110137186533813,-0.9317146611509279,1.4357815764417476,-1.185490934143702,0.8170766962945344,-0.9195778021624139,-1.6459552304997704,False,True,False,False,False,True,False,True,False,False,False,False,True
-0.439207301930366,-1.5819123370201136,-0.6208448786335174,-1.5894886206410592,-1.5790084143140486,0.2671887442974549,0.3587989331908651,-0.16584086274724627,1.4876350803948521,-0.881524248339124,0.6995709714134538,-0.3306487014199361,False,True,False,False,False,True,True,False,False,False,True,False,False
-1.2797451929706711,-0.4963974761459399,0.3380375830984408,-0.07271144371192541,0.2955982143026432,1.3019449419522495,1.019518368069311,1.6221237677725322,0.7961894872981975,-1.3238299157590836,-0.7410946208658005,0.04280049529893471,True,False,False,False,True,False,True,False,False,False,False,False,True
-1.3875252528426172,-0.1136493642142291,-0.47561302434014413,-0.3256299558343143,1.6891407693631935,-1.12653681420759,-0.4145732097456996,-0.5487675147370679,-1.5100450092071174,-1.2961027325395291,-1.6410263432570384,0.62047782059413,False,True,False,False,True,False,False,True,False,False,False,True,False
-1.5565265788530898,1.2807476617180382,-0.897706126761699,-1.6311606225600255,1.4688063648346796,-1.2337735482906178,-0.55386225140192,0.3437377128224406,1.5617002543928888,-1.3461533666588719,1.4355193438938039,0.5524330979928083,False,False,True,False,False,True,False,False,True,True,False,False,False
0.5115519968033706,-1.1241353836614094,0.7867382113002106,0.4162702849651421,1.5126896396795775,1.6842301273737994,-1.0634285030958832,-0.946771762248715,1.5037542650957958,-0.0016882476480721634,-1.0456322315591149,1.52677903554315,True,False,False,True,False,False,False,True,False,True,False,False,False
1.5329821844808862,0.00015796641111453743,0.503792717812674,0.7186347018885011,0.44759222021505307,-0.5075523755356608,-0.43300535397079704,0.07623777062945004,-0.6568718563116551,-0.5819373644160596,0.9394455949357491,-1.2952441280119293,False,True,False,False,False,True,False,False,True,False,False,False,True
0.2953092334635284,-1.5315775383061399,0.6597130730329824,-0.4739133570736819,1.1718308982244083,-0.34199961474804746,-0.40994583433678866,-1.543907681771283,-0.0004410653261228359,0.7769844485888487,1.5709100253098014,-0.9479175258717513,False,True,False,True,False,False,False,False,True,False,True,False,False
-0.7946311278063288,1.5764106340196253,-1.351365611575199,-1.5672263191612694,1.2897430038666278,-1.6571833424038769,-0.40084025351749836,-0.876331966862218,-0.6066195446440865,-0.4052236159330078,-1.6421263583445624,0.5602282292808379,True,False,False,False,False,True,False,True,False,True,False,False,False
1.1609435804920318,0.8984902597094786,-1.348094113492653,1.2131422877875053,-1.5101039932189433,1.4787059550188988,1.745238305478591,0.3269742464480304,0.4728072184067343,-1.3174876373696434,-0.24521354634334033,1.2800807043294626,False,False,True,False,False,True,True,False,False,True,False,False,False
-0.7364248407294232,-0.10834085483668711,-0.12221577079344584,-1.7450782729400738,-1.3242822302174215,1.250995982514314,0.5639372745234796,0.3838888317832936,0.3343387165755373,-0.6183452158988396,-1.5962152410582309,0.023197173830233675,False,True,False,False,False,True,True,False,False,False,True,False,False
0.838568204660118,1.3844168417315048,0.05270578277279726,-0.8206511995877572,0.1376177294594101,-1.103645446740613,-0.5401620931197211,-1.1267177766539702,-1.5400611442863545,-0.008206340036460449,-0.013332098739279617,0.07132121337427488,False,False,True,False,True,False,True,False,False,True,False,False,False
0.30380938068375496,-1.6677640786452126,0.7538166578060439,0.5087196636081903,0.31977688829195605,-0.7213164205908668,-1.3981966111153292,-0.3476793993158864,-0.18950989045449704,-0.615369361679571,1.6444299860979397,-0.7767748444487562,False,False,True,False,True,False,False,True,False,False,False,True,False
0.9775987590268657,0.38226825624019956,0.9966457761632764,1.4699613155727334,-0.5490757664412851,1.1204103926344093,-1.3100891766893086,0.12176370707244447,-1.1876101342604066,-0.04080028231247171,-1.0347661170228528,-0.4053349150762357,True,False,False,False,True,False,False,False,True,False,False,True,False
0.44940258026707813,0.6629720793863623,1.7066282901598773,0.7377400370201666,0.4584449320260403,-0.44989303417132104,-1.0290812007903691,1.6724829820335705,-1.4052699619583995,1.2676786342786104,1.1532018320582247,-0.052093698289186856,False,False,True,False,False,True,True,False,False,False,False,True,False
1.1418394002476413,-0.23162530070551987,-0.04604858039719921,0.13553417217446256,-0.4579250212390888,-1.6025359716273215,1.2091610681941718,-0.9261901999145608,-0.04923076165069554,-0.8226007122762462,1.3542804458401363,0.3876776797792935,True,False,False,False,True,False,False,True,False,False,True,False,False
-1.6880214682023367,0.9074678983461049,-1.617505649404702,-1.1222104674028077,-0.794571871871675,0.6497477129903586,-0.8254756766598372,-1.428840228602956,0.5520856085463123,-0.2835372958828746,0.9644513377155605,-0.4218311041321291,True,False,False,False,True,False,False,True,False,False,False,False,True
-1.0678332348211028,0.6251322138974119,-1.2535785815054103,0.2950860835998869,1.7224885887089645,-0.08339522429297365,1.1183556803105872,1.3645349339500399,-1.326842450826702,1.0130068530336942,0.15969505992665678,-0.8846429195441355,True,False,False,False,True,False,True,False,False,False,False,False,True
-0.1730292173180748,1.6349076690718518,1.2028944400999397,-0.7872867959293849,0.6768521366661854,-1.593736414298201,1.5891573333984321,1.3851250646479734,1.388222386063477,1.6675508224130546,-1.7223776570310718,1.32577668833496,False,False,True,False,True,False,False,True,False,False,False,False,True
-1.6002392072644895,0.5491291909391702,0.6491608227801703,-0.2876812935013161,-0.7860485057537917,0.5239686870205092,0.8365856348272599,0.8070046356786591,-0.470365539719099,0.45619183943768027,0.8757892385049213,-0.1716553200024301,False,True,False,True,False,False,True,False,False,False,True,False,False
0.5687468998409556,0.9906363994090719,-1.4692740476054842,-1.553972641570503,0.17680143020382297,-0.7572863698169723,0.2854413171969499,0.7586414484063272,-0.007756623114169972,0.8336842557309142,-1.703347112521989,-1.3268522211165092,True,False,False,True,False,False,False,False,True,True,False,False,False
1.2816720953750005,-1.2657204220359968,-1.615606597700777,1.0457356083028049,-0.8878279974449624,-0.4770589558511264,0.8679290488166814,-0.7952943251327154,-0.08039678095620359,0.1292434045258907,0.04520131008192684,0.21815438965107015,True,False,False,False,False,True,True,False,False,False,False,False,True
0.05509813107135168,0.833297347851553,1.3750134506287346,-0.2599836346395684,1.3739868431442197,0.5467139293085712,-0.52936257167626,1.5719703755098746,-0.6997473223870818,-1.4970451808764524,-0.7378095717901637,-1.484336569666471,False,False,True,False,True,False,False,True,False,False,False,True,False
0.30679414187242404,-1.3937927633468061,-0.01227340176538056,0.550193897049836,-0.7625892101596048,1.473216692747096,1.6371922211194931,-0.3043990400414567,-1.1577841849253598,-0.7929148193021266,0.4593242453977584,0.8142470523719912,True,False,False,False,True,False,False,True,False,False,False,False,True
-0.6688443717393002,1.4403746531600359,0.2349616175240027,-0.8825284792315041,1.6719817965898438,-1.1202993520328646,-1.5211507366347172,-0.4710106924970269,-0.026559602712343373,0.5581591426416019,-0.655695372234708,-0.8694570722356654,True,False,False,False,False,True,False,False,True,True,False,False,False
0.838587016174633,0.7985537147818087,-0.22347445238025118,-1.7391584128445117,-1.1580620204059628,-0.7992791167327586,-0.5725697608413024,-1.5801082717543125,-0.6769379409960913,-0.8159487482482325,-0.9446883959888965,-0.31780878851046396,False,True,False,False,True,False,False,True,False,False,False,True,False
-0.02952662770244259,0.5770931553024895,-0.8529028267028022,0.49718159276379964,1.4744805466526743,-0.2520562747446056,1.7411663549015541,0.8228316046739025,0.15902433655471526,-0.1064782259825621,1.0583941790632156,1.1745471782818748,False,True,False,False,False,True,False,True,False,False,False,True,False
0.5852114870810972,1.4731267667500727,0.36904462178446223,-0.6295230164061246,-0.3473739495900454,0.37210325087049245,0.8226272163234064,1.1487784583406155,-1.2760373550094877,0.5240007471712378,-1.3070809873748184,1.1462374671397049,False,False,True,True,False,False,False,False,True,False,False,True,False
0.9081518170688393,1.4173218005334975,0.2352505558796128,1.65353462674859,-1.5742138818831013,-1.3216801252467378,0.5138765689794809,1.1241781609874786,0.1955437498821345,0.13228231667787402,-1.125793091893756,0.899615820286806,False,False,True,False,True,False,False,True,False,False,True,False,False
0.898179433283287,0.2077039308498884,-0.26047398050121695,1.0415660870550993,-1.0841850996732862,0.06858338319326036,-1.2802680795403694,1.1950881636608628,-1.2191573854461326,0.49452368258449764,-1.332263095315095,-0.571689028645893,False,True,False,False,True,False,False,False,True,True,False,False,False
0.42561283840640013,0.8621708920486795,-1.1083150193156521,0.9178677763081319,-0.3722664518365084,-0.7225979353452117,-1.6336268414595918,-1.2172353758227457,-0.26759105227881697,-0.11608313032087847,0.46330163682422426,-0.893179956844768,False,True,False,False,True,False,False,False,True,False,False,False,True
-0.347793330880141,1.2972308529798835,1.64804222746057,-1.643249117182272,-0.3569417087308504,-0.763195370463648,-1.0572477571373464,-0.027037216026962678,1.3833907987515293,0.39908143452853884,-0.385340614531347,-1.0300199958794205,True,False,False,True,False,False,True,False,False,True,False,False,False
1.1525316478618854,-0.7403576146856974,0.10728203927927306,0.29067299909479144,1.1408973593042113,0.593095351021325,1.6748643782975778,-1.257759829419094,1.2868216033768585,0.23426905097959763,-0.04247753576812463,1.2421105273622692,True,False,False,False,False,True,False,True,False,False,False,True,False
-0.5287077545605574,-0.31429392761455294,0.9456384043217945,1.242815309665614,-0.5492853628299672,1.3277429979931616,0.5419530318536431,-0.7996882531450787,1.142260182172827,0.8900840587510679,0.6572915978573112,1.0408910140835614,True,False,False,False,True,False,False,True,False,True,False,False,False
0.5581369151644006,1.565316876566928,1.2959885508478715,-0.6800892969229557,0.6007628824743826,0.17585103819059097,-0.6373023061430237,-0.4331228100423834,-1.5138197833761249,-1.3476903931625768,-0.2574696313576958,-0.6379477970662019,True,False,False,False,True,False,False,True,False,False,True,False,False
-0.8705904126419616,-0.2003041668545913,1.4810550657790538,1.4016159179733736,-0.2995287711846737,1.5259663125867682,-0.6203489033393413,1.5770077211968883,1.6983249359569683,1.6924671030571936,-1.0398088629121853,-0.28549192465054635,False,True,False,False,False,True,False,False,True,False,False,False,True
1.6611110759069636,0.5069124631848313,-0.36535994341842737,1.37507796843623,1.141486397472651,1.3664126469941285,0.4361039964188859,1.0145309085032672,1.5637492198551435,0.14407801656346486,-0.5579581912667636,0.9357610373930155,False,True,False,False,False,True,False,False,True,False,False,True,False
-1.5024228713756023,0.9479827240796856,-0.4921541065937197,0.16006494516454928,-0.25076966464102673,-0.9093152147916739,-0.3341846431829784,0.6156590972566582,-1.05477839229534,0.9075480057786275,0.7964417775492613,0.868823838598274,False,False,True,False,False,True,True,False,False,True,False,False,False
-0.5683768901044287,0.9585403449765703,0.4656503112933324,1.2499813182752375,-0.8796302988060558,-0.3029537077707651,-1.543113289533928,1.0339158941334388,-0.2070813180268999,0.2715679629426934,-0.8704813754737487,1.2272910990694819,False,False,True,True,False,False,False,True,False,False,False,False,True
-1.2194613569653359,-0.597915332737231,0.3206925902059263,0.4592236002965609,0.36829542659839226,0.24291324870116224,1.0490402781787462,0.555071757765173,-1.6148774252730236,-0.6139231406199749,-0.7519692045245965,0.3455181130465135,False,False,True,True,False,False,False,True,False,False,True,False,False
1.5967576712855927,-1.0142936566412681,-0.5243126048780163,-0.385155663751225,-1.2123844594319264,-0.9512621927157695,-1.6402252291379722,-0.3760067519810429,-1.7077777266916156,-0.029674086117078988,-1.2818681415992443,-0.5582567536320734,False,False,True,False,True,False,False,True,False,False,False,False,True
1.0842336347516208,0.5824198526902491,1.293566302197714,-0.07816464836054873,1.1772086618062907,1.6755455964511319,-1.3257277756918113,-0.7553208181593002,-1.580171559665202,1.642144582122036,1.3433995682200217,1.5967301426600666,False,True,False,False,False,True,True,False,False,False,True,False,False
1.5448306222753923,0.27905664168395056,-1.3870554265817534,-1.594943934160599,1.3952788819775301,0.82915509269682,-0.44973607501637336,-0.7560959684848169,1.1733530297762502,0.7333845896167737,-1.0323687441597467,-1.2894319279430309,True,False,False,True,False,False,False,False,True,False,False,True,False
0.5872028048712037,1.3092353924305764,0.11125650163132496,0.6007375168274384,-0.0784029715607552,0.791963491835765,0.46903606431353867,0.6318092000556811,1.0751549774630094,0.46108849127743345,0.9132505656207333,0.2424458753529492,False,False,True,False,False,True,True,False,False,False,False,False,True
-0.9977676798987056,1.2366179095736278,1.5949671936635426,1.1371930011923055,0.8718645308001202,0.9160750468371279,0.289499710437086,0.45072675478225377,-1.4337922503024965,0.9240467313416298,-0.6286299768967892,0.9696843303367043,True,False,False,False,True,False,True,False,False,False,False,False,True
-0.16997632185654168,1.1031633440876372,0.547651442698372,0.5369938739825847,1.418690923510617,1.0359928801950427,0.7448966025018532,1.054642200967937,-0.970761889686285,0.8336791184538579,0.6832909727245217,-0.016976124484022886,False,False,True,False,True,False,False,False,True,False,False,False,True
-0.604883378409831,-0.5950784253153513,-1.52987075140101,-1.5740516866738063,0.318949306806554,-0.06630662204750035,-0.5428895054131554,0.806405783385175,-0.516489134126331,-0.8952775896320734,1.493421237763644,0.21047383986647594,False,False,True,False,True,False,False,True,False,False,False,False,True
-0.9164844199891792,-0.32030769588874003,1.2754393117382137,-0.8945399391540293,-0.8884049677541378,0.21055844353781025,1.3604936757266688,-0.3013284885403365,0.6990646095631377,-0.4561269670753651,0.2682025921129844,1.4490635985332359,False,False,True,False,False,True,False,False,True,False,False,False,True
0.40379289717520844,-1.0108301783666016,-1.589679418268349,-1.182991245574355,1.700965045012907,0.5780743491797876,-1.6816534712291444,1.40505102217156,1.0651233936243172,1.2536173321222375,0.5613711178243692,-1.620007533537448,False,False,True,False,False,True,True,False,False,False,False,True,False
1.055272981564556,-0.059238269483627294,-1.5241003961130133,-0.9162866793190185,-0.38397630227950347,-0.3937747530815927,0.4157034094056014,0.5771144174604242,-1.008301185680454,0.3495656242847169,0.7846473043530724,-1.3221190910002745,False,True,False,False,False,True,False,False,True,True,False,False,False
-0.305945558095576,-1.0380174115545582,0.6522613953084871,-0.7463819302314303,0.4383133838962493,1.6832442872209321,0.5126587716641361,0.061386512710573056,0.04360010146461149,-0.4563687083135152,-0.2944178936894623,-1.6873314024349633,False,True,False,False,False,True,False,False,True,False,False,True,False
0.24256435226328263,-0.31851152109307573,1.4377227638155932,-0.4963471867319908,-0.5702091431120062,-0.1982919113930443,-0.5278580399358689,-0.5757420625942304,-1.1311337260896064,-0.10534266853770316,-1.3706341088024299,-1.270215798813441,False,False,True,False,True,False,False,False,True,False,False,False,True
-0.928020300640547,1.33337582933253,0.16886317244224086,-1.1714790584878827,-0.3340771463797027,1.1916182554732544,-1.1443027627032345,0.3925409092779404,-0.2906072652805404,0.23776545757970502,0.1193421085039671,-0.80468478503806,False,False,True,False,True,False,True,False,False,False,False,False,True
0.009677123364889215,-0.1351710925510506,1.4709833684767655,-0.006492726939598107,0.5392508213042668,0.24346546419353948,-0.6820058626198154,-0.1849832754027399,0.3372977477516319,-0.6292964890028098,-0.1562728944631959,0.240827027007093,True,False,False,False,True,False,True,False,False,False,False,True,False
0.4037325339781361,0.19473097428660607,1.66250702865352,-0.5886263829297967,0.6130149764900306,0.26454239271901603,0.35475624479860246,0.12246342035991346,0.7019636859669683,-1.1620172587971325,1.1757420396442422,-0.22717656925117694,True,False,False,False,True,False,False,False,True,False,True,False,False
-1.4557851071522452,1.7189672241666134,0.038541904613075724,0.683199771491597,1.1163555343322014,1.3988503548320077,1.3400319794675162,1.4856500779897064,-1.208415774670728,0.7128300086056485,0.8936552079461231,0.6186011977115717,False,True,False,True,False,False,True,False,False,False,False,False,True
-0.7925977413624444,1.5786198703032173,-0.897899814781437,0.3413486802034986,-0.7396605826268614,1.648466521529452,-0.22932294359711522,-0.6004571307463882,-0.6423608083260746,-0.24251964194828868,0.1212248258810239,0.6426375930933421,False,False,True,False,False,True,True,False,False,False,False,True,False
-0.3768814470263175,-0.8583844865132249,1.5741829205510516,-1.7151942081113225,0.6054993191181834,-0.8821030394596442,-1.5361336107022756,1.1388970510714365,-0.23368954534926134,-1.0510931969428667,1.5291496388093477,-0.050616431527293476,False,False,True,False,True,False,True,False,False,False,False,True,False
-0.16618563312172402,0.08983140330804987,-0.9530328858219745,1.4916950808447451,-0.9601587592000286,1.2315685532174865,1.6498308562369428,-1.607369749755095,1.6943628048041142,-1.0541222865917046,1.174464409411881,-1.2106053860139245,False,False,True,True,False,False,False,False,True,False,False,False,True
0.003945541320752899,-0.050976006932414206,0.2342139134106418,-1.6343825751188776,1.1603645196348875,0.668502922311976,-1.1850721093279,-0.6178307405846696,-1.6226392015500077,1.6360786246889911,1.105739247810522,-0.33237887567200824,True,False,False,True,False,False,True,False,False,False,False,True,False
0.2038738494954089,0.42301210343644813,0.22090472872596328,1.2741618223753484,0.3982080375857555,0.838923857772106,1.05402787097287,-0.9431296902793652,0.24414894958084898,-0.3148088063579231,-1.7278083924081318,1.2856659535203958,False,True,False,False,True,False,False,True,False,False,False,False,True
1.071760942652574,-0.9879036306629113,-0.5485799292955105,-1.5751699214687913,-0.9544259165676432,-0.8103911257060347,1.564677545521436,-0.9597628896550322,1.65586333381471,-0.6073759996409381,0.8913787134018533,-1.198872918804112,True,False,False,False,False,True,False,False,True,False,False,False,True
1.369839968852083,1.5392020068888659,-0.4578084722635654,1.5125792142404604,0.6116948905686733,-1.027979377540516,-1.1834636346005851,0.4069751078666795,-1.550374577576251,-1.3549074592100319,1.6036865777048657,-0.9025488157899948,True,False,False,False,False,True,False,False,True,False,False,False,True
0.26007291298419044,1.0998328798226056,-0.7671835936819468,-0.44871266668640447,1.5751566798816294,1.2652795104909347,-0.06366138956480968,0.8348450115154078,-0.5674022380064021,0.31521410743730904,-1.4094329746010281,1.0902057523389663,False,False,True,False,True,False,False,False,True,False,False,True,False
-0.13432664650703047,1.5509071810617818,-0.3733448137588378,0.10462563502715554,-0.7311728936968717,0.08284090076559426,0.5836242540421284,-0.5490836310166736,1.2719037168634895,0.6800432201795553,0.5084142305853833,-1.1387881721875033,False,True,False,False,True,False,False,False,True,True,False,False,False
0.026686188813706817,-0.9130338892519756,-1.284070896145804,0.4639602245424144,0.5824850128854576,0.8573518343324718,-0.2731165821469786,-0.3115943291552068,-1.3771867559059952,-0.4520923862085237,-1.322840481928895,-0.4451562466939799,False,True,False,False,False,True,False,False,True,False,False,False,True
1.2836536691467975,1.5637662253913642,1.6875902133682317,0.7967438560224904,-0.5975427113563708,0.05113977324550839,-0.8946665806661641,-0.08202036133961364,-0.8465602694566929,1.5585747353806132,-0.5132118675406235,-0.21206324954336453,False,False,True,True,False,False,True,False,False,False,False,False,True
1.3349174531824184,0.18721126187787226,-1.466868430171234,0.37453475311783185,-1.6082999311467594,-0.984718730337219,-0.7779955999961203,0.8190395699143868,-0.509763871384586,-0.5663515351913373,-1.3937418135886583,-0.9417926083764835,False,True,False,False,True,False,True,False,False,True,False,False,False
-0.858814428528581,1.2323739000425444,0.5444702794100984,1.2179581677663203,-1.4290073177295628,-1.2380613057844019,-1.1872993027559875,0.4049119934238497,-0.6477793787275692,0.6064926402444155,-1.5238797711440821,-1.6295519371805063,False,True,False,False,False,True,False,True,False,False,False,True,False
-1.2516931261667938,-1.3967654972375396,0.11883700159560488,1.167604944308769,-0.703982079327178,-1.08435047036517,0.5543513640651526,-0.7480815971256456,0.7439589104160651,0.09508554046898574,-1.1558473621213747,1.6951611656563497,True,False,False,False,False,True,False,False,True,False,False,True,False
1.5508155724979118,1.0073857228446867,1.142108846439379,-0.5548051589867882,-0.1962247234365295,-0.8269492030244121,1.026078279251645,-1.0190764908941226,-0.02521389027890886,-0.31286358588333035,0.9340068130339665,0.07664745059623597,True,False,False,False,True,False,True,False,False,False,True,False,False
-1.360465785645669,-0.28183678020137165,-1.5810391101444965,-0.8909810153255341,-0.7217915840560492,1.1543082036583199,-0.14923060593700319,0.40720265490971663,1.0865034363392294,1.510361555286272,0.9378752560590007,0.029680728508744925,True,False,False,True,False,False,False,True,False,False,True,False,False
-0.32335736529985937,-0.8290512236138634,1.5342702574398077,1.3871981706241043,-0.4304952274456027,0.8593023810981755,0.3201578600722149,-0.25143877805248044,1.2874993541506303,0.02925757671406962,-1.5626087787994836,-0.7595780233871028,True,False,False,False,True,False,True,False,False,True,False,False,False
-1.4890459827555633,0.32112269396349546,0.9635032883568755,-1.5079466559803296,0.6007929801261329,0.4991570290395427,1.0454258722216445,-1.1941025696986562,0.9514100662750528,0.5458128643517174,-0.1307587655165052,0.7937751832217765,False,False,True,True,False,False,False,False,True,True,False,False,False
-0.8604004041404838,-0.9148307599712353,1.6450071432056979,0.3884087181785461,-0.34453573262984344,-0.2749862182259273,-0.9449656114705219,-0.058719336214963315,0.02171658115493472,-0.661714580349116,-0.4596577931651832,0.886928320560285,False,True,False,False,True,False,True,False,False,False,False,True,False
0.2588069871242672,-0.2896846690657865,-1.5118393975871534,0.09310192197622312,0.2253616344540847,-1.4151038253487451,0.807164332898595,-0.07567459433404689,-0.6754391345018802,-1.154174424482774,1.5988720287699354,-1.0685224643785374,False,False,True,False,False,True,False,False,True,False,True,False,False
0.11628761022505518,1.6347424421817283,0.359143235629283,-1.4911464239545915,1.6472960604433247,0.021292630474965556,0.28450961121370283,-0.9625021590720327,-1.4283917406993232,1.0852318985071507,0.09559740373678487,-0.2092704309501274,True,False,False,False,True,False,False,True,False,True,False,False,False
-0.4596964981500352,0.20917815618817046,-1.3644513773052318,-1.5845722281496837,-1.2333717540270233,1.0633674707261442,-1.2517819005647808,-1.397370300618882,1.2802545614979242,-0.6572898946010997,0.5925952454406185,0.1391586065715566,True,False,False,False,True,False,False,True,False,False,False,False,True
-0.3823703759709929,0.8839563416377052,0.8088953858279988,1.2426562075676149,-1.5515480956108856,-1.3954830935912388,0.8452062466807962,0.5378420000142644,0.5390194950207619,-0.40769386394670903,0.04784775485784726,-1.0745387153958348,True,False,False,False,False,True,False,True,False,False,False,True,False
-0.05370292741521535,-1.2263518647286487,0.3782865099362688,-1.0801514196119553,1.3451272053107894,0.41399917543239473,-0.04969552995598229,-1.558200920194622,-1.4098180171819896,0.5131518342996533,1.5420936463275488,1.5354309447945007,True,False,False,False,False,True,True,False,False,False,False,False,True
0.8292861935679664,-1.2709638931159057,0.4980192974541051,1.6188736553800747,0.13995646868908534,-0.291543756113843,-1.4544552198068736,0.7999514079345859,1.7356297613599365,-1.3385905421247237,-0.477546802754614,1.4238597801350288,True,False,False,False,True,False,False,False,True,False,True,False,False
0.2583769716153624,1.2562911063335487,0.8653166659763732,-1.2048458931763448,1.7118495679772978,0.921997157901156,-1.4149979078002495,-1.6905803917671618,0.9795505998078563,-0.7472330407724588,-0.9442720408509467,-0.5617578374831284,False,True,False,False,False,True,False,False,True,False,False,True,False
0.3230374222515981,1.5587876314391442,0.20106657438824843,-0.1881569818861431,-0.07921764815997642,0.6266280957979142,1.734493373140139,0.0848309087298774,1.2763760461290725,0.5923331632873019,-0.26486647481874215,-0.35246663441329096,False,False,True,True,False,False,True,False,False,False,False,False,True
1.2168447269669271,-1.6694167699524372,-1.3094296716530662,1.5989209296943567,0.10895590603171273,-1.6110368873492684,-1.3689225886960226,-1.4855103533913188,-0.5694629000646491,0.8832074143699888,-0.7329011327871063,-1.6307677814830326,True,False,False,False,False,True,False,False,True,False,False,False,True
1.50581567226819,0.6987074416902425,0.5372688145578031,0.801690869518692,1.1676346887904698,0.619789457988888,-1.26195304983006,1.005704082846725,-0.6938324586408569,-1.3768242384322011,-1.542335475510198,0.0951317261758601,True,False,False,False,True,False,False,True,False,False,False,False,True
0.14948164440497538,-1.627071827413889,-1.2270835478432596,-1.6777846032508066,0.006589641457714262,-1.6133502940975524,-0.14327741958891033,-0.9882355972802089,-0.9496363135431863,-1.0435317561468507,-1.199194507681423,-0.4476884632046625,True,False,False,False,False,True,True,False,False,False,True,False,False
-0.30931696827314953,-1.3151544561676745,-1.7164646991611323,1.3423852803033385,0.35669669598868375,-1.5892220541452151,-0.20314571894685368,0.6755665131208264,0.5257978721069533,-0.9366829105284861,1.7113553158681498,-0.17181821400418174,False,True,False,False,True,False,False,False,True,False,False,False,True
0.06024941162423609,-0.10582685863950475,-0.8417966588181287,-0.5189619929140256,-1.6661971961593665,-1.6083745316090412,0.9472535556709516,0.9379523534040801,-1.3586590468915871,0.5861930158085096,-1.3686595348906923,-0.3398879939881941,False,True,False,False,False,True,True,False,False,False,False,False,True
-1.321391814179141,0.7990284003371557,-0.6055822883861759,-0.8700055646364068,1.4784336203314576,-1.4763067687622,-1.02376591330864,-0.817876722769272,-0.33599922521171927,1.4785684151827485,1.1669641250615717,-0.4732608856519217,False,True,False,False,False,True,False,True,False,False,True,False,False
-0.9101505439889737,0.258260527796294,-0.5927520728348717,-1.4164044181285371,0.5442518284735018,1.117272506862025,-0.9612135993741062,-0.241923676935157,-0.5459017285158003,-1.1044429004326102,-1.7012885666819053,-0.3311704506347071,False,False,True,False,True,False,False,False,True,False,False,True,False
-0.7838694289357647,-0.8657530609211165,-1.639453915865574,-0.9260809130276519,-0.5359812476713249,-0.3256098002497475,-1.5954895160697713,0.523740289250875,1.3314503050562438,-1.2231902528910576,-1.2663257518488953,-0.6232206474857377,False,False,True,False,True,False,False,False,True,False,True,False,False
-1.644340011256653,-0.7973347149980916,0.40399184968990404,1.3456987035201526,0.21779605047210657,-1.1305838698870585,-0.10927838772321738,-1.621354931075541,1.6457068189347959,-1.0449777951349137,1.3086188676733546,1.2429466961551983,True,False,False,False,False,True,True,False,False,False,True,False,False
1.0101585199614347,-0.2741811399674403,1.247988863641635,-1.0045239463700983,0.08769755268506506,1.5701551160983833,0.4856930794530519,0.6800622008383912,-1.1762674066481238,0.5050341846618426,-0.47283725326636433,0.44483254449572646,True,False,False,False,True,False,True,False,False,False,True,False,False
-0.9889823959901023,0.9352302292050269,-0.08412440103062652,1.5108063680907198,1.6857999874089973,0.8462258861677292,-0.3323759566606948,1.1571291511556983,0.3320180705446133,-0.5181878617213871,-0.7611768242483821,0.18334477876125496,True,False,False,True,False,False,True,False,False,False,False,False,True
1.575090727879191,0.20337614871085347,1.0672604640289944,-0.6194525427598718,0.6312266973529226,0.3246860919991503,1.5989212437794758,-1.0745648876364233,0.6851804144095328,0.09852257071268322,0.658107491266649,0.4492799564865974,True,False,False,False,True,False,False,True,False,False,False,False,True
0.19042786083117252,0.002868991516267507,0.6618450142464096,0.11514952682951567,1.10070812516659,-0.0393853253903209,-0.09248723348001042,0.5717053978278746,1.7553413448104571,0.5122831176057794,-1.348579210591693,-0.11422005276318856,True,False,False,False,False,True,False,True,False,True,False,False,False
-0.3966483959081286,-0.8650868321696208,0.3646030589295365,-1.67340527798171,-1.1048645356638114,1.6985179387763891,-1.0218820182559194,0.8090186658326848,-0.1121525105532013,0.8253716215102066,-0.8858479905376719,0.133312793333331,False,False,True,True,False,False,False,True,False,False,False,True,False
1.5099261555863015,-0.7473119736676888,-1.444220443601878,-0.8464465735257259,1.2146884629124108,-1.663225009136676,0.12471106300003251,0.7661298335546156,-0.7107640725182727,0.48524201101864334,-1.6189906909722172,0.9996080885453175,False,False,True,False,False,True,False,True,False,False,False,True,False
-0.4721846407066246,-1.3375580536773188,0.43094733395472506,0.14205833412948107,-1.3501091389781916,0.8704978571327138,-0.602498062025778,-1.1439174700498886,1.3949348942458222,-0.08181794481170851,-1.406612218899258,-0.024768729612615722,False,True,False,True,False,False,True,False,False,False,False,True,False
1.6772623109047966,-0.9532151435008182,-1.1370926713033784,-0.14982700620130784,0.7941768313418154,-1.6591953564338424,-0.0907117135665233,-1.5868155766828094,1.3973577955233927,-0.32341227328981087,0.6583370465221576,-1.399613130496554,False,False,True,False,True,False,False,True,False,False,True,False,False
0.6812311221524331,1.5648663477705151,-0.8108782414826528,-1.132000818290952,0.5489864032324017,1.2568802659114926,-1.4496287098668772,1.469441060612316,-1.3508239710186196,-1.2930889486756514,0.8894028703707417,-1.2546952986822695,True,False,False,False,True,False,False,True,False,True,False,False,False
1.3886021141399327,-0.36285119339197885,-0.7764934386273469,-1.4228106872603965,1.6598727026851725,1.39786478220073,1.588215142699594,0.7182324276253333,-0.17093908531907678,0.765348585336034,-0.7564906096947059,-1.0416019328660628,False,True,False,False,False,True,True,False,False,False,True,False,False
1.2624907963095544,1.696361348793708,0.36735332697725454,-1.1524301569501805,0.11221412809925525,1.41444801591122,0.734860882975661,-0.7659284227966244,-1.3484350012964434,-0.35376098983774795,-1.008670833265104,-1.6638009144788837,False,False,True,False,True,False,True,False,False,True,False,False,False
1.1512237524713052,-0.6554365623427559,-1.2656673071362818,0.30868209695463034,-0.20393858887931568,-1.2200392276923313,-1.1606111666357282,1.4963070550164619,0.6769383049584092,-0.781250734530112,-1.3082923439008958,-1.640428059187649,False,False,True,False,False,True,True,False,False,False,True,False,False
-1.1700320815975527,-1.097874636248903,-0.7555402052925121,1.6660111842756544,-0.9512704315991724,0.02873231267903788,-0.17217867894202105,0.11406064791271862,1.3422578328253316,0.7071826924718458,1.4111386731948434,-1.6359958125777376,False,True,False,False,True,False,False,False,True,False,False,True,False
-0.03446337588895912,1.5114788646288229,-0.9679260756494394,-0.8924451051763398,0.37657379344484165,1.1716810808724418,-1.629468492807293,0.3094195229909378,0.3483144289945237,0.34749590412897335,0.703193584952769,-1.403630741575821,True,False,False,False,True,False,False,False,True,False,False,True,False
-0.8828157322771252,1.1763850631131034,0.7119782331262366,1.2349454322105027,0.40969847889627387,0.289966661341093,-0.8696226330881542,-0.7833455540159441,0.23610083171802804,-1.1532230515214172,0.8079084729310108,0.7443674422931392,True,False,False,False,False,True,False,False,True,True,False,False,False
1.262629383237588,-0.597023686744147,0.9726094713137564,1.3150268055179775,1.0701414053522422,-0.41862250431114595,0.23578795003878184,-1.0618688744469664,-0.8108144664645265,0.9068154923377864,-0.6632282610978003,-1.6266330273719807,False,True,False,False,True,False,True,False,False,False,False,False,True
1.7377055850816094,0.9040401672685298,0.44215946505696235,-1.474755290430273,0.2905337494452827,-0.6136640141004132,1.3059826212395984,0.19151232049777006,1.0633709469054828,-1.5575427890976006,0.07183447898030296,-0.4257955605939371,False,False,True,True,False,False,False,False,True,False,False,False,True
0.5157896260697477,-0.9396096322502471,-1.4892887730971183,-0.5750014774872545,-0.9039998985390242,0.1594472639140196,-1.2633009722647186,0.27509855883513007,1.030739411418398,-0.9763064547255349,-1.625176100278676,1.2113159426925997,True,False,False,False,False,True,False,True,False,False,False,False,True
-1.5570839051775398,-1.557471946351369,-0.8039368828820351,0.4708556981924719,1.1190094138362356,-0.513079646361434,-1.1915150963227321,0.4142029463818626,0.8603640578298722,-0.245678829832555,-1.7278769101303357,-0.5066862237242513,False,False,True,False,True,False,False,False,True,False,False,False,True
1.2813529324437058,-0.011060524273106224,0.6234104356941704,0.3838852599837558,1.3801865165387577,-1.6909247158029497,-1.3092926822824327,-1.4147589367623616,-1.1501354777494075,0.7766654297665863,0.2900622306646866,1.3814280038421896,False,False,True,False,False,True,True,False,False,False,True,False,False
0.6123861215152943,1.321289304367107,0.4733539406961794,-0.6815238371383562,-1.427173221657653,0.14260306174021767,1.2711131161182032,-1.238938880745093,-0.5578522942424584,0.9890041213191058,-1.5134421607959205,0.8296121827770789,False,True,False,False,False,True,True,False,False,True,False,False,False
-0.28527364921062326,1.435619863400263,-0.15349588260113922,-1.7019044873362839,0.7967730593481249,1.5002471187442896,0.8655104660030171,-1.4938078470164113,-0.23654331584617574,0.7363865183959246,0.9687341380641338,-0.33025873846704823,False,True,False,False,True,False,False,True,False,True,False,False,False
-1.1820939668652464,-1.5305301453738998,1.6245878134579883,-1.092790875572175,-0.32079695663206087,1.6232226295664145,0.5284351101542862,0.741308708306987,-0.11177196234017217,0.1967828930158626,-0.1619164810177321,-0.276285675919257,False,False,True,False,False,True,False,False,True,False,True,False,False
-0.9686269885289807,-1.1710034721463174,1.2042054274990392,0.46836564490533744,-1.68944654230504,0.19922232871889445,-0.3702471440885128,-1.5575466155145978,-0.7782517083725297,0.305290043288238,0.655264631131218,-1.6498975371579758,False,True,False,True,False,False,False,True,False,True,False,False,False
-1.0685017270707862,0.8360615434173474,-1.4017774317531477,0.7608548088831449,-1.6695315116778144,0.1963246304772211,1.192825298787624,-1.412152931633433,1.2477787046694087,1.7033182597586585,-1.2015645558291956,0.7913265244147357,False,False,True,False,True,False,True,False,False,False,True,False,False
0.9909788101308838,0.9594309102679844,-0.8637703106119612,-1.5482638115127285,-0.03508726719084724,-0.24980459428991758,-1.2131314589360902,-1.5774768089395057,-1.3269600422142525,-0.00670615793920664,1.3330088915967202,0.5421540253489275,True,False,False,False,True,False,False,False,True,False,False,True,False
1.3617081680898233,0.07820859581873804,-0.5760074289643982,0.20307576671690175,-0.3439648130461745,-0.6634110772944382,0.11016702915064114,-1.4262853997454945,-0.45338223788009235,-0.31294594690791117,0.5115167680489523,0.8336289011427989,False,True,False,True,False,False,False,True,False,True,False,False,False
-0.051238854771840724,-1.6733990224969486,-1.607879798131786,0.9779661592232574,1.3452304779565698,0.6766583216990864,-1.5390925636867143,0.8977553935343037,-0.7150107928814986,-0.049147673827802045,-0.5642919666607932,1.264758701957797,False,True,False,False,False,True,False,True,False,True,False,False,False
0.27539159757078646,-0.13847520794730928,0.7773008574314747,-1.176533322958318,-0.6778780273944152,-0.6315216270741434,-1.384481010751555,0.38049274273172756,-0.5983958681148858,0.1986091741445914,-0.22456675255864844,0.7101764363670288,False,True,False,False,True,False,False,False,True,False,False,True,False
1.235831363289499,1.1522789905571125,-0.0622501903633691,1.6593262095557813,0.3143770346739342,0.6177206816919762,1.468799370002062,0.9525011160427826,0.04349459067163619,0.5891586172789114,-0.7971272312058346,-0.7175388103488497,False,False,True,False,False,True,True,False,False,False,False,True,False
-0.6326365391108505,0.7192473100874738,1.250656866529397,0.3951588167030358,0.4608487982607827,1.568497039615593,-1.0408131141095742,-0.9087634434687258,1.6104778843009995,0.46365072635283033,-0.41832201622541415,1.4995583571421731,True,False,False,True,False,False,True,False,False,True,False,False,False
0.3319920355879483,0.7910646232601767,1.2160076617717515,-1.2212434563089332,0.4605813447991655,-0.8459982537020352,-1.3326480193490147,-1.1207132352862048,-0.3310629507692777,-0.9761702951867666,1.551734942838992,0.9746545312111087,True,False,False,False,False,True,False,True,False,False,False,False,True
-0.47811341432479304,1.2610374015281063,-1.3443872644987436,-1.4553890723125023,1.341552078570823,-1.4713007909491604,0.7306028667663549,-0.2923707607693225,-1.0918097118420904,0.20538225313604414,1.067377012387705,1.681193819470951,False,True,False,False,True,False,True,False,False,False,True,False,False
-1.3444090554175665,-1.6880587807246434,-1.417144159957756,1.2534684564426553,0.3357097958469118,-0.7437844475823062,1.4732939915705257,-1.5923865122405536,-0.7301251867578828,0.47237383136844363,1.6922433638661882,0.2768925968485238,False,False,True,False,True,False,True,False,False,False,True,False,False
-1.5447246169802136,-1.6159905100812646,1.4966625604839932,1.351077752023574,-0.9575581464637019,-0.29525479628122164,0.9397833212584151,1.2329850363636308,-1.5305787893500966,-1.1800223132651868,-0.9227044090264144,-0.27221559304163584,False,True,False,False,True,False,False,True,False,True,False,False,False
-0.6505514764659683,0.7429791030899273,-1.6834328062647348,0.2597863278125677,-1.0962474487849414,-1.2292389341002041,-0.3598265139029707,-1.5405904248467317,0.49877271663122796,-0.6097382338958947,1.537788545436277,-0.21595993794304327,False,False,True,False,False,True,False,False,True,False,True,False,False
0.25949934512705347,-0.8542871732077562,-1.7108981751056682,1.6420341105008767,0.2946864801739812,0.18064235215311256,1.6417159301687203,-1.3000711866290626,-0.04952780844312676,1.6046327181506577,-1.1934373390920798,-0.5302173887886821,False,False,True,False,True,False,False,True,False,False,False,False,True
1.42691800194809,-1.6602530964266493,-0.6617213656063418,0.33732648820402844,0.31791471947955147,-1.4851454162207611,-1.6849095241541359,1.3226270907632798,-0.23496017870963296,-0.012657567298709746,1.5340006638383843,0.7310780985558418,False,False,True,False,False,True,False,False,True,False,False,True,False
-0.8492959304363743,1.3458043742886794,-0.3537459447202265,-1.3684548669536718,0.03969242464641674,-1.2430622471059516,0.6743910661485104,-0.8622327342973503,0.2597651415937936,1.3390454954977582,-1.243524019530066,-1.5336216256379014,False,True,False,False,True,False,True,False,False,False,False,False,True
-0.7976026028035009,-0.043422805210256335,0.16202357479710064,0.4359210484844548,-0.40370293071100277,1.3624647316898377,0.4808319979609954,-0.7096063662633372,-1.1223598693809402,-0.13691145145683803,1.381962119557305,-0.019106067568310986,True,False,False,False,True,False,False,True,False,True,False,False,False
-0.06711629489371569,-1.4484615603983877,0.47937939920811945,0.8600393421542855,0.3843437367216724,-0.05396371961178147,-0.5487582383021828,0.9386381620523001,-0.3981960978059208,1.0482180849662555,-0.6183698486569289,-0.7057721854386867,True,False,False,False,True,False,False,False,True,False,True,False,False
-0.6385582417148943,-0.09387559624837957,-0.25230693954266803,1.5246645054922041,-0.6549634006268971,-1.0498370929058836,0.05656346412710023,0.8555284630400332,1.302454482781522,-0.7504838487573233,-1.2291701414832255,0.8287724363450547,True,False,False,False,True,False,False,True,False,True,False,False,False
0.9723708957260409,-0.36953461058375053,0.21862151034112878,1.6363655488765187,0.13361732288602352,-0.09453443607003613,1.3421213765697326,0.41891804850304615,-0.7760962867121641,-1.100631322990009,-1.2607492746358417,-1.6386033498957244,True,False,False,False,True,False,False,True,False,False,False,False,True
1.5968451467550688,-1.6631866641762985,1.4056090623957767,1.153507283033334,1.0160976884475332,-0.6628446494966127,-0.819399729702613,1.684748059994181,-1.454804559307115,1.3134651362672243,-1.3738811865128364,-0.9906683050155972,False,False,True,False,False,True,False,True,False,False,False,False,True
0.6892065082113722,-0.2878856817155403,0.6841078755648264,-1.416840236420931,1.6360418780126045,-1.287688949590343,-0.9755846324379039,-0.891776375525992,-0.02528126984425083,-0.3147666551655428,1.1394165102177114,-1.131321482285632,True,False,False,False,True,False,False,False,True,False,True,False,False
-0.8987704961328358,0.12909666576285894,-1.5208438539161595,0.34468828848360383,1.354606171684058,1.550036410069443,-0.31600059475221365,0.5889574055268569,-0.33105419686034476,0.7113361732590144,1.6795572160871317,-1.5736696636678913,True,False,False,True,False,False,True,False,False,True,False,False,False
-0.0886645955323472,-1.5788918168841308,-0.8200124355371627,-0.06877095044751394,1.6962139045102402,1.5584382371216217,-0.8470397537916995,-0.5784512317536099,-1.4912457093563092,1.3303763056640965,1.343433024563818,-1.4931987357035978,False,True,False,False,True,False,False,False,True,True,False,False,False
0.6572950688536047,0.2665420314234915,-1.5499320919355417,-0.43351637710867946,-1.2456537428663603,-0.14511933093927962,0.5122516469701736,-1.67655441156067,-1.4305465384965748,1.5874648040261263,0.5383378465981626,-0.8301317527835345,True,False,False,False,False,True,False,False,True,False,True,False,False
-1.6777372278431641,-1.1933692029608234,0.8658101670589333,1.5465188633693396,0.20918463745411572,0.23692133012076597,1.093748507053436,-0.2843833067636158,1.2750073614487871,-0.31873024084253765,-1.6541894816865343,-1.1795729667376107,False,True,False,False,True,False,False,True,False,False,True,False,False
1.6696401266668144,1.6086039140814916,-0.3878777279084953,1.076852269040626,-1.2561988159486253,1.5375445529510876,-0.3301319264044727,-0.34173702669740746,0.696918509450157,-0.5714177835667695,-0.600833824677988,1.1932048568439988,False,False,True,False,True,False,False,True,False,True,False,False,False
-1.0910379453408552,1.663122193067823,-1.5156743892195412,-0.8446125162264371,-0.5975506987124928,-1.6801031570141918,1.0813300165971695,0.9186719033820081,-0.09378399519242021,-0.1900821954515727,-0.37174723049386654,-0.6361682025881127,True,False,False,False,False,True,False,True,False,False,True,False,False
1.627642500069749,-1.5410726169676747,-1.3366219905962928,1.402847846573321,-0.3230010558728291,-0.9644511844241966,-1.6315508770683695,0.3786115767225817,0.5159705998844822,-0.08083804326557904,-0.6348512756801068,-1.4216646139961682,True,False,False,True,False,False,False,True,False,True,False,False,False
0.8750365609090619,-0.11255558550504866,0.8284761726618634,1.5369307367596283,1.5955751696441551,-0.9367576511005875,-0.1488281586581649,-1.6471203275721786,1.5759787684135744,-1.0860316410531976,-0.28029607405940987,-0.2170097105516891,False,True,False,True,False,False,False,False,True,False,False,False,True
-0.6594068937382137,1.7292973714678328,-1.6805525495927398,0.026066071320404696,-0.1456645913449853,1.2529465001888582,-0.2700970865584911,-1.1365656814929854,1.1314854346727945,-1.415511507212341,0.5989976305706382,0.42031831445940043,False,False,True,False,True,False,False,False,True,True,False,False,False
-1.291944621149523,0.3605661422058022,0.9072790865261692,1.2131258241088116,1.6868558430843745,0.3706578160910431,0.11006055762793548,-1.346702731565697,-0.41613884823759806,-1.5930491795450856,1.4316565300081676,-1.6558188225699957,True,False,False,True,False,False,False,True,False,False,False,False,True
1.173837168787661,0.6123165177441487,-1.0559932376589958,-1.633355436030435,0.07238544568022368,-0.2485244708232395,-1.2734913892102104,1.1549751144093343,-1.2022536059334303,0.9298550869368727,-0.7605009330060537,-0.2826238957843041,True,False,False,True,False,False,False,True,False,False,True,False,False
0.7953599473070724,-0.8651540554393098,0.7552539559655541,-0.09312875407922089,0.6709116570328307,-0.6016409480115776,0.8459920331432005,1.390059809686562,0.762857915318384,-0.0957254608243086,0.039338036015229255,-0.43131169084500914,False,True,False,True,False,False,False,False,True,False,False,True,False
1.4861011803006903,1.4602626091682254,0.7305232870897049,-1.4485521502992145,1.3735557981145032,-0.1324032106798271,0.45255111724730784,-0.9231547593804545,1.087884551176573,0.32983945724881497,-0.17530608626274713,-0.16327386998598925,False,False,True,False,True,False,False,False,True,True,False,False,False
-0.4091771132072261,0.41156534205773126,1.6841365832374693,-0.26606752493911734,1.4525024813157792,0.06843705141446678,-0.1334975928015035,-0.22757826229941644,-1.4387845886149317,-1.2931721309908963,0.3041815087292218,1.5534793785421113,False,True,False,True,False,False,False,True,False,False,False,True,False
1.624873182532894,-0.5822133951230897,0.7526995198602436,-1.6926922950886594,0.8578013996617174,0.163391736010918,1.2706183891169296,-1.0107012482666689,1.4891116992664997,0.4198135631404308,-0.1499283382698914,-0.9134615046880861,False,False,True,False,True,False,False,False,True,False,False,True,False
-1.019713983168709,0.64489009359787,0.5699235854371482,1.1242233804602393,0.08971319005446975,0.9518349067947163,1.2724039459360188,0.7532844762706264,1.116398048413141,0.28672829276771145,0.3779079393955667,1.6034135707922452,False,False,True,False,False,True,True,False,False,False,True,False,False
0.37792313560682855,-1.710689361177221,-1.6617308861453162,-1.1268460054593001,-0.5339329847057844,0.9503700450505657,-0.6195020774488715,-0.033246096635974505,-0.03809923978541067,1.6857387095694791,1.3856641015911608,-1.0447861511615053,False,False,True,False,True,False,False,True,False,False,True,False,False
-0.28694680026715924,-0.5148416150469255,1.4163898747353576,1.5980618042040984,0.5630239291663618,-1.6113434174242807,-0.3482449464646689,1.1958361481274078,-1.7138308581777704,1.505030303468455,0.6901258515658605,0.1243245794391758,False,True,False,False,True,False,True,False,False,False,False,True,False
1.3174787622973672,-0.7418099602350959,0.06299713508049035,-1.4220923040831328,-1.4989418414470097,-1.3938669233358296,0.5277886417637331,0.024621698207816983,0.7614130807794647,-1.0831527876093103,0.4723249838534647,-1.0136942863660605,True,False,False,False,False,True,False,True,False,True,False,False,False
1.5602570524349837,0.19115230457290325,0.0749634898826139,0.05025527817725697,1.0611396548962557,-1.2426767130953609,-0.4067827678237069,-0.10708155846492369,-0.8050973031114528,0.38001626197758276,1.087532968615974,-0.7057597866982817,False,False,True,True,False,False,True,False,False,False,True,False,False
1.509182271544085,1.6454352142541195,0.37839407138865605,-0.34427770179354517,-1.294585629586372,-1.4211189935938837,0.26122091579057366,1.2163810131424346,-1.4930617416890737,-1.7072066034665272,0.5231366347114922,1.0053307509476908,False,False,True,True,False,False,True,False,False,False,False,False,True
0.9543765979346494,1.181046658550761,-0.6136388693524962,0.34099056523867133,1.0376947484631298,1.5276978017002896,0.8927384135800438,-0.5056135263339456,-0.7938425768312865,-0.3240973314918363,0.2864447267418235,-0.872890231049497,False,False,True,False,False,True,False,False,True,False,False,True,False
0.5708119502945257,-1.6474794249321376,-0.32730500748461555,-1.294865628066003,-0.12504167981489733,-1.2059005710638655,0.5145007828247118,-0.7695876250686605,0.5035315199554009,1.4407010886637899,-1.3989781275784663,0.982672282953313,False,False,True,False,False,True,False,True,False,False,False,True,False
-0.9440779727626312,1.1717901437279075,-0.5879830832142259,-0.7194193284619893,0.5815894695537193,-1.2450051632635117,0.27782909320785787,1.2874330936187741,-1.4483882339368026,1.434178466394159,0.4087219470764082,1.1804835185719693,True,False,False,False,True,False,False,True,False,False,False,False,True
-1.084671061588575,1.5700871137930055,-1.7093318578547585,1.3150316726382492,1.132932237649806,0.8355364099456323,1.2297115948231485,1.351805100643617,-1.2179480030215801,0.12406839145344113,-1.0514140662801088,0.9783057872745915,False,False,True,False,True,False,False,False,True,False,True,False,False
-0.537433363340772,1.1587285129772298,0.30142078616535917,0.5799228409019089,-1.3751984023891393,-1.6961632396719108,1.0593921994300814,0.4073898873137756,-1.5353990960501749,1.3739268953799881,0.9730246677846344,1.0317809661338657,True,False,False,False,False,True,True,False,False,False,True,False,False
-0.7410671205952557,-0.5405231381059372,-0.20359940657194436,0.27648580830739194,-1.5317541094028808,0.1616589865692916,1.4119265625883668,0.5996610929565198,-1.111469818774733,-0.6977103314627962,-0.5486824558579706,-0.6343859221911442,False,False,True,True,False,False,False,False,True,False,True,False,False
1.301478298403799,-1.6574416380052541,-1.5278209137865695,1.6238598448761898,0.7226868641534167,-1.350535872287559,1.651876913763122,-0.9096112315439503,0.6240985437568632,-1.5294903274729446,0.6696376025980575,-0.5663800143977175,False,False,True,False,True,False,True,False,False,False,False,True,False
-1.6498202277129397,-0.5004404146448861,-1.610552662970159,1.5026248289006103,1.4320900695549506,-1.0410049142466333,-0.07881930918145065,-1.2691290545902245,0.2796802134648911,-0.07032594919480634,1.2735036538598783,-0.7216559266278013,True,False,False,True,False,False,True,False,False,False,False,True,False
-1.3141864772128486,0.37895743054467657,-1.6751251423851874,-0.03836878758017899,-1.3656884246270344,-1.2538629657371683,0.2798468159251903,0.9627613966815297,-0.009225673310717424,1.1578646112876179,-1.3111456582477485,1.3756685671046929,True,False,False,False,True,False,False,True,False,False,True,False,False
-0.6417067484188688,0.02087372252994814,0.9131902664706164,1.3060114185775542,-1.2002414381703523,-0.5970744737969054,0.8596677234720439,0.6640506031597004,-1.290728929023793,-0.7552327107148955,-0.4137362292318022,0.8759318296606534,False,True,False,False,False,True,False,True,False,True,False,False,False
0.34188280485564565,-0.9700264107692663,-0.8794042472058274,-1.0874134927404036,-0.004493282524328906,-1.174343416442639,1.139242262762564,-1.310427734186693,-0.275134281519887,-1.0503791899338224,0.2566740404118929,-0.7322976406444249,False,False,True,False,True,False,True,False,False,True,False,False,False
0.4399809833685776,1.6971386793013337,0.9338568811751534,-0.4681672376066126,0.08810301368104892,-1.2888098066933948,0.21084842802024378,0.45869059751740504,-1.7155750634441598,-1.4930479883328545,-0.20417714776906512,-0.033873434166834526,False,True,False,False,True,False,True,False,False,True,False,False,False
-0.637394788772941,-1.0839540484104564,1.088986460129237,-0.7657819491006387,-0.052472268097264914,-0.6630986520132826,0.8688074896005831,0.34132167731513474,0.5785769102367021,0.9009393148250914,1.3911210169361894,1.5260564495847877,False,True,False,True,False,False,False,False,True,False,False,True,False
-1.0118796417991782,1.6804422743316911,-0.5417351338909444,-0.6996840527874405,-1.6879752872859852,-0.5482313688746491,0.4213532129796578,-1.0736065145854827,0.7856351790488114,-0.3842406942185408,-0.1083422815618567,0.4858288516787529,False,False,True,False,True,False,False,False,True,False,False,True,False
-0.49602809795999425,0.6922712479957702,0.5725858335344834,-1.110222345142827,-0.7137777586653254,0.5008790630912693,-1.0354065180846188,-0.7906060380747016,0.9160960385446244,1.0543801989503296,0.19378854710980667,1.112868183563344,True,False,False,True,False,False,False,False,True,True,False,False,False
0.09314857032504378,1.3473160330571325,-1.4076123444584614,-1.3878012538060258,0.5687632572927288,-0.017370342540357058,0.19555286025990531,-1.5048650235212895,-0.5827707416311265,1.5538596052114861,0.19843419046486033,1.08006646092971,False,True,False,True,False,False,False,True,False,False,False,True,False
-0.6709587232411219,0.0907869534044851,0.45929886145098753,-1.5430304479039443,-0.026113186189610657,1.4123453957539203,0.37566685064715505,0.31092661273573874,0.0800485259157917,0.41175251063424695,-0.4153776087400654,0.08139669684532012,False,True,False,True,False,False,False,True,False,True,False,False,False
1.198358508829167,0.05257458661519788,0.1769317296379759,-1.0562847148205694,1.2451810859884616,-0.7581759587213898,-1.115718747358332,0.7549597754665384,-1.6735738873863581,-1.5382701549597642,-0.8097105440457252,1.305020026532642,False,True,False,True,False,False,False,False,True,False,False,True,False
-0.4098256727590282,-0.5194066778571363,1.0474604382525885,1.032969452996216,0.193359090766735,1.5232567937714818,0.9300041529486142,0.9097816399211915,-0.08054392366140198,1.5181974489717873,0.2969107894643661,-0.7323111552417942,True,False,False,False,False,True,True,False,False,True,False,False,False
-0.3344345794951502,-0.707855121582597,-1.0932601851524504,1.4047671679338427,-0.1522991819629524,1.645256887342943,-0.045790436836875066,1.1697723578092647,1.1304539380092062,-0.3333359030856431,-1.3973610269874457,0.08616242011329185,False,True,False,False,True,False,True,False,False,True,False,False,False
0.23719702260858117,-1.5457124248439023,-0.15317706388172483,1.3643290337057685,0.704384674112221,0.4852474277332918,0.6442522750389407,-0.3343563291978399,1.1512760523664547,-0.8670619588964878,0.6137056827065631,0.5427872628400556,False,True,False,False,True,False,False,True,False,False,True,False,False
-1.410618468581645,0.10261409603435627,-1.3643924024853493,1.4811534866361382,0.7104757528525514,-0.4736428875536968,-1.5719976720740616,-0.5360818313680421,0.8611067750486738,0.7086307896136349,-0.9894807642925865,1.6094282278707983,False,True,False,False,False,True,False,False,True,False,True,False,False
-0.33000049889865546,0.6524051622774377,1.6055378202558612,-0.5974135512757253,0.7396884461580991,0.8633465269495759,-0.7904604025035938,1.431741794205234,-0.33246733310916043,-0.7035796824513405,0.7214120104309204,1.1694179189122313,False,True,False,True,False,False,False,False,True,False,False,True,False
-0.7097634841792401,1.1955383189101072,-0.6058773490470314,-1.4035054666208646,-0.8920987302057657,-0.16975975377639535,-0.6845716655110814,1.192663471255485,0.8660969669975984,0.37393753973002175,-1.5422512564635482,-1.100297987838205,True,False,False,True,False,False,False,False,True,True,False,False,False
-0.46796980676578326,-0.13723707986305447,-0.01820843001907323,1.2218197857098585,-1.6632417626067584,-0.7540100640254213,0.859683169006237,-0.935033772975025,-1.2905735907502411,1.6173924783215674,-0.42708352059809723,1.678687815250947,True,False,False,False,True,False,False,False,True,False,False,False,True
-0.8907191065686311,-0.3315836396991197,-0.08324798865974391,-0.6375097992439244,0.6148043396885041,1.2886673615373756,-1.1595086762565008,1.194323666093192,-0.9007938348645008,-0.9587857353241855,-0.5546601644449172,1.6263246924328332,False,True,False,True,False,False,True,False,False,False,False,True,False
-0.2111189382716367,0.8025728471004613,-0.3112277898929477,1.364541926307103,1.210665974311409,-1.509293939484285,0.7595936848388248,1.5790718472353262,-1.6875896651842053,-0.2204197495177155,-1.6362216007209973,-0.9493286721466192,False,True,False,True,False,False,False,False,True,False,False,False,True
-1.2753888388028711,0.687182629635661,1.4436956716346785,-1.6175429619977726,0.2415445097371608,1.360970849535199,-0.21624181936933448,-1.091186485847791,-0.9122923231632998,0.9771060802956938,-0.06785548585767953,0.8382045857600641,True,False,False,False,True,False,False,False,True,False,True,False,False
-1.351459030828923,-0.9640436349009264,1.3470137895122802,-1.2657681136318948,0.9040810815703828,0.5639024011981161,-1.1558462287757667,-0.05262289552552716,-1.398986516082339,-0.6254273576580374,-1.7295509008469037,-0.7608573540574362,False,True,False,False,False,True,True,False,False,False,True,False,False
-1.5925453815338102,-0.9116264929302884,0.41656794555194465,0.648799078918795,-0.9417006999330509,-1.5407829247592535,-1.6794246988827422,1.3921687051935459,0.060860946617062005,-1.0295405905828632,1.2549511078427713,0.3277641378278018,False,False,True,True,False,False,True,False,False,True,False,False,False
1.4454317900901579,0.9803670766534308,0.31314691979989845,-1.6001758200126763,0.6601723246447376,0.41025597125394636,-1.5587109058535935,1.4460949618793666,1.355639315964036,-1.336340679058964,-1.5751434662394375,-0.2840807317061131,False,True,False,True,False,False,False,True,False,False,False,False,True
0.1313802043205113,0.5518659628586697,0.41733222639527834,0.16076451674141382,0.2480444458548075,-0.2369990118636992,-0.14244609736627079,-0.9458695288918276,0.20728194241574013,1.2765158389437041,0.8917990154410534,-1.3730880395421106,False,False,True,False,True,False,True,False,False,False,False,True,False
-1.0075091521995152,1.330160141895738,-1.1148179608095108,-0.7366428216390523,-0.7793766354452959,-1.353184700568805,-0.1520612751546808,-1.4445306961365347,-1.234743302807298,0.24195389441108417,-1.5276296094057311,-1.332341109329524,False,True,False,False,True,False,False,True,False,False,False,True,False
1.0396793331144536,-0.4974277709447909,0.5824020964218111,-1.1294784902830663,0.6797524399332551,1.4747540513642494,-1.3299733083255254,1.335097062206128,-1.0593716512678713,0.32580115444193,-1.4317732652029536,-1.0952332726806857,True,False,False,False,True,False,True,False,False,False,False,False,True
-0.04868365758861131,1.1070079629142873,0.06989593754569669,-1.4929162070580155,-0.21540782094516145,0.5653764475277964,-1.5557165529573567,-1.182612666650101,-1.7180066283282183,0.07708524232652068,-1.5610211140888008,-0.7110350568049154,True,False,False,False,True,False,False,False,True,False,False,True,False
-1.0074069823675458,0.37773622775375093,0.6366484785746687,1.1018926282921795,-1.0920348368364075,0.9158360006720955,-0.6404645975948767,1.3767574179264088,1.0186525289265222,0.8358195235701867,0.20859235832753484,0.8946848947120524,False,False,True,True,False,False,False,True,False,False,True,False,False
-0.020485416848783786,1.2662949781540003,-1.319717297827193,-0.7945854318233367,0.5149460534993066,0.08687039322885123,0.6795488493195904,0.04986294133449893,0.9622672779877259,-1.4636362622641113,1.4817424623665036,1.4261692539794435,False,False,True,True,False,False,False,True,False,False,True,False,False
0.6533278057946832,-1.4308174062370873,1.1527657798990538,0.5086271211532913,-1.7512050885915948,1.1902405558896851,-1.6846703173046893,-0.5467482054904209,-1.0074369617191061,-0.5250695883597295,-0.751703337697504,1.6121999275661836,False,True,False,False,False,True,False,True,False,False,False,False,True
-1.4597783909284128,-0.11909317912455644,-1.6297430796083652,0.8835192289090951,-0.2211869517917843,-0.6407216050890002,1.0554561867562435,1.3449213830996989,0.9902726938483448,0.3467734528961144,-0.2960645159084388,-1.0455603400377,True,False,False,False,False,True,False,True,False,False,False,False,True
0.7525968250358369,-0.04312221473038312,-0.6956912714528556,-1.3717098259050793,0.7017486602435301,-1.1407601262971305,-0.7776041153396488,1.477681140879195,1.5609288457044472,-1.245563530714784,-1.3764301325638664,-0.09434221899099296,False,False,True,False,True,False,False,False,True,False,True,False,False
0.34523474545180594,-0.9607526218092319,-0.8722977203632168,-1.1589424790892997,1.5819934724402693,1.130158849472596,0.9435262864757037,-0.3537554829188268,1.5403880470583875,-0.8816301334047476,-1.3266655411096349,0.5145350810865535,True,False,False,False,False,True,False,False,True,False,False,False,True
1.274185952665901,0.2953032493104601,-1.6671802159138356,0.5466763685685959,-0.10055087118975568,-1.2768842167339298,-0.6917033635668163,-1.624277419641436,1.3439297735777782,1.2717188681294105,-0.7778935057107607,1.4485071569483072,False,False,True,True,False,False,False,True,False,False,True,False,False
-0.10463024002014146,1.6632965528263184,0.4246289201944696,-1.1316701324220912,1.7442211496402282,1.2768259521289436,0.15305311563317128,0.02912655179309706,0.053231139571287354,0.9091233087286434,-0.7135392854247298,-0.9016423693113333,False,False,True,False,False,True,True,False,False,False,True,False,False
1.0410123880617472,-1.1580629636098712,1.0498779248500958,0.05080909160731778,-0.44093515579728165,-1.6367264142213,0.01356157040724969,0.43233984925112795,0.8995244680144859,0.3381599132779803,0.20114893097630893,-0.3060785693947241,True,False,False,True,False,False,False,False,True,False,True,False,False
-1.174152500229071,-0.02979946036731437,-0.4020372013077511,-1.136849973719122,0.8394707515586551,-0.49972419393541595,-0.7628233988941433,0.5114880737130898,1.4683074258684696,1.434771772644359,0.7781777329123576,0.13613541880158556,True,False,False,False,False,True,False,False,True,True,False,False,False
1.3746126772153484,-0.6414771598432774,-1.5052927773826665,1.1029938205601653,0.7815726793870665,1.7058160233611002,-1.6016345454485976,-1.300963698015507,1.4712132838742829,-0.02496544412088614,0.9522315352583869,-0.46500092986811703,False,True,False,False,False,True,False,False,True,True,False,False,False
-0.34557974884527354,0.6448503508286051,-0.5566372741424069,1.0438339075180072,-1.7474369642717869,-1.313523882944863,-0.20463179360762454,0.051737981219507005,-1.2354270593307821,0.19669282489328296,0.7622003052286234,0.21967685873147524,False,False,True,False,True,False,True,False,False,False,False,False,True
1.3234329248097487,-0.012087754207452076,-0.6737466495989829,0.8594838581227189,-1.4926222093423527,-0.5351388697631605,1.1120949306718366,1.573012700638351,0.8302514597818154,-0.38062493618664106,-0.3860158813457743,-0.2063408364989315,False,True,False,True,False,False,True,False,False,False,False,True,False
1.1244209074483196,-0.6853238141769039,1.2925792497310848,-1.7039198105864315,-1.0254825911016243,-1.704074774820558,-1.2906521342111839,-0.0771350149950119,0.22658701546927912,-0.09251297470547692,0.34191805747638904,1.5442341283508887,True,False,False,True,False,False,True,False,False,False,True,False,False
-0.3615944047085387,-0.41964252623560533,-0.014324409184513357,0.7498304554034843,-1.4413150038999711,1.5226566912957702,-1.2709894604113825,-1.004733047968858,-0.1271720322380545,1.6820434211819493,-0.715282752490468,-1.5490372902209664,False,True,False,True,False,False,False,True,False,False,False,False,True
-0.3977559446112301,-0.6376067904082404,-0.45334648370067016,0.22384744972109927,0.46132285910621684,0.5142849883902473,1.080468827881178,-0.6491160682136137,1.247507626656474,-0.6935917217953773,0.9795191501094127,-0.5286113990008867,True,False,False,True,False,False,True,False,False,False,False,False,True
-1.1815119905755973,0.9671197584150582,1.3327149111270773,-0.2621880919633863,0.7480946847095363,0.14712369342943687,0.7272657113486657,1.6738764038222618,1.5443416448292229,0.40889309203492097,-0.3416267894600406,-0.5297600328441273,True,False,False,False,False,True,False,True,False,True,False,False,False
-0.5394163065119241,0.10439055106231258,1.2852889360520527,1.499773238098463,-0.13051188553795698,-0.41369330859345477,-1.677069259223989,0.009118536126413015,-0.7212789775878449,-0.5384952431106027,-0.36671351066804686,-0.6027304484530143,True,False,False,False,True,False,False,True,False,False,True,False,False
0.83329922760967,1.7356284901561185,-1.5166775574360418,-1.3050062919315062,-1.0355725274488543,1.134380916630855,-1.1528578364967481,-0.6100051549612983,0.8984447261387198,-0.5524765953664659,1.461682925959671,1.329432631161229,False,False,True,False,True,False,False,False,True,True,False,False,False
1.4228678481677366,1.2358321179361582,1.2563156416168741,0.8943507021941678,-0.22374860776802766,-1.7037155992130317,0.9077400740379852,0.5127295341473171,0.2341408136849171,-1.4319589540414963,1.3573895130467544,-1.1980162378557655,False,False,True,False,True,False,False,True,False,False,False,True,False
-0.8059815236891782,0.9232470775248863,1.0127562451569865,-1.695450677983867,-0.47684477470749836,-0.7546461578666906,0.390678475580113,1.1814694097199443,0.06837014661177154,-0.7619709586594734,0.12446636207402607,0.2088576222670504,True,False,False,True,False,False,False,False,True,False,False,True,False
-1.6987727428856183,-0.1875911881490469,-0.6008424844767812,-0.8060584697965616,-0.16759893373724485,-1.73767488251611,-1.1236650883649926,-0.5999122413838817,1.3138171342984932,0.1434975174531141,1.6397247357599731,1.7724017843956368,False,False,True,True,False,False,False,False,True,False,False,True,False
-1.4022088364961696,-0.7116256820499067,0.5440012347075109,-0.7399576871138744,1.5781629569973776,0.6528385690512039,0.014274219528816101,-1.0744790980574792,-0.6484477696999196,-0.16817717354245684,1.4094565015315526,-0.7452682398194027,True,False,False,False,True,False,False,False,True,False,True,False,False
0.6144670427885408,-1.3574939816326121,1.5102746311614226,1.5984412073702488,-0.8132354871042293,1.5768424915512487,0.40532020158897236,-1.5893125639861876,-0.8456697441439989,-0.034729043203262894,-0.19399089564584637,0.32097480140411044,False,False,True,False,False,True,False,True,False,False,False,True,False
-0.9806753094016792,0.40787866195840417,0.7910860595743873,1.0817341086251775,-1.5192482944601955,-0.92994115232727,0.2887508373244082,-1.4310540291585199,0.03589169855042363,0.5762396894512012,-1.5361628724673846,-1.2372671096743508,True,False,False,False,False,True,False,True,False,False,False,True,False
1.538368936976305,0.6302920171135231,1.698648425854843,0.8823821608076524,-0.5259239715189007,1.6669066809166122,-1.5819051071785717,1.0734920615957326,0.5762573847534774,-1.3360818830178784,-0.2911910102968235,-0.5443207685452236,False,False,True,False,True,False,False,False,True,False,True,False,False
-1.0685065605565573,-1.0952770936587146,-0.5311342581772341,-1.6720999661824385,-0.9380475266518541,-0.6914716697071454,0.7945264647197925,-0.3641499330113452,1.1661459106197773,-0.4798296992815102,1.506561984650823,0.6485930408127697,True,False,False,False,False,True,False,False,True,True,False,False,False
0.23581188129282288,0.3128253938408985,-1.119847517854378,-1.3773625192353998,-0.7936464404737765,-1.335522496986493,-1.558520972447833,1.3327972179092413,-1.3187853088940338,-1.4550198839796664,-1.3783503666516168,-0.15604746883040857,False,True,False,False,False,True,True,False,False,True,False,False,False
-0.909745901721129,1.5565241447362448,0.15259225082397587,-1.0946440278933758,1.1253811099932503,0.01641539605616067,0.3762522193115273,1.1317492920366443,0.23363265892995763,0.9287558165460044,0.5773716342614451,-1.2017153200365231,False,True,False,True,False,False,False,False,True,False,True,False,False
-0.3835027063920144,-1.4109302845550156,1.6567314354559153,-1.2634946740904631,-0.09496837995940705,0.7963209341625431,0.7799273113695434,-1.3088412604732789,-1.5636186958441314,0.10838525146908635,1.0963928987007505,-0.5538649097279925,True,False,False,False,False,True,False,False,True,False,True,False,False
1.649271997185659,-1.260830133325115,0.2437100433926135,-0.3972034027460896,-0.52256602660745,-0.9812588391233544,1.6463640606004184,0.327796523160593,-1.23623166428619,-1.593128864794265,0.9499697157010676,-1.3500535857010758,True,False,False,True,False,False,True,False,False,False,False,True,False
0.6168739723787083,-0.010903035476127067,0.07931973137631765,-1.5688989184200441,-0.42418687894540996,0.4265497145138423,1.245796129218077,-0.4557538284193528,-1.3265365098257793,-1.4050943166365397,1.3552660149537499,0.7831048559505294,False,True,False,True,False,False,True,False,False,True,False,False,False
-1.5483769226249273,-0.7134472968419592,-0.6780089272760561,-0.03271407495291972,-0.40288591819757924,-0.4622154973411717,0.8117160619052453,-0.032196858092598285,1.1143141987252756,1.3615632893572995,1.263005331496169,0.10358966150695115,False,False,True,False,True,False,True,False,False,False,False,True,False
0.4428245919239841,1.2240612848751535,-0.7567405243255578,0.762307592106476,-1.4015322883276342,-0.1683292989995444,0.23350723971655526,0.7797974844287238,1.1926038338207317,0.2646272582201953,0.1329417580887308,0.5399792950016212,True,False,False,False,True,False,False,False,True,False,True,False,False
0.30922688134424325,-1.2609260219723084,-0.604773370119016,-1.2930248694485071,-1.0601023072009095,0.1350544057848361,0.5568257281606557,-0.03222431477157199,1.0512370419076913,-0.15182094443256028,0.531245107853539,-1.5318698590971953,False,False,True,False,False,True,False,False,True,False,False,True,False
-1.7061858167431654,1.2578741846099615,-1.4744720186263092,1.5695858452757765,1.5232773821535615,-1.2422401239676213,-0.6488113085454935,-0.3802422493098674,-1.5287006103485443,-1.3129484119119061,0.9251240213011508,0.19566368136503848,False,False,True,True,False,False,True,False,False,False,False,False,True
-0.3015664966095198,0.4604518216041435,0.4494211250261096,-1.3169016057946665,0.5729284788591967,1.5430166278870798,0.7200620601493792,-1.1442329838818126,-0.33321480685649274,0.6364362420936258,-0.4191174114277613,-1.2934875002069517,True,False,False,True,False,False,False,True,False,False,False,False,True
-0.4586071332821386,0.3759923291007362,0.561208851652684,-0.34223644212737164,0.5959577126647335,-0.29577519715778955,-1.0517001787049096,0.9835469069701914,0.7185349177720712,0.24014587296735326,0.10105606065621,0.7034669339110539,True,False,False,True,False,False,True,False,False,False,False,False,True
1.4865642167429063,1.404509820309794,-0.6471217020592455,-1.145829083120879,0.8828422015396431,1.0688061585924045,-0.21479855428898587,1.212588348065385,-0.5692014197795331,0.22896555377191186,0.8852446855925331,-0.44808935390088367,False,True,False,False,False,True,False,False,True,False,False,False,True
-1.1210754596229109,0.27367215851220755,0.8673124272869189,-0.24251047098934958,0.5430892459767277,-0.8952182308319347,-0.8213255105591694,-0.09800088546733139,-0.03446730223262847,-0.050278588976340105,0.2343393537143684,0.852044491940033,True,False,False,True,False,False,False,False,True,True,False,False,False
0.38146621433320427,-0.14916347924860243,-0.246677397905793,0.27074646743880537,-1.109773989127732,-0.01835810496219406,0.5141564863735446,-0.5983273845589665,0.7899736564253611,-0.3387508151508486,1.0950035010752297,0.8682292547063154,False,False,True,False,True,False,False,False,True,True,False,False,False
-1.722948270860632,-1.461283358606091,-1.3174987547638228,-0.7592607438039456,-1.5736035675561046,-1.6399749708125573,1.3318192770654529,1.0222643633431236,-1.0943940149865223,1.7138662857303348,-1.6155472244974896,0.8293877259076184,False,False,True,False,False,True,False,False,True,False,False,True,False
-1.0687127496492124,1.0284398051243318,-0.1605593070415185,1.327041554287328,-1.6225810161156904,-0.7227477766880992,-0.9413030683884741,0.8509779977227819,0.3343516642902795,0.987660995187662,1.252411068147612,1.7047987053196663,True,False,False,True,False,False,True,False,False,False,True,False,False
0.15948341226561524,1.5996527998726056,-1.2681446636347011,-0.6405916235566433,-0.4119757167497096,0.41184855791127234,-0.47877466854573475,0.1130674646722053,0.48046491603529934,1.2784539348092179,0.7804068612629604,1.5123572156481448,True,False,False,False,False,True,False,False,True,False,True,False,False
-0.9445116587620406,0.65985602690634,-1.125538428968142,-1.640488600589044,-1.6701532880195031,1.2358090413249416,0.9642886536500924,0.5651496309069958,-0.6159429100372993,0.44729712503124747,0.9776143908528226,0.6993222743903537,False,True,False,True,False,False,False,True,False,False,False,True,False
-0.772470655684113,-0.7607713490306357,0.9026341672532935,0.596381069159613,-0.7497229224806621,-0.07510078017478285,-1.4248853782270272,-0.29098995339414246,0.2204573963472633,0.1044608121066217,-0.11736065655729165,-0.2548265773074366,False,False,True,False,True,False,False,True,False,False,False,True,False
1.4284382744274373,1.6839364825731138,0.44733326285467445,0.9033648785206937,0.8183109284604501,-0.32554976686983944,0.14105724346901438,1.3049597397538653,-0.5642917324552936,-0.1457594443178542,0.1943070607042162,-0.11385150774294288,False,False,True,True,False,False,True,False,False,False,True,False,False
0.1322342855849083,0.5362065040884514,0.6285190162937218,-0.8521434456574688,-1.4868585382035242,0.26122693324561125,0.6661736477185696,1.4848508654967465,0.12051097541632731,-1.6273132210813803,0.1504187856980334,-1.4526487827988508,False,False,True,False,True,False,True,False,False,False,False,False,True
-1.5202500568874975,1.1913257431485187,1.2959991607773567,-0.7516399408763481,0.13796745016609166,-1.4064483293516266,0.06073083634732653,-0.5250652960779881,1.1733553155434975,-0.9365880512554982,0.4243721548679081,1.7099328039862332,False,True,False,False,False,True,False,False,True,False,True,False,False
1.4643525640273964,-0.9129485440817531,-0.009663964488970306,1.1100307170330763,-0.7806885602837046,0.2552862360953769,0.2015568018570953,0.2335236758018352,0.46297836247812585,0.04635506582157922,1.2975425773086517,0.5849319562242354,False,True,False,False,False,True,False,True,False,False,False,False,True
-0.8939125044451951,0.9108794642893215,1.220851808345581,-0.5712586096391321,0.8995177526701923,-1.139674912934951,-0.37000667787251107,-0.12300431588602147,0.3304882564907131,0.8677302721751555,0.6579064893491097,1.7137693403413878,True,False,False,False,True,False,False,False,True,False,False,False,True
0.2885161348668722,-1.1791532505313416,-0.7226759923666671,0.6405781896889405,-1.2469142559262243,0.49433278762700505,0.8919222502595588,-0.8730421695256612,0.9037196893998942,1.4493702732208804,0.8701998514183459,1.4727938503651055,False,True,False,True,False,False,True,False,False,True,False,False,False
0.9212515513587295,1.1453091116890992,-1.3240351830134527,-1.7483325006758954,-1.2192090244202125,-0.9916225689617303,-0.5581885221873423,-1.602118294566271,-1.0438367286464023,-0.784883397368894,-1.4322542774878237,0.7278708972082439,False,True,False,False,True,False,False,False,True,False,False,True,False
1.316290221727141,-1.399247179389705,0.5181259500629957,-0.6074159100712704,0.47462200290717327,0.9611575901891801,0.7098644893903355,-0.3352011496147872,-0.9813064361341574,-0.2870682536399167,1.7090071554415622,-0.7785458865180978,False,False,True,False,True,False,True,False,False,False,False,True,False
-1.0415920865711097,0.5086728751622202,0.2070696419260237,-0.3378866457327136,0.21390245452816592,-1.268502078372087,1.4742952600362011,1.3654714729604667,-0.5543347730616076,-0.2738873023531717,-0.6086733144538503,-1.5291236273900404,False,False,True,False,True,False,False,True,False,True,False,False,False
-0.13496347819661275,0.5529710304257816,0.16569061823014936,0.3337026002277876,-1.0465903403024015,1.468189207999926,-1.0411293008274958,0.9104395500001684,-0.07363157315427385,-1.026098075080776,1.0287634526688427,0.18355775399925764,False,True,False,False,False,True,True,False,False,False,False,False,True
-1.621926291304012,-0.4271712982560991,0.29969588132709496,0.9451494505480155,0.041974288530053215,0.17593624131622146,-0.4932347829045338,0.13341572859094594,0.5995236840771437,-0.9381086563428807,1.4030609250613164,-1.1085435188460953,False,True,False,False,True,False,False,True,False,False,True,False,False
1.0361054622041128,0.04038759876294869,1.0310113514610886,-1.0342462021742156,-0.3716065314453952,-0.029026491569091328,-1.6359108065283074,0.3708779828997054,0.9349035730199843,0.9202481005350596,-0.4702552209160357,1.473345391509063,False,False,True,False,True,False,False,False,True,False,False,False,True
-0.20221036562345449,-0.01265872087630031,1.630450618558255,0.2896955124666046,-1.552162160788717,0.8893892632677801,1.4161396037026905,-0.5124829617926413,-0.9544157330279391,-0.14607882412212891,-1.1581506049302501,-1.2536337803223876,True,False,False,True,False,False,True,False,False,False,False,False,True
1.3579356289888602,1.1291275853545124,1.135612916397481,0.3493700260818021,-1.5728990386197579,-1.5199636726121002,-0.647699446622398,-1.6875682475206961,-0.9013031822879635,1.2183787138645863,0.7373443652794972,-1.2346905007009847,False,False,True,True,False,False,True,False,False,False,False,True,False
1.64571597417099,-0.03289652751434513,-1.267917823021042,0.8829989121832094,-1.7188960571795908,-0.4748810948283222,0.05070977498122403,-0.5344052364414075,-1.7094056021954753,1.209335941625965,-0.14253707178404423,-0.07308230263595733,False,True,False,False,False,True,True,False,False,False,False,True,False
-0.8195556648166918,-0.6681085437805775,-1.4737561712100575,-1.4667834152682027,0.5112185714764624,-0.4108176084916507,-0.7974250776536017,-1.4180278484783475,0.24380313042199464,-1.4649468120747757,0.7984537217195197,-1.0642584372300024,False,False,True,False,False,True,False,False,True,False,False,True,False
0.41113004687591503,0.46368455385852453,1.626552826168545,-1.24293195201539,-0.24186466205291093,-0.5787208530458633,1.2309543625979582,-0.6462090906600426,1.732277778797195,0.3135552655730066,-0.871962703804824,-1.1099642120167186,False,True,False,False,False,True,True,False,False,False,False,False,True
-0.03596381400329682,0.36015838795817773,1.082900153598842,0.6843206019563016,0.6959934950220374,0.350505608041522,1.4884289526185988,1.4117305229823052,-1.4838460255053907,-0.18251076241533698,0.7864184970377908,0.7038446484852298,False,True,False,False,True,False,True,False,False,False,True,False,False
0.6740089820408949,-0.3969810354454443,-1.0657412696726956,-1.478460645257972,0.4415820759660176,1.2514256215393817,-1.3589228950128027,0.061394363575342274,0.7297052258186607,-1.334254026970336,-0.55497292869018,-0.49665456468869573,False,False,True,True,False,False,True,False,False,False,False,True,False
-0.8269460560600337,0.5437147923682982,1.5586037152958898,0.7288606332297003,-0.6237293913886467,0.9747324691246704,-1.1409550152028838,0.3107787603742088,1.5500067599396647,-0.6727964189230708,-0.3343307944916039,0.16638317978307085,False,False,True,False,False,True,False,True,False,False,True,False,False
-0.5022566558694048,1.740575333595214,-1.5838592646715233,0.4766059399335897,-0.16318120852337162,0.33651354909453085,-0.3657584762314416,-1.3669844624121446,0.27779618442067466,-0.07218398856835112,-1.4994983355463867,-0.4930469020217945,False,True,False,False,False,True,False,True,False,True,False,False,False
1.3043191686585536,-0.8311408029367663,1.0563031707758497,-1.0513482339246247,-1.4453833815737847,0.26139669726521114,-0.4646128047356422,-1.2226285391590541,1.4739582587537148,0.01422756593879218,-0.6450678336065838,-1.7266358900699776,True,False,False,True,False,False,True,False,False,False,False,False,True
-1.4030986424140715,0.24394515593940364,-0.6518905984174516,1.283392568269311,-1.6856686181533393,0.32656842839486355,1.6528267056409853,1.6688164404865056,0.693995522319363,-1.0494109594290084,-0.15052882427679348,0.19180875325572455,True,False,False,False,False,True,False,True,False,True,False,False,False
0.7805041780979732,-0.06312260036672876,-0.6835767428020971,-0.5048631914068814,-1.5707301488764491,-0.2893429105955277,1.3163057266591531,0.545194070546273,0.3993601919339987,1.2934644055742883,0.6980810355533543,1.5590550993316947,True,False,False,False,False,True,False,False,True,True,False,False,False
1.0985480833612913,-1.1078941372607056,-0.28961275003810044,0.3745484332224247,1.7018232802682869,0.5680456279032912,0.15290613778871945,1.5501748408837335,0.38629481978401375,-1.0934872804866869,0.6690622277259062,-0.9432864591979782,False,False,True,False,False,True,True,False,False,False,False,True,False
1.5666602160707785,0.05933074094763783,0.28052254439582414,-0.3764901018299492,0.4959359822567883,1.2087715614554975,1.1617935582909371,0.4665696884659076,-0.8672969499430886,0.3751633102011575,0.2408449968151022,-0.12839093949233152,False,False,True,False,False,True,True,False,False,False,False,True,False
-0.4515701051355208,1.1659440266317767,-1.6609893227653068,-1.5746965632835406,-1.4515956620489516,-1.6169791203334734,0.14154776841090866,-1.4098849104590092,0.8113041789088574,0.3933232798327427,-1.1525771539608556,-0.8467316708794639,True,False,False,False,True,False,False,False,True,False,True,False,False
-1.4704743705939767,0.5166046041767856,0.7711046485147401,1.5287836470572809,-1.7557604266614444,0.6949754725358835,0.5858270806172636,-0.4468403936810008,-1.1772554496233316,1.6170403385968515,0.9189396912412109,-0.9379628648343425,False,True,False,False,True,False,False,False,True,True,False,False,False
-0.8609471307892365,1.216276629025376,-0.12259057764266179,-1.5066763436273918,-0.32668514088632883,1.1745419654912814,0.9942525723188094,1.3542963223736986,1.7215680619839617,0.6876747896399209,0.5801811696867566,-1.3699777797386192,False,True,False,False,True,False,True,False,False,False,True,False,False
0.011954059969539188,-0.28668956519244565,-0.8771225573208133,1.4801015594010865,-1.6626749633891194,0.4700169602075771,0.8096586840844795,-1.4977756655369965,-1.135859373401042,-1.2871552716541281,-1.0366068097455592,-0.9118870353534564,True,False,False,False,True,False,False,True,False,False,False,True,False
-1.060243565890219,-0.46408057342244835,0.2904429085990775,1.3934054565279224,0.84820667015618,-0.8721006025410761,-0.7986431125991065,-1.6663762218966744,-1.2387953281322048,-0.4024237180850412,1.3832499501333246,1.7164635537059278,False,True,False,True,False,False,False,False,True,False,False,False,True
-1.2675679134943043,1.6106896946406564,1.5694403879389713,-0.7287166688641886,-1.3421330054890244,0.19378657644436117,-0.39191142542407403,0.44269737238060786,-0.9617108984652721,0.5945714621874044,0.2795768287950789,1.1627024116345606,True,False,False,False,True,False,False,True,False,False,False,True,False
-1.530247694505798,-1.6462474887859069,1.5022334304916352,0.050285727485522215,0.9220993961921623,1.4483261981653826,-0.8317821038811738,-0.4534646232979153,-1.6459189355753028,0.4007742197060249,-1.402401633582611,-1.159366953128542,False,False,True,False,False,True,False,True,False,False,False,False,True
0.015758167593273264,0.30490488923026166,-1.4210560240495755,0.8032728678077216,0.8427899205457156,-0.05672599217756007,-0.4859216480678566,1.1302753026429477,0.7824390199653657,-1.1680948559934992,-0.6658809408936375,-1.7425590062850194,False,True,False,False,False,True,True,False,False,False,False,True,False
0.6236724897249971,1.1336582952150207,1.6981838000963876,1.4628187717448045,0.39744104393965035,1.0558622240414348,0.2984348264757466,0.42306476807707327,0.9449711569009088,-0.8999058918844122,1.2973803679917575,-0.34098306893994135,False,True,False,False,False,True,False,True,False,False,False,True,False
0.06403581254750387,0.7965511713149096,-1.4633329841089826,1.6607039325395143,0.555452673557823,-0.24322725238391005,-0.6867832695659213,-1.2742014603038907,1.7343526466483317,-1.3668789299269573,-1.3775368932769716,0.6366833491433345,False,True,False,True,False,False,False,False,True,False,False,False,True
0.5644125721798364,-0.8203767352158412,0.828555081488794,1.3899968472945525,-1.0657131969026392,-0.9282270997095797,1.0997256293081228,1.1172163335313843,-0.9821480213039716,-0.17345182038190024,1.679141503974536,-0.2695573833859783,False,False,True,False,False,True,True,False,False,True,False,False,False
1.3544314992463777,1.6050879529201627,-0.9411129305443017,-0.9821997037572456,0.791848377562939,-0.5317434264585276,-0.30471675540803805,0.3775776262558314,0.7612543698704443,-0.7124236591952707,-1.3096099692684748,-0.9576345396551621,True,False,False,False,False,True,False,False,True,True,False,False,False
-1.5417166261144948,1.7110002015730503,-0.49499915172012976,-0.3253573206039862,-0.37489105015490204,-1.1875391142075284,-0.9868374469304295,-1.4461480677148488,-1.5100952746391672,-1.6269453599793384,-1.162296694703621,-0.6049396982612849,False,False,True,False,False,True,False,False,True,False,False,True,False
-1.16302143075007,-0.21956266641497404,-1.5473398401921175,-0.8272403718268253,-0.10267499881846393,1.1609602018503693,-0.5996000391121011,1.591029325085514,1.1326492877875531,1.164021614823069,1.348746666630713,-1.5448755521097772,False,False,True,False,True,False,True,False,False,False,False,True,False
0.15020632564853673,-1.441002310702473,-1.4133520822787837,1.0632859148842702,-1.1101778464894492,0.18448832197382778,0.23175561973029063,0.5118560467633199,-0.025045966175124435,-0.9461363578449511,-0.4990116069887553,-1.1815093413644717,False,True,False,False,False,True,True,False,False,False,True,False,False
-0.5072991260639967,-1.3360123496014549,1.5174960610894217,-0.9024666852726688,1.1202002560575721,-0.6124299379775494,-0.33305987348781924,1.411430396160136,0.167074393296131,1.3845983628388854,1.1205570887002652,-0.12962425106374825,False,True,False,True,False,False,False,False,True,True,False,False,False
0.07752363503942836,1.3821669216565369,-0.2694083620760893,-1.204895109584006,-0.9932349707547133,-0.90517180196674,-0.19393405903459277,0.2816122209548549,-0.7430379340119726,1.1508255614177794,-1.655342607850445,-0.5790846589066257,False,True,False,False,True,False,True,False,False,False,False,False,True
1.3314148834532453,-0.23669581111263735,0.7824585331640634,0.4867780594222682,0.8891461406907445,-0.25005536980264165,-1.6061149476732295,0.639326702281674,-0.6232928807351266,1.6272430208855555,-1.7290223399577944,0.08920176220219042,False,True,False,False,True,False,True,False,False,False,False,True,False
0.6105213522573911,-0.8426170763308941,-0.5914665305525407,0.32468092887996297,-0.7014007096378718,-1.1890163894931025,-1.6263744783882204,1.4361405268461058,0.4812982150855627,-1.566290560995102,1.162150039656399,-0.6096309528662481,False,False,True,False,False,True,True,False,False,False,True,False,False
0.5112481289696247,0.6832255281802234,0.5303012376769066,1.4009861124105507,-0.23268787360357232,-1.0071195985456438,0.3196675798771545,-1.6886765121037903,-1.2275816808076117,0.819541773805645,1.5822414746299778,0.4484573196530333,False,False,True,False,False,True,False,True,False,False,True,False,False
-1.7017461415377146,-1.337607876812315,0.2909168540760158,-0.2804149530246193,1.4029307237022313,-0.23857691056117847,-1.6949354966904373,1.6855944058123429,0.29519098405551597,-0.4447798018984411,0.09890945277688089,0.06189914495565507,False,True,False,False,False,True,False,False,True,True,False,False,False
-1.3438130739601777,-1.5975094508405,0.3101184087604353,-0.46956550890260096,-0.9191952669187267,-0.14486731560999852,0.36570756518762504,1.0330861222074335,-1.4897449500934057,0.885749315581571,1.3899350652297764,0.6814461936717456,False,True,False,True,False,False,True,False,False,False,False,False,True
0.4955104581884822,-1.516122741756704,0.3060159029026454,-1.1924326763525768,-1.191015162132519,0.41194340221701775,-0.7855475683993549,-0.8868039815197098,1.1588154510057138,0.13195496122447595,1.282406925188256,-0.039771187672136304,False,True,False,True,False,False,True,False,False,False,True,False,False
-0.2257950521535836,1.1990776089845991,1.2530198883270591,-0.8250118425022522,-1.326286369149477,1.4826530712762809,-0.9091789494999406,0.8178074461210488,0.013252804141491494,-0.9357192339056357,0.1548692423931918,0.8999467414314923,True,False,False,False,False,True,True,False,False,False,False,True,False
-0.5170784389553326,-1.6480632426854511,1.3262118054585532,0.6194516844560832,0.06679124538130224,0.2169524291506359,0.8160601645812308,0.04313936876265555,0.6744186756779585,0.8334171224803748,0.575611007664724,0.09498753884540666,True,False,False,True,False,False,True,False,False,True,False,False,False
1.2220070611754674,1.5580451843209526,-0.12284785277846302,-1.6724498470945306,1.021626830022621,-0.8956371754334955,-0.9208325017778337,-0.5763751467138689,0.7075079654693454,1.5554670169953995,-1.371932027653895,-0.7632406934381326,True,False,False,False,False,True,False,True,False,True,False,False,False
-1.078259874890838,-0.35344807127555816,1.5614063165617151,0.3772170010252201,0.33275355622351127,-1.0488678418452038,0.45807405885022384,-1.3633020339991626,1.026242019535873,1.1526130347345562,-1.2174847783803397,0.10641652228855106,True,False,False,True,False,False,True,False,False,False,False,True,False
-0.8355493593129216,-1.393950963631536,-0.8219100551934552,0.2821470436612816,0.16805562477251434,-1.2480848435152825,1.3874448610588728,0.8955920356292929,1.6542298419686727,-0.4452221177868531,0.23705978116047569,-0.3833829999889493,False,True,False,False,True,False,True,False,False,False,False,True,False
-0.21433041527211513,1.1628263098926699,0.060654243784351906,-1.2002165215834157,1.1006409097815608,-0.7788473472669846,-0.3686875611870255,-1.389299576186474,-1.5466284423263699,0.43420155539871086,-1.5701981048670777,0.6860950473629578,True,False,False,False,True,False,False,True,False,False,False,True,False
-1.5100911486763404,-0.9812633904417998,1.3342942323698495,-0.2276451851892553,-1.0467289871763263,-0.8485493758265648,0.6824023295449031,-0.9484747836795938,1.6923022648949528,1.0026076002803712,1.4967035154219204,-0.07132629980905442,False,False,True,True,False,False,False,True,False,True,False,False,False
-1.1618568065300445,0.49110294425136414,1.4578243247957898,0.44598067640664396,1.201282484617746,1.1374247027123539,-0.8521104978355056,-0.6126236501735156,1.341576990883779,-1.6873829856418971,1.1729598392676284,-1.1603284377074679,False,False,True,True,False,False,False,True,False,True,False,False,False
0.2062107971414912,-1.5580298817588678,-1.598134781855869,1.141941617813384,-0.2561542680400876,1.5165533217070646,0.9044731038348847,-0.1906217126913841,0.4022375129840831,-0.7160173898357813,-1.2564785186022012,-1.1292495429581593,False,True,False,False,True,False,False,True,False,True,False,False,False
-1.580425771482061,-0.0679452367768439,-0.7541972955557092,1.2598794661680517,-0.3310054001400648,0.688690309321272,0.1895782007992024,-0.17386669963350743,-1.165509403159261,1.3573310688108615,0.5322033722503134,-0.25225272211820227,False,True,False,False,False,True,False,True,False,False,False,True,False
-0.030816975314207046,0.1346592592893337,1.1403848143687791,-0.6373586880081126,-0.8335788000724028,0.3737409576133237,0.18723687731162234,-1.388945695409584,0.24916352816897075,0.23871275796185623,-0.5449418346594829,-1.0457580995278923,False,True,False,False,True,False,True,False,False,False,False,True,False
0.3512461092346624,1.5685022497905963,-1.068170593067358,1.2261721297893655,-0.5898897583747695,0.8446697980950265,0.9760917186634891,1.413610676320185,-1.5073552622414461,-1.444561654731454,-0.010941471454232373,0.5278917687569644,True,False,False,False,False,True,False,False,True,False,False,False,True
0.33794860082297384,-0.7292212313538273,-1.007236574380894,-0.025131236323467965,-0.3308014764302556,-0.18491518863245185,0.3154735424295776,-0.9706322543250271,1.3187025634290772,1.3880315244574852,0.7748415400766733,-0.4388350837587139,False,False,True,False,False,True,False,False,True,False,False,True,False
-1.1648134181255836,-1.318907294525242,-0.8986061483790054,-0.46270842318178096,-0.8387666006117845,-1.6757769776985905,1.3333867415062333,0.4515102554442633,-1.2798526700707125,-0.1659358515914765,1.7289101268522145,-1.2265025290597278,False,False,True,False,True,False,True,False,False,True,False,False,False
-0.23653062358145274,-0.11868184692131542,-0.5386883880175196,0.7882958447114602,0.6370089350450384,0.19228280051269395,-0.833860446666075,-0.6533521825024257,-0.5831328338083903,-0.8141608784583468,-1.5884792036303321,-1.0360643289365241,False,True,False,False,False,True,True,False,False,False,True,False,False
-0.5216353923092812,0.9433984553964333,-0.8019537141910165,-0.8711997869055152,-1.2536983063060247,-1.0235658904383556,-0.2082991087240157,-0.828822331904193,-0.8456391875961987,-0.1118728383974774,1.195673488952846,0.9025490066432842,False,False,True,False,False,True,False,False,True,False,False,True,False
-1.0194718052976646,0.2616663298272665,0.9143093650198328,-1.0842329836536657,0.44218228462418285,-0.2420252685687843,-1.3484993158050969,-0.22246421308539197,1.0021541482832013,1.3616868620378701,-0.22296741782918345,1.5308930718477243,False,False,True,False,True,False,True,False,False,False,True,False,False
-0.9619103192648739,1.3691436208173806,1.330370948008931,0.7305433061391681,1.6803879275380968,-0.687886986291777,-0.8530485548542459,-1.5726985355161995,1.2057759453970756,0.7717873459610318,-0.16581585823835038,-1.2439710934743942,False,False,True,False,False,True,False,True,False,False,False,False,True
0.25466058932450203,-1.255373593435951,1.2001368191234545,-1.5640762190716992,-0.8767971454519405,-0.5084358765811653,1.2972986450587252,0.9273087879461167,1.3145650897786834,0.4813390387316965,1.6079767160496683,0.02267712555573583,False,True,False,True,False,False,False,True,False,False,False,False,True
-0.19838624692668022,-0.2354771362279803,-1.0736335381899371,0.7101581754771474,0.640526210120566,1.2598285206770696,-1.687765126438689,-0.13816290465082678,-0.9965195480354144,-0.348172878183956,-0.5006826563152568,-0.7415265932921816,True,False,False,False,False,True,False,False,True,False,True,False,False
-1.42674403858075,-0.23362180697836066,-0.7395462560185196,-1.669282057812879,1.076334624476486,0.141452775913276,-1.223624326141685,-0.5268107556426542,0.22970299785132625,-0.023000294240697036,0.4185542859938013,0.9393348520613448,False,False,True,False,False,True,False,False,True,False,False,True,False
1.4365639101022913,-1.4653275862628328,-1.3319222919417233,-0.6664174784515643,-0.8053508639679815,1.6324793099764097,-0.6431298757273174,-0.13777932415092958,1.3687883573901614,-1.5793332679587269,0.6032936056569902,-0.17883474108403458,False,True,False,False,True,False,False,False,True,False,False,True,False
-0.07888329883351815,-1.4811587976723521,1.7118121657702956,-0.6467979882833522,-0.8731860313130896,-0.1677815549911909,-0.5663294409180006,0.09762052928895693,1.6150299825041108,0.4138520131800814,-1.5765274806268414,-0.1073492227637301,False,False,True,True,False,False,True,False,False,False,True,False,False
1.5403511087594506,1.555815428715861,-0.28693903219284056,1.2328432177201902,0.797609172750284,-0.8133363321359931,1.5526759617088213,0.007589429347184245,0.9551379561152841,0.5002149040285214,-0.2150400329680742,-0.6265063171537029,True,False,False,False,True,False,False,True,False,True,False,False,False
0.4329061617128621,0.216554573499566,-1.6031522968228122,-1.4495596643402793,-1.4058998074322857,0.3171081237353282,1.6078655260356933,1.6046896645483892,-0.4690968550448732,-0.090005634647411,1.5340425339341406,0.9375441151284809,False,False,True,True,False,False,False,False,True,True,False,False,False
0.13688661331375693,0.39935861218163426,-0.440582859870074,-0.21137689172433444,0.18146324964627908,-0.29906787121578826,-0.5450711736199259,-1.3160371481322062,0.9818772235212085,0.14974602910620732,0.8346498633744809,-1.6554879402382734,False,False,True,True,False,False,False,True,False,True,False,False,False
-0.4300104462592763,-0.307474627936541,-1.7267401479344362,1.2869229256906487,0.9192901293813259,-0.12683467875324578,0.08532182784920647,-1.6433257820481717,0.07260362567007127,1.2917172201850753,0.5184120875018597,-0.4722746204030786,False,True,False,True,False,False,False,True,False,False,True,False,False
1.254509004152989,-0.5515976923785044,0.2225579670733428,1.2060534355040988,-0.62408694759097,1.5969418141534018,0.17336419854463728,0.660446840270381,-1.7179733858399902,-0.32384345670539405,-0.5917195858740942,-1.3802364624784529,False,True,False,False,False,True,False,False,True,False,False,True,False
-0.914456788446557,0.5762541103417171,-0.7938867946404651,0.8272731327859367,-0.2353714816533537,-1.7271887905578758,0.4763046723649826,0.20058359912036325,-0.9796016852598386,-0.63845017512974,0.8153397762731852,0.7577986903321341,True,False,False,False,True,False,True,False,False,True,False,False,False
0.978602390649055,0.17000789668863456,-1.1982591707799446,1.4099204830072818,-1.3929732434546864,-0.7376548492292989,1.5425509736073573,0.12043789649025355,-0.2180589185265314,0.8621165840267463,-0.9147375881865769,-0.6756223618605189,False,True,False,False,True,False,False,True,False,True,False,False,False
0.9606667260907056,1.1150226796388085,-0.7013129382574309,-0.6344527369704152,1.3185766972889725,-0.14904826210392813,0.5570120722201726,1.617681703892221,-0.6019539737879206,-0.38660738415158,0.5126417615974797,-1.1156125685868783,False,False,True,False,True,False,True,False,False,False,True,False,False
-1.5913673694377872,0.8204116975483908,1.1904220186773184,-0.1567895869355503,1.6505565706159753,0.11033461095010613,0.6177916207500729,-0.7686356675738808,0.3191374320305418,1.7084764958476204,0.10587380828028005,1.4923278595325684,True,False,False,False,True,False,False,False,True,False,False,False,True
1.1720770242513754,-1.0988166672556123,0.8395926984155166,0.2758723340652268,-0.2035478830931869,-1.3625789053562265,1.5452301855205006,0.5556249576201067,-0.8103617368210517,-1.6686563876043947,1.353155207338327,-0.9043466202885734,True,False,False,False,True,False,False,False,True,False,False,True,False
1.313485735407892,-0.7102787788987207,0.014967347009335918,0.8450237858830457,0.7965159877120384,-1.3866244558829122,1.6092287351315504,1.5195247879065623,-0.5189823188478425,-0.8089647383448564,0.8270927914249008,1.523700736294019,False,False,True,False,True,False,False,True,False,False,False,False,True
0.4589952818584137,0.8186328766802855,-1.0995882385949547,-1.198908776381963,0.10504553043534119,-1.4847726175362348,-1.6025868105783,0.2293873195523059,-1.41777627338672,-0.3296110849260945,0.40664189323573424,-0.03826325824192243,False,False,True,False,False,True,False,True,False,False,False,False,True
0.1282933171504436,0.10112566968194119,-1.4870478542337278,1.6513468681216108,-0.7923430241832067,-0.061600474193923664,1.024584445480302,-0.8131605825939481,-0.5111351042694493,-0.290636369863195,-0.15726497604950704,0.5438837755881734,True,False,False,False,True,False,True,False,False,True,False,False,False
-1.0630005847418829,1.219140691406988,-1.3390097428512062,-1.6202062465761098,0.3698796742871509,1.2739964693573862,1.0408377986235304,0.9311952456376068,-0.22785329511805555,1.163324852381208,1.2698219891949687,-0.8196011346023363,False,True,False,False,True,False,False,False,True,False,False,False,True
-0.1933814832239274,0.06887202341406273,-0.27432126155660685,-1.543480873462123,1.446444853344016,-0.627781022591563,-1.5206133687077927,-0.23275602038356816,-0.755940626072392,-0.9918294586945823,1.517799132606925,-0.8604831592083079,False,False,True,False,False,True,False,False,True,False,True,False,False
-0.5359751848006622,-0.6284450459319796,-0.13557619686303038,1.4208316917824224,0.5007157889868196,0.5314602660756611,-0.952692784270429,-0.5720425914583844,0.23026932571413433,0.7754651200293075,0.9270449004543664,0.6258271835438436,True,False,False,False,True,False,True,False,False,False,True,False,False
0.9395972535923839,0.7869464862344194,-0.6137921383042542,-1.4087917880757521,0.8675769698626855,-0.44468261833078654,-0.1209985031711199,-0.4818583690523269,-0.7474323914330647,-0.4065500180821445,-0.7220016212526491,-0.0967012527811887,False,False,True,True,False,False,True,False,False,False,False,False,True
-1.2568536033773632,-1.1607981318004874,1.0522961000901567,1.3947884450918313,0.1785496960598271,0.8340681500333168,-0.10584655552980615,1.3363024520173186,1.0795322129984384,-0.5747847545326243,-0.6762230782808364,-0.9487103061422097,False,False,True,False,True,False,False,True,False,True,False,False,False
0.8899145407470807,-0.1919033331948907,0.2340668764782325,-1.7157016519471873,1.2884723499985757,-0.07935066271765585,0.6033441693493344,-1.2767587561428473,1.65393088496008,1.2506848122978904,0.7992414500900634,0.6720708710529947,True,False,False,False,True,False,False,True,False,False,False,False,True
0.6770270592277905,-1.540561678068562,0.7540619555255166,1.1165348798009767,-1.0135491615832872,0.28884692791211425,1.5979610974828362,-0.1268825423366303,0.7378490917326911,-1.0266785609811426,0.9755930473135521,0.9890442083165755,True,False,False,False,True,False,True,False,False,False,False,False,True
0.8248654486125585,0.9805341916916532,0.47328800531355186,1.0522819278718838,-1.6383035467793807,-0.3696638382689538,1.3025913092472672,1.4458817058443842,-0.2554476977054665,-1.4883938589949923,-0.5445331938576012,-0.3090800329130704,False,True,False,True,False,False,False,False,True,False,True,False,False
1.386593028922992,-0.5350070183912514,-1.2242975870768633,1.30415794606099,-1.0535119241304969,0.9607970908128858,-1.3026700734853418,-0.6261433785468113,0.037516759128625225,0.3261191839598191,0.8765539095231958,-1.12230925501373,False,True,False,True,False,False,False,False,True,True,False,False,False
-0.9625369895474625,1.2003130690872879,-1.033389967343365,-0.26448684660482086,-0.007695186310672916,0.6919055047493402,-0.1714580072144784,0.2027350116568449,-1.6261709216467353,0.7479213971390454,-1.1234489670534005,-0.024414495977919042,False,True,False,False,True,False,False,False,True,False,False,False,True
-0.3879155369003678,0.7054022378472911,-1.624315433802495,1.1047269540207791,0.9698918502873698,0.10137157412171792,1.1875748614075103,-0.970583137764677,-0.2116667031580981,0.7746200967929399,0.27700227578984976,-1.6655891740331528,True,False,False,False,False,True,False,False,True,False,False,True,False
-1.7125037653577415,-0.585811934484585,-1.5172967196174616,-0.16782402041352096,1.7003896409514958,0.5327360910167124,0.18014782835852666,1.5965652657482048,0.4610932385594523,1.6940262076176793,-0.6739857792393953,0.8615386463205511,False,False,True,True,False,False,False,False,True,False,True,False,False
-1.665078922917927,0.235763755051284,-1.0289014273496224,0.6532423505492153,-1.3470791207686001,-1.3473537202111732,1.2302626425560594,-0.008334082960035268,-0.41590241045654197,1.5944872707660558,1.4247211463616434,-0.46561464989314405,False,False,True,True,False,False,False,True,False,False,False,True,False
-1.5876144935878111,-0.3977937208942452,1.1615176427028044,0.3666414572698733,0.5037183332728719,-0.3077090055453318,-0.9592270958062885,-1.1656587962883662,1.1357964643753988,-0.4576304111331875,-1.0216465727553392,1.576936387877363,True,False,False,True,False,False,False,True,False,False,False,True,False
1.521571799738387,0.750283301823023,-1.1192437634579024,0.6947068101323094,0.018484995844503985,1.5801010237064372,1.4930984786733843,1.3275302529899533,0.4179114302615372,-0.2180797112940311,-0.5221695629324128,0.30195934236279903,True,False,False,False,True,False,False,True,False,False,True,False,False
0.07070731998289513,-1.6964060015818188,0.8686283528545764,0.5836658370989629,0.2185269104512793,0.8911499453865274,-1.23093417266873,0.3513201973747388,-1.4270662549051436,0.600579048069156,-1.2549720350118794,0.9791393275739801,True,False,False,True,False,False,True,False,False,False,False,False,True
-1.2054549909112726,-1.1026894558679277,-0.564623638012448,1.1520747753798222,1.3845214651076097,1.1172547143215332,0.39935088977413785,-1.1612504425495378,-0.8546297699560814,-1.5840541705317897,-1.126156591961082,1.4222353500031122,True,False,False,False,True,False,False,False,True,False,False,False,True
0.9903235855824956,1.5068842641662983,-1.4466109261754885,-0.6975461579118244,0.26753004900903515,-0.21974593015499255,-1.6681577517319992,1.5631790610340692,1.7447125314177059,-1.1221782525989306,-1.2912916467151325,1.362076040947417,True,False,False,False,True,False,True,False,False,False,True,False,False
0.21973952114303802,-0.018841480461673183,-0.009745883483121165,1.5657672557349551,-0.9329409033348102,1.3631227344551053,-0.3395381332059504,-0.854278445398786,0.5344806041462853,-1.3282366519980537,-0.7160735390259585,-0.280951124925334,True,False,False,False,True,False,False,True,False,False,True,False,False
-0.7987437555717071,-0.7795026940017221,-0.018874494224713233,-0.9986726495216617,-1.38314290636153,1.5037752935014002,-0.3596223877726584,0.4941536877645999,1.2646900345999033,-0.46227818732910125,0.3310946729060915,-1.0639084719984622,True,False,False,False,False,True,True,False,False,True,False,False,False
-1.5908531652357065,-0.15519613901080626,-1.041890312882238,0.43879416263165705,-0.27172653545240516,1.2001802240959818,0.6568851393995743,0.028929233520113645,1.6653569224680613,-0.4872274065270109,0.49402170710202764,1.514247371308016,False,False,True,False,True,False,True,False,False,False,False,True,False
1.6241415075694947,0.3454305017420215,1.4644442769403432,0.6357564025055238,1.4332565449257135,-0.5045401953835966,-0.9404483317344356,-0.971840964433607,-1.3537388119861937,0.08686614612648827,0.5200806138222756,-0.22649330044935323,False,True,False,False,True,False,True,False,False,False,False,True,False
-1.6310277420958557,0.38054366267132245,0.07826917211993276,-1.4622392126832582,0.1353947396320628,-1.5608027350730682,-1.1137953535749692,1.6165580932721522,-0.41348066729999944,-1.1611144785043512,1.5170866857130099,-0.48721121146701607,False,False,True,False,False,True,False,True,False,False,True,False,False
1.6030038133949016,-0.4150656438143651,0.5463706168793303,0.34240859920519456,-0.05786095838968513,0.5415122880611941,-0.8991313773669191,-0.7773286819862814,-1.1819417014863771,-0.6082804412867482,-0.3431330570678546,1.4782881293248484,True,False,False,False,True,False,False,True,False,False,False,True,False
-1.0365024964151166,-0.27347156573936754,0.20743885732993614,-1.6856970481690705,-0.37625022815432413,0.5242585416514456,1.4840885310456224,0.8028646782446959,-1.0278442320605643,-1.4001474988857219,1.2901556234779046,1.0600898429561436,True,False,False,True,False,False,False,True,False,False,False,True,False
1.1141137988477348,-0.25459185824684805,0.03584751009527035,1.6345305680498017,-1.2360239594417877,1.5736833191913837,-1.5943451147160355,-0.6653973141615094,-0.8780465020538286,1.1274803748354258,-0.1237764258947992,-0.9116280850387977,False,False,True,True,False,False,False,False,True,False,False,False,True
0.4081053943977261,-0.24658341274695175,0.5900959470478208,-1.2909165397686797,-1.4576234547381346,0.7133986069670272,1.0742995431313531,-1.5936433584175342,-1.4640384880388961,1.495559188158733,0.6851857249721558,-0.8308642817800119,False,False,True,True,False,False,False,True,False,False,False,False,True
-1.346382813506573,-1.5216921843900302,-0.2898500827541745,0.3179351937970712,0.9460221838533414,0.4025437198514454,0.2743516317049497,1.0475871466084343,-0.7477742120895517,1.1793541183315472,1.6345808047792114,-1.2771110780495232,True,False,False,False,False,True,True,False,False,False,False,False,True
-0.23906060959585326,0.6304230130667804,-1.3925805196986323,-0.5219104919184371,-0.3221448477407559,0.7694544437350542,-0.6362360600723095,1.6850167661634412,0.5495247402425891,-1.4843344990009242,1.204132743181143,-0.8921850942050966,False,False,True,False,True,False,True,False,False,True,False,False,False
0.024645668335921137,1.5429335110647724,-0.5223119591269364,-0.9600927661185504,1.5653924098382428,-0.4850125570706185,1.5036186659250408,-0.5382444351065818,0.7075428371912731,-1.053239342228832,-0.04742841305097392,1.003941056637896,True,False,False,False,True,False,True,False,False,True,False,False,False
-0.09413336388736253,-1.1056802328664972,-0.7679586602935193,-0.4066934650533306,-1.6648809312473023,0.6500028328138223,-0.11631555426656746,1.436220423655663,-0.6594453815735977,-0.9842020251053193,0.46382449021036654,0.6380183288111563,True,False,False,False,False,True,False,True,False,False,False,False,True
-0.804782110811425,1.1514827861845103,-1.2446337391861164,-1.588872683213953,1.3649616982354407,-0.1207590932009082,0.948435202007984,0.5099819930838235,-0.424822271561288,-0.9540292361819654,0.7642556964968598,-1.3607698211773593,False,True,False,True,False,False,False,True,False,False,False,True,False
-1.5311355491904175,0.28466626113130766,0.6069365558490687,0.6118758017324851,-0.3798854826764731,0.011087058144143088,-1.1385663043072385,0.29562866003094035,0.8509196049161807,-1.6852620128363707,0.09516980188723934,1.6636602085372298,False,True,False,True,False,False,False,True,False,False,False,False,True
0.6215728534565015,0.584549013914992,0.002610373881823507,-1.5968524275816822,0.7881574165461839,-1.440964107556008,-0.03675338098626033,1.3731141972142615,0.9999609564427012,0.5589918785440022,1.1046528093682313,-0.38922529192157657,False,True,False,False,False,True,True,False,False,False,False,True,False
0.7721601371487024,-1.327558461908974,0.8356871892046199,-0.47664828863102776,1.5343182684416627,1.5662812572498823,1.5421894160028748,0.34240399747612443,0.5720978193191152,0.09182089498497756,-0.10860205280441451,0.0026565274730985296,False,False,True,False,False,True,True,False,False,False,False,True,False
1.1086863225416153,-1.6721488235378987,1.5742120885854425,0.5148536310497612,-1.0829637460272301,1.3332120338932392,0.15653913290504806,-0.5904241241559833,-0.6711029397808852,1.0213629913277806,1.0862261448466803,-0.9902792705908244,False,False,True,True,False,False,False,True,False,False,False,True,False
1.4275068336455425,-1.0321781065416502,-0.7831748702850909,0.14573563014085408,-1.1205041964134024,-0.49382780998288434,-0.2847571965764985,0.46525662972282195,-0.269599759102623,-0.7670626717072349,0.6491667303058176,-1.1862820391125257,False,True,False,False,False,True,False,False,True,False,True,False,False
0.028504305421806556,-1.5261057658578752,-0.2059124451787093,-0.9808495931306429,-0.717055552914996,-0.03440989163525539,-0.7452947735354886,1.6190724493511888,0.6445444160706899,0.4105826301490122,-1.744293949189441,1.339261379313305,False,False,True,False,False,True,False,True,False,True,False,False,False
-0.4938344448899902,1.4942364060524223,-0.07685184231684153,1.3181444199352033,-1.6758930320480023,0.017624103963129918,-0.22597096203174016,-1.5685538564748411,-0.059716493688915906,0.642938526217566,-1.3986720733558895,-0.07510031905103295,True,False,False,False,True,False,False,False,True,False,False,True,False
1.6731385528876206,1.2887622416726499,-1.5296702254069756,-1.1110211311038791,1.044055175296907,0.3136361205829098,-0.5615178705984548,-0.148299877114413,1.0466157371820477,0.7686456447019867,-0.15081336690465816,-1.7334540864918475,True,False,False,True,False,False,True,False,False,False,True,False,False
-1.6603167870474864,0.23670553087224894,0.6985776318888264,0.7927431017684571,-1.0281484724368553,0.5288814913553581,1.255117352872875,-0.13339463067614868,-0.4771529725687005,-1.556366735285782,1.1784693322201396,-0.7063598358866052,False,False,True,True,False,False,False,True,False,False,False,True,False
-0.3706265044675987,-1.3764315253258779,0.5919151397584742,-1.3901569327040955,1.0615140196358712,1.6310034468391885,0.36805878501412315,0.8197860674727359,-1.332758097531898,-1.001805396097658,-0.44145217491182553,-0.4301293471789199,False,False,True,False,False,True,False,True,False,False,True,False,False
-0.25326643780247043,-1.5411625441323378,-0.8386259490959114,1.2938303931990536,0.2060964231796705,-0.21909382949501452,-1.3142828023598747,0.27778542595891426,0.6944123735631795,-0.2345843279735373,-0.7358406805057067,-1.407979574684505,True,False,False,True,False,False,False,False,True,True,False,False,False
-0.9916505664447799,-1.02657152292825,-1.143015404925807,-1.2185082815799604,0.41782549833147853,1.4131000650935441,-1.1048081002366847,-0.3267162316418032,0.6293532940263887,0.41391239686012865,-1.487675633978614,-1.252591274865632,False,True,False,True,False,False,True,False,False,True,False,False,False
1.5910177940748966,-1.0014558158523967,0.0350169033894212,0.6109278990104595,0.061490879900273,0.6100038632477037,0.4693314043108243,-1.7150483883295795,-0.627889991073176,-1.3374119692768778,-0.981455493460425,0.780539270222722,False,True,False,False,True,False,False,False,True,False,False,True,False
1.6503285654863213,-1.7101107206483899,0.1654236870101596,0.1277029916225868,1.6610182100017568,-0.619963354607166,-0.9784058656898019,-0.7458540145027702,0.9652376968286052,-0.3829639692105636,1.6437379635459357,-1.1120101181119402,False,False,True,False,False,True,False,False,True,False,False,True,False
0.3326451688700444,-1.0441677848254363,-1.4517274660740829,1.6142863382204078,0.0053218986069997025,-0.6202463406871391,-1.0291478432837142,0.5396829422932652,0.6915249152757302,-1.2034445324270446,1.5328390561170946,1.2784670914003908,False,False,True,False,True,False,False,True,False,False,False,False,True
0.7808562504556308,-0.9373904566397119,-1.1975705634956564,0.6515422368447304,-0.6020821400798445,-1.4481480922918004,-0.6305449097740673,0.40434429700447283,-1.3757012174263,-0.6076232759870963,-0.6498882687742552,-0.9503928758515386,False,False,True,False,True,False,True,False,False,False,False,True,False
-0.8565841979225467,-0.003452680736555281,1.3123709824638463,-0.5372241195148904,-1.0810267079121452,-1.4320551572011926,0.2747219525337948,-1.4629740876393238,-0.023535605122817407,0.7064782781301797,-0.7942108837688813,-0.10241651668112516,False,True,False,False,False,True,False,False,True,False,False,False,True
1.2482820121664153,0.4807561946267304,-0.15562724892247332,-0.39818980423738165,-1.1239245965253726,-0.8434234972537448,1.7268043720349833,1.3607541974137942,-0.6691740052212456,0.4461830403128015,-1.1933303418511336,-0.8276065584585078,True,False,False,True,False,False,False,True,False,False,False,False,True
0.9967975427546637,-1.7024284777356333,0.1376422364647582,-0.4078329678257509,0.8034020354274894,1.6138878292437129,0.13828485627883202,0.023422941923353546,0.020108830138787084,0.8409322500985323,-1.0241175500113506,-1.3163443195913305,False,False,True,False,False,True,True,False,False,False,False,True,False
1.3807081093537,1.0992221298979716,-1.672231151328263,-0.961102511454752,0.9503570843249367,-1.7466703791933882,-0.7805590402073713,1.7267877013539406,-0.20334846213139954,0.970955101295358,0.3781391444966912,1.75616175707723,False,True,False,True,False,False,True,False,False,False,False,False,True
-0.4966150263061831,0.9675926824509454,-1.2154027485398746,-1.2321360083755424,1.5763161880113927,0.015144842470640652,-1.0778855597898382,-1.4978132714019516,-1.1950249530322024,0.04288245774182901,-0.21668369656505962,-1.3456724521035277,False,True,False,True,False,False,False,False,True,True,False,False,False
-1.6689525543789603,0.7863299964257243,0.4904824700732538,0.6091530541972668,-1.7086673890241788,1.0888297726241178,-1.2721084342844609,0.8093907986109405,0.6494875383754354,1.4450777080496855,0.7670186468295346,0.051188183550971586,False,True,False,True,False,False,False,True,False,False,False,False,True
0.6070801039137674,1.7322479632974164,-0.0720200805888281,0.33265283786565797,1.1343276374634015,-0.21059376648523004,0.9772553647443225,-0.5447385963760716,0.16515563989984777,-1.1348577437214435,-0.8884261577710307,-1.083277837828909,False,True,False,False,False,True,False,True,False,False,True,False,False
0.09591790868280395,-0.09391113772483924,-0.4576237320458796,-1.636468023890204,0.4800228970356946,1.1353253681219742,0.33943256613469397,-0.9577993550925655,-0.5206182478450427,-0.29319364311033086,-0.41437045958824037,-0.9106621289290859,False,False,True,True,False,False,False,True,False,False,False,True,False
-0.2257943507656828,-1.53270109495537,-1.3832409199273288,0.0560754756052607,-0.7786909407149476,-1.4703122009908416,-1.277375359666876,0.46569321855694357,-0.337811420362544,1.5896031759974176,-1.0676261321998517,-0.7150084206927559,False,True,False,False,True,False,True,False,False,True,False,False,False
-1.4823041356528128,1.4858436486329611,0.1964592345816943,-0.7838976463198312,0.8824820442668887,-0.876079220787851,1.7184862018254117,1.7265375889707235,1.2356680999707055,-1.7022562036066342,-0.14389835761840622,1.5647125399086153,False,False,True,False,True,False,True,False,False,True,False,False,False
-0.8445075733980179,-1.1268418756815701,0.8724366657394487,1.5319125087383552,0.9117800118434636,-0.2159124490247703,1.515166895117326,-0.7292870705740393,-0.07904195863292576,1.6698626319139764,-1.519467888911259,1.41281598435163,False,True,False,False,True,False,True,False,False,True,False,False,False
-1.6515989895528682,-1.2736086196610379,0.30815418348075907,0.7557910771764773,-0.6543849711815649,0.8642443191497546,-1.2676336328458353,-1.541966894370256,-0.8764253325973456,-0.4762357180691311,0.4132306415036801,-0.726094105691152,True,False,False,False,True,False,False,False,True,True,False,False,False
-1.410379885446302,-1.4491983171547533,-1.381867162699252,1.6714799134886635,-0.691023591597146,0.6283730693748741,1.0290219423077527,0.35307573458864555,1.003300985263511,1.4398293792095245,1.6589980808984304,0.3079547189263136,True,False,False,False,True,False,True,False,False,True,False,False,False
-1.1463938052619618,0.1466237826507131,0.1879459073102536,-0.6758887791095513,-1.4292116759152447,-0.5646550587825871,0.37616485345926653,-0.8797531248069282,-1.3519112218898888,-1.2898469559846617,-1.0547217725677416,0.09355362425498841,False,False,True,False,True,False,False,False,True,False,False,False,True
-1.1420268979081345,0.20748237976037248,-1.469292632150997,0.13944456136571953,-0.533626693189145,-1.1000276932342652,-1.4805906007471261,-0.0234310143133247,0.1815999399486956,1.7224864475938535,-0.4770136947094418,-1.5783348523859244,False,False,True,False,True,False,False,False,True,True,False,False,False
-1.0612583076924997,-0.9339343716686429,-1.191481340342307,0.6792597889855536,0.0872755835227072,1.6001285875807016,0.9856645821916225,-1.4125997152086298,-0.48863348848806526,1.3402047034202154,-0.18719906752907298,1.322439301894769,False,False,True,True,False,False,True,False,False,False,False,True,False
0.7453967043675599,0.7505046932333013,-1.002128604342082,1.4718088113347279,1.3957239630611318,-0.06434876840963433,-0.6044071079460192,0.4734967735944022,0.4592295570005764,0.7184847780592546,1.0597640238364976,-0.9860019205757095,False,False,True,False,False,True,False,True,False,True,False,False,False
-1.55351999883505,-1.3704151933921465,1.3351791282420393,-0.8719206669354543,0.945736292110132,0.3868565877499965,0.7077073939567606,-1.3872941540732704,1.4465052697393563,-1.370803333504283,1.1121613608415168,0.3801329567816827,True,False,False,False,False,True,False,True,False,False,False,True,False
0.6475816317752876,-0.4687253772159822,-1.7126567217594004,-1.2318384455501832,-0.5203977399923749,-1.4772861609533448,-1.2010465198627238,-1.0337663879863754,1.7209309073826597,1.0731830613891267,0.13389834862384906,-1.3605625871373175,False,True,False,False,False,True,False,True,False,False,False,False,True
1.3473794783227788,-1.3527216942110822,1.5201281373888091,-1.716935124085642,-1.1216130939325923,0.7785292939733853,-0.8288223353888053,-0.1497714682303944,1.0018936494155564,-1.0737040723031135,-0.2461100037589841,0.01679748723452285,False,False,True,True,False,False,False,False,True,False,True,False,False
-0.5049490705939138,-0.6948684005291949,-0.9437550006237565,0.9027368716813972,1.2926004396690498,1.4916622176022887,1.275385486211044,-1.516889901966267,0.9556502776543321,-0.011288262158835789,-1.395448606152019,-0.7948072358056795,False,True,False,False,False,True,True,False,False,False,True,False,False
0.5228902261454669,1.6272776935404434,-0.4906955952885704,0.25421870230346727,-1.5246346524066468,-0.541862105858295,-1.3325146767041358,1.0710644752690328,1.2640848323910208,0.9204986193547718,-1.5081421276857683,1.1752619454669906,False,False,True,True,False,False,False,True,False,False,False,False,True
-0.1943300324457725,1.073817410275742,0.9172960111185237,-1.5301334651619254,0.7436964490258605,-0.0860236410361696,0.4456202839896504,-1.0952955850541541,-1.0158958571588286,0.9376457946807334,-0.6444816107533319,-1.0218757902291444,True,False,False,False,True,False,False,False,True,False,True,False,False
0.6409059669756503,0.39609249345436176,1.1705287399491802,-0.054972557805703266,1.1800900159841943,-1.3630696205144293,-1.4521185186960321,0.9184348985704727,0.5664430183741963,-0.7536587092789081,-1.5518548738536146,1.719684015031411,True,False,False,False,False,True,False,False,True,False,False,True,False
0.5139473977532191,-0.8702974957059695,1.380206456535145,0.11889111613341925,-0.4531791595217356,1.100240417701002,0.7078524860359151,0.01679784584475248,0.6850958786690255,0.024754668902957883,1.4223352621237166,-1.3807206057983044,False,True,False,False,False,True,True,False,False,False,False,False,True
1.5543127329618487,0.9233816887661846,1.2114676928219181,0.018529510519497285,-1.1969745610323157,-1.2328012693006967,0.6096388405760947,1.4226584650342105,-0.6766616986044975,-0.9909930695587774,0.49304352894374825,-1.558438645223203,False,False,True,False,False,True,True,False,False,False,False,True,False
-0.052852598695953865,-0.011132060217143996,-0.41058672194702683,-1.1882345700695476,-0.400651859947753,-1.4200591850483553,0.3401007553279101,0.9456324361334782,-1.615431123455893,0.20466443464136336,-0.39851502722517035,0.5983283361145465,True,False,False,False,True,False,False,False,True,False,False,True,False
-0.06698685164275073,-0.024665055188357012,-0.2888292730290786,-1.2763771688382304,-0.83304596707865,0.7327628878043964,-1.689730281241484,-0.5347892913572705,1.5063465366199935,-0.02355182345126622,1.0192872472828773,0.8388630276268896,True,False,False,True,False,False,False,False,True,True,False,False,False
0.30059405997249655,0.5181012927580605,-0.420324448920638,0.7387342491687633,0.009987120474455696,-1.6415254661075651,-0.8288025817222185,1.0763222132262262,0.04851060132981946,-0.04933288609812473,-0.39413719774435224,-1.1254212400740475,False,True,False,False,False,True,False,False,True,False,False,True,False
-0.07284997393228453,-0.8387925761967944,-1.2354130543305,-0.677330980503331,-1.434907186005242,-0.5876791570573361,1.4971482203460131,0.9969017530779725,-1.4255539667215273,-1.5589701843657555,-0.5223299662632028,1.7014901627922756,False,False,True,False,True,False,True,False,False,False,False,False,True
1.2130834139535354,1.455401629330684,-0.5907528528872988,-1.4465262878030596,0.20873888297629486,1.144487090873756,-1.1962677691572032,0.7966659555864971,1.0119975678118125,-0.8506606969096742,-1.4492642209782698,-1.2958702766490318,False,False,True,False,False,True,False,True,False,False,False,True,False
1.59735508783942,-1.5933650585917003,0.5203387020805841,0.40694847896123004,-0.41354612013972997,-1.1492076360581567,1.6218137772021233,-0.2568500643612235,1.3072973045677547,-0.17175996149338393,1.5978407744039542,0.8299920902417592,True,False,False,True,False,False,False,True,False,False,True,False,False
-1.3164007258572796,-0.9985703713286854,-0.45045411314342687,-1.7144321631690402,-0.4156287804563643,-0.17866420155845184,-0.2682323820268874,-0.0633758703759004,1.3131564284151414,-0.923089133771885,-0.3139192629922169,-1.362095278648283,False,False,True,False,False,True,False,True,False,False,True,False,False
-0.9559751770949252,0.10417843487203442,-0.8053759178817776,-0.9676231162803266,-1.4882340242860475,0.5917640307871809,1.615737069585951,0.08601713912335816,-1.4476956096564821,1.6174174574184863,1.4731207125768597,1.1264935881606002,False,False,True,False,False,True,False,True,False,True,False,False,False
-0.32147157611917854,0.025560158114873322,0.6171730082011907,-1.5513963886411317,-0.8717224235826104,-0.11587816763879574,-0.8471568615259387,1.22229327861084,0.973961109104491,0.7980625969256546,-0.6132184809635078,-1.6883548043563434,False,False,True,True,False,False,True,False,False,False,False,True,False
1.4358412969143586,-0.6489330432299458,0.5431386107159994,0.790790783756485,1.2839188951183635,0.6979104231346681,-1.6720839030774621,-1.5041443408895343,1.44389811256906,0.9920851143910622,1.353180899447591,-0.8877057855774719,True,False,False,False,True,False,False,False,True,True,False,False,False
-0.6312392330582393,0.8059380778908853,-0.018564049035590592,1.4869061155443346,-1.624169067370437,-0.17935316642800345,-1.2384211344126317,-1.0641233256890696,-1.2755741804040797,1.5945754812093031,1.6944008329254763,-0.2691539845261344,False,True,False,False,False,True,False,False,True,True,False,False,False
1.0105980088567372,0.5765656160873525,-1.2612921315491328,-0.6081475087559522,1.5267222704253547,0.689416482775788,-1.549383572583578,-0.7362887972246254,-1.372224331429122,-1.3690788770176179,1.4069696686000808,-0.7059133645760023,False,True,False,False,False,True,False,True,False,False,False,False,True
-0.9548828011321389,0.596745888017153,1.6445694236239385,0.6778813099994744,0.9824026989926079,-0.4848978219237251,1.182177045274495,-1.660767160839382,-1.2253793801564046,0.2989052720572308,1.019540905193515,-0.8970878333415997,False,False,True,False,False,True,True,False,False,True,False,False,False
1.4400886988837531,-1.4592366894909345,-1.0786391333860534,0.3275913681887392,0.07148816958232998,1.4217169793760969,-0.7042511928401174,-0.14187158286800253,-0.620747255519336,-1.0916303430848144,-1.5257553719195576,-0.9053846433548934,False,False,True,False,True,False,True,False,False,False,False,True,False
-0.07084650247474204,-0.39385015777670784,-0.5027699818053994,-0.946389841943813,-1.2448602119814278,-0.5452699982001662,0.6481642258244718,0.9877336766480961,-0.8117859604032244,1.4431241671411041,1.020650979336696,-0.66814509122144,True,False,False,False,True,False,True,False,False,False,True,False,False
-0.9970391427050326,-0.03537847392481561,0.8901019896594883,1.2138248824314075,-1.4807529096603949,-1.5442367562248058,-0.5003787990371361,-0.5731312091409317,-0.5801991732137983,-1.2144415754506164,0.10764479767434243,0.8882365337771578,True,False,False,False,False,True,False,False,True,False,False,True,False
1.4415770812110387,0.804170747629551,-1.4657019793204467,-1.116402995877086,0.7794969788677959,0.13062753351102763,1.5859794246455559,0.3720253045115493,0.5775645746715427,-1.5335307131922835,0.18460578466483787,-1.2732338296549957,False,True,False,False,False,True,True,False,False,False,True,False,False
1.5084654541230307,-0.9453560009718516,-1.5240329102751362,0.28784913150533153,-1.4891597360352173,1.533627061694038,0.4897814488306932,-1.061594744429794,-1.2466435835305925,-0.8926623945405499,-0.9198856851876425,-1.571658898241122,False,False,True,True,False,False,False,True,False,True,False,False,False
-1.449651240062052,0.12558054761488546,1.6754042853626137,1.5305261757053272,-1.5237343935381855,1.5036567942827734,-0.8847522244337713,-0.4130712559924039,-0.9215614257916939,0.08000001531311829,1.2466736412903705,0.44557374454135895,False,False,True,False,False,True,False,False,True,False,False,True,False
-0.13751665104815997,1.4766644324026883,0.2751027306329319,-0.3570914491029201,-1.6487870752026859,-1.5170946788080077,-1.6448365248955943,-0.6591343833610143,1.4448250063951185,0.1218878866232837,0.5456368348115652,-1.5229792164348943,False,True,False,True,False,False,False,True,False,False,False,False,True
0.7283920690185608,1.3719955461680906,-1.0025253070378188,-1.3385707175817199,-1.7416523386084868,1.2375335177305742,1.4036183952395576,0.6207884019654566,1.2707753650843188,1.242190353883174,-0.5744477306036035,0.06912725643933007,False,True,False,True,False,False,True,False,False,False,True,False,False
1.2427106558278838,1.1430649566074285,0.05929937353888345,-0.14463079473581028,-1.5943359723146806,-1.7207134725786957,-0.10784438828312595,-0.39586717724846704,0.7365421983703699,-0.7149281979103801,0.257911484609729,-0.17716156126387547,False,True,False,True,False,False,True,False,False,False,False,True,False
-1.0433526664337933,-0.4236943740220703,-0.08454184417474594,0.825822246233289,-0.8087415880369829,0.7728874365224377,-1.051792836181886,0.401328637619333,0.14385485883696442,0.7018936680450872,-1.6393058623533936,1.5985091653308807,True,False,False,True,False,False,False,True,False,False,False,True,False
-0.7006593139907613,-1.243310071740964,0.9634904918517608,-0.17553390212439177,-0.44910731607036625,0.36025762076954404,-0.7915652914360889,1.1840315053329051,1.1915081939055134,-0.596011305868113,-0.2651180066687437,-1.612086419228371,True,False,False,False,False,True,True,False,False,False,True,False,False
1.5707762695595995,-1.679716636050329,0.05615093741011009,-0.7478887017331286,-0.6181725475659093,-0.9707166662590195,1.4249399477118208,-0.9076021545265056,0.1768133766780311,0.5995441116345515,-0.9592696294052002,1.5774567698134383,True,False,False,False,True,False,False,True,False,False,True,False,False
-0.30083275610964993,1.4103081131813289,-0.010183800900854146,0.564394412697868,0.18676787918472854,-0.930818794474019,0.5058236615636095,0.9952622899834417,-0.8497535602074051,-0.7395548766338619,0.7091311880152318,-1.6923848696663324,False,True,False,False,True,False,False,False,True,False,True,False,False
-0.9011945561299195,1.14842236774423,0.03077160698432671,1.1625764851988258,-1.267810052261507,-1.6842147850814904,0.21396473763539084,1.2335079524000845,-0.6548226782175248,0.10389915217972852,-1.1414364067628213,-0.8972103721687625,True,False,False,False,False,True,False,False,True,False,False,True,False
1.2059415986551605,-0.4127000259363547,-0.07951620645824448,-1.0686060932339396,0.5048924930240528,-0.5230988690437168,-0.2908561971742765,-1.0491451434068289,-1.5171698989270985,0.4460889824828903,0.9143853740465302,-1.2435130034523527,True,False,False,False,True,False,False,False,True,False,False,True,False
0.8795519179224914,0.5486753134096286,0.9115578110665503,1.6678943403295794,1.3814820194103101,-1.655244524062773,0.7779186256968501,-1.688845029947279,0.9241401887064851,0.42250999461570177,0.3730538508507958,1.190030518502736,False,False,True,False,True,False,False,True,False,False,True,False,False
-0.05495673163640377,1.4802991410422153,0.24173938464593175,-1.4694890328908983,-0.08384870726581113,1.675448697090962,1.2897446713258938,-0.401497347232785,1.6579566690149727,-1.5223275233747013,1.579868311488265,-1.6465942311585362,False,False,True,False,False,True,True,False,False,False,False,True,False
0.7107218525629839,0.055302014458726026,1.3314613410061553,0.6445605527046486,-0.1736072791657168,1.2889023469102907,1.0303459738214793,1.2117789969878507,-0.6540613202700867,-1.6347095293698153,1.676405165454539,0.5959249209186729,True,False,False,True,False,False,False,False,True,False,False,True,False
-0.694972503257192,1.6032043366816648,1.0078333659015175,-1.6276796606328223,1.43429579688742,0.6071342597222255,1.6895252741066558,-0.22508469464009306,-0.4930709109590843,-1.7044416570080128,1.2860162010319103,-0.779898905855687,False,False,True,False,True,False,False,False,True,False,True,False,False
1.3603942654663848,-1.0222636247734587,1.5362596118611698,1.411344511669616,-1.5059933334006366,-0.42114106263763934,-0.7064756378224155,-0.210619526429137,1.004211817378741,-0.6360047102985147,0.5808652074088845,1.3997179558510084,False,True,False,True,False,False,False,True,False,False,True,False,False
1.196855977909327,1.646525039724986,-1.2015657484541964,1.5050924839305686,0.5781178049991423,1.5951197299492077,0.7834810447615244,-0.958744766894299,0.025523771484278247,0.007291445856212192,-1.7076220260177088,-1.3034595316176998,False,True,False,False,False,True,True,False,False,False,False,False,True
0.451837130220832,0.3119070341623082,0.5093481054971774,-1.5108207249900882,1.6720095666093409,1.134247149658666,0.47042463021522724,1.5240093816174296,0.35204683679220977,-0.871931723633004,-1.2736426648775234,1.1492170845229956,True,False,False,False,False,True,True,False,False,False,False,False,True
-1.0181392482816254,-0.15938860758509726,1.6160160988846877,0.38611300637332563,1.1542644858564102,1.4012375317567705,0.848150357480622,1.45497064570391,-0.6656753139652297,0.6053774490271351,-0.4485480850034957,-0.2525990387216731,False,False,True,False,True,False,False,True,False,True,False,False,False
-1.5244039529859317,-1.4068261264155546,0.565283559753746,0.4269388612633302,-1.5476146268074786,-0.02079363053265068,1.6077468583155627,-0.24586737595500804,-0.31873596567752455,-0.5964193001086562,-0.5166496831681415,-1.1628181205895454,False,False,True,False,False,True,False,False,True,True,False,False,False
-0.1369659967779764,-0.2169239649217956,1.1882074169429828,0.8716325152531277,-0.3702306179033211,0.696561928285015,1.371346871614711,1.4701549937431098,-1.1099853559900983,-1.4846029662819822,-0.6227130974876756,0.4930779282525367,False,False,True,False,False,True,False,True,False,False,False,False,True
1.1407723147555475,0.5665049694290394,-0.7689338169526506,0.7955634396923766,0.7729482494380061,0.729036682709168,-1.2988772622046971,-1.6977572777136287,1.4158222882929181,0.8959839619306115,-0.6061453214492705,1.737156356829751,False,False,True,True,False,False,True,False,False,False,False,False,True
1.0919193769510445,1.04740979593301,0.28488587856207503,-1.5659792598434454,1.2487922934143902,-0.8286782223676664,1.37388532936957,0.10604159989248432,0.3778267947115244,-1.526481769378374,0.12844668804841455,-0.13032894988018684,True,False,False,False,True,False,True,False,False,True,False,False,False
-1.0998883512341926,1.6442894509858685,1.346830917756278,1.427963400553449,-0.22026395746081265,-1.5928513705203937,1.6353459828024424,0.12818422344749028,-1.132235715655918,-1.605334562770109,0.6248561635690929,-0.43682126037971686,True,False,False,False,True,False,True,False,False,True,False,False,False
1.033168401949705,-1.1525369819219127,-0.4517409724112383,-1.640461401785495,-1.6351450855021001,1.3777176343902755,-1.1793302101710565,-0.5529839107490867,-0.2731164343741276,-1.609533315811581,1.3342764531731455,-0.8858323722043755,False,False,True,False,False,True,False,True,False,False,False,True,False
1.5544327853616133,-0.039475727925091526,0.09806717532090044,-0.9124443074827431,-1.5929613582440605,0.9954216944567644,-0.5898817847022112,0.9294011298258861,1.044783487913808,-0.6258639652534537,0.8998413040283205,-0.6391489001832087,True,False,False,True,False,False,True,False,False,False,True,False,False
-0.5930473755406758,0.23551654426482344,-1.4720910177419984,0.6980571141094299,1.2687161663990907,-0.6590581174022737,-1.2529157739654313,-0.913569680255884,0.7467742604955746,-0.5739468037664034,1.1918498772325765,0.5119202830425841,True,False,False,True,False,False,False,False,True,True,False,False,False
-0.4789289501035018,1.2147751914722242,-0.1125044334791206,-1.1628521737007103,1.0864619876149182,0.6526805773956531,1.462701502553908,-0.8148482350415212,-1.581865760477618,1.382527345113138,-1.3721968228348629,1.6027644814479538,False,True,False,True,False,False,False,True,False,False,True,False,False
-0.312111726291637,-1.3163599624181925,-1.107353576553689,-0.8565356477278591,-1.4421881946809276,-0.13796594761059264,1.6723371411185648,-0.98842322827272,0.7742045528497018,1.2367006051992393,-0.12343676384370474,-1.372304074243302,False,True,False,False,True,False,False,False,True,False,False,False,True
-1.698163223893566,0.6366016277672862,1.5871566716335233,-0.867354392519631,-1.5548735638063333,-1.6499826904985588,-1.4015364366760332,0.9303742654952265,1.3634930863287442,-1.640950613447607,-0.5129833265293876,-0.5763601905273147,True,False,False,False,False,True,True,False,False,False,False,True,False
0.4840131084702613,-1.622904194858188,-0.711324286640374,1.5599041398049687,-0.9913533667620353,-0.9929477297365948,-0.7462798855722841,-0.3501468483935801,0.16602297002936434,0.7803955727074696,-0.9364217493166179,1.0350760553029612,True,False,False,True,False,False,True,False,False,True,False,False,False
0.4078240381706327,-0.8655113285922771,1.56634269268646,0.8184004231308172,1.0815778048714644,1.2648850131076395,1.7456849692284726,0.18080285612256497,1.7396833173968318,-1.4006000430686885,0.3187612302210986,-0.15429743605194707,False,True,False,True,False,False,False,True,False,False,False,True,False
-1.2091782644822584,0.2260195383287267,-0.8623324043030418,1.2052653042407109,0.11249958903438904,1.2840293016609485,0.2608458493841112,0.3341052589328406,0.22476383407533443,-0.10638654959102409,-0.2095377353828573,0.3254702226313914,False,True,False,False,False,True,False,False,True,True,False,False,False
1.2394097668105257,1.308844413158844,0.4048585214677136,-1.4483662115507698,1.6314040544434363,0.039960021796484356,1.2394268142950273,-0.5156777624207314,-0.33444363319087467,0.9838457191043596,0.8268041418600639,-0.18057290188421002,False,True,False,False,True,False,False,True,False,True,False,False,False
-0.6014776236597578,-0.1648491232834143,-1.171927217475875,1.4743352432951216,-0.9330498936409425,1.160224672050372,0.11049657890002597,-1.5553620846264338,1.7328738370794878,1.71974633723016,1.3512479938126591,-0.7627789332310589,False,False,True,True,False,False,False,True,False,False,False,True,False
0.08873798360306703,-1.0407829312155508,1.2175085524873623,0.6424260573026289,-1.022236874889129,0.38248952718177903,-0.9699580818808541,1.3923829409123225,-0.1377420025423477,0.9295536328924033,0.9191579741398431,-0.9052261789696078,False,False,True,False,True,False,False,True,False,False,False,False,True
-1.369280519703986,0.040660192059104636,0.26770079788496576,1.2977530111137061,-0.2044459180094654,0.4077093720020731,1.543899479379339,-1.3720585535168939,-1.5711339741515684,-0.6989930208295326,0.9552786243593103,-0.17021393429070567,False,False,True,False,False,True,True,False,False,False,False,True,False
-0.04446563376797445,0.48607539995546445,0.3817207218718993,-0.141943022343798,1.5899039900657477,1.6164643623338295,0.16034351761716412,-1.0121685549519197,-0.5683003485760647,-0.9594108854020315,-1.3896439539806091,0.17976946832529492,False,True,False,True,False,False,False,False,True,True,False,False,False
-1.1575136466258915,1.489315793177439,-0.7381852335692809,0.8148889172718695,1.3635369129676613,-0.9125104237431083,0.8068160356755317,-0.7951467487251261,-0.08140062330830232,0.6258238446251005,0.15377830073055404,0.4067970500331686,True,False,False,False,True,False,False,True,False,False,False,False,True
-0.45740112740087197,1.5730002922349846,0.6217927368237463,0.7415624738326181,1.6260146021525779,0.008529032222749092,-0.3611888447630567,1.0600140965534286,-0.9160456835139674,0.9630998110321027,1.1749781187954587,1.2352778042412962,True,False,False,False,False,True,True,False,False,True,False,False,False
0.42091959464221346,0.9798228175789284,0.5813159762885319,-0.3580866817066588,-0.24041701850348923,-1.5598827863177513,0.16026315954450585,0.09357771711919405,-1.238236696376208,-0.13430360694186808,1.2836923832047054,0.06729303874047851,True,False,False,True,False,False,False,True,False,True,False,False,False
1.0436191619498203,0.38442322937321005,1.1114453281235026,0.16782871937579408,0.1924184710503943,-1.229880492931432,-0.457116499658561,-0.923483199657093,1.3861785689324142,1.380740603787665,1.3646946421736958,0.04499376664774196,False,True,False,False,False,True,True,False,False,False,True,False,False
0.3599542209683505,0.5047897219292388,0.5853481797138824,-0.4760549197963841,0.29366488443294964,-0.15664783772100935,0.7639126933483693,-1.6075505195909658,1.3467736846581781,-0.7233277624470628,1.6604233769191046,-1.6023293360263755,True,False,False,True,False,False,False,True,False,True,False,False,False
-0.41822165710190745,0.06370297221437327,-0.6697265158065857,-0.0915057917539212,-1.5225233039980437,1.0357846866802842,1.5549098215845902,-0.9266016990095091,-0.3584437490720258,-1.4422349684445754,-1.4199066647462024,-1.2706821888422104,False,False,True,False,False,True,True,False,False,False,False,True,False
0.6758213599097227,1.0163183743121496,0.13772960782620827,1.5457877665871125,1.4142082350696887,0.6327906580792826,-0.8031118382637186,-0.33509239753674347,-1.4755753885618887,1.5955775036003792,-0.013325787075270627,1.1505430112407151,False,True,False,True,False,False,False,True,False,False,True,False,False
1.2933838717192232,1.4459381327686915,0.2655478390806973,-1.338202843320877,1.4301122354658256,0.47605411431550854,0.45053316717847025,1.1872139602574636,-0.42896177558717724,0.507551616169571,0.7961258771952743,-1.052358691279,False,False,True,False,True,False,False,False,True,True,False,False,False
0.9063650532776767,-0.39278420382211926,-0.8230696739854555,-0.3992534459414894,-0.4739027828203908,0.4029992529664825,-0.2288797335710896,-0.2581667988133993,-0.8874809667807813,0.10454517224742596,-1.0171118098799883,-0.8040344270040816,False,True,False,False,True,False,False,False,True,True,False,False,False
0.4048798648165185,0.2837524874246145,-0.6020290046285638,-1.582521036759907,0.159804998126379,-0.721578393861716,-0.16081604028268773,1.6712146032198556,0.7718105896460077,-1.6140992964520198,0.5528501412880703,-0.3347970697020711,False,True,False,False,True,False,False,True,False,False,False,True,False
-1.1255545125442408,-1.214720257170151,-0.4506034116176935,1.557558031309498,-0.7575929897077399,-0.36852226446741787,0.1956581569281075,0.5538383287945916,0.09127042163626924,-1.407177796767075,0.223000269731967,0.9626075480595221,True,False,False,False,True,False,False,False,True,False,True,False,False
-1.6198286617680409,1.5620611252361836,1.5990086224207851,0.6557110679053474,1.2660956419822973,-0.431688502833087,1.5190309890624312,-1.3924729060006817,0.7474053009212265,0.7810253074075973,0.49802372386273164,-0.9757912994247804,True,False,False,False,True,False,False,False,True,False,True,False,False
-0.44191237911429915,0.6390493351292748,-1.5726724552452154,0.21276524859469484,0.9182412168098155,-1.1033779228584055,0.5654915973094082,0.8575119109787438,0.6555969838756611,1.5432135292151328,-1.3355526254085635,1.1133780307431231,True,False,False,False,False,True,False,True,False,True,False,False,False
0.691753343368937,-1.4214468094279875,-0.8610426748558027,-0.4547343162701063,-1.706332733640683,1.598910778120583,-1.0746678867195507,1.2648436080569687,-0.2937851706350746,1.5320515848348677,-0.26472101463021774,0.24122588207079043,True,False,False,False,True,False,False,True,False,False,False,False,True
-0.8877454862893395,-0.6562307522624972,0.07527513527632097,-1.4568626748366966,-1.003496126477141,0.10564936507089842,-0.27511957007774307,-0.1748899454252074,0.4706555841847885,-0.06357410455254904,0.6470460228511002,-0.31911416018220534,True,False,False,False,False,True,True,False,False,True,False,False,False
-1.5342057773650293,-1.4201585263346739,-0.12400017289576759,-1.6964205344432681,0.5250959574761028,-0.18703832819034927,-1.1397626491049604,1.6528671211996002,0.8009275400329553,1.6248049664641897,0.8053949874665982,-1.6684340100311308,False,True,False,True,False,False,False,True,False,False,True,False,False
-1.0638471791398507,1.1238778769888118,1.3746580386865324,0.9981075013514996,0.5884416235543759,0.11986886067850737,0.7070498678566133,1.6975409399785963,-0.2976371579546596,0.5198143745504449,-1.2289310136711797,0.9054867104717477,False,True,False,False,False,True,True,False,False,False,False,False,True
1.1625636668046821,-0.4539252947892901,0.6396599862101656,-0.816862497795953,-1.4332823004539137,-0.3046181569311246,0.4410631488731554,1.651885199290305,-1.2428842166488012,0.5672465365670779,-0.47747949034132886,0.8445464999204934,False,True,False,False,False,True,False,False,True,False,False,True,False
0.18334658321136563,-1.488548709877157,1.2841238604509873,1.5920661180785878,1.653669519515804,0.8433128075734097,1.0760595015604104,-0.8809151659271987,1.1379530786520826,1.152341115129622,0.13940470140644357,-1.14426373328684,False,True,False,True,False,False,True,False,False,False,True,False,False
-0.37695728473256274,-0.8966261962284665,1.4751178045102877,-1.0112810793461888,1.2963074065281133,-0.7429967910504384,1.266960171215995,-0.3924678795901414,1.7304579367614896,-0.36788828544901525,-1.0110132919144161,1.4135807581738642,False,True,False,True,False,False,True,False,False,False,False,False,True
1.3965820508440612,1.3832205654146699,-0.5093227456307756,1.604473815040231,0.3335315291257696,-1.5660266067485373,-1.1024053780494492,-0.49619139928354944,-0.9579180763698899,-0.44533617573446965,0.12400110790678673,-1.0356314435249283,False,False,True,False,False,True,True,False,False,False,False,True,False
-1.5459830040438665,0.9035357351921797,1.5966397311438483,0.48587907071620706,0.2929627111592941,0.655360233754225,0.5440295978427859,1.5295041421605717,-1.717596016236326,0.44582294668171335,0.0847812431737323,1.7475268856561759,False,False,True,False,False,True,False,True,False,False,True,False,False
-0.4962084173271633,-1.6556221138057914,-1.0997518045450991,0.8158638060476973,-1.2934494817805988,-1.5867978028887906,-0.9642586268069882,1.3888677168323051,0.32997087063115815,0.2425495683875342,-0.7447453458878478,1.7664571838404146,False,False,True,False,True,False,False,True,False,False,True,False,False
-0.0771625238943458,-0.8750488787761896,-0.7757248468500558,1.2705242227217644,1.1889824334950185,1.4793536729036907,-0.6240434822225991,0.6975842810587307,1.540094123680451,-0.7449231825615789,-0.863306581270524,-0.48278753068598607,False,False,True,False,True,False,False,False,True,False,False,False,True
0.15111068400906183,0.6636522550620659,1.245441327341023,1.6241687440806005,0.20508929315184857,-1.0872977322111887,1.3476443516614596,-0.6110894230154129,-0.680640873265912,-1.1070493154099061,0.4499937534669605,0.2792466577276079,False,True,False,False,False,True,False,True,False,False,False,False,True
1.422599693729882,-1.1945937314006074,0.14168674208869053,0.7017823464510388,-1.534701006143667,0.9467249916183249,1.0555927014609776,-0.6078702679922101,-0.8737524925778054,-1.098996868543072,1.2417693187076444,1.5875404923315042,False,True,False,True,False,False,True,False,False,False,True,False,False
0.29824765762213507,0.3120472249365527,-1.5434596618542602,-0.15301685219790925,1.0389044611140354,0.7915277314388466,-1.51950445056733,1.0309929328737117,1.6924257285439737,0.48975744126221354,0.22538286945731714,1.45584078216229,False,True,False,False,False,True,False,False,True,False,True,False,False
-1.6612065060758106,-0.9504185176443719,-1.2023382740130535,0.02246375187083002,-0.17193036572842282,1.7001939497939704,1.1797062141632595,0.1722650947420695,0.8732358482521619,-0.7355130232377985,0.08688173672210954,-0.7377399846580893,False,False,True,False,True,False,True,False,False,False,False,True,False
1.6388480973099968,-0.8026026444658163,0.9029110436569797,1.4444278328375024,0.45308875612249305,1.0769672039066178,-1.3842656781724474,1.1890825401547525,1.6462714127189144,-0.0023724213948842538,0.04760065774704459,0.8274614278305138,False,False,True,False,True,False,False,True,False,False,True,False,False
0.3573107545207168,0.7240599668491784,1.3788814633407813,-0.039653734555744474,-0.5456557487213466,0.39561643260224233,0.4792579602115577,-0.7597359335308213,0.7270066211769972,-1.465768366330475,-1.1424778778672051,-1.5957118299988493,True,False,False,False,True,False,False,False,True,False,False,True,False
0.8216990873694818,-1.405457810542405,1.316556492803436,1.004096296813258,-1.426483206829782,-0.6619772084750797,0.9180272992330145,-1.1147517554036128,1.7076515625152995,1.1290609646085006,-1.7491226169762741,0.6101461667457505,True,False,False,False,True,False,False,False,True,False,True,False,False
-0.686309248120873,-0.33147174763681364,-0.4253934261269809,0.9670066578845221,-1.5632733065917905,0.21644263033368807,-0.9295881202717494,0.1966980135981113,0.7816773264544744,-1.1991333328579727,0.8980326499083162,0.6806524306573108,False,False,True,False,True,False,False,True,False,False,True,False,False
1.509727747432758,-0.8189311060385082,-1.6806577637163136,-0.24954497742090984,-1.5167326612796717,-1.6047325449769667,0.5082794159110855,0.4286477396813983,-1.1104605553079197,1.2368482059498127,0.7660273214882096,-1.6946041862762895,False,False,True,True,False,False,True,False,False,False,False,True,False
0.9284297948021034,0.9676792255067994,0.03625927049121779,1.3257180052684787,0.524025903833019,-1.0429161679253278,0.9292476253897594,-0.6334650036661723,0.8951602788970567,0.24973027080545135,-0.49695387590604545,-0.5155141940748377,False,True,False,False,True,False,False,True,False,False,False,False,True
0.6992119114867603,-0.912224063819268,1.419789176491718,0.037694403688146194,-0.8269165989154984,1.5591506462185385,0.678685008107252,-0.07008665387250901,1.484354839510159,1.1259480602692638,-1.4924774353024626,0.5130050637487402,True,False,False,True,False,False,True,False,False,False,False,True,False
0.4139252664927066,0.2612228732911381,0.2112122474247594,-1.165958961179808,1.5851876906858735,-0.39963649856728584,-1.2481799067632269,-0.2772775946139796,0.368069033591341,-1.5274322710481545,1.3113773759607272,1.1957614298592665,True,False,False,True,False,False,False,True,False,False,False,False,True
-0.03350042419805621,0.0010628151604508713,0.9051467621531645,1.3000102136917766,-0.9826306140926361,-1.3412464580375854,-0.45680977715215915,-1.2448675177074895,1.1481481978371766,0.8557647017986934,-0.04346778847345324,1.1502421212585896,False,False,True,False,False,True,False,True,False,False,True,False,False
1.7317660106630286,0.43866695758010205,-1.1933336947228157,0.7455974823240408,-1.0809484414694304,-1.4571383641161457,1.2930793652661945,1.391279229834588,-0.02694877621384231,1.2558379510540336,1.3269477527631537,0.9094735788246436,True,False,False,False,True,False,False,True,False,False,True,False,False
-1.5477576671434023,-1.5742253068959406,-1.1133091340885042,-1.1360228270972148,1.5363734875449666,1.325101137483778,0.21719959562896585,-0.3447640448484207,-0.8440121406577988,-0.8923063384404385,-0.5432916794053018,-1.210065608519982,False,False,True,False,False,True,False,False,True,False,False,False,True
-0.23087971016953865,-0.4492293977101882,-0.8591725002054981,-0.529355358556556,0.6647714275034414,-0.9124658725693007,1.2834376790530344,-1.6277196646962373,1.6334941977959736,0.9107236097697217,-0.3704056181077435,-0.26980579377134145,False,True,False,False,False,True,False,False,True,False,False,True,False
1.0663066824941998,0.2901805014308505,0.3771866860935648,0.0961353454975945,0.5611296975070252,1.0155127447715464,0.7776983647888569,-0.120054039361286,-1.601885925756495,1.3523547613370188,-0.12301031834666314,1.2850013304912185,True,False,False,True,False,False,True,False,False,False,False,True,False
0.1023053867044932,-1.4905109333059123,-0.49922964988490776,-1.5383530670451342,-1.5028816909673697,0.8014603986002455,0.10672405230096974,-1.186668714182088,-1.5355767639468108,1.0173484339642023,-1.583709016890612,0.4709314345342303,False,False,True,False,True,False,False,False,True,False,False,False,True
-1.7226889757635007,-0.3309268531779847,0.6146306289596231,-0.4893681618695418,0.5978252467829264,-1.4150182435955536,0.7102305116716521,0.19758943754319142,-1.173450276214771,1.4893441662333025,0.6351508910568172,1.4353218513094415,True,False,False,True,False,False,False,False,True,False,True,False,False
0.17708360011144905,1.1907771354937704,0.2130108995010506,0.5229161655204682,1.7211588098937978,1.2591271791515397,1.6151224385856808,0.07625783071951628,-1.4395868782836818,-0.25734416996769144,0.9438417054896621,0.7244876491700247,False,True,False,True,False,False,True,False,False,False,False,True,False
-0.10608853655134726,-0.05521567106845228,0.31927319898089296,0.8165571579069602,0.06108050540584346,0.4948482244279108,1.1574886517286243,1.2726490902117358,-0.0056493629291353405,-0.2952679403191003,-1.4864822050206647,1.0815436585194447,False,False,True,False,True,False,True,False,False,True,False,False,False
-0.039652097379888784,-0.9045497648290909,0.736167286493998,-1.1153589388858298,-0.4036366434983769,1.7073897823732307,0.4351121432008662,-0.818074043896295,-1.560729639241635,-1.1646408176319658,1.1949459741398651,0.23360467163478316,True,False,False,True,False,False,False,False,True,False,False,False,True
-1.654248617479539,0.5243826817199545,1.5267117280025368,0.5320928703092943,-1.3422895748857557,-0.8003336987848515,-0.4828588742152062,1.6387132557960935,-0.5646490121393654,-0.24971175102613302,1.2155604252684538,0.5012255111590593,False,False,True,False,True,False,False,False,True,False,True,False,False
-0.051330984246195525,-1.1041312251194308,-0.33300518601358453,1.0224363513725843,-0.9174282365372376,0.8366210959896851,1.3314970637312515,0.10160163571794745,-1.173759036385753,1.404238504807255,1.1912638406474103,0.7069042010374346,False,False,True,True,False,False,False,False,True,False,False,True,False
1.5211637567517617,-1.134675559382483,0.8994619299560422,-1.6684903791776198,0.06836350849110429,0.30300903188572215,1.3426749348527738,-1.0804395626032093,-0.9359047877059554,-1.5329043903960118,1.7058249908654117,1.113095305944789,False,True,False,False,True,False,False,False,True,False,False,True,False
-1.2002220165239579,0.6676679897094191,0.7404494816954494,-1.0196496587622168,-0.017966974085661856,1.1754069255870692,-0.8767198895908602,-0.041536235076313766,-0.2888988885477183,-1.308388646014719,0.4199701615340084,-0.21329248548510452,False,False,True,False,True,False,False,False,True,False,True,False,False
1.233547585651475,-1.5662917208897702,0.6645739060195186,0.692233438375954,0.31691077821886604,1.4308714974348669,1.6310790171623806,-0.23939655858647785,-1.126517512816155,-0.794171242122313,0.6270859589497656,0.4037154656478026,True,False,False,False,False,True,True,False,False,False,False,True,False
-0.32742729196381565,-0.5401028177932113,1.258513590952641,1.4238408157620317,-1.7409411727212316,-0.8116878047840365,1.7078738822621198,-1.3650620137024776,-0.8683000449615846,-0.6908440945529131,-0.5815876393811608,-0.22580855926222282,False,True,False,False,True,False,True,False,False,False,False,False,True
1.2981941008641373,0.4008569873988973,-1.4982720236759786,0.4248854332493212,-0.5919823491744657,0.4394395674445207,-0.842091638977607,0.4372543321569853,1.1911933587183214,0.6755151567624779,-1.2267922456691553,0.5500593382013297,True,False,False,False,False,True,False,True,False,False,False,False,True
0.07170415171764816,1.5958510490759217,1.3850692402396974,0.8886100361044644,1.560378688316356,-0.4711368296484896,-0.751365706207872,0.13561218714478893,-0.6106054773421833,-1.6032722717918886,0.07123295936410831,0.7103120725552278,True,False,False,False,False,True,False,True,False,False,True,False,False
-0.8969496891387505,1.3646430858588299,1.2684948720129599,0.8471914984723101,0.618201222275128,-1.5264679088660427,0.3813401047578921,-0.9715220307807841,-1.3394851952612683,1.253020546115917,-1.5985567844519006,-0.4621894354370307,False,False,True,False,False,True,True,False,False,False,False,True,False
-0.7892875863443705,0.8623473989606656,-1.2716194641139384,0.1813528272638093,-1.2283753179891737,-0.5792874540397721,-0.47606436940940183,-1.6471542134561128,-0.07846045745237316,1.0264824684620213,-0.8931203697476924,1.173093646802296,False,False,True,False,True,False,False,False,True,True,False,False,False
-0.45472877053337263,-0.8084131858586251,-1.4974565969556661,1.2712268280543824,-1.4877615165596987,-1.5727435096701563,1.605568661051936,-1.5648899716440572,-1.2641183123129014,0.483567940408798,0.5438669056960606,0.04892557401041005,False,False,True,True,False,False,True,False,False,False,False,False,True
1.2524962641175845,-0.9515544386580939,-0.27804524929874186,1.300555444353832,-1.640632668864793,-1.1611848398318003,0.06375377627812118,-0.33099552520704795,1.4822900808204649,-1.5417109443566739,-0.24602850682694463,-0.9370231371484028,False,True,False,False,True,False,False,True,False,True,False,False,False
1.0884216781533527,0.6122450277548833,-0.9640983185655294,-0.8559713933468334,-0.8579702386962389,-1.7036596965966604,1.670939500379295,0.5639649868358863,0.0970711421182587,-1.6458784602675127,-0.3429938893501219,0.8037259528266321,True,False,False,False,False,True,False,False,True,True,False,False,False
0.2936053633230231,0.8555647329166828,-0.13494290089399955,0.594446912468759,0.028839982461591054,-1.1868536099072384,-0.8679228022385275,0.6816215026278697,0.0879736010634862,-0.017775137553720385,-0.9204172466257644,0.8819742749363624,True,False,False,True,False,False,False,False,True,False,True,False,False
1.126301447750505,1.3913538855036296,-0.5087373908868256,0.4549890937855814,1.2363042583634056,1.667614449337401,0.7997730813602103,0.011681023356524708,-1.1605446291741432,0.4813624928424955,-1.1013147990161596,-0.6861133733317548,True,False,False,False,True,False,False,True,False,False,False,False,True
1.6539956504141011,0.32946710757395287,-0.17480087660412275,-0.6729472070955879,0.8202722737337078,0.12619287215903602,1.5270857461651657,1.1177128641108558,-0.558164933260553,1.111890969670413,1.091558080225434,-0.1739248071946628,False,True,False,False,True,False,True,False,False,False,True,False,False
0.4618710303819197,-0.35776500066696554,-0.28974375203237135,-0.5524645716048061,1.342813374448643,-0.5042810653027716,1.3982570826531078,0.0004741454218529196,1.4324892354859287,0.869364592157005,-1.6569322830179238,0.08431105002509118,False,True,False,False,False,True,True,False,False,True,False,False,False
-0.7935620648134593,-0.3336833167934896,1.681137779519234,0.6245671494376077,-1.3161311722640316,-0.700902985551395,-0.357257971823849,0.7275006071881241,-0.5305321547201342,1.1170692082267861,0.16891647601768572,-0.5565787652836668,False,True,False,False,False,True,True,False,False,False,False,True,False
0.5098432124429497,0.16537911278393605,-0.32070120540786107,1.4187447944791471,0.3501017819281032,-0.8618757671316656,1.7076481592478974,-0.220451827974593,-0.3887430775725046,1.459301100617165,1.2682089140243833,0.4470812651129,False,False,True,False,True,False,False,True,False,True,False,False,False
0.6199867892040959,0.8874510832907788,-1.1181398313106572,-0.22272806993306918,-1.4534452067765882,-0.20482354809814166,-0.03947379538915462,-1.5389473217359777,-1.5789733407805138,0.1737333864055059,1.2732405767144492,1.3079292594474168,False,True,False,False,True,False,False,True,False,False,False,False,True
0.4435788343371545,-1.149148975641842,-0.6039419975655772,1.3209560865869823,-0.8851178998114628,0.43309167763739465,-0.2552692040040181,-0.10821023441495647,0.5638807426765329,0.3516347255539355,-0.8659806017924541,-0.8370032797665917,False,False,True,False,False,True,False,False,True,False,False,False,True
-0.930450856070899,-1.4866288035059998,-0.7533509679020379,0.12484641365065574,0.8625844251410275,-1.6053416015792148,1.5322781958887872,0.6136700129054902,0.768747525078616,-0.05978148031901446,0.6506152259729281,1.1525924028389645,True,False,False,False,True,False,False,False,True,True,False,False,False
1.495818114224211,0.7162483187894371,1.6051538709240636,-0.9874084050206555,-0.17792426997849672,-0.9506312891154337,-0.11152762276584596,0.0047490528209624665,-0.11583618032187365,-1.1854584969786812,-0.09890802065105667,-1.4530861029933884,False,True,False,True,False,False,False,True,False,False,False,True,False
1.1717595592691323,0.12054921500676417,0.8419756045804456,0.8981056607897683,-1.219846688371662,-1.667406893763114,0.014355920946686218,-1.114387099839144,0.9081036881565051,0.087941372652416,-0.368570254507499,1.1514121764154133,True,False,False,False,True,False,False,False,True,True,False,False,False
0.19527034801828663,-1.3291700336135621,0.7443468452360847,0.7853076839816354,1.2163189991513235,-1.2881309829294234,1.7043244053850626,0.9925619678835031,-0.6085514694316346,0.9506229136217255,-0.7026818412239065,0.40082050360311716,False,False,True,False,False,True,False,True,False,False,False,False,True
-1.1836329087796793,-1.4752104989262216,0.6157492127447873,1.4936500321778956,-0.013216199694978167,0.06081061594963351,-0.7099134952235447,-1.2195221715626867,-1.116546076718982,1.4608762991048785,-1.2435258506458111,-0.29609497093423515,False,False,True,True,False,False,False,False,True,True,False,False,False
0.8922312272011858,-1.2887083231622516,1.0760122851085836,1.167322188941074,-1.6899807494505834,-0.3162295616116719,0.6855413413252607,0.9874613506879759,1.4691734741582427,1.093155755670061,1.7181405245204324,-1.1160765976389895,True,False,False,False,True,False,False,True,False,False,True,False,False
0.6269837657619384,1.152640585247638,0.718165973432992,1.1502492681063183,-0.7073384116925118,0.08222924330689474,-1.2759792511493007,-1.4638182282710297,0.9377572627065205,0.4579996732768743,0.9446408190036601,0.834567996607573,False,False,True,False,False,True,False,True,False,False,True,False,False
-0.3499456961342116,0.2395773513696056,0.5300308962637161,-1.0479656172012255,1.5894744153971503,0.2949245192832866,-1.3170406447081564,-1.5890286629399555,-1.4575978050321385,-1.3695000373007449,-0.4732695116044564,0.5851335516186594,False,False,True,False,False,True,False,False,True,False,False,False,True
-0.8438744633704013,-0.5736594713578055,-0.2850494340422452,0.38176626626930343,-0.6087203359258679,-0.10055756348284095,0.1938001632093184,-0.5257344965349531,-1.2442342956993757,1.4793173083737876,-1.331106305424686,0.4834710638952051,False,True,False,False,False,True,True,False,False,True,False,False,False
-0.14804156302101434,-0.2013445941129422,0.09000597295018922,0.19662665619934439,0.7875979865732494,-0.0894373473480177,-1.6630684399201523,0.05664218866190408,1.2205210279419063,0.23136139173375958,-1.6887146361814416,0.9030769523565599,True,False,False,False,True,False,True,False,False,False,False,True,False
0.5897144138520856,0.08702852238603036,1.1721441116251627,-1.3766603801404804,-0.4296238597398229,1.5874714592706691,-0.4911306244052463,0.12887315842982258,-0.19400873523530565,-1.0392732691947255,-0.86670863284243,1.40263216483945,False,False,True,False,False,True,False,True,False,True,False,False,False
-1.455097891797673,1.1814509910298496,-1.4170028485823543,-0.24913850854524958,1.6142514052867227,-0.940331487843093,-0.03757695114031061,-1.1191587096060356,0.9074483716762631,1.7089213667610847,-0.6278204202976752,-0.5819574709229121,False,True,False,False,False,True,True,False,False,False,True,False,False
-0.5671580583978777,-1.1397506016512164,1.4215066975737347,-0.9700503461447932,-0.25902415213397845,1.4572125159872356,0.609855367857842,0.08511743088436778,0.7942475954614661,1.568119679921512,-0.7511329825200119,0.2806026583351575,True,False,False,True,False,False,False,True,False,True,False,False,False
-0.6642782206269503,1.209106126396321,-0.054748610793930834,1.2446414957377825,0.5582829387113594,0.8377518821968848,-1.662028606089625,0.3616278718405645,-1.6854309974995318,-0.6996022525428559,0.9435692891228714,-0.058714682672399966,False,False,True,False,False,True,False,False,True,False,True,False,False
0.0832878205714068,0.7922166909788907,-0.41686095819770713,-0.5320876351858175,-0.24317477951122984,-0.07094968538455752,0.7912866626041594,-0.9870861863742211,0.5925126177568314,1.1395082051863181,1.1447840298406848,-1.500673148867905,False,False,True,False,False,True,True,False,False,False,True,False,False
-1.0150694974447276,-1.271340437712209,1.4627397046092718,-1.2429156017802312,0.8504785745482842,0.35654019405622805,1.6525246548773405,1.396608900308681,-1.2860707090582255,-1.5000202666462867,-1.7292246681570356,-0.9612830392705977,False,False,True,True,False,False,False,True,False,False,False,True,False
0.8330703146993701,-0.1522149241271278,-0.2685828163578394,1.1418910626454606,0.13273826668317498,-0.25720156381398507,1.4511250508258555,0.534459451372113,0.898485182946245,-1.4791146527059729,0.6467023005647435,-1.2723999280520175,False,True,False,True,False,False,False,True,False,True,False,False,False
0.223343817642691,0.5607732194343721,-0.1642168803101611,0.4079199670375379,1.0879573903721076,-1.6732582273304022,1.3864939669143892,-0.4329037710802397,-0.3089164725159408,1.3300543271109329,-1.1642246349852974,-1.6087097119737626,False,False,True,False,False,True,False,False,True,False,False,False,True
-0.6525747918881609,-0.13720132953401357,1.2555921161741137,0.7350921291200271,1.2732560196401443,0.24796367196812177,1.1129955164564411,-1.5219791005812993,-1.5099675910009898,0.8456197102750458,1.3103998881080743,0.5204289856901563,True,False,False,False,True,False,False,True,False,False,False,True,False
-1.4338853650058203,-1.048065965126734,0.4809128180841812,-1.138737458410633,-1.0181217792965591,1.6215641789536979,1.7130422629199407,0.22144453007413062,-1.1652680046590058,1.2354071398770519,1.6760375447323261,-0.7017085273329277,False,False,True,True,False,False,False,False,True,False,False,True,False
-1.4312677643722733,-0.6613948877441441,-1.642201360430504,0.6160823835850887,-1.0531570077461951,-0.5080165348100455,-0.8169820768729166,0.15540051134339278,1.3393678378470382,-0.11136174758199922,-0.5669052882811914,-0.5836894398660172,False,True,False,False,False,True,False,True,False,False,True,False,False
0.33221594076810795,-1.70905073798834,1.5482722266592353,-1.6628134782578923,1.4186150111440277,-0.31540266793313504,0.6547174771046973,-0.6015229905593239,-0.8340065256838876,0.30611412204446675,-1.1495417641732413,0.6660205986635206,False,False,True,True,False,False,False,False,True,False,True,False,False
-0.0504474778794981,-0.8585884513672893,1.1086341282341667,0.08174380300934563,0.7565160377389558,0.36863805785894577,0.9963588693485711,1.2329411903454317,-0.4016075973682908,-0.5906670322858567,-0.6293173498354931,1.40747145854761,False,False,True,False,True,False,False,False,True,False,False,True,False
-1.28877114423269,-0.14520212912572403,0.6267153530264402,1.5585799960413966,-1.0131582345186796,-0.9319170369261693,-0.2634947524773576,-1.2191500682343894,-1.5567170937214876,-0.9115012245033511,1.2906553010243145,0.5487187460244757,True,False,False,False,False,True,False,True,False,False,True,False,False
1.4997945335420153,-1.2830017079344482,-1.7122895445972395,1.61830531144852,-0.26560327930220223,-1.5329761587396997,-0.504778834986195,-0.7432260539432797,0.20846550939531536,1.7063494256717708,-0.8224163275227716,0.9735227357594574,False,False,True,False,False,True,False,False,True,True,False,False,False
-1.3716995114467063,0.2841753605279743,-0.5474401327661286,0.5468475500538085,0.38307453929449875,-1.5849305996947787,-1.6011908392100784,1.7062719417750152,-1.3842905526591942,-1.2658173131226067,-0.196409186152777,0.9288417360695173,False,True,False,True,False,False,False,False,True,False,False,False,True
-1.2893984884447358,1.2351324431161352,0.749554815995848,1.3980163236541654,-0.44115354583153865,-1.5760700140909116,-0.7134246047476533,0.38174099058575034,-1.345939219232261,0.18774612271062702,1.6505838166001594,-0.46659173022371586,True,False,False,True,False,False,False,False,True,False,True,False,False
-0.8808977221136611,-1.117557595286327,0.410739393762533,0.772958980262013,0.03975002848771979,-1.2391735446201333,1.2679620486819356,-0.43476724799402183,0.3665508567854428,-0.9090982111854321,-0.3796813842524807,-1.3120675281757985,False,False,True,False,False,True,False,True,False,True,False,False,False
-1.5368937224983752,-1.0209561431631393,-0.9552927957193161,-0.9135627843882687,0.22263173721461496,-1.386393087293944,-0.7077163782719019,-0.07662118059090388,1.327453736910998,-1.1982409352307737,0.16501051048033716,-1.2226582915548612,False,True,False,False,True,False,False,False,True,True,False,False,False
-1.3239344875130254,1.0392397830857942,-0.18692112257768304,-1.5300080868421064,0.8354503779901508,1.673442277977594,-1.5813966568663753,0.5930999744888006,0.7433943372035481,0.6764217475610569,-1.266174602444975,-0.31322821854719524,False,False,True,False,False,True,False,False,True,False,False,False,True
0.4369584396192694,-0.8345444017049347,-0.9791153849763932,-1.4570232533058265,-1.5130360707321506,0.6938771482474763,-1.123628195813681,0.691512167194799,-1.5581171160993548,-0.08005857570823745,-1.2164261973698332,0.4787586140673349,False,True,False,False,True,False,False,False,True,True,False,False,False
0.5069375212837399,0.729291247161383,0.36342627626336343,-0.048343049445907824,1.0529496534624014,-1.3502743015493424,-0.9234007084973797,-0.04748961135363056,-0.09651336635289849,1.3692133478974429,-0.13236404998784312,0.9156777738819718,False,True,False,True,False,False,False,True,False,False,False,True,False
0.9508922033885044,-0.4878775118091038,-0.8231942836055179,-0.011729873455498245,-0.5490433695816017,1.457141253952054,-1.374688472519323,-1.297205579799837,-0.1556910779975886,0.9575599381864848,1.4054974198178594,0.6253458185890887,False,False,True,False,False,True,True,False,False,False,False,True,False
0.5052751993929285,-0.3470743174951011,-1.5629284656850027,1.237273214338994,-1.2774366452852273,1.5217570709229804,0.7587788043934107,-0.4213026691021636,1.4451444904053952,1.00754860357385,1.0249863532415546,1.6176776956371512,False,False,True,False,True,False,False,False,True,True,False,False,False
-0.7414280136085667,0.48876961525884216,-0.5818023676529895,-0.04275990008492618,-0.5223382504309091,-0.31992816268641516,1.6232837319558882,-0.06788813894400729,0.6645085556726056,0.869594516225343,-0.013228303377026199,-0.47395010385001707,False,True,False,True,False,False,False,True,False,False,False,False,True
-0.724065350469663,-1.1827185677615437,-1.5803370469028113,-1.3803225824627054,-0.3034630630303177,1.1966265917421666,0.7141427099158805,-0.8344254613695893,1.4403735188362732,-1.2454784330727258,1.7008649826145474,1.2134752609619128,True,False,False,False,True,False,True,False,False,False,True,False,False
-0.8827309610919322,0.7725275823751612,0.873048618645435,-0.620323411833053,0.7753168863728218,-0.20907644126308414,-0.09253650191609265,-0.3827253899515011,-0.26488310934131526,-0.919539802437038,-0.97878210425779,-1.6941137597140268,False,False,True,True,False,False,False,True,False,False,False,False,True
1.424936306185454,-0.2420565560265234,-0.09722308693829304,1.0011191913873494,-0.17298317977916056,0.9536644565077388,-0.08883102023140908,-0.4248841304078058,-1.0941932561306538,-1.3819668060962669,-1.2613163554562656,-0.16708601863536038,True,False,False,True,False,False,True,False,False,True,False,False,False
-1.3064432590554145,0.7178484019141108,-1.2426054920297702,-0.205624310219707,1.3808793539114324,-0.7202167213308894,-1.400689506168745,1.4284176002640752,-1.1386204142176974,0.8032332767209669,0.23310881814011597,0.6076839690068873,False,False,True,True,False,False,True,False,False,False,False,False,True
1.6031610163958006,1.4434455491356386,1.0722882443718151,-0.22565462913730186,0.49437862919776676,-0.7978404645110138,0.7857843880722478,-0.9237563197124985,-0.5048962797490245,0.939544992959165,1.168656656701677,0.9446706002663212,True,False,False,False,False,True,True,False,False,False,False,True,False
-0.8569601667690424,-0.1586566713773665,1.4180705189646514,0.4751319787857358,1.3324871685352133,0.5878354041480855,-1.484194985283791,-1.5929827563034145,1.0085997727458658,-0.29904884212419774,-0.5216833109796104,-0.8210887976244157,False,False,True,False,False,True,False,True,False,False,True,False,False
1.5416220633630473,-0.6292243315672263,0.7347664698588641,0.36125618314028973,1.2190659143035545,1.0154126270225559,0.13309845594099937,0.8662515161306489,-1.4801891483839127,-1.3562734511209078,0.28877809632927826,-1.2254743765994183,False,True,False,True,False,False,False,False,True,True,False,False,False
-0.04419955382605579,-0.2508962457614512,0.645745869862303,-0.563915685936034,0.8582287076710637,-1.3409740634479923,1.381927210440783,-0.30689204652911245,-0.9745211966235271,0.7291008976338655,0.7286747370357901,0.9870413181358291,False,True,False,False,False,True,False,True,False,False,False,True,False
-0.11141696929908007,-0.22873820465869643,-0.8398255794704913,-0.6153685141810618,0.004226149214504393,-1.3897934796141254,-0.35870976001586385,-0.825508076307449,-1.6185599395259256,0.878998917133208,-1.2248007254541962,-1.540159438138313,True,False,False,False,True,False,False,False,True,False,True,False,False
1.0237833836180472,-0.2188408475855711,1.0345292974533518,0.29168770313149894,-0.5570801535779729,1.1395890976730494,0.9849723826330905,-1.05041855718875,-0.9933294411708902,0.23587567851076185,-0.4734040568922188,-1.4831463078939682,True,False,False,True,False,False,False,False,True,False,False,True,False
-0.08112917082905834,0.626591648954996,0.3735264816796247,1.0807217694995328,-0.32132057056721847,1.3182255916517367,-1.4428061946071173,0.4141515634912389,1.2571504344291862,0.1267090892664714,1.5582108039733837,-1.175471204980778,False,True,False,True,False,False,False,True,False,False,False,False,True
-0.1814622190836361,1.3909370612771936,0.8921654455527342,-0.5353967641049295,0.9107623155331872,-1.0335479330256954,1.1927660251589807,1.5938837068530793,1.296935135430044,1.23871790099101,0.5025512804546971,-1.5069275185964088,False,False,True,False,False,True,True,False,False,False,False,False,True
-0.9430732421728227,0.2019820070296294,-0.7562672448171545,-0.468169299108839,0.5380263059093056,-0.6803443357950796,0.8836351226990127,-1.3442054336599594,-1.3998311637590128,0.6499014151328166,-1.2683833953935324,-1.0126892081586798,False,False,True,False,True,False,False,True,False,False,False,False,True
-1.406203354570649,1.1106301750499301,-1.0319491276353419,-1.4868771665755232,0.5898976893753897,1.273029563054557,-0.9117516318973072,0.7591437455333008,-1.0520980474463726,1.7066559565158324,-0.7562726808121524,-1.0108021236704747,True,False,False,False,False,True,False,True,False,False,False,True,False
0.5569087061885482,-0.06182293035732887,0.8284653492459312,1.5569157485043248,-1.4622861189889151,-0.9877805571484382,0.8955873419997601,-1.2860571401881864,-0.006871769588832394,0.5173249689334198,0.6775640871176415,1.3240814078937646,False,True,False,False,True,False,False,False,True,True,False,False,False
0.39052494404302646,1.1275661937455332,-0.7955034317891968,-1.1128897367071162,1.3439385694089838,-0.12426707046872645,1.6701239208826124,-0.020858979394659586,-0.5169223743484267,-1.6423503811824294,0.26391253223140565,1.3032288800093799,False,True,False,False,True,False,True,False,False,False,False,True,False
-0.5899177705839009,1.561773258028662,-1.562012115909507,-0.7091272816402147,1.4815136346046682,0.2572774245662111,-1.4259965660206146,0.2113729726388054,-1.5534167033472204,0.700814949513368,-1.4850611737961974,0.5404743724629945,False,False,True,True,False,False,False,False,True,False,False,False,True
-0.45558640845448645,0.5978938746715047,0.7345897905957983,1.6197239142014968,-0.584290670049439,0.985736339804241,0.02396028653074678,1.4039209874387,-0.9460965811689697,-0.5520192180961724,-0.039792853864432556,-0.390858036863658,False,True,False,False,False,True,False,False,True,False,False,True,False
1.6938867837486795,1.5481645863209819,1.3777495110486115,-1.3042539559302946,0.6156150003152036,-0.5564406890768318,1.0836459472198894,-1.3796571945948537,-0.436528515212319,-0.9264391964099428,0.40325410150147534,-0.6492306822892285,False,False,True,False,False,True,True,False,False,True,False,False,False
-1.2342272630946627,-1.4142696870956772,0.5030686853022523,0.25752876365725974,-0.5338642849221963,0.5760897172730034,-0.17563669087603223,1.4098990807270642,-0.6480788366348794,-1.2111271526051524,-1.5662547034810066,-0.353773297307894,False,True,False,False,False,True,True,False,False,False,False,True,False
-0.08163068778446295,0.7955360903123144,1.5015500999274785,1.202758802875705,1.5598499053163082,-0.3993263437316135,-0.9259468552730976,-0.07009293175259224,1.2191272007896978,-1.3377984840398711,-0.7429390269156679,-0.3438286901275342,False,True,False,False,True,False,False,True,False,False,False,True,False
-0.7672132519833477,0.9687418627925364,0.5760251575084571,-1.256882109713126,-0.6714162887124838,-1.5390979058200676,1.5456152121413405,-0.10975834677923725,-1.3723599330951934,1.2235482629364958,-1.6629761011123978,-1.0828532373966746,True,False,False,True,False,False,True,False,False,True,False,False,False
0.28777838244341153,0.6375166953389879,-1.2442938249683921,0.6322015058577092,-0.07171231754893677,0.336691250112,0.6071940525248269,-1.0584442644860135,-1.2243644465162609,0.9358516997295268,-1.4078047578525832,1.5455104319175894,False,False,True,False,False,True,True,False,False,False,True,False,False
0.6429970433580255,0.24947297801384122,-0.8092525568399377,0.9014478322699301,-0.4971286005644523,1.2015696356449086,0.9471829359098294,0.9534079198078976,1.605304948779677,0.6552345476443463,-0.66177455538121,-1.7377119303806061,True,False,False,False,False,True,False,False,True,False,False,False,True
1.2449552724078892,-1.4599487977782182,0.7052163495517655,0.7594076581727295,1.7499959621179644,0.01099566568019333,-0.46489375560850926,-0.16737618774976698,-0.8036700475589765,-1.202276473274056,-0.5983131953402516,-0.9931757615905444,True,False,False,False,False,True,True,False,False,True,False,False,False
1.3080172216419592,1.0382260082367982,-1.2686886455721182,-0.5155055828057732,1.141246105667085,-1.225914791342318,-0.3987028265519349,-0.37734941307497416,-0.6949868416421353,0.7592062379842601,1.0291381100892032,-0.186251041970056,True,False,False,True,False,False,True,False,False,True,False,False,False
-0.026091880832948153,1.5287087588482526,1.701186370561463,0.14129049724456447,-0.5426024178440002,1.0016621048455123,-0.8274387244192553,-0.29207037737923697,0.6850584835239981,0.6546020099381497,0.14597618903519644,0.18115319202402913,True,False,False,False,True,False,True,False,False,False,True,False,False
-1.3173863086300817,0.16755217629314548,0.46789930793150114,0.04067139853763848,0.29246300057459146,1.4705980796016727,0.711807685110804,1.7065607835683438,-1.3342739024855121,-1.4044181479601479,1.3144853769526124,-1.2955688955885858,False,True,False,False,True,False,False,False,True,True,False,False,False
1.027858975173619,-0.005220555438571099,0.5256675885019747,0.15704494675962374,1.7013441011168382,1.6169522237973528,-0.7429934829654165,-0.3135928639136999,0.3825139193964289,1.2705900063784812,-1.558047242136082,-1.342757503497717,False,False,True,False,False,True,False,False,True,True,False,False,False
0.25848584014238035,1.1897867700566094,1.3651641571701156,0.920830132872402,0.9742589080646807,1.499036723406282,0.8228102090526043,-0.9573034239606123,-0.704565317339675,1.0997896458202001,1.120314494340882,1.7198668608015264,False,True,False,False,True,False,False,False,True,False,True,False,False
1.690153504093891,1.2740470608704308,0.0539518420878474,-1.5811026117699631,-0.020763782966219384,-0.621502440356712,-0.6407570316705149,-0.19489029328809682,1.2058202599805345,-1.4166523171116443,1.1973120143618223,-1.0370821639773984,False,False,True,False,False,True,True,False,False,False,True,False,False
-0.5411162387620982,-0.7777850704105416,-0.4336570380479475,-0.2924194213998446,1.6490142871235158,-0.6494964865261199,0.5255510208895866,0.6723718638105197,-0.27899471018511424,-0.1743964312182931,-1.5661339450437712,-0.2727530028570353,True,False,False,False,True,False,False,False,True,False,True,False,False
0.1035775134130357,-0.9963769114198074,0.8418692434031636,-1.221920485082396,1.14301490456098,0.04445181642833642,-1.1243992092158677,0.0065110634535047755,1.2310003595898948,-1.1315488362347872,1.7002946561154377,-1.038865920867167,True,False,False,False,False,True,False,False,True,False,False,False,True
1.2241420093413058,1.5839593959768106,1.4062463782640588,-0.34939141786872074,-0.2225041331461303,-0.7849260567859119,-0.9506620785838011,0.14525230800860214,1.464093755302109,-0.2779124002799963,-1.5523551052313913,0.5018583589425741,True,False,False,True,False,False,True,False,False,False,False,True,False
-1.2268331105560795,-0.0817442251462563,1.484328328260717,1.2544601763367018,0.1150956779774675,1.0160968353586453,1.1417212005917912,-1.6155018439782978,0.9966540586975595,-0.7589034465547668,1.4670178766703,1.1881729783579067,True,False,False,False,False,True,False,False,True,False,False,True,False
0.7490022202922453,0.3924139194585114,-0.4208872874773412,-0.008950614194069183,-1.0834539458704657,0.1861105724819252,0.8350242060627684,-1.416428725540004,-1.5138400920791888,-0.203373226802897,0.6880054443495036,1.4016367038271988,False,True,False,False,True,False,False,False,True,True,False,False,False
1.3390432177060858,0.6167643687706306,1.331849012993513,0.06441998722100437,-1.3912157322243799,-0.059082284942815845,1.7225170273196437,-0.7305387794907255,-0.3376783996702475,0.37768505324913065,-0.08873183871787924,-0.12521111189580483,False,True,False,True,False,False,False,False,True,False,True,False,False
-0.36435834017418683,-1.4305016691925447,1.067605576980737,-0.005725456961519914,0.6876865216670222,-0.05354512856432361,-0.2982731882863445,-0.5313729118275253,0.8854139975420261,-1.4717964529689584,0.7808717638489336,-1.3406926751060597,True,False,False,True,False,False,True,False,False,True,False,False,False
-0.3968336771864166,-0.1629166282803318,0.5438673042363523,0.9797095112685715,1.7496808278412808,0.5355324233080988,-0.7306016065727926,0.46571333781710134,-0.7266081584057001,0.2011753261062884,-1.6120887843442124,0.7386100628558762,False,True,False,True,False,False,False,True,False,True,False,False,False
-0.4915296274653587,-0.8007946501356317,1.3965012267244974,0.36460136510436436,1.0777447379300653,-1.7101847890676136,1.1612289154213122,-1.2704258739341576,0.2068132432287265,1.2230746415445144,-1.6867677153605563,-0.6391005490897279,False,False,True,True,False,False,False,False,True,True,False,False,False
1.135857615987028,1.6493677870733237,-0.9448609991018485,0.23068477079350552,0.07494431235962051,-1.5357554816997692,-0.49413423576362053,1.6340235621598842,0.478019200103478,0.061884427159498705,1.5973822438924816,0.7342952054435834,True,False,False,True,False,False,False,True,False,False,True,False,False
1.708374358580821,1.3626571665860412,-1.0854017643121305,-1.4833382361510403,0.6765019640208488,1.6195293674489193,1.1118016365695647,1.6887723816724045,-0.8906537048644587,-1.3479817907112557,-1.380622177529575,0.49040348576744014,False,True,False,True,False,False,False,True,False,False,True,False,False
1.1200382651473113,-0.21564054224970258,1.5096204419799086,1.2606893855177086,-0.20062041838762942,1.3992018768916727,-0.8060620085926352,-0.8864698929019643,-0.2908970206586879,-0.07649382183208812,-1.654625974291381,0.08209403158129376,True,False,False,False,True,False,False,True,False,False,False,False,True
0.24670825036391794,1.0926295382055315,0.003935520254868574,-1.438346431215135,-0.1608693611228078,0.703853495656003,1.3503822624674162,-0.6427650505760641,-0.05996364511943156,0.33807296399109593,-0.7383532187115905,0.5635125730066903,True,False,False,False,True,False,False,True,False,False,False,True,False
-1.6476644514588092,-0.8398822390883138,-1.4572566762832708,-1.5664770386507882,-1.5586080508562885,-1.6463670242269255,1.7449246698295455,0.17715166365671933,0.7642220040198281,-0.9196613229243836,0.15743484417170348,0.7884541348387314,True,False,False,False,True,False,False,False,True,True,False,False,False
0.30454600005913807,1.5454657706604238,1.5700936888682695,0.8043099596320161,1.309728029724258,-0.408421671199836,-1.5119585094288306,0.5215926766557675,1.0872983851558884,1.2794125926098057,0.7280680785757483,1.5292088372606307,False,False,True,False,False,True,False,False,True,False,True,False,False
1.0684622839266686,-1.2717879332423492,1.6218807894656597,-0.22931338965769574,1.3424322436977691,-1.419679368297245,1.5288789196654329,0.5804121990548967,-0.12608738425215837,-0.5652909945360021,-1.3564069756325137,-1.6168903264727887,False,True,False,False,True,False,False,True,False,False,False,True,False
-0.40561114517851676,-0.37520279518345656,-0.680438978819484,0.6073052851045588,0.385979438100616,-0.9333953905198417,-0.948346796942541,-0.4061942041134274,-1.4362206321897901,0.7111157121370126,0.5076205690217164,0.09744874609487034,True,False,False,False,True,False,False,False,True,False,True,False,False
-0.6049035020727772,-0.8343564635868553,0.8951184962880643,-1.1489045179895134,-0.27974498604667736,0.7374915152075531,-1.5828434678873429,-0.3755361011311208,0.02402327909364641,-1.0322674263830676,0.17230209464465,-0.16809182758356853,False,False,True,False,True,False,True,False,False,False,True,False,False
-0.09054540725754143,-0.7046062523974197,0.2000992153357885,-1.3251774183555056,-0.9541809809611072,1.4977584566056616,-1.2631651069683851,-1.7105802401051486,1.0698738143454618,-1.3063160550301876,-0.8777779458032081,1.3799437917737514,False,True,False,False,True,False,True,False,False,False,True,False,False
-1.663935877595779,-0.7125897757416136,0.9543568537158589,0.3872645447161845,-0.9193531923377147,-1.4508668769903819,0.679001977191909,-0.6415620626693477,-0.6995158305285696,-0.667720320127972,-0.1479552315957031,-1.1191557799348946,True,False,False,True,False,False,False,False,True,True,False,False,False
-1.2619169797600407,1.4460752516889477,1.3552199564354896,-0.9867686431168312,1.6800619343840044,-0.3809480855395123,0.6030708689363038,0.6453227156268995,-0.8751477810767756,-0.18550994479704985,1.6635585351443605,-0.08871966887637982,False,True,False,True,False,False,True,False,False,True,False,False,False
0.7629386945451211,-0.600052443538772,-1.0762841734968926,-1.2472193944490533,-0.9944821677828489,0.13983664627441697,0.06096372932344748,0.09082921653756794,-1.3126585131972062,1.1628389248092559,-0.06653169530580363,0.8659155974931007,False,True,False,True,False,False,True,False,False,False,True,False,False
-0.6321669995715871,-0.9910295532445793,1.5972616014644738,-0.6683997711582252,0.37621394872117253,-0.9016443671646457,-0.45656325518582136,-0.22804881082677028,-0.07172975950026958,0.8111276877500287,-0.07958362303049281,-1.143296182608623,False,True,False,True,False,False,False,False,True,False,False,False,True
0.07002955862920494,-0.7636861606102849,0.06615075413041946,-0.060149895330340326,-0.46833461944412486,-0.9768866402274032,1.5807898557497755,-0.8718880343472437,-0.6301505533789221,-1.3716378752871647,0.44530742194320044,0.6185334839152532,False,False,True,False,False,True,False,False,True,False,False,False,True
1.6110299512481978,-1.5263953004097686,-1.6960051253341044,1.4997885429584115,1.4694373152099431,0.6691561317383212,0.5766528732311794,1.5523642537431528,-1.6728613754645105,0.8936664855236047,1.5745437675260514,1.2247554296572276,False,True,False,True,False,False,False,True,False,False,False,False,True
-1.1439209524287708,-1.38346108670047,0.04221056935725469,-1.38918080897551,-0.5672803875000976,0.8855131539846509,-1.3686096209199097,-1.6095001854332696,0.6561995193187402,-1.4596956486341697,-0.7589658540227312,-0.0516900931172727,False,False,True,False,False,True,False,False,True,False,False,False,True
1.2899628137143144,1.41258420131336,-0.544053411392516,0.6478040280368683,0.7883659605385714,-1.140256849598097,0.45292428157743864,0.5674523869352521,-1.6131932262683828,-1.1021414573702406,0.42275053871384716,-1.6672649333549108,False,True,False,False,True,False,False,False,True,True,False,False,False
0.855826007877861,1.168817817604357,1.3702391876759745,0.5671770646573969,0.5036068259769352,-1.426901446982022,0.9495309515647128,0.9636546573743365,-0.1877228046549086,-0.6305682223443448,-0.11897348903412977,1.5563275135201677,False,True,False,False,True,False,False,False,True,False,False,True,False
0.6118194898077166,0.6676810694823864,-1.265788951526797,-0.7426045124143527,1.4575627142045344,-0.42321024265395335,-0.6184880172137157,0.5997831775084097,-0.23857642999152817,0.23433888100018388,-0.9814952686613395,-1.7123050517345633,True,False,False,False,False,True,False,False,True,True,False,False,False
0.11045663338666657,-0.7346263902127764,0.42730969363812454,-1.6791249622882949,-1.7419010007897355,-0.5452692513429827,-0.9735452910526572,-1.0339000253414452,1.4548512127440314,1.5819598491961078,0.9749280480840824,1.7335843519533216,False,True,False,True,False,False,False,True,False,False,False,True,False
1.4301716421673203,0.6763425521938017,-1.0427058895836205,1.6387060793538923,-1.4320568157512872,1.6154649456233017,-1.449003262859441,0.553677762391177,0.67009643328615,-0.15481966023062377,-0.9874305338236098,-0.7728568554463922,False,True,False,False,True,False,False,False,True,False,False,True,False
0.8483649850688746,-1.0678519196471812,1.4733957069266197,0.8787756796862107,1.6080242313094162,-0.7587648487620169,-1.4078672493980136,0.8315025102225152,1.2855250275367507,0.3548168104481015,1.6258937636965693,0.8073416671466426,True,False,False,False,True,False,True,False,False,False,False,True,False
0.4993945170407681,-0.9244754116057244,-1.0456510623532753,0.8923464357902317,0.5642852033760644,0.16609003661709484,0.0073129832037568026,0.5525180205639713,1.6904536982234406,-1.5268598682321846,0.19184312248822546,-1.4316924969364666,True,False,False,False,True,False,False,True,False,False,True,False,False
0.6221038225807088,0.2893648217344934,1.3490647930584134,-0.9843523931331333,-0.46728420128906206,0.9760217096788186,-0.6303074625780176,-0.6389838749633557,1.3492387763508749,-1.3354177120120152,0.45496366288971457,1.2180349155028622,False,False,True,True,False,False,True,False,False,False,True,False,False
1.5161903135896386,1.451747490263871,-1.4020782112013217,1.660417016619963,0.09071238860798615,1.6391353558214639,-0.6836677632029102,0.5866188653209603,0.3924057329455709,0.5188532927615356,-1.6622944738151981,-1.3875379744227752,False,False,True,False,False,True,True,False,False,True,False,False,False
1.6280694040431467,1.6616866510258068,-0.870001058485511,0.21906900813257915,-0.06442715767728954,-1.3636489048127074,-1.3602767548592634,-0.28041938611371153,-1.1061583506619346,1.20714967880949,0.1311792410291054,1.647910728005353,False,True,False,True,False,False,False,False,True,False,True,False,False
1.183965119706162,1.475399019124156,-1.5233232125228637,0.09795240195613088,1.0730649382167974,-1.5479014117780017,-0.9667779171231542,0.6864981903254819,-0.5204366692932074,-1.259054304638431,-1.2811683733800256,-0.41089123103952596,True,False,False,False,True,False,True,False,False,True,False,False,False
-1.2159297218950926,0.4841083373118268,0.6585217623986787,1.2627022303287194,-1.200888503093531,0.21930742199813325,-0.3902121114656187,-0.8478128912204183,-0.7909542055700154,-1.4836222188763633,1.60900362219161,-0.3447017046683894,True,False,False,False,False,True,True,False,False,False,True,False,False
1.6271588734251297,-0.8370707353097008,0.04553732321906456,-0.44248751620454024,1.6199950771796081,0.29085978806774965,-0.5373077027165624,-1.5168361709592422,-1.6504092741859946,-0.9830206669025929,0.19373429480315943,0.9178708442017837,True,False,False,True,False,False,True,False,False,True,False,False,False
1.7057392137289993,-0.9662747616815098,0.7644375392614369,-0.9433170579999636,-1.3557272573547998,-0.9248696257918714,-1.5485772097515067,-1.004244984687857,-0.8041914223928224,-1.5036192133926203,-1.13109502827342,-0.5260807752079051,True,False,False,False,False,True,False,False,True,False,True,False,False
1.049108362918724,0.0347400122595384,-1.153654671875417,0.04346008625723161,0.84087384450644,1.6332852000397133,0.0913661415535767,0.2941540599750054,0.718998432909897,1.1299461330625957,-0.4558898179991738,-1.1760795882470523,True,False,False,False,False,True,False,True,False,False,False,False,True
-0.651720514871052,-0.0368830596444189,0.039058980295850934,1.1518147265950942,1.2582601939684612,-1.1084258754611074,0.5657283653828935,-0.027682094838916194,-0.47878210216199657,1.0957329467619235,-0.03730298638214859,-1.332156313809935,False,False,True,False,True,False,False,False,True,False,False,True,False
0.5227504988502185,1.1193091382226186,-0.3630524272573584,-0.06241568171903105,-1.0997200870090862,-0.1851051170635414,1.491528742645743,0.579724113481771,0.47160434032654114,-0.8074583840096645,-0.8105127018728665,-0.6115847458731225,False,False,True,False,False,True,False,True,False,False,True,False,False
-1.4287931289221925,-0.24586908017011702,0.04436962626618582,1.148341666386138,-0.12211936886878211,1.4821660787078115,-0.4708224721311716,0.7910705334322073,1.1485336338967405,0.6951397852665241,-1.059652205831059,-0.8769157093302117,False,False,True,True,False,False,False,True,False,False,False,False,True
-0.0941505345511558,-0.279404670535456,-1.1765781042622723,0.40936809609644886,0.6766823488495407,-0.7821016110339503,0.37073637074322435,1.7119046414872814,-1.1293420696228182,-0.7567526953777268,0.5561741869960243,-1.3271813773759398,False,False,True,False,False,True,True,False,False,False,False,False,True
0.9333056047017673,0.9635160226778383,-0.18804489221702997,0.9685410296132954,-0.6907382336388782,0.1540599526332926,-0.6982503621051868,1.0812778632630546,1.5753682741609742,-1.1569429671397164,-0.5251549477634733,-0.1709228747367179,False,False,True,True,False,False,True,False,False,False,False,True,False
0.5442185096406534,-0.1848975148665211,1.638131288427729,0.39277760392158634,-0.7259896442082047,-1.1427446328790958,-0.7609660071975625,-0.15088194816545425,-0.1816795441454258,0.03261389400976343,1.018160685888537,-1.5491199523361778,True,False,False,False,False,True,False,True,False,False,True,False,False
0.16610795008376114,0.32181612186191305,-0.002125895179147123,0.03826915207091045,-1.4566716275633202,-0.8136905031570006,1.1418898740864158,-1.3925422413559168,-1.01544133887916,1.4085455669971314,-0.20752709293671862,-1.4289051389525118,True,False,False,False,False,True,False,True,False,False,True,False,False
-1.3368528424519013,0.9255064202684493,-0.42220038156715883,1.112070712316594,0.003833216221006249,-0.45268248567370606,-0.3756140407107531,1.0057528415070438,0.877186543898675,0.4449915262752078,1.0534955477436632,-1.3083021655542615,True,False,False,False,False,True,False,True,False,True,False,False,False
-0.9006982380604914,0.9745144639589002,-1.046830360021875,1.0635696395999166,-1.1117841822878298,1.4074455882487573,0.7087468786177715,-1.7250740882973947,-0.11911793596229961,-1.1571560750465117,1.2596003879891062,0.28801046042285194,True,False,False,False,True,False,False,True,False,False,False,False,True
-1.4337479799434054,-0.6679168642256591,-0.9052104467519972,0.3666585567558974,1.1441525844225386,0.09709552254220731,0.43944055281679106,-1.2824268986203817,0.3773748025808537,-1.0925307344772377,0.2091985828940678,1.2569179902081897,False,True,False,False,True,False,False,False,True,False,False,True,False
0.8898565385484021,0.9595164699763594,0.44236095881926774,-0.3948900714413181,0.566713849958013,0.3884465154158393,0.8439573787287088,1.1986242047138187,-1.5945619958907868,0.6310276498346223,0.18491763762724,0.0295710101984514,False,True,False,False,False,True,False,True,False,True,False,False,False
0.5589713655114353,1.4978390415290732,1.4952386946909924,-0.30115229725572246,-1.3272475586949415,1.4639863458304019,1.7244312179189611,-1.4442052967672123,-1.5820727809700204,-0.3741694354123748,-0.7024121782986827,-0.8544289530295746,True,False,False,False,True,False,False,True,False,False,True,False,False
0.13388375566557373,1.3202647683780477,1.652051101481036,-0.7745553148645749,-1.3809990433542723,-1.405581259109861,-0.07929837365593208,-1.1479420443034296,1.6475408892807946,0.45917351366029246,-0.4246682658629386,0.9795925879530728,True,False,False,True,False,False,False,False,True,False,False,True,False
-0.10983444485562481,-0.38400170125982486,-1.7329043441033212,-1.1497646992567176,-0.7569428420402773,-0.8230584524123008,-1.3399834118358152,0.577443026158524,-0.8521334955032466,-0.4777959840560028,0.5691174187783795,-0.6699467198346745,False,True,False,False,False,True,True,False,False,True,False,False,False
0.8208570974071453,1.5486511010490294,0.4580754173616473,1.5557744344860416,0.28925308324257637,-0.67623447202049,-0.49160857870611874,-1.3708789595182922,1.0835470458468646,-1.1538528036044686,0.9392748866444572,0.14855851258721306,False,True,False,True,False,False,True,False,False,True,False,False,False
0.018190117635554337,1.7007873553306854,0.5746464848701499,0.2951172547239272,-0.3955258651669125,0.0018978336490590925,-1.118803636771894,1.343880279434503,-1.2769679032668981,-0.059744576053826395,0.07660636680109634,-0.9898098158133126,True,False,False,False,True,False,True,False,False,False,True,False,False
-1.6421212116230313,0.7264440437693924,-0.9338168632823173,0.21921377928241156,0.0013059412618368733,0.04447337465766378,0.5393268485410047,0.8786375716562101,-0.8223586751702114,1.5732065611250978,1.049877531574935,1.596012965915248,False,False,True,False,True,False,False,True,False,False,False,False,True
0.9583848608757803,1.6266984902799848,0.6142094090708744,-1.7100331902259231,0.27894115888694615,0.9569958793451709,1.4383537523039538,-0.698378179779638,-1.6403199689957413,1.3920879591116346,-1.2780492889886892,0.24126730832028376,True,False,False,False,True,False,False,True,False,False,True,False,False
1.1729592653730996,-0.3279671207351945,0.9656927685490009,0.8830118163963709,0.7262296732102848,-0.30939210838214304,-1.3274327618512998,0.2179805168842153,0.841294733681576,0.5593711026622464,0.8031048019725324,-1.7336395926237715,True,False,False,False,True,False,False,True,False,False,True,False,False
1.6268676450425732,-0.7805097748357255,0.7940169127003639,1.3955841677684484,-0.993475510481608,1.1736363526534561,-0.8390117606222639,-1.2255946896795922,1.0124129809105977,0.3757235951308799,0.7070464861112057,-0.4244453662128935,False,True,False,False,True,False,False,True,False,False,True,False,False
0.6680132441174045,0.8526100912631409,1.3284738395895481,1.0217235111621359,1.4475987530871184,1.5587921575217654,1.625671013991772,-1.1022200976733283,1.6707840952430784,1.2913724259222523,-1.0458474429262246,-1.1442397253406982,True,False,False,False,False,True,False,True,False,False,False,True,False
-1.3835745156413861,0.39329114531749193,-1.062998084170311,1.1967820115728711,0.48896476331818806,-0.6201387638179486,-0.4246176196547296,0.49822557001398715,0.8965641447180662,-1.5582019016716242,-0.43976909953696636,-1.1919127091447088,False,False,True,False,True,False,False,True,False,False,False,False,True
-0.5729594442470145,1.1588808682273974,0.5064987894151481,-0.5989275016503518,0.8378193509347833,-0.655729318344488,1.6011029228357094,1.3773830947837982,-1.6639614246248473,0.9254885063709507,1.2131638579242603,-1.1446300853977098,True,False,False,True,False,False,False,True,False,False,True,False,False
0.3258167392242823,-1.2248065482730297,-1.6691577093266279,0.8252890808494252,0.36352876702743586,-1.4297790028617783,0.6395038692902386,-0.8195916546352372,-1.1021255824097222,-1.6930606085517506,0.225600100786077,-0.9616182289103241,True,False,False,True,False,False,True,False,False,False,False,False,True
0.8568968309709442,0.24482222666701625,1.6099581929140812,0.5066794215559368,1.106303681722058,-0.22650614886148004,-1.6412059420610163,1.4823614740107134,1.443871023731526,1.7024080496435368,-0.8243625959878805,-0.9497607150893421,False,False,True,False,True,False,True,False,False,True,False,False,False
0.6750791305991831,-0.9045469374767884,-0.5096032975342746,-0.5197873260415787,-0.9688261147804303,1.154433453486298,-0.13584862867505895,1.298664283030392,0.5963552149085377,-0.4044620385991894,0.4663147734107847,-0.04936356063523582,False,False,True,False,False,True,False,False,True,False,False,True,False
-1.6716877198211098,-0.1076859382096836,-0.8975254113372125,-0.577658098155224,0.7137276049951531,0.8804061054687475,0.5665099036273882,1.4315850656258045,0.3890332496065945,1.5623188326513324,0.2721166096160516,-0.6550472183643358,False,True,False,False,True,False,False,True,False,True,False,False,False
-0.20159422397947016,0.4845661972618789,-1.4516445445163966,0.5530886081740652,0.48855087515145296,0.40289804263039375,-0.7997644218190576,0.4933259785052032,-0.8848397458107803,0.37171093227164115,1.0264931228112388,0.6255883328362857,False,True,False,False,True,False,False,False,True,False,False,False,True
0.5757419999062406,-0.7871680465557256,1.6777059984604417,-0.038448566911980994,0.9404747643502346,-0.10357197261276076,-0.19352721149149793,0.8190098159396848,0.7322793487541419,-1.5796970296802386,0.047964706482597354,-0.40787989906694755,False,False,True,True,False,False,True,False,False,False,False,True,False
1.0658675347975435,-1.2913967572175615,-0.18360995748732567,-0.07570068319434467,0.8142385886583157,-1.688773599976894,0.9073707213856453,1.57048077089274,1.606252088937582,-1.1187811900243199,-1.007410449964389,-1.5867848357078107,False,True,False,True,False,False,False,True,False,False,True,False,False
1.116735988837032,-0.11971495926509587,-0.4869290760138152,1.4354454379315693,-0.8062099051550058,-1.0418250626559884,-1.1490535982848833,0.7408606537469877,-1.4042053178717584,-1.0117854337618062,1.5052185005061562,0.35997045521841187,False,True,False,True,False,False,False,False,True,True,False,False,False
-0.6754085069327028,0.3259151163866808,-1.712830405222034,1.4021883924435623,1.208659122700188,-0.09021026849874253,1.0838438550556335,0.7727334965945026,-1.4569434640018264,0.38549246062341375,1.483265776786054,0.2864761773350524,False,False,True,False,True,False,False,True,False,False,True,False,False
-0.3361400893210833,0.5743715573739727,-0.020962812740991883,0.6677074926426514,-0.6292201854537269,-0.31715442157677454,1.7037728073200022,0.6747215776662671,-0.812782097700697,-1.124910343860798,0.15507443582264283,-0.23155612233997186,False,False,True,False,False,True,True,False,False,False,False,True,False
-0.9779419959348646,0.24357187915131162,0.9397864985877279,-1.4530837347521586,0.6238398771485266,-1.31061388582977,0.6159222287317827,-0.11713913042555557,-0.10066842923697365,0.4184489967610488,-1.454165609477728,1.0647078006714483,False,False,True,True,False,False,True,False,False,True,False,False,False
0.9541383109314122,-1.102326002962763,1.1729307820576083,0.3667041693893039,0.33668419979152286,0.43878158353318647,0.029349504507833673,-1.147874949740707,0.7273409033250328,1.3406323916354719,-0.5890831165814182,-0.3253374223502428,False,True,False,True,False,False,False,True,False,False,False,False,True
-1.7034149563986458,0.937053745046959,1.227303967096107,1.262576313854066,-0.7147498507630617,-1.415395903737938,-0.052695747074716345,0.8799123652216808,1.4245944713907748,0.2881950294180079,-0.619660498379956,1.5200220373968103,False,False,True,False,True,False,False,True,False,False,False,False,True
0.2925980118807201,0.8090807572211174,-0.3918361389188436,-0.5950142956966107,1.1424286143613172,-1.0616881981360125,-0.9538466861948569,1.2275053558980276,-0.07568890966085738,0.9671218223539138,0.9069802177800583,-0.10323463163582017,True,False,False,False,False,True,False,True,False,False,False,True,False
-0.4316639129272456,-0.6883085120964576,-0.13493668830143254,1.5507428064161926,0.5469008832356766,-1.2246438204240038,0.009493154178031727,-1.6806268418120824,1.3432926805666965,-0.5714463135339278,1.1353344610595284,1.6317977268500972,False,True,False,False,False,True,False,True,False,False,False,False,True
1.3476751005801209,0.4926631677394332,1.1974767510726294,-0.22667855534009243,-0.735642730677595,1.1821743799768436,1.1105954099269943,0.7531674058390551,-0.9423962130395481,1.5148126826608075,-0.29763214115395875,0.09587950497586706,True,False,False,True,False,False,True,False,False,False,True,False,False
1.1618050371751631,-1.2054351734182263,-0.1056303990691865,-0.242538926836724,-1.2037801884033699,0.3517034107077805,-0.890793914094231,-0.25113162092824143,0.5668210627765928,0.39261640076430754,-1.6163666783091692,-0.20903994308116822,True,False,False,False,True,False,True,False,False,False,False,False,True
-0.6062201390156141,-0.3000765141358675,-0.8245719786385527,-0.908610229638234,0.8352586226727555,0.315889721091925,0.3134404592719155,-0.4649980675685391,-1.6790367623638964,1.0805104308757965,1.067136522771343,-0.6912741292397281,False,False,True,False,True,False,False,True,False,True,False,False,False
0.44057029903001776,0.6227750204421774,-0.8291769060571116,-0.8404588490525365,0.5874015760944649,-0.8605016951961179,-0.8776947131880256,0.5993222208953873,-1.0008587244855176,-0.5369064677188143,1.4768291296348253,-1.748371231458881,False,True,False,False,False,True,False,False,True,False,True,False,False
0.02811202414123106,-0.6598932648937063,1.11592089436358,-0.1631022164803756,1.4039225916321236,0.5049514491049205,-0.4627640630809856,0.08634066343433512,1.6600434221355387,-0.7140159547692349,-0.5779796986641418,-0.07407911611913605,False,False,True,False,False,True,True,False,False,False,True,False,False
-0.9333687964776998,-0.15529642233135504,-0.5824880276845209,-0.48357285036377295,-1.296965887362476,0.660737233166408,0.1987314208399923,-1.4946107607676022,-0.1675569247176839,0.8868756131744879,-1.2819187216750487,-0.5284861840837622,True,False,False,True,False,False,True,False,False,True,False,False,False
1.5519145717309757,-0.3753769593326788,-0.13615651703840556,-1.1115913684331462,-1.2230824340846358,-1.0711337877847782,0.9727952739306511,0.9259257626125954,0.5886984431077427,0.7271071903673955,-0.7567653921270587,-0.6718187755066529,False,True,False,True,False,False,True,False,False,True,False,False,False
0.8482926657162211,0.4451375124208523,-0.3402845410536349,-0.7917004999924793,1.5360871165475556,1.4212937415545426,-1.5077514818831645,1.5254154827116653,-1.3623807290999372,-0.6875752455010545,0.24002857614618395,1.041008766125916,False,True,False,False,False,True,False,True,False,True,False,False,False
-0.6575572977552141,-0.3778893568297779,0.06694701936562607,-0.38759043665266246,0.4272427351493626,-1.6007635298375995,1.0123259061125969,-0.07848164706449907,0.39113938781996693,0.9848461435415595,0.09291871557846162,0.7188229326941128,False,True,False,False,False,True,False,True,False,False,True,False,False
1.2499917240766996,-1.6986683594913923,0.5012171185068275,1.2739831213705244,0.5664127774326142,-1.4322595492493297,-1.587886916491111,-0.9517070895654471,1.746585965430641,0.96347251152091,-0.2553676245371033,0.8522516886021039,False,False,True,False,False,True,True,False,False,False,False,True,False
0.25737773320027474,1.447224517786508,-1.4863050051440092,-0.42555136262514454,0.6452056427218207,-1.4676074213146737,-0.4927652954778977,-0.3790733317024988,-1.5224018186695656,-0.9872454109809042,-0.9492857521073889,-1.4855066922056432,False,False,True,False,True,False,False,False,True,False,False,True,False
0.07004662416770455,-0.537586578826435,1.661904292449727,-0.21923905354057424,-1.7655580323461517,1.421580459112652,0.20593807623857452,0.24633084601144087,0.18225256585945332,0.6808374518831026,-1.637152335859751,-1.6637572752459218,False,False,True,False,False,True,False,True,False,False,False,False,True
-1.3685515569878914,0.14891477889806182,-1.5859786147476198,-0.2135084490239428,-1.2403322898170444,-0.6858862079439482,-0.3378256311003525,0.05526635842038053,-1.170402477110736,-0.2847009942304128,1.0479716874578113,-0.19243157325575627,False,True,False,False,True,False,False,False,True,False,False,False,True
-1.3120830432839419,0.051392522564076386,-1.4471063316269743,-1.0293957730606114,-1.5428533362833166,1.2575816990006043,1.5713147634360294,-1.6146652006361901,0.24987581354829363,1.1069101876405507,1.4738917106695753,-1.6861709134218037,False,True,False,False,True,False,True,False,False,True,False,False,False
1.7275873407603395,0.3637090008344666,-1.1159487135215138,-0.032560452840358294,-1.5257385159710555,-1.2491225871789369,-0.714339601947398,-0.3875344045930513,1.6975785932185208,-0.3997393228382431,-0.6361408307481786,0.46246833487209765,False,True,False,True,False,False,False,False,True,True,False,False,False
-0.5477129916871915,0.3881336535770135,-1.4513515933266012,0.5214975842306228,1.6322177209897648,-0.006961321284101776,0.8078001853854994,0.23225491337579068,-0.7831299936534747,1.1779048523722755,0.5133310678675546,-0.7299367675028948,False,False,True,False,True,False,True,False,False,True,False,False,False
0.19942277282368154,0.13516110092699965,-1.6392348630259035,0.9057761801856227,0.9847591711969966,-0.20895873331973489,0.3289270717814196,0.10179702772546191,-0.6151952093941485,-1.104805412009684,1.0651033716789882,1.021022959343355,True,False,False,True,False,False,False,True,False,False,True,False,False
0.9972334949017586,0.480046573746476,-0.12341919240598313,-0.2676136514346951,-1.669268007136214,-0.33440381885620757,1.0948276652838345,-0.06330725694038908,-1.1816145661420732,-0.49933919183112163,0.952472991776194,-0.8660717427301373,True,False,False,False,False,True,False,True,False,False,False,True,False
1.2002174504021619,1.1124192137847912,-1.1295084004915885,-1.0382513411783603,0.884513526275017,0.4445983852385893,1.2480478150448289,0.6909551849840129,0.2706065664689515,1.529377493178166,-1.1410623334224443,-1.6433018757456799,False,False,True,False,True,False,False,True,False,False,False,False,True
0.46464948682072776,-1.590290040137269,1.2163337069270133,-0.7570489053768575,0.5897949908123968,-1.595200053044237,-0.9285523300866757,1.511262840774874,0.18562347656092787,-1.2073280681177216,-1.3551928758790102,1.75575155931236,False,False,True,True,False,False,True,False,False,False,False,False,True
-0.5317764356770283,-0.06840025446047421,0.4643217123551799,1.569804110002094,1.0779183780575317,0.548993001552575,0.47064795027739253,0.5295953759679382,-1.1077442700347697,-0.2870177383902706,-1.5964983870035399,-1.7165639054272916,False,True,False,True,False,False,False,True,False,False,False,False,True
1.6927296500999214,-0.15190523302604156,-1.408689543759253,-0.3682196950573861,1.6569713363159493,-1.224317243878908,-1.0481331495936927,-1.0953987400386918,0.6186083863891764,0.6535200439759937,1.309805103610534,-0.7610901588893172,True,False,False,False,False,True,False,False,True,False,True,False,False
0.4869203767947686,-0.8861581825561397,1.0065159860022568,-0.7869432357453362,0.7185825294007967,0.8666397194193396,0.07108273463387403,0.14296137979252574,0.7196709630251396,1.2314014493065222,0.6487998790788909,1.172621202963587,False,True,False,False,False,True,True,False,False,False,False,True,False
1.20432479823626,1.0493210482628021,0.8179577836295,-0.09648261279593989,0.9133227889409866,1.4352276176312575,-0.8179899903861909,0.4254647263049782,1.4612871823515252,-1.192198350826437,1.2714708943956055,-1.2601678049825753,False,True,False,False,False,True,False,False,True,True,False,False,False
0.1345678517099736,-1.6985804201945907,-0.5139144549053813,-0.30922236851415613,-0.7524457011044767,-1.550121050002716,-0.4390948612936764,1.428259508887921,-1.4660117661815295,0.9258321349672131,-0.2359990553983291,1.2814244040102283,True,False,False,True,False,False,True,False,False,False,False,False,True
-0.3008919540356722,0.4401654398206289,-0.23390231672994669,1.041889626099902,-0.33919565879800917,-0.7757346368734888,1.5788977347437987,0.07927977995075124,-0.8135379865642282,-1.2979494047470455,0.5144161951628842,-1.087060496006058,True,False,False,False,False,True,False,False,True,False,False,True,False
-0.036286651755200384,-0.5125844100383077,0.6672159104475791,0.9000739240609209,-1.4003777994897826,-1.6002495658880125,0.8557965301095507,1.3689804716791516,-0.6141218326146474,-0.8103460661751389,0.06904401978209616,-0.013502372665421947,True,False,False,False,True,False,True,False,False,True,False,False,False
-0.04501827874603088,0.3998066668525651,-0.6371508479932871,-0.2624070980534178,-0.6673384961156668,-0.3902362119409241,1.141110940139054,1.0338190310577553,-0.04548563730882386,-1.6502361366200515,0.9940840754374862,0.9985699629626016,True,False,False,True,False,False,True,False,False,False,False,False,True
0.8918665583162267,1.340607318709581,-0.7543148446349678,0.6205864088904747,-0.7957274088134711,-0.6228966885905314,-0.43757605018382406,-0.7513857493366782,-0.541759612329104,0.8230551974953325,-0.6499468675450419,-0.11898813827021748,False,False,True,False,False,True,False,False,True,False,True,False,False
1.5887883944243546,1.2584705325397845,-0.9651621066712013,1.6421311165259036,-0.7918897738583747,0.5349464460094836,-1.3508469277923567,-0.7246953452334832,0.25292476150146015,-1.7093313728155228,1.4813628399163614,-1.1714825280699952,False,False,True,False,True,False,False,False,True,False,True,False,False
-0.3238231453765656,-0.7821463368541064,0.8959586516709054,-0.9446150684188586,-1.1463176587141897,-1.5883516554961883,1.7136721907531918,1.232107555801143,-0.8954893129141105,-0.5875782801367048,0.8007121578384243,0.5082458410091726,True,False,False,False,True,False,False,False,True,True,False,False,False
-0.9179002148819126,-0.0870089710590897,1.0243687365457703,0.8744278626293662,-1.302251309114421,0.9614731307709377,-1.6626429731045091,-1.286127439557201,-1.6904583413039014,-0.8498680744770959,0.9165984194240957,-1.2763737680378546,False,True,False,False,True,False,False,False,True,False,False,True,False
-0.3009400574182654,-0.5796037149406745,0.7094927607473518,0.12667125870311796,-1.7547016195813865,0.817285608968755,0.09523769643964675,0.6103848422371327,1.1795189297671196,0.8609986897250694,-1.4259473951062298,0.5236607079555848,False,False,True,False,False,True,True,False,False,False,True,False,False
1.6771726929563031,-1.090345950990176,-0.954966535842548,0.7077147124366879,1.2420379223582685,-0.9509491824285806,-1.1273372989700745,-0.758222729248242,-0.6596752145990037,1.4726521579676117,0.8992655431993296,1.7444205399055597,False,True,False,True,False,False,True,False,False,True,False,False,False
0.6196904889517934,1.039245269367357,0.0003740417539236903,-0.859091774415872,0.1281720712939272,-1.132485574088243,0.9449653709563025,-0.8405276280567484,-0.05257610635377793,1.322113800547271,0.6250386966369905,0.7818552973714193,True,False,False,True,False,False,True,False,False,False,False,False,True
0.5235084101007399,0.9989419838329423,0.7120851924792108,1.4165887315363717,-0.9934588304635803,-0.3306930034292983,0.02595060596020668,-1.6642635917866537,-0.9573659087647192,-0.9870501986407373,-1.105884725528384,0.008149645350686636,False,True,False,False,True,False,False,False,True,False,True,False,False
-0.541311397787607,1.5336898247381194,-0.06366944840108929,-1.4337600023414057,-1.3462938447908392,1.0995709006483538,-1.410636162546791,1.1109227791178087,-1.6600510734996345,-0.31082938484100286,-0.15612706428227063,1.1410114817378256,False,False,True,False,True,False,False,True,False,False,True,False,False
0.646796341495564,-1.202320801213919,0.2696070384512756,0.06930982155550178,-0.10243810553944414,-0.4524465726554002,-0.8051325545435127,-0.05926669315718175,-0.47807486765047214,-0.9839434124643112,-1.0741830049513605,-0.9430927663345356,True,False,False,False,True,False,False,False,True,False,True,False,False
-1.6493391595375724,-0.3441007913179951,-0.2419140470616603,0.5292094375223044,1.5460865891832751,-0.45303659395767115,-0.5010790951854097,0.8199798057001527,-0.18860308684058527,-1.4601659319409306,-0.6268527016565164,0.9046540907558238,False,False,True,True,False,False,False,True,False,False,False,True,False
-0.32837543521065354,0.2741269667361746,0.07063292630160765,-0.6702237599922802,-1.13454786719926,-0.1598033359666422,0.5287176683458854,0.7162546303695714,1.6065122171555584,-1.5731762801553772,1.0603283058477415,-0.4837953958096551,False,True,False,True,False,False,False,False,True,False,True,False,False
-0.891973283451883,0.7741369739307995,0.9902848782884608,-1.412038557428372,0.32654829745293557,-1.252182661363386,0.41896555475998554,0.3353634732380593,-0.33481060880519276,1.2974390917190775,0.47568849656543843,-1.724170149685704,False,True,False,False,False,True,False,False,True,True,False,False,False
-0.9424022195846982,-1.0044426181034034,0.204184402660335,1.1701247471967735,-1.189481781621669,-1.2661995317205026,-0.39116806689665035,-1.4969398583292677,0.5392036976677572,0.20008908429366104,0.3764810392060395,1.635702147632311,False,False,True,True,False,False,True,False,False,False,True,False,False
-1.2188643056172093,-1.1184787444111899,1.5338588737010996,1.5894557052825684,0.861085084950786,-0.04908616416059527,-0.6238949487006362,1.3284799677762518,-1.7044673187141253,1.31594049838746,0.4181276668602563,1.292042499914602,True,False,False,False,False,True,False,True,False,False,False,True,False
-0.2349017516911293,0.8834548788315129,-0.8180262028131894,1.3706362853361471,0.6052148871615943,1.4454859216687692,-1.4378692866793508,1.6903079404738852,1.1541167069395168,-1.5149189704711457,-1.1736456146585168,-0.6804981198428768,False,True,False,False,False,True,True,False,False,False,False,True,False
0.0998207819606669,0.6384904939481977,0.31624404747065615,0.4009406559348938,-1.680384007051338,-0.16784815758171065,1.4424199290330424,-1.262351803804106,0.6739025326533695,0.09042907206754468,-1.0569137473462082,1.588622341653803,False,True,False,False,True,False,True,False,False,True,False,False,False
-1.6932067283116625,-0.824105272688987,0.038402114172584594,1.3522407447164684,1.0035862070774189,1.6821328152582227,-1.2085906864763876,1.475013613908912,-1.2655578118431108,-1.503778857305413,-0.22785895976985598,1.1342461085116433,True,False,False,True,False,False,False,False,True,True,False,False,False
-0.5930436417329827,1.59579911705556,0.6571743287502342,0.9272154289466,-1.3855616787823406,1.3115484225986607,0.006050785704074485,-0.9502368988308222,-0.9806017309213231,-0.3085933344521493,-0.7463016797917994,0.3109566536779561,False,True,False,True,False,False,False,False,True,False,True,False,False
-0.08998087551831238,0.3608623030805014,-0.5170651752735782,1.5373487145514377,-1.5180451434179243,-0.24736712169969458,-1.1439028394750654,-1.0304857906064624,-1.0667480628968258,1.4439401110736874,1.0345345656658949,0.5645743243806703,False,False,True,True,False,False,True,False,False,False,False,True,False
-1.1482608525624076,1.6893206422074152,0.11769904211096241,0.440459558965863,1.5280553199751434,0.8470130420218809,-0.18339770878511644,-0.26517909335422124,1.3668765009634565,0.7864608684606758,1.2955532716604765,1.6418647254017986,False,True,False,False,False,True,False,True,False,False,True,False,False
0.830458633435268,-1.1993469042459286,-1.3936606626851473,1.3997252508371034,0.2119008007268014,0.7909982874832446,1.451110861846874,-0.8440788994257852,0.04652494957893515,-0.6771589511522125,1.28415368152413,1.7637299131756397,False,True,False,False,True,False,False,False,True,True,False,False,False
-1.1834514906688252,0.6102652846413659,0.4809720628077429,0.6436789769945718,1.0216673364170537,-0.5843024102298401,-0.3745893551104481,-0.14721327792307498,0.49612238838021727,-0.6154204959115713,0.2787989261525235,-0.3246934675119687,True,False,False,False,False,True,False,True,False,True,False,False,False
0.4442396074754626,0.7710226273547002,0.5160422100727147,0.217986393075311,-1.112190957701687,0.1248076337602036,1.1630346752566707,-0.9104553507194103,1.3557467990720105,1.711411334055043,0.5738780963898319,0.748845439553617,False,True,False,False,False,True,False,True,False,False,True,False,False
-0.419982601498606,1.4969824860148406,1.2492252743498677,-0.12607561902816514,-1.300873846034805,0.6390038029241085,0.4023732741469359,1.6033192490948802,-1.0209396504428923,0.24241351075549414,1.5565478511577746,-0.3977245807822095,False,False,True,False,True,False,False,True,False,False,False,False,True
0.15333475086725423,0.41363715537135165,-0.38082135443784515,-1.6318015440831233,-0.5158658714023469,1.6886168627007514,-1.1391414639940256,-0.6732676028667747,1.2141326135607389,-0.6102474360291376,0.7629686743999956,-0.47020644066992767,False,True,False,True,False,False,False,True,False,True,False,False,False
1.0048595231265607,-0.601874716436359,0.7317859113780126,0.4060897035000974,1.6656943125322703,-0.6750037964456431,1.370831736867668,1.531836463605051,0.11601759550838289,-1.6224828934550675,0.7232490537567308,-0.6692615952334574,False,True,False,False,True,False,True,False,False,False,False,False,True
0.40807716239776426,0.9662754099222121,-0.9123824498968952,0.8224938944171325,0.45209720274053217,0.6982291876526351,0.1739139802040068,0.8402403225859991,-1.4612184643223152,1.4348106714830433,0.8852634980884002,-0.0038815516505452535,False,False,True,True,False,False,False,False,True,False,False,True,False
1.169909795329334,1.13782957635435,0.8613427294767914,-1.3047849653215509,1.0068181105093765,1.479360116428086,-0.6376068115211367,-1.0243566326736406,1.6320268276973486,0.761834934134709,-0.8746545122083584,1.3874659919447028,True,False,False,False,True,False,False,True,False,False,False,True,False
-1.2961227387831558,0.7375459423296643,0.5175943697361443,-0.9956532323379775,-0.22872743048861127,1.0857836527972413,0.4589631925056983,-1.7003253009300525,1.039960984514911,-0.4394644618858294,-0.00989600781155354,1.23539738079831,True,False,False,False,False,True,True,False,False,False,False,False,True
-1.4999005939905707,0.23640564552393165,1.4631980401200246,0.420563414646228,-0.5624103603659396,0.21191878872161898,1.4041394527240505,1.6359911786777146,0.6650749285442246,-1.6657599589211889,1.5541261011703207,-1.224222745252818,True,False,False,False,False,True,True,False,False,False,False,False,True
-0.6764234613924927,-1.2284366121870072,1.4577374063405857,1.437175784912182,1.1410395663967399,1.1939726999351703,0.1854655338972959,-0.8011696546469325,0.5934395261747313,-0.27740098930160784,-0.3460573668735947,-0.6083533478241461,False,False,True,False,True,False,False,True,False,True,False,False,False
-0.6781455079509712,-0.3695748021082243,1.227088720328079,1.1792331165605225,1.6900621325486367,1.5744805918875087,-1.5269141512033955,1.0566492931641394,-1.0139599289571417,-1.5673025795674118,-0.9853083884081054,0.4781500461059929,False,True,False,True,False,False,False,True,False,True,False,False,False
-0.20844965466350468,-0.5391124218172605,-1.334907113025692,1.1352730176371295,-0.46381593352069733,-0.4039200041576279,0.05941797748962092,-0.4547231988902134,-0.9985474320813593,0.24284917032990413,1.6049405424738228,0.5905338687057824,False,False,True,False,True,False,False,False,True,False,False,False,True
1.5774656452458766,-1.0237618395493011,-1.1019637285749828,0.2666821408745082,-0.014416130723280081,-0.9633426498152157,-1.5533962535791013,1.125244850417761,-1.2444022921072155,-0.2814425886074822,0.6502244434250607,0.2498673147202861,False,True,False,True,False,False,False,True,False,True,False,False,False
0.7070283258158558,-1.2543996079859654,-1.4989621193443274,-1.5704315737000485,-0.6458059172937315,0.9708703522880452,0.5603755397191561,1.4217336640931486,-0.6035229941030488,-1.5163961056511879,-0.19382566204461169,-1.1756742493289845,True,False,False,True,False,False,False,True,False,False,True,False,False
0.31221812105436864,-0.1765615027131423,0.2124802400707189,1.5756378059049503,1.0932580888616648,1.3413924567365534,-1.58613197674017,0.9452362559058981,-1.4121457013179484,-0.31754421543527395,0.673126311750796,-0.19997655947553628,False,True,False,True,False,False,True,False,False,False,False,True,False
-0.7700986279517811,0.9275775689907787,-1.3221479503474844,-1.3793450300033965,-0.8557684795646778,0.268800499037582,0.3933085253451663,0.8158518767818288,0.7564848498953367,1.3167891783846055,1.5109972318563267,-0.8627414714847345,False,False,True,False,False,True,True,False,False,False,True,False,False
1.1976665823316504,-0.003344817427390833,-1.5023506776752078,1.4174957653673943,-0.8213611630894896,-0.551191291698313,-1.156780741403593,0.2914876879144774,-0.03694114421932812,-0.11246480523864283,1.3128831345472993,-1.1331814103604394,True,False,False,False,True,False,True,False,False,False,False,False,True
-1.184145179583617,0.40558298946662047,1.4483743172257715,1.4411046240724856,-0.5672965009072388,-1.296554877539239,0.8134909698525404,1.6660502303950735,1.3662261520502423,-0.9435515400224738,1.336878640804994,1.6184325007036613,False,True,False,False,False,True,True,False,False,False,True,False,False
-1.5497438847230367,0.614420598851825,-1.2212352963030615,1.5123569830524197,1.5692627392069203,1.575226753750382,-1.3104290961294862,0.2642755723859848,-0.09695731061584088,0.7679658354647333,-0.39972501729216264,0.036846079811664295,False,True,False,False,True,False,False,False,True,False,False,True,False
1.6573655542575336,-0.15430083616357354,1.502706920064974,0.21792477947130007,0.12226531745787673,-0.873535340136143,0.009335166300187454,1.4221534643339482,0.23398298438204357,-0.7519036579080466,1.5324925389877304,-0.30253429046277514,True,False,False,True,False,False,False,False,True,False,False,False,True
-0.7165221145027137,1.5312743029316547,0.2630713747075754,-1.6881442082115834,-1.0640122989586762,1.4251023254016582,-0.32833325376554545,1.1081770471841448,-0.9937511211489143,1.3498387455020011,-1.6221565631119894,-0.6966066229489103,False,True,False,False,False,True,True,False,False,False,False,True,False
-1.5269055720888018,-1.7087995377597573,0.43029536394353934,-1.131170065123626,-0.13811660832915848,-0.04379244283481015,0.7393676446037171,1.570092219661953,1.0145477455428078,-0.31680726501565176,-1.0263697580985023,-1.553531257397336,False,False,True,False,False,True,False,False,True,True,False,False,False
-0.5050121269294743,-0.5269723707907276,-1.0463673300315361,1.6056431443758825,-0.949764885403263,-0.3080828088939394,0.21363887109516871,1.5518143201539911,-0.7793883239503447,1.1863313928032886,0.44007688548925294,1.0925691890969615,False,True,False,False,False,True,False,False,True,False,False,True,False
-0.993196046498537,0.5497968942419061,1.4118589206356364,1.593162801452558,1.662141664761372,0.23433318504438932,0.23104012208139518,1.6520369512705968,-0.13458793805671784,1.3657264828123354,0.9263203750506918,0.7419809499965169,True,False,False,False,True,False,False,False,True,False,False,True,False
-1.0188550629825488,0.7574717886009006,-0.5151224910299996,-0.059290325314764455,-0.08638637473311683,-1.1154597253287388,-0.6548259175216801,0.5670493986453777,-0.24103122787342202,0.7187159751012495,-1.2701328484856904,0.6641439284339421,False,False,True,False,False,True,True,False,False,False,True,False,False
-1.5526821765363255,1.0933517163800537,-0.8782571978422671,-1.6495501100116041,0.1760416100740133,-0.035726030677735665,1.2433377793491769,1.293558884115728,0.6572945201169006,1.592227325013443,-1.4122762284995432,-1.51940377644339,False,True,False,True,False,False,False,False,True,False,True,False,False
1.1757157002451566,-0.9589357689882739,-0.2828797179450754,0.8823194654906017,-1.3730252041424662,1.2738842509629398,0.844538303005797,-0.8254437941555436,-0.7181247446709719,-1.295279364786344,-0.7650029182145753,0.7158288196461193,False,False,True,True,False,False,True,False,False,True,False,False,False
-1.5081346118093135,1.4192578994628458,0.8456428286509295,0.14823314814175162,0.9215480660624435,0.34232529658133465,-0.6832569597993654,1.3731350757588585,0.18821924364870335,-0.5907833724047716,-0.11244649209574602,0.5628626243008309,True,False,False,False,False,True,False,True,False,False,True,False,False
-1.4746629764305648,1.3204734283309887,-1.5278504263341912,-1.4926478453035399,0.5571373901599684,0.5569306307605958,1.6943744488947936,1.1877129946908696,0.7308853513591902,0.6901757329573965,0.7729172981470797,-1.3144509288822726,True,False,False,False,True,False,True,False,False,False,False,True,False
-0.42044827800087775,0.8374820674802504,0.7071235662111617,0.2989484158474106,1.5768879422255673,-0.15498235701679497,-0.5317974466541822,-0.7952036814724528,-0.5132072155966747,-0.8205913481377853,1.4250210596915152,1.5138771642597133,True,False,False,False,True,False,False,True,False,True,False,False,False
-0.4221347677602451,1.5878796815860654,-0.7257919459798486,-1.3369505873541978,-0.7965076917727317,-0.7741202534831948,-0.30439798815693675,-0.9600693022445276,0.3877396582538046,-0.868740058499096,0.9965976020497613,-0.8340178023317889,False,False,True,True,False,False,False,True,False,False,True,False,False
0.4967262749622436,1.366748160321994,-1.7085726145845233,-0.055557050074130275,0.6402536878646303,1.0514370067046053,-1.0260562516194904,0.9317969823245864,-0.46221364567690815,0.853281311922333,-0.7601652435883041,1.614485333402234,True,False,False,True,False,False,False,True,False,True,False,False,False
0.6471613307425172,-0.3037003309143669,-1.6386345255524508,-0.8192657682972635,1.5595227212448377,0.8956758361800912,0.6750023235935344,-1.645606508834471,0.5585690251404798,1.2170470446069905,0.28375466459909543,-0.7010363900133523,True,False,False,True,False,False,True,False,False,False,False,True,False
0.0755864306680276,-1.6434733584622485,0.9304734405159403,0.8967708924614336,0.44579617799396704,-1.7046902172232312,0.7697542854282265,1.0809891853274671,-0.08633780242488975,-0.380454200569406,-1.2259388738050312,1.28067983625526,False,True,False,True,False,False,False,False,True,False,True,False,False
-0.00394089402221136,-1.6707996539773453,-0.22568925697726386,-1.3506606910467054,1.1131316050318854,-1.191532903526679,1.4118069549295633,-1.5560814825960316,-0.12870458508097934,-0.8011683015510928,-0.7707073722603773,-0.25243496615620686,True,False,False,False,False,True,True,False,False,False,False,False,True
-0.22554157302927771,-0.8174579977128666,0.5177625846233059,0.3377183268100666,0.8418138230063569,-0.27765975922156505,1.3020416208641499,-0.895152448269526,1.016087520796522,-0.7797807198856825,-1.6406761354319104,1.4001396290569432,True,False,False,True,False,False,False,False,True,False,False,True,False
1.6120001160820163,1.5685094304704978,-0.9724344369587996,0.13905959059424233,0.982616603560661,1.18899080204503,1.4401330776424295,0.9816819007063824,0.40850494152665145,1.1317997954117456,-1.2741721685491751,-0.7836491653214985,False,True,False,False,True,False,False,True,False,True,False,False,False
-0.7194946988601852,0.8760255043705062,1.1499428440496222,-0.6181313270391899,0.686068574074442,0.604827034180407,-1.6652349567619675,1.2861981080515423,-1.4693065869485542,-0.40993718042966626,-1.3807997707867015,-0.4996621071218217,True,False,False,False,False,True,True,False,False,False,False,True,False
1.0898104580387271,-1.3403214551104847,-0.5183320940277414,-1.079049944660874,1.0316378853068493,-0.9432728379389649,-0.3077155235551722,-0.9428099649081924,-0.54062294027807,-1.5056190514937513,-1.6291740121009843,1.3426364772998327,False,False,True,False,False,True,False,False,True,False,True,False,False
-0.2283907043299572,-0.7732109596751162,0.11566894058702781,-0.15627399845389445,1.0046842733976398,-1.5096664038086396,1.692633976464882,0.6541381956715565,-0.8495807406317117,1.2524450216152685,0.5104445473945197,0.47826902859696907,True,False,False,True,False,False,False,True,False,True,False,False,False
0.0010373891182124699,1.4376018393204015,-1.1986950135271004,-0.5236358928310072,-1.1718258043745744,-0.1476153894544494,1.0190858894444905,0.6769947461951558,-0.8517706407927014,-0.7336959342784471,-1.3423627068840365,-1.142340813695902,False,True,False,False,False,True,False,True,False,False,True,False,False
-0.4343966758555047,-1.5082383710483198,-0.7134947640904523,-0.948722363951216,1.724903481611894,-1.5492857480463273,-1.3061972524940837,0.1769911257187545,0.12411875551545518,0.9644393491254784,-1.0183382105756988,-1.0853346405196964,False,True,False,False,True,False,False,False,True,False,False,True,False
-1.4177802845777912,1.3646212591054743,-0.5006484382195734,0.45881040748492974,0.49107431979877747,0.6698656958124726,-1.0275425985048081,-1.2091015502836542,-1.5204765525185773,1.266365113554512,-0.8248859620819887,1.729822214053527,False,False,True,False,True,False,False,False,True,False,False,False,True
0.5375465506997826,-0.6741549318801067,-1.146486155056241,-1.6592304216733818,-0.3603227133245323,-0.440855343867803,1.7220044150943499,-1.6102922460137647,0.5633971513194131,-0.8197871658010588,-1.565053018231369,0.8460053557532794,False,True,False,False,True,False,False,True,False,False,False,True,False
1.1473229283974302,0.8748481691783101,-0.09671977586411562,0.7685129951725168,0.09894126295112687,0.4760489926427963,-0.9763064829328069,0.7207431213238414,-0.653043739136004,1.075548678414284,-0.03489158584203381,0.10458296168503632,True,False,False,True,False,False,False,True,False,True,False,False,False
0.2960177472489205,1.3983866885383103,0.062107138374146574,-0.7359836949912437,-0.046487448695971996,1.2645457931221493,-1.0722951878549611,0.37643377258918315,1.0434518026231017,0.1900743845353367,-0.7671028474004834,0.3153804208003814,True,False,False,False,False,True,False,True,False,False,True,False,False
1.1090421547812195,-0.26364358872011856,-1.4597481467484652,-0.6230129335432231,-0.7893421116687,-0.03886241986293967,1.2340764518121996,0.5207217504521293,-1.4516351732634527,1.0379037879496322,0.4352313311065659,-0.6436831398578704,True,False,False,False,True,False,True,False,False,False,False,False,True
0.3081420919034945,0.03511312224951133,-1.1130397567156547,-0.8607969829531474,-1.762403828591211,-1.69042951663396,-0.052405697601199515,-1.5545678883414016,1.5129362263742512,1.2700486097030363,-0.7713428355856098,-0.7920008204560409,False,True,False,False,False,True,False,False,True,True,False,False,False
1.5150828536220298,1.1341431856343813,0.5444885052620978,-1.2318018658980274,1.1192887067716795,0.6701241234041836,0.6640146661123919,1.0262037138886844,-0.8934040365001892,-0.12559692250271798,-1.4747945351950142,0.9878252984035181,True,False,False,False,True,False,False,False,True,False,False,True,False
0.734178772106561,0.8629850607367091,0.1196074457620167,0.4048614182456045,-0.23310607136290878,1.4245578490672732,-1.6467549283852994,0.751262844945081,1.0954719793697583,-0.8119740493425072,-1.5020870271855247,-0.1503753639203869,False,True,False,True,False,False,True,False,False,False,False,False,True
0.657997874561526,-0.13451601397375346,-0.530190690474222,-1.0190575011787504,1.4775809222721301,0.29932161099600413,-1.2520510863236858,0.8046749326031776,0.5778724961696512,-1.2042164928221661,0.2749174521220074,0.2460854001440303,True,False,False,False,False,True,False,False,True,False,False,False,True
-0.6992927873358967,1.4080420674271268,0.8699228907674282,-1.2312600412546622,0.7929703977107044,-0.8794486060635277,1.2143399657451233,0.6634619958539087,-1.3355523249291674,0.26595606235460556,0.4786574024158267,-1.398321930639292,False,False,True,True,False,False,True,False,False,True,False,False,False
1.3259623007399872,0.19710847299148024,-0.69481267907055,-1.0512826260666375,-1.2632278391281464,1.603158314692896,0.0012134331033392975,-0.25026535584477877,-0.08639983756209392,0.13533886702980594,0.280291564790994,-0.7583464751687758,False,False,True,False,True,False,False,False,True,False,False,False,True
-1.608157269628818,-0.8733509186282059,-0.6856515398307053,-1.236545203811963,-0.3390275414523974,1.0618417587384406,1.5777064695085252,1.2629662434434121,-0.44463701553486673,1.1412753585021094,1.3800758205506665,-1.2989501111289725,False,True,False,False,False,True,True,False,False,False,True,False,False
-1.5650534914476202,-1.0618407623493102,0.34452639038664823,-1.492357029881518,1.1456802020415582,0.9854152618635843,1.7252442187750758,-0.3940860947077639,-0.2346571315609488,-1.0289416594108935,0.20617775773190491,-0.15491675936985136,False,False,True,False,True,False,False,True,False,False,False,True,False
-0.6748668260039247,-1.2613737308954684,0.44701073688202925,1.6414165414735806,1.1274952487758145,-0.07566457120323146,1.0760320606338625,0.1931399216862762,-1.1436316065441359,-1.477856696683464,0.22567304687665596,0.22957890858543467,True,False,False,False,True,False,False,True,False,False,False,False,True
0.6293149055380943,-1.6921871740783614,1.1688021251742267,-0.7500359545998488,-0.18019146172992373,-1.2195499151680693,-0.22084473340610408,-1.5672849076424022,-1.6836471223957916,0.8240028738798367,0.871420205360856,-1.5872354425346724,False,True,False,False,True,False,True,False,False,False,False,False,True
-1.0047193597848236,1.3449489832913994,-1.439699938613632,-1.2744751247706967,1.1991878131603007,-1.5759235633921573,0.07980860276243895,-1.5657347846693388,0.6890667782488823,1.3135225846794885,-0.7372720443822236,-0.801152870720196,False,False,True,False,False,True,True,False,False,True,False,False,False
-0.41205834113823536,-0.04351916330439528,-1.012624247102893,-1.3415665349316714,-0.8699428084396653,-0.2749412010254532,-1.044684991216981,1.5928840760662304,-1.511403498087811,-0.344880260856133,-0.036635175406445376,0.20093559448726933,False,False,True,False,True,False,False,True,False,False,False,False,True
-0.47253940975249353,1.5454069411181925,-1.074781003527517,-1.47571772545637,-0.9270353608775944,0.1565188532056276,0.4582143879114894,-1.4539947446269996,-1.2111611602382006,0.5924689738376638,1.4504300301905004,-0.66828586415766,False,False,True,False,True,False,False,False,True,False,False,True,False
-0.17683778723537075,-0.07330664762533863,1.4845378027866165,0.9368344894938717,1.1295428579246463,-0.9218689042392416,0.7496626798817959,-1.5229345979131188,-0.3375178316006692,0.9875986152471006,-1.4471753549388264,1.2811006878375535,True,False,False,False,True,False,True,False,False,False,True,False,False
-0.8495568944077446,-0.3536227892274756,-0.10398720696622611,-0.21547185140443262,0.8093974399805248,-0.43003646508177945,1.314710478007854,-1.5008945952753276,0.6121446855662733,1.4912143093501684,0.007392045589833067,-1.2793483249863447,True,False,False,False,False,True,False,False,True,False,False,False,True
1.4563474177132367,-0.8567986644675915,0.5274904225510945,-1.3454647064974181,1.704940336775159,0.35143736517445745,-0.32171668043449675,1.0402042755289487,1.62409674665143,0.5655550682907702,0.07696836558620095,0.1135969227449941,False,False,True,True,False,False,False,True,False,False,True,False,False
-1.2654577759726275,-0.23275787538771942,-0.20199275588120957,1.3814637916659698,1.6428596656096757,-0.31772541565380086,-0.008110942417941108,-1.4558334829481288,0.8892325390238355,-0.8582207922623105,-0.8228538780620492,-1.1995726073058777,True,False,False,False,True,False,False,True,False,False,False,True,False
-0.6510220739835071,1.0417290080056298,0.548702818151355,-0.28947161324246573,0.26592353871071156,-0.16776822519645018,-1.2088345817334474,1.6694344501850031,0.47847861300771655,0.5133497731695892,1.042742686225318,-0.3413527517259957,False,False,True,True,False,False,True,False,False,False,False,True,False
-0.35966845184153806,1.0624350769177806,0.875627417034314,-0.15214054145124012,-1.1260461916775344,0.1478838202241885,0.5180049960132183,-1.3723957989440496,1.0589046021821424,-1.4731842367240902,0.23079695533400915,-0.34895070659089567,False,False,True,True,False,False,False,True,False,False,False,True,False
0.5850180401726566,0.0005578218282533884,0.24825313534219973,0.7146741968828899,0.1281415613853063,1.6852004419494053,-0.8701420282151995,-1.4107438270892545,1.5194637198312015,1.0365930334346551,1.5353942802743596,0.03674398102787128,False,True,False,False,False,True,True,False,False,False,False,True,False
-1.286528448935378,0.69369078510093,1.3516307027151542,0.23124697646792844,-1.2905134426355116,-1.3800482861427272,-0.463233740307364,0.42717102866091294,0.9563166237203814,-1.2824975127849836,-1.511073420344747,1.38810808229276,True,False,False,True,False,False,False,True,False,True,False,False,False
1.235283185933258,1.555003920117181,0.13419029951882663,-0.9409003849115957,-0.7294778507612676,-0.14609645516305858,-0.4382914264864522,1.1963932427702757,-0.8416965256224291,-1.6810326079485014,0.10984479905046311,1.5174909748498178,False,True,False,False,False,True,False,False,True,False,False,False,True
-1.4757861671633346,0.5552282891643946,-0.08246961968442053,1.2210591473625754,-0.31775419651759623,0.16665194938544067,0.584450951509377,1.0098513388743067,0.09152338701284962,-1.619355656129786,-1.2708170103714962,-1.0092799283887206,False,False,True,True,False,False,False,False,True,True,False,False,False
0.8665093598477734,-1.368557951557436,-1.5476849435005309,-0.4590568666236254,-0.03375876977761663,-0.9499015063041234,1.1251061017351038,0.674270467311299,0.763845132338579,-1.3702675094923846,-0.7171392181008001,1.3666607088027125,False,True,False,False,False,True,False,True,False,False,False,False,True
-1.5891008229436214,-1.1301708678892428,-1.64673007637301,-1.0883425560043942,1.2428717716335214,-1.0027070375503002,-0.42467478176659895,1.2556390885921185,-0.4016244576109779,1.2666869945931996,0.46031899451506314,1.0873358893634728,True,False,False,False,False,True,True,False,False,False,False,True,False
-1.5761272951781296,1.3070465676952738,-0.9404641807678211,0.34196518857935876,-0.6717204551540037,0.6157217056973577,-0.29228195702891846,0.7979559282478358,-0.8988850715948993,-0.015535551126229388,-0.3379743077290744,-0.08960794358666661,False,False,True,False,True,False,False,False,True,False,False,True,False
-0.9269169801965585,-0.8376555365358572,-0.7115152912538802,-0.20933727994234522,-0.28417853046842434,-1.3453943174166614,0.7968910077149574,-0.28625645377072767,-0.36005044206012504,1.152293176069863,-1.743399148281024,1.1376568604222712,False,False,True,False,False,True,True,False,False,False,False,False,True
0.44498057490542464,1.4188558220882084,0.8361663883314777,0.27056911383661697,-1.2180561418903366,-0.18617371994110665,-0.018323353620054095,-1.0715720500493253,1.7076661488093061,-1.2042833882202069,-0.2939055259893919,-0.5471509851891794,False,True,False,False,True,False,True,False,False,False,False,True,False
1.7331146412957754,-0.7412140295826762,-1.1720884141052907,0.7611802482457735,0.8097130490857056,0.5919895805172762,-1.1762199512016518,-1.5964206355122634,-0.3114800290103655,-0.7362144752107974,-0.2109731978163579,-0.7806968558347369,False,True,False,False,True,False,True,False,False,False,False,True,False
-0.5739079569743613,-0.2921829013183393,0.5920224771893203,1.5270799265043957,-0.9878688240178056,-0.19490620050950183,0.3838892055282797,1.6805144380648687,0.9743647508081233,-0.9715492177401562,1.1549906684261262,-1.0200714617664466,False,False,True,False,False,True,False,False,True,True,False,False,False
-0.6149838407619248,-1.4557969175784196,-0.3737751441441855,0.46552827968278176,-1.0575950319514595,0.2833235007439882,-0.9329269044724297,1.02819607863534,0.49306486295998114,-0.471325331393736,-1.3785602387797022,1.1684545046019268,False,False,True,False,False,True,False,True,False,False,False,False,True
-0.8676509240241699,-0.9974969741506173,-0.9377021070021716,-1.4481445603784406,0.1014318956012107,-1.1923679372089069,1.3213567973139995,1.3876862564133685,1.6701587376982185,-1.0801324123783302,1.448907849454724,1.1436910833218263,False,True,False,False,True,False,False,True,False,False,False,True,False
-0.11707508447042513,0.33875300245343043,1.0704797634131156,-0.517017203353369,1.3187795601505157,0.48449456060809937,1.1751144936955409,-0.28590204800530594,-1.3227938212679649,0.11556346106459381,-0.7468704127079908,-1.7473257130219375,True,False,False,False,True,False,False,True,False,True,False,False,False
0.04172395355227092,-0.21190214791425485,0.9283552896711398,-1.092787515548386,-0.3517343823314586,0.5275815381132368,0.48450593399161157,-0.789671107901172,0.5490376688526697,-0.14075303193695515,-1.0244149138568464,-1.1590680559828794,False,False,True,False,True,False,True,False,False,False,True,False,False
0.7505946156234528,-0.44375433029079486,0.42959749704811895,0.014982682200508803,1.62963806434535,1.5511883876647454,-0.9161998488705224,1.54368427367574,0.21907688479451767,-0.08277548209602927,1.4683932358845762,0.08332457549577452,False,False,True,False,True,False,True,False,False,False,True,False,False
0.20650694346312753,-0.5593248969945092,-1.0997894014933638,-1.7034492644775572,1.7081620283074281,-1.6269640650207524,-1.399164299235714,1.2493803616145844,0.7694239573643732,-0.2710451399775357,-0.5132180251182829,0.5173878909062611,False,False,True,True,False,False,False,False,True,True,False,False,False
0.6219095876618047,0.9582368708879839,0.9603148154505229,-0.7744647150976401,1.199413524773431,-1.3027166048263072,-0.02917908638633834,0.4388799968467495,0.10088388584133579,0.18186090744907804,-0.4261314098851822,0.08745199101073331,False,True,False,False,True,False,False,True,False,False,False,False,True
-0.6885440054838919,-0.4971742310002558,-0.033980683287267485,0.04895469629793566,1.0667717016595977,-0.20890892684915122,0.2909930831165061,1.395207484480803,0.5684670854819815,-1.0217553991235133,1.2638186074003268,1.0739276916127805,False,True,False,False,True,False,False,False,True,False,False,False,True
-1.581195597014707,1.244430285727668,0.7484432735123546,1.3914124561147079,0.1402001387758143,-1.320519363145844,-1.3122029831089492,0.6320671714579018,-0.2560569646458419,0.048991912271627934,-0.7723576430209781,0.12001902319460131,False,False,True,False,False,True,True,False,False,False,True,False,False
1.7049611797604207,0.11684821375533296,-0.5621709805211965,0.9974244980774716,-0.18833341458582512,-0.00739404835429535,1.3373647514504237,-1.1942138484584086,0.9877801452893739,-0.8847393993127762,0.37504582522356966,0.43859225204089675,False,False,True,False,False,True,False,True,False,False,False,True,False
0.8314777762123446,-0.6185766503356649,0.7079858295234202,-1.3024792668482343,-0.08913061759930307,-0.9689934650212352,-0.013291014189862643,-1.5095097189148161,0.37562749713032995,-1.507129398305587,1.184071612398343,-1.737601610432754,False,True,False,False,False,True,False,False,True,True,False,False,False
0.48721366448748743,-0.7970284598805953,-0.5741167145529387,0.09098858608737445,1.0859037292185478,1.1987189718762972,1.3660967795729375,0.41329354407765956,-0.5294901232973396,-0.9617507275252697,0.8688744108840921,1.6082664119277412,False,True,False,False,True,False,True,False,False,True,False,False,False
0.7185004024956324,0.6682873159445931,-1.4169847276721141,0.7287156734494789,1.412764252493173,0.4621046309795794,0.6386482578131353,1.210272491291717,-0.14277848640429727,-1.2358812377964656,-1.6735095993106797,-1.2915827174811418,False,True,False,False,False,True,True,False,False,False,False,False,True
0.17277147175306112,-1.707367751044994,1.3810736113929492,0.701969676260856,0.4367098774896165,-0.8499727834589536,1.3650315700426514,0.7961713509064559,1.012890197915555,-0.7822304522198985,-0.9103662378385265,1.2301965243799977,False,False,True,True,False,False,False,False,True,False,True,False,False
1.554525773350975,0.36773733837580475,0.6764908418271796,-0.007016269179873579,0.1884848647990116,1.3153736492742143,-0.6579707647008711,0.10944220481603904,-1.1541525963044448,-1.2380333137604536,0.7726249197412436,0.8057199233156616,False,True,False,False,True,False,False,False,True,False,True,False,False
-0.5897749445682472,-0.9164231629417235,-0.9114181677148366,0.8971075115631842,-0.8187118868168536,0.33050347188371093,-0.9751436364932939,-0.6234941633492291,-1.5449575528985249,-0.7639891105789108,0.4120256589676615,-1.669561409505915,True,False,False,False,True,False,False,False,True,False,False,True,False
0.2751500828891286,0.39894613369854454,1.5119981051384677,0.5969888189089898,-0.5183530785265682,1.6064317499886722,-0.09767377503012183,0.8009392695406466,-0.2442495247204472,0.5581142030594144,0.03901400076984558,1.7301801186657138,True,False,False,False,True,False,False,True,False,False,False,True,False
-1.7143893673651303,-1.093175000271202,-1.618120764761166,-0.510910628962902,0.7351981578005737,0.061992078978920014,0.3118554541208904,-0.3794003247638405,-0.7937885877360621,0.43270265273835723,1.3433206080768791,-0.4358560515445695,False,False,True,True,False,False,False,True,False,False,True,False,False
0.4908175081465636,1.168098991317454,0.10671233048291405,0.31538039090941833,0.7287200851058004,-0.8425302074389663,1.6981303120979403,-1.307726819159588,-0.47493840031255175,-1.1209811543643144,1.4397768299091784,0.38293654469400973,False,False,True,True,False,False,False,False,True,False,False,True,False
1.193073666586315,0.01979333200746048,-1.6180643251179734,1.1054496121295176,-0.8659392516816256,0.8451592210579788,1.6119287544192795,-1.1542793998353862,0.5261930327220424,1.47075564520377,1.5307734707586962,-1.199274872267401,False,True,False,True,False,False,False,True,False,True,False,False,False
-0.45267290968055524,-0.9057331634012824,-0.050211524583508256,0.9011811381733252,-0.1405263549829859,1.5893559049809458,1.3548428930279224,0.6901902591388398,-1.0578955107553343,1.269736327718301,1.2375682644683657,-0.5963016454469191,False,False,True,False,False,True,False,False,True,False,False,True,False
0.5610846745227939,-1.1633805127298178,-0.7126223381466126,-1.3101645668358852,1.7401907110651857,0.5736122400279682,-1.4001217980936718,1.417676647965536,0.9857378656981854,0.9030298158466641,0.9606567808551444,-0.34828949662925135,True,False,False,True,False,False,False,False,True,False,True,False,False
-0.43852592686189773,-1.4699773065734214,0.9556674942090198,0.6543983591497105,1.4501693620920106,0.19464528343175994,-0.49470535616158773,-0.8469775609974124,-0.5834470677838777,0.533085200861927,0.18495869347281466,1.3417390767945585,False,False,True,True,False,False,False,False,True,False,True,False,False
-0.38964527584670017,1.4885988079727877,1.5986455776367376,-1.6819913148325973,-1.4252829129396978,1.619419185180392,-0.39225047515475003,0.3132282839492413,-1.3941093161628153,-1.6588732760311324,1.6261267993699693,-1.189610340238991,False,True,False,False,False,True,False,False,True,False,False,False,True
0.3044628676477635,0.021123783990305893,-0.158092196961717,1.513650679472542,-1.3907809655259402,0.865039679410216,0.6218165750293846,-0.8589212399126438,0.6858592652478147,0.3599739495135989,-1.2406425182655874,-0.45486333999658063,False,False,True,True,False,False,False,True,False,False,False,True,False
0.3318704585534071,0.9736380162483218,0.6937319319926876,-0.7046882935348207,-1.3640703325521892,0.0014419966353663046,-1.1874253127378986,-1.4169597970419237,-0.34294545650798913,1.5538752308239714,0.207690440021009,0.2586388401722036,False,True,False,True,False,False,False,True,False,True,False,False,False
-0.5300858574114589,0.08272948389705928,0.4405739333298735,-0.15936933627958885,0.6789857764649633,0.1534441492219581,1.2867069825604565,0.4774398688979705,0.8193130219596437,0.11517976287493258,1.3681699715633466,-0.11350475408119594,True,False,False,False,False,True,True,False,False,False,False,False,True
0.9073618212858542,0.9900592935778,-0.7654326772227198,-1.0949300997352245,-0.2681335827969678,0.03397635588550977,-0.9909868495551898,-0.8855215300692728,0.9162139871432725,-1.5118319415878492,0.5693585408092219,1.6738234252450435,False,False,True,False,False,True,False,False,True,False,False,False,True
0.36041483762262716,-0.6024660437784192,1.028933548152824,0.33180738901702467,-1.0327917304608596,-1.57519210549994,-0.05132645854196219,-1.7076474804947497,1.119544115676179,1.1741262741860279,1.366634665228184,0.46458574734693175,True,False,False,False,True,False,False,False,True,False,False,True,False
1.187819808922218,-0.7196689320645174,1.4830543501589406,-1.2799200725643585,1.6784687814252341,-1.4106165148352685,-1.5719414077420855,-0.6270143151159498,-1.4898021404906494,1.2562846705576443,0.26734655333570145,0.029523685366360384,False,True,False,False,False,True,False,True,False,False,True,False,False
-0.023637397975022647,-0.26535476994065416,-0.07248901051003498,1.3011915392211344,0.22633675559478444,-0.4131490568960829,0.9144885877917136,-0.7464011915516269,-1.6470608473198818,-0.8406415070346797,-1.1541650345179972,0.5063041137308811,True,False,False,False,True,False,False,True,False,False,True,False,False
-0.1382421138409674,0.8755537432007562,1.3919151300657246,1.1214296798494412,-0.574913447217776,-1.2630180606750387,0.11755245791375532,-0.13715898174348864,0.6022378299714622,-0.6520166991145401,0.9460096334646311,-0.6099997224743317,False,True,False,True,False,False,False,False,True,False,False,False,True
0.6308718179162669,0.7745376219484499,-0.4992597177185416,1.044590208739208,-0.2351071398385198,0.7472228333284215,0.5602919183253136,-0.7842613418380914,-1.5494220709119837,-0.9943057202726328,1.6957039232057745,-0.11443653442993085,True,False,False,False,False,True,False,True,False,False,True,False,False
-0.2311151264611125,-0.2771674463765946,-0.37232917142009075,1.625331348024519,0.27324608604400064,-0.7288870223867822,-0.616799352648831,0.04462786398742111,-1.7251823344879664,-0.7451238527706158,-0.6462183476404217,-1.3923727109891906,False,False,True,True,False,False,False,False,True,True,False,False,False
-0.23554415546229476,-0.9858115255581539,-1.1039918506316067,0.2596384510893433,-0.6782569573694677,0.6843776255758275,0.3174726629708548,1.1450188002549775,1.653074730938346,1.0786715913512865,0.20054299909791434,-1.4541522849201844,False,False,True,True,False,False,False,True,False,False,True,False,False
1.415037441880214,-1.5283721444309308,0.10946292021025868,-0.8019888183073912,1.3973023437042706,1.3688040641649462,1.247131662914749,0.8888555829131403,1.2838513279887072,1.5243309737020416,0.8645633976507359,1.191224318151552,True,False,False,False,True,False,False,True,False,True,False,False,False
-0.17730513833326386,-1.4061824950597113,-1.2369532773225063,-1.1076680027212544,1.0853370392250459,1.6711924091163064,-0.5814895415014287,1.3508261170611515,0.7781751260293772,0.44891286148444903,-0.049988548236140164,0.23588448770363712,False,False,True,False,False,True,True,False,False,False,False,True,False
-0.3489076090012239,-0.9955204236373313,-1.7114046953267192,-0.7554827776252168,1.3309023549771402,-1.0833023982181864,-1.300497815133626,0.023468745739814563,-0.39345349984647915,-1.0271820912968048,-0.4235526700118404,-0.23612438345301343,False,False,True,False,False,True,False,True,False,False,False,False,True
0.8472735544350922,0.6128623733605235,-0.5852000789528546,1.508056865620503,1.2027988892861776,0.6846261192500114,0.9180065429958495,-1.1283158009658278,1.4472521521228177,0.10164803500895453,1.1967301292358625,-0.7271510498825637,True,False,False,False,False,True,True,False,False,False,False,False,True
-0.8583833519505052,1.6071588469117135,1.4648348322568856,1.6079717617008398,-1.116555019429078,1.4559756123542689,-0.8701254753169807,1.1956790645161057,0.6671113227918549,0.47454655367688836,1.4538877993264574,-1.058480412470462,True,False,False,True,False,False,True,False,False,True,False,False,False
-0.712031400734937,-1.6050947965936282,0.03704138746196488,-0.05088028221077902,0.44856080535476267,-0.21171054063412015,1.4511747621946418,0.3988034200325698,-1.5218784836641575,1.142480754540296,-1.0903824004953613,-0.6686412724964902,True,False,False,False,True,False,True,False,False,False,False,False,True
0.48436866526950734,0.1827687073649173,-0.44815804178598356,-0.2209749802963546,-1.6646668180467392,0.8878375101212954,1.4054665250453335,-0.2038339470167675,1.7135777787467676,1.190255800892096,1.3408901430438667,-1.7148127567487828,False,False,True,False,True,False,False,False,True,False,False,False,True
1.3319338028413388,1.6748769251378872,1.0426805553018206,-0.09429018095496522,-0.8228078954274097,0.307667571606849,-0.7921716568049538,-1.1168489263146757,1.5490724998807355,0.030634649176271036,-0.37754254106487944,1.4096957827280974,True,False,False,True,False,False,False,True,False,False,False,False,True
-1.3294515351398917,1.5054688380146424,0.6912315003305015,1.0064411058013272,0.0684036787946578,1.1913528616979263,-1.51602572444649,1.3930543515106741,-0.1035789593102801,-1.6488737880291615,-1.5225475072976877,1.00539368275349,False,True,False,False,True,False,False,True,False,False,False,False,True
1.0942382046069274,0.10404547901970836,1.2791493268131138,1.2349204855626708,0.2722410332983367,-1.1226268458976314,-0.6159755872223045,0.5844913558962218,-1.4861203989958627,-1.6564551581916687,0.7610796258683489,1.2759909607542144,False,True,False,True,False,False,False,True,False,False,False,True,False
-0.17406418194951892,0.7548257389446805,0.3777932625046354,0.28887917838094207,1.1954813558595363,-1.2921896710714769,-0.5760607247231968,-1.144103402709599,1.0103505863979634,0.6686204652558846,-1.3986296148163395,0.9530134812448366,True,False,False,False,False,True,True,False,False,False,False,True,False
0.6500072258986974,-1.3838613311657448,-0.11485771325720787,-0.6193530861818224,-0.13766315662079823,1.0535839192264058,0.9378623905378872,0.2946520268945037,0.6134971012552421,-0.6982291463005799,-1.601507037039026,1.6222434041830818,True,False,False,False,False,True,False,False,True,False,False,True,False
-0.7965964331186413,-1.6846998467516934,-0.2066904556926145,0.1621760086302612,-1.355543398158659,1.2538516230204177,-1.3381095579805944,0.8944750194280519,-1.0554943469625766,-0.19854815493135877,0.16813228019519422,-0.6675432457422831,True,False,False,False,False,True,False,True,False,False,True,False,False
-1.1582884187253213,0.24299306188752634,-1.127567447093856,0.052385993909764575,1.296946526288912,-1.334463924819941,-0.9775691722208315,-1.6745988204543611,0.0211690555465515,-1.3513303247388313,1.3457484036790035,0.1595585101068831,False,True,False,False,False,True,False,True,False,True,False,False,False
-1.1058850502690498,1.488546929947927,1.437413658427917,0.4414680902113443,-0.10668367287959685,-0.26847849256972794,1.5268076372630914,-1.0991204964981802,-0.1526687687762192,1.4382338746340584,-0.23568635029120574,0.09193876663902815,False,False,True,False,True,False,False,True,False,False,False,False,True
-1.6493250300345301,-1.1663107507299104,-1.4791175767138542,1.6153726728318047,-0.5744262687685757,-0.17045399505653175,0.9827395559801562,0.2726932213866361,-0.5752128617060399,-1.4004047574411327,-0.4602015535626433,-1.6686900484091844,True,False,False,True,False,False,True,False,False,False,True,False,False
-1.1636762104483418,0.020603770037480155,-1.128441867308449,-0.8597905235775585,-0.8893706542110427,0.9640139034209249,-0.027563584610002516,-1.1029941623107733,1.4454943286721296,-0.4843210635846419,-0.5218612075442277,-1.7128714117248593,False,False,True,True,False,False,False,True,False,False,True,False,False
-0.30593925623709584,-0.06605305138159848,-0.5353816121769867,-0.9436565531836194,-1.1229554883050248,-0.12114822003389054,0.5467597180637706,-0.8011660907428744,1.4766609733103362,-0.031096819228730806,1.3683606076408266,1.4936381792250228,False,True,False,True,False,False,True,False,False,False,True,False,False
-0.513000917810698,-1.193260302018995,-0.4220747478249745,-0.042476923366861506,-1.5235084655673252,-0.15422207157460974,-1.6432258823295618,-1.2095610751551509,-0.5896580903548252,0.8473974741171645,-0.8247565783314144,-0.18245795123570563,False,True,False,False,False,True,False,False,True,False,False,True,False
-0.4902630285451546,1.120783822323355,-1.4978973631905816,-0.2538206997566458,1.521448295441492,-1.0591442940858635,1.0950876555059177,0.5268451397684971,-1.3913672360683178,-1.4478302606410336,0.723680453303194,1.074007315664422,False,True,False,False,False,True,False,False,True,False,False,False,True
0.5689518231686054,-0.04554649871735014,-0.7527004220501713,-0.4312955200676001,-1.207502612244904,0.7984520385632975,1.0128447763951591,-1.393552472280249,-0.5759380554563731,0.5255295979482907,-0.9028272158155535,1.348031497902499,False,True,False,False,False,True,False,False,True,False,True,False,False
-0.9129667743520914,-1.104289693547453,-0.10955524872824064,-1.6648841070351255,0.04759860087388734,-0.0742174701577908,0.20392331308015008,-0.528133728642544,-1.2212056345197946,-1.416527155889637,0.32972818167476003,-0.47030517787918247,False,False,True,True,False,False,False,False,True,False,False,True,False
-0.4941483716445987,-0.9958610693040211,1.2370679427658517,-0.5818585647173798,-1.1500685813901486,-1.650075516619639,-0.559796913591333,-1.488338950727685,-1.3358575856317927,-1.2229649689784106,1.2483661359600646,-1.235917236123103,False,False,True,False,True,False,False,False,True,False,False,False,True
1.0985580036909823,1.0879707094713171,-1.212848894635544,-0.768340832351488,-0.918540000044511,1.4119687387643733,1.0656983426592557,-1.2526144098269094,1.0401890892074845,-0.6938478831298435,-1.358429367674323,1.4680166957179497,True,False,False,True,False,False,False,False,True,False,False,False,True
-1.5260466523393927,1.62394911135813,0.895579911616665,-1.4562343089557004,-0.7836541172603254,0.6362610882378209,-0.5551632640087156,1.1123265380286433,0.7949122068467109,1.0931047860251084,1.692250509626406,0.770349600033775,False,False,True,False,False,True,False,False,True,False,True,False,False
0.02043485646303726,-0.5031621682640817,-0.24792038461238416,0.5597619447600444,-0.6593374595372825,1.7129281291372649,-1.695646994645266,1.4328811167909157,-1.0571351722840552,1.227330957011529,-1.5353225811614941,0.13846056412359908,False,False,True,True,False,False,False,False,True,True,False,False,False
-1.6309889104573847,-0.40389148904454486,1.3502068096097186,0.4966304146341971,-0.9209117363335753,0.934399009771942,-0.4458633662540039,0.6566735556183919,-0.6160405493208453,-0.6609848465315797,1.474184378684812,-0.3690250987791819,True,False,False,False,False,True,False,True,False,False,False,True,False
-1.569449554131085,0.8020496294744437,0.43809390566074036,0.3402046314073332,-1.40128645175273,0.28855723992678844,0.05554873714158903,-0.4735609311663199,-1.5143204208906054,-1.6576332187797544,-1.3821927451733704,0.031010783243999862,True,False,False,False,False,True,False,True,False,True,False,False,False
0.13126786537687773,0.32475427865388473,0.3364635009323566,0.9285834387460299,1.0391580108174705,-0.9693300715591052,1.0043448527195555,-1.4078720302456342,-1.0646655157465716,-0.43668051844622763,1.0862836044500772,0.6757017185959617,True,False,False,False,True,False,False,True,False,False,True,False,False
0.06016196671008521,-1.7041269581298217,1.1710034876649709,-1.2901471521281156,0.8316244358293967,-1.6071697484764411,0.6597306732624239,0.7237022145277967,-1.4865304480049353,-0.4914785605566275,1.5274078985059694,-0.10996609901258987,False,True,False,False,False,True,False,True,False,False,False,True,False
-0.6751388711560001,-1.5667252079838676,0.41670814097172704,1.3526450359527677,0.2981955028989384,0.9848206091523577,-1.500502683093938,1.6045612790462276,-0.02658204142149769,-0.3675866432846596,1.3596634236893852,1.2042300398390515,False,False,True,False,False,True,False,True,False,False,False,True,False
1.3731428494212077,0.9914065000099038,-0.9470549869312043,-1.5469319123870175,-0.2925129148163254,1.5529465534513556,-1.0611742791318723,-0.19016395549152781,1.2344554759839996,1.0436067569573002,1.691542793363717,0.9860433177556064,False,True,False,False,True,False,False,False,True,False,False,False,True
1.629119793599391,0.7623778356446923,-0.24907944820526626,0.7779644091248977,-0.9636780251846236,-1.1221576628728491,0.44451496911371746,-0.6182068775361675,0.8610542842734692,1.3705223367011712,-1.6392392189373406,-1.6325553739471852,False,False,True,False,True,False,True,False,False,False,True,False,False
1.0857065877436685,-1.2739938410855371,0.6974680232649624,1.6096893675017425,-0.28088227014941625,0.7503923037961132,1.018102953486785,0.18583569884421317,1.1550285940961211,1.1992768202442083,-1.3354105862088803,1.2453335417935252,False,False,True,False,False,True,False,True,False,False,True,False,False
0.52592330887516,-1.595915369343329,0.33070590410028305,-0.3106615458932678,0.5742251101750317,1.692992672267511,-0.43306242846301707,0.3556847088503579,1.475258865251682,-1.6707457616601382,1.1610383287867854,0.7701032691825499,False,True,False,False,False,True,True,False,False,False,True,False,False
0.10323796159512304,-0.9568487602884156,-0.37527169398022686,-1.540168137100203,-0.42619327548940883,-1.0546202950128936,0.02792075342740526,0.5408418427703948,-0.4813412248306018,-0.8826720430576901,1.6453871010535208,-0.9021450798591656,True,False,False,False,True,False,False,True,False,False,False,True,False
0.6740891261558508,-0.840864040314172,-1.4115650209553658,-1.253166888488114,-0.8800054467856618,1.1392228636673993,0.4151346840915068,-1.7277552876338134,-0.2578974923502416,0.16030174989680046,-0.125633177543033,-0.007657525840092617,False,False,True,True,False,False,False,False,True,False,False,True,False
-0.8504608534719899,1.3941353871753337,0.03686562277533026,-0.4101130124007629,1.4695780161627237,0.6836577103507557,0.03872933041720766,-1.5301956858500931,0.17905927933256538,0.08928283088934037,-0.8690885941900814,-1.09742951280513,False,True,False,True,False,False,False,False,True,False,False,True,False
-1.1081204007669987,-1.3516801109186727,-0.6057393644490118,-1.2861530239274503,-1.297587716818032,-1.519695905323893,0.613775171376075,-0.5872117586437143,0.09405812019498123,-1.2371221693136536,0.1325732288862189,0.08847176204775223,False,False,True,True,False,False,False,False,True,False,False,True,False
-1.6612616899878667,1.3926565443223964,1.3577009822234465,1.1694961472887564,-0.9910595625310151,-0.9469427823897556,1.3679684721601137,-0.5999407126965234,0.9134976436214209,-1.3079644193450295,0.5742702869343268,0.15653907425766073,False,True,False,True,False,False,True,False,False,False,False,False,True
-0.5282242827054457,1.53370110468858,0.6891103956296116,0.9171001666554198,-0.8795863556000313,1.6014319393357468,1.0190952603525703,-0.18933784520148966,-0.45130890187447237,-0.3327881828761535,1.1473350135696059,-0.6603667614420322,True,False,False,True,False,False,False,True,False,True,False,False,False
0.40706507321812724,-1.1730082210573136,-1.0423779294165105,0.3007306982283227,1.0200335814266184,1.4381315736463278,0.7737653832147373,-0.10232660702074374,-0.10907611937462772,0.7793199211863538,-0.468553628457939,-0.02363360948723311,False,True,False,True,False,False,True,False,False,False,False,True,False
-1.4128129764334902,-0.11991961554132394,1.053342358469035,1.1476130929170514,-1.214741210797657,1.3749402972018452,-1.2578333380001707,-1.5520482461230993,-0.9789764761998858,0.15960159727074902,0.3315318222895402,-1.7182530228840318,False,False,True,False,True,False,True,False,False,False,True,False,False
-1.1571017658235032,-0.3334855602821964,0.8798958868939379,0.649466014696649,1.3138761675471349,0.059408606968822865,0.19841819761686796,-0.17929050372312672,-0.219848095691864,0.21924144389035763,0.35966023923906965,-0.4056987012344948,False,False,True,True,False,False,False,True,False,False,True,False,False
-1.4605275027298334,-0.6145993166550408,0.7620932544276182,0.3999226573106741,1.3709340249336468,-1.7007040637805881,-0.382643729419078,0.7486393615149148,-0.5332240567426294,0.18399519907139264,-1.5413979237651403,-1.5820148434599823,False,True,False,False,False,True,False,False,True,False,True,False,False
0.42919953142640505,-0.6156709117030686,-1.2668689417545487,-0.4660238860842373,-1.4110879171261577,-1.0866601236303144,-1.1798346656642573,-1.4969362925048646,1.2788505406470476,-1.0898955407853883,0.7492116340134536,-1.2604703629265075,False,False,True,False,True,False,True,False,False,False,False,False,True
0.8100466674922792,-1.5959844889942953,0.5657971038103428,-0.9386143387621508,1.2153810801968379,0.03928965504883455,-1.3077851513525713,0.8719864590783734,0.10083011349005866,0.0720500217139,-1.1470965754333504,-1.2148132447948572,False,False,True,False,False,True,False,False,True,False,False,False,True
0.7268566548615422,-1.502566140208868,-1.1768180742964844,1.2255442745424052,-1.5400530684076137,1.399150740922961,-0.7889512219870402,-0.2273835419664023,0.25721879623593424,-1.0532477200801749,-1.1313858655375306,0.020967067551285395,False,True,False,False,False,True,False,False,True,True,False,False,False
-0.07234845729463732,1.4280587771920783,0.34437934843037266,-0.4864958426718768,0.3996939862317057,0.7640746251665972,0.4544755594467892,-1.4156314926922882,-0.47652216791486307,1.4237316227513628,0.222473024566932,0.37328273472159335,True,False,False,True,False,False,True,False,False,False,False,False,True
0.4697032008413237,-0.07796163791482104,-0.45799632697937126,-1.2525648686119504,-1.0472367204134605,-1.6501008874886702,-0.27038667356997237,-0.11768261946362484,-1.5781896800295248,1.0194313749048547,0.06964908978904857,1.420793057597497,True,False,False,False,False,True,True,False,False,False,False,False,True
-0.07178284861923422,-0.8798640253290287,0.2798723175276116,0.33197841598935185,1.069783833473681,-1.566234983333473,0.5247976508655683,0.3579342600423579,0.5416445143514246,1.356936119165796,-0.5700949071941804,0.743613244116348,False,True,False,False,False,True,False,True,False,False,False,True,False
-1.5912891793898778,-0.2605464612270975,-0.01793375519235968,0.7234089983553603,1.4691045790050177,-0.38785490128648537,0.6537142412839019,-1.5285540335710066,-0.5601454821468009,-1.644494577708739,-0.3387223606178844,-1.3114531696870781,False,False,True,False,False,True,True,False,False,False,False,True,False
-0.7341556733342529,-0.3163237981726156,-0.41526115524419943,0.07452550565323596,1.2444492844327204,-0.7001445035876578,1.7063320527905317,0.20652137551641148,-1.7176933729868447,0.42199458619441604,-1.25234059031275,0.8023546697622699,True,False,False,False,True,False,True,False,False,False,True,False,False
1.499504361799779,1.5714112735975456,1.439016957079793,1.3359342980478268,-0.6742481918081816,-1.3288227696463935,-0.40006800712622764,-0.8669480709089468,0.18363893842969295,-0.4592883088977988,-0.2466904055285944,0.5139986523663974,False,True,False,False,False,True,False,True,False,False,True,False,False
1.3643417513196605,-1.1396452186190793,-0.3456414562703768,1.2201923459227895,-1.3426364632728323,1.0272796051421516,-0.6888075623359367,0.7854712539994381,1.5319884778778996,-1.4064282047385264,-0.36456747052966737,-1.1429774079889692,False,True,False,True,False,False,True,False,False,False,False,True,False
-0.8312539839981138,-0.6600497097552827,1.39368751204903,-0.6362685533434723,-1.1014944566479223,-0.203782527488304,0.8137111303612646,0.9707961397671202,0.34962705654735166,0.9366451225728418,0.5486714559915649,-0.31290633852194405,False,False,True,False,True,False,False,True,False,False,False,False,True
-0.22577907210411297,1.550433114926762,-0.0089317461961049,-0.6215923171820951,0.5823849464608998,0.5590602472466181,0.5755649112092774,1.5037006062909626,-0.6334892560746432,-0.24364558719182502,1.1946808926794863,0.4270128458107856,False,False,True,False,False,True,True,False,False,True,False,False,False
1.4555916577399202,0.3727159020731019,-0.525613809679758,-0.8039798830864306,-1.0245296717993742,0.3464136925135301,0.7601275121281588,0.9373106244204821,1.6184736516704772,0.7054731925988605,-0.1340442356959853,-1.012208378661142,False,False,True,True,False,False,True,False,False,False,False,True,False
-1.1627047776579957,-0.4807460641475671,-1.0893693729611003,-0.9995419523382766,-0.48981473923993996,0.6104666059737753,0.37615347179710346,-0.8753076689114866,0.07510869923735905,0.07751966004032583,0.3062838527084731,-0.0008827749477794287,False,True,False,False,True,False,False,False,True,False,True,False,False
-1.2727533591059081,1.0741768669819791,-1.3826794524025412,-1.351729300237498,0.9570063593528912,0.21477526036287875,-0.9468513618660602,-1.5410252564625189,-0.17779279338009452,0.14877995187885612,0.7655567268855981,0.9268326133139084,True,False,False,True,False,False,False,False,True,True,False,False,False
0.5951101935911769,1.4219021029973682,0.4482917424244096,0.11411175085013012,-0.424737662401852,-0.11763704311119631,-0.32125565403526096,1.6518581228427953,-0.5449003482694297,0.050290319668614344,-0.6182348254041222,-0.7607846021716218,True,False,False,False,True,False,False,False,True,True,False,False,False
1.0674750308237175,0.2622311710921964,-0.1966795593675101,1.6557050049675706,0.7379634413815876,-0.6198219597754576,-0.8116586418148134,-0.23739773653180515,-1.278105956355753,0.5215796451423746,-1.1067425951963321,-0.49053881325218646,False,False,True,False,False,True,False,False,True,True,False,False,False
0.1834408560391282,-0.32774644979936446,-0.7536450829211275,0.7996906342404633,-0.28634585446541155,-1.3622909246867092,-0.7647082554088952,0.3927986900279061,0.7981014526472908,1.0704180731603756,-1.2854887543321025,-0.8789970832776968,False,False,True,False,True,False,False,True,False,False,False,True,False
-0.892918018816534,1.301895072095904,-0.7865542057833568,1.3194474829626375,-0.3855579216872331,-1.3244256321713004,1.5453170002084975,0.7346395174862098,-0.2283337565297757,1.633202726833036,-1.2886721585811713,1.114621819181107,False,True,False,False,False,True,False,True,False,True,False,False,False
-0.13734830625898037,0.8927538503615675,1.6155507383973489,-0.3479670882311785,0.07586873618371781,-1.1244990760534688,0.6070729906545898,0.03054143122821231,-0.6572064004120244,-1.3973814107999187,-1.4551479868305865,-0.5377340413608616,False,True,False,False,True,False,False,True,False,True,False,False,False
0.648587347775936,1.4155785846961588,-0.4586737084419451,-0.5182101755883275,-0.9014945875312931,1.212758502285835,0.3288038960913864,0.6742033583465419,0.00016718508767487821,-0.08952833442017195,-1.5186326717987502,-0.09031746769972551,False,False,True,False,False,True,True,False,False,False,False,False,True
-1.2960444562137434,0.8720472169874496,0.46867878153716613,-1.2119734633237589,-0.1674578964933175,1.5376276217994027,0.38773880869037525,-0.26486282205308526,0.4587933509444488,1.2434770478192203,-0.3917027069429308,-0.41929085389223497,True,False,False,False,False,True,True,False,False,True,False,False,False
-1.3856541581287838,1.2490703254018034,0.8199502928702895,0.916093324178579,0.40231564512759865,0.028288959767464095,0.6728983934701984,-0.3462562964880011,-1.4149271131461783,0.540725543602149,0.15852515406200599,1.3486556061484725,False,True,False,False,False,True,True,False,False,False,False,True,False
0.46344495655417556,0.2814293811188549,0.6749383407180447,1.4136225865138603,0.39291394972968346,-0.972129027916807,-0.003826683729206301,0.5222776085211641,-1.4569472598541602,-0.6011563843744979,-0.5387637941677678,-1.519254799246016,True,False,False,False,True,False,False,False,True,False,True,False,False
-0.8385726474491059,0.43503882878154715,1.6608313610643426,-0.4881727250161119,-0.5122772869186711,-1.2822147931226275,1.2330912018607203,0.09283369181906008,0.7165829237160887,-1.1159855958055056,-0.3185062839288512,0.1985282799021898,False,False,True,False,False,True,False,True,False,False,False,True,False
-1.2686276265999108,0.07546653834259313,-0.3046192387007945,-1.4665560299945375,1.1396259227529462,0.6117225883514575,1.52597367341449,-0.7206411525811786,0.711278946384214,-0.08659072155125665,-0.3713133963212969,-0.60368612435235,False,True,False,True,False,False,False,True,False,False,True,False,False
1.13785679862459,0.6654237814267322,-0.4337156966840647,1.1057868500065278,1.5854624754070474,0.11421638032661886,1.2130041095797781,0.4437658226443249,-1.3897607414293003,1.1780949477532003,0.5799873165833421,-1.2442507366187978,False,True,False,False,False,True,True,False,False,False,False,True,False
0.5451084322412929,-1.060903564723193,0.361253533450832,-0.25986222429910605,0.5687891226886753,-0.5937258218847364,-0.46064310322084323,0.5230502006091613,1.592399879366248,1.6056518548544905,-1.2524795615221123,-1.3908902297379349,True,False,False,False,False,True,False,False,True,False,True,False,False
-1.2660558094390824,1.4894432266506654,-0.6621368156321233,1.2804882568406493,0.2865886381172319,0.2579556824755753,-1.556068378073163,-0.8671089641726527,-1.5482593641216618,0.5686707037648934,-0.9435768240991582,1.0598458670122919,False,False,True,False,True,False,False,True,False,True,False,False,False
0.2964417305581859,-1.6712663447558402,-1.6181228866182882,-1.0936437491146622,-1.026828724946008,-1.2868696105169666,-0.45988893244498535,0.9111112633637127,-0.16176386837890605,-1.5883696186961775,-1.4817342334116077,-0.2757711801481085,True,False,False,False,False,True,True,False,False,False,True,False,False
-1.0097288547170475,-0.8684401904840832,1.618297466252556,0.49234542684242394,-0.9249098690759817,0.9227628500501539,-0.8251801840324263,-0.039806428337046014,0.2953448653018555,-0.2864482367913299,0.9288660288631367,-0.4287585653030985,False,False,True,False,True,False,True,False,False,False,False,False,True
0.17614573905212896,-0.5300388556289309,0.9187811836471533,-1.435034950398497,0.604265039269622,-1.0241496737771243,0.8513728215769627,-0.7127932603553203,-0.7724852100190466,1.716024767571676,-0.19972988436036992,0.5127288396031761,False,True,False,False,True,False,False,False,True,False,False,True,False
0.03444951385167978,0.8591777882926221,-0.4171071747044631,0.6029769140905917,0.5130695750740213,0.3294217102971844,0.9803006124867859,-0.6552576536310846,-0.3398522511533741,0.8340432729475046,0.10078757532527909,-1.158156062376504,False,True,False,False,True,False,False,False,True,False,False,False,True
-1.587673401742171,0.41871279432280745,0.08755870553484792,1.4881739245431542,0.6266115776690356,-0.18162442414568164,1.1309832803528264,-0.4348693852728876,0.44117226820528127,-1.6590696636996827,-1.7145459488494508,0.9657791844959462,False,True,False,False,False,True,False,True,False,False,True,False,False
-1.1348631742281472,1.6664099800266938,-0.1832753926730251,0.660105014265731,-1.090679206210114,-0.3985090322481621,-0.7316761214360534,1.2390699435638506,-1.391825938455207,0.6066004304040042,1.1136796989813547,-0.3608474632505367,False,True,False,False,False,True,False,False,True,False,True,False,False
-1.5925174335819834,-1.6716773987297648,0.6425382833426952,0.6012399081308931,1.0149085127528072,-0.3715171158901668,0.9378090157490194,1.3048860442420251,-0.9744739513450724,-0.4965257055545378,-1.7243976021965586,-0.4469664803639471,False,True,False,True,False,False,True,False,False,False,True,False,False
-1.0596280033898213,-1.1140981565480592,-0.23651805128487438,-0.13368581751933567,0.8050372642264687,-1.2802617962628124,-0.2584614985753541,1.3274445193738065,-0.5346838516582728,-1.3375067781751682,-1.269778485279231,1.3086362809489278,True,False,False,True,False,False,False,False,True,True,False,False,False
-0.07758061933250776,-0.8495748594447363,-0.4580240324273945,0.6169698827807253,-1.157471743218966,-0.09866189954915808,0.1438060047004794,-0.5579279533672149,0.5903196106343237,-0.16800671471474526,-1.410547549436489,-0.9859452741015721,True,False,False,False,False,True,False,False,True,False,True,False,False
-1.5325641237369634,0.7246215119788649,0.39725541231979145,0.3864049165858188,-0.12390717897277093,0.2717362098249677,-0.042827864256813314,1.3350041139151516,0.39357556700987584,-0.0895815871615334,0.058041447374092836,-1.0144028478073477,False,False,True,True,False,False,False,True,False,True,False,False,False
1.3237583861883742,0.7021069187191802,1.283321997426308,0.5578360185864081,-0.21930600033559017,-1.1194619553245932,0.7429459069395373,-0.5764603919267769,-0.23528570010208744,0.12814851808950434,-0.3609225899246509,0.3678258415229805,False,True,False,True,False,False,False,True,False,False,False,False,True
0.4328075783109935,1.257657549305575,1.057775935343933,1.5733308985904153,-0.846915945070073,1.6185627982770419,-1.2519056692715413,0.42434309013166016,0.6779424015683502,-0.5667285535061991,-0.9428571788466229,1.2659762372518941,False,True,False,True,False,False,False,True,False,False,True,False,False
1.53753382261544,-0.5018603544719791,-0.3750625904886739,0.11787760525804501,-0.04358147759613906,0.7050263066552471,0.529671727971346,-0.6689767183832388,-0.7290291609557299,-1.6126797731985203,-0.3149691116541865,0.7746068561595861,True,False,False,False,False,True,False,True,False,False,False,False,True
1.7399491371877502,1.4338793623107173,0.0532983234796413,-1.5320182120926724,0.9106990806151452,0.85094888994775,1.0445696065989483,1.3522511422037453,0.2551975111140014,-0.33734088005895546,-0.07332285676692644,0.907794870955903,True,False,False,True,False,False,False,True,False,False,False,False,True
1.310602631906449,1.5342578764676937,-0.42338640031336505,-0.76002034981447,-1.648074334667105,-0.044908590776522234,0.6737109318858219,-1.7283441391753376,0.6144729651259423,-0.750235435727564,0.5004950326398463,1.624608841973171,False,False,True,False,False,True,False,False,True,True,False,False,False
-0.7146130749300729,-0.03714826914433119,1.2898524710038164,0.611192954721579,-0.16975782170356837,-0.057760590321573366,-1.6091277637676917,0.5201538588887376,0.006413631089215531,1.3261646306318158,0.8181154510913297,-0.21737245546116435,True,False,False,False,True,False,False,True,False,False,True,False,False
1.5086421826054173,0.027861267311972374,1.584701995796236,-1.6110278937591713,-0.67709783852454,-1.5711065194886888,0.8054609223858632,-1.2590448655393087,-0.8815190217223972,0.2760961929845664,1.5234691927080222,0.4001671632056416,True,False,False,True,False,False,True,False,False,False,True,False,False
0.7572952716475744,-0.7105721170200385,-1.2165268563713854,0.6461201511152683,1.728886473240819,0.1082553113553982,0.10069007208303592,-1.0218591116261675,0.9514391653046571,-0.11533610680814406,-1.4020533108949766,1.520684771330242,False,True,False,False,True,False,False,True,False,True,False,False,False
1.2396047379870039,-0.13062618571153484,1.0351656313952002,1.0151099517330255,0.6497869652050102,-1.662245736471931,-0.2546593051005214,-0.6933535659482969,0.3305758164158007,1.2050935178502118,1.0208986655863754,1.3375235221092077,True,False,False,False,False,True,False,False,True,True,False,False,False
-1.5446060619518607,-1.153419863342734,0.4681669718888852,0.8003186325867638,1.3646355016762342,1.6101285171592319,-1.660163342402167,1.0200576627569695,-1.6577775452909222,-0.013020426961597902,1.5996925649488503,-0.5644460273548624,True,False,False,False,True,False,False,False,True,True,False,False,False
-0.5224346858762821,1.2942691644369746,0.58688262451872,0.8068236760893226,0.36017231614353845,-0.9393318929726242,1.484245928076165,-0.1266097550824502,0.7590540450796448,0.6104610114754837,0.6889087307877895,1.1875064877479857,False,False,True,False,True,False,True,False,False,False,False,True,False
0.01279497935140389,-0.1412165274472864,0.9845068634896758,1.4280685296392566,0.9877150536529514,-1.4825545717759516,1.516795336004486,0.5451219366039289,0.6302963050435865,1.6960131878820963,1.6673980803925281,-0.26904783089145123,True,False,False,False,True,False,False,True,False,True,False,False,False
1.4742519610928264,-1.581015583054276,-1.2155971364968141,0.21341177535439118,-0.2552519958158812,1.2123776585655963,1.1021457643908863,1.319750203817251,-0.9070950791145431,-0.5603883373482121,-1.7301739104065526,-1.3284489406056934,False,False,True,False,False,True,True,False,False,False,True,False,False
-1.0480372788526278,0.8330767281680636,-0.05478219419327393,0.5394462330872108,0.5697321376109495,1.0054473411163776,0.7421055551601317,0.6554077829930399,-0.49487830651663955,-0.439245176780136,0.8717893902937071,-1.7214155027149738,False,False,True,False,False,True,False,False,True,False,False,False,True
0.49968991115895994,-1.329834265117956,-0.9631328524962103,-0.48911501182884665,0.1120235440154115,-1.4589879925781613,-1.2280065671799525,-0.39569770590183007,-1.5310791044706062,-0.3831661073415239,-0.9321909406691677,0.42006315990308124,True,False,False,True,False,False,False,False,True,False,False,True,False
1.3366481832646429,-1.2210933332332736,-1.1532988837766749,-0.14759160595770962,1.0099565450543389,-0.5778473703319255,-0.6301265108256181,-1.6324854384869831,1.6437142666969713,-0.13263546995067738,-0.22449256692045885,-1.6187924869813861,False,True,False,False,False,True,False,False,True,False,True,False,False
0.673061876413549,0.29251207407539276,0.9504460246221521,1.6143622459850373,0.20158307367943565,-0.2835468618048383,-0.19449033105933336,0.7509254419692138,0.8039516544263424,-1.6271980221643911,0.3165248679734215,0.9080492631155674,False,True,False,False,True,False,True,False,False,False,False,True,False
0.0004080385368689945,-1.3884827248199867,1.2830561715923314,0.8071606077626702,-0.09802679110595759,0.7622216503709506,-0.6406147969532129,-0.4836286997519217,0.05288937278975813,-1.1951088475458977,-1.7013081341013963,-0.8156067964373824,False,False,True,True,False,False,False,False,True,False,False,False,True
0.3793236150951779,1.607772562399979,-0.025734101437744905,0.9966457305190903,0.1455122613049809,1.1228328785495407,-0.936581245626773,0.5107949837876643,-0.3544624037085727,1.3184110073109174,-0.6298551570277959,-0.1583121263579597,True,False,False,False,True,False,False,True,False,False,False,True,False
-0.9162344126044332,0.28334348357596173,1.3628397642235663,-0.03546293747447327,1.4260482194823247,-1.7372906690085994,-1.0891577502507144,-1.1447342642268141,-0.09146459312400358,1.637105367279174,1.0417492930728072,0.11009060633478553,True,False,False,True,False,False,True,False,False,True,False,False,False
-1.461268794615311,-1.167383138908964,0.175190255172307,0.196653052498585,0.9015797877167755,-1.2708925340664297,-0.6693782831776716,0.8761693112867691,1.1530801970802589,1.1191902386972972,-1.47160297816983,-1.0286430731605594,False,False,True,False,False,True,True,False,False,False,True,False,False
0.9163756542162955,-1.2691342973342736,-0.9508462954742051,0.49266418223030395,1.398732741558132,-1.5636178412882504,-0.04197030937515383,0.18576952433632374,-0.2585396567607834,0.4542116838799745,-1.4387163658346482,-1.2916130101059193,False,True,False,False,False,True,False,False,True,False,True,False,False
0.7954926345989471,-0.7610601721466143,-0.26823994804071516,1.1346165537458583,1.0990142454502287,-0.9893241974693815,0.7355449419959831,1.3379698643210443,0.8730305002002747,-1.0966028182032201,0.4240241146616725,1.741849628104208,False,False,True,False,True,False,False,False,True,True,False,False,False
-0.7779288022421249,1.5603936355384609,-0.4964655818606223,1.0903373046184874,-1.0765924687518613,-1.6053479550667786,-1.6055018296283647,1.2479002351542496,-0.3293312748806793,-0.09937042974511728,-0.9639683344346646,-0.8294210183877183,True,False,False,False,False,True,False,False,True,False,False,True,False
-0.5754885434759313,0.2740468914657484,0.4272901798239911,1.4760515892408097,1.3676683751431677,-1.285160287569705,0.9467478341101122,-0.07647267901409767,0.6239087019338807,1.0555476118273928,1.6927741802467378,-1.7342911122176614,False,False,True,False,True,False,False,False,True,True,False,False,False
-0.4278338579166277,1.7223972116582473,-0.6134764835429769,0.32054268931699514,0.4566463511347922,0.2279605655806001,-1.3669011056019806,0.7662104067664715,-0.03478792531636486,1.207548602520374,-1.006126898667864,-0.7818724300575687,False,True,False,True,False,False,True,False,False,False,False,True,False
-1.5719641678872058,1.31360806456217,-1.2170733396311102,0.03135173231017541,-0.6484237595466353,1.3952863112837175,-1.2075954069773678,0.9361237667861382,-0.005887623207845979,-0.16732086459518625,-1.0148938647734722,0.2697066225421818,False,True,False,False,False,True,False,False,True,False,True,False,False
-0.44810439999545015,-1.2017012032085492,-1.1181526067071967,-0.9314448149020526,-0.105265785642935,0.6844693902042224,-1.2525593131649124,-0.512175382800091,0.07613407418892836,-0.5982905091835868,0.32928541013601953,0.7492051722769786,True,False,False,False,True,False,False,True,False,False,True,False,False
0.28758086943666866,0.5296949660145785,1.0611779804643973,-0.015522210484231155,-0.4583351182866438,-1.6779491708055343,-0.1584510690998678,0.571458829635693,0.664178887239606,1.7201824253108837,1.130645868890672,-0.5801257058135608,True,False,False,True,False,False,False,False,True,False,False,False,True
-1.5105241763644588,1.3246095907366406,-0.6890195419362307,0.7537073143817102,0.48378126652812276,-1.2504738821465764,-0.07528202947280804,1.290932521386762,-1.0330628102445534,1.681931622968612,0.5365557382183129,-0.7771977008774691,True,False,False,False,True,False,False,False,True,True,False,False,False
0.34230125193525834,1.4376121447224997,-1.3105565375604724,0.4894544093529371,-1.0011781163452662,0.8810049655620541,1.2742906829759455,-0.15705225250830063,-0.6213312737374739,1.6885849669395434,-1.21111453811363,-0.9299155688523408,True,False,False,False,True,False,False,True,False,True,False,False,False
-0.62943011227929,0.2937259599311233,1.4959545417132887,0.4800449356380262,0.8582109224556366,0.17147149973169087,1.239032660853716,0.9275657614280937,-1.414494582569171,-0.3333530173794008,1.5559320200937736,1.5306949605263027,False,False,True,False,True,False,False,True,False,False,True,False,False
0.835542843490102,1.2998963209568455,-0.6300958303448178,0.012131173479595114,-1.1629315834394687,0.0877237448780536,1.2451539770961682,-1.2875494050273493,1.2640987654737763,0.27514342638611505,0.17164094559736043,-0.5816196250475474,True,False,False,False,False,True,True,False,False,False,False,True,False
-1.6335763604020999,1.2122771719701115,-0.3854658994886904,-1.4707398485214618,0.5707393257578912,-0.2383917378887609,0.8164538210169547,1.723302157355804,-0.08181275191330237,-1.5897063686157318,1.047911658262189,1.0001216974861828,True,False,False,False,True,False,True,False,False,False,False,False,True
0.5188553044301639,1.420856820942977,-1.1625733561075782,1.476684817170136,-1.6917908068324266,-1.6004349772259,-1.6004879997573438,-0.6467550737613513,-1.4737686305569548,1.061921637155776,0.9179359413597984,0.5830336568798612,True,False,False,False,True,False,True,False,False,False,True,False,False
1.6180397638406923,0.5379839409774464,-0.9094208491707245,-0.1465465630101496,0.008816964004076663,0.4391176358277712,-1.0648045758289235,0.22925540983050632,-1.3149361439842824,0.06331776022559563,-0.057252482679753074,-1.6651184865112905,True,False,False,True,False,False,True,False,False,False,False,False,True
-0.5641115420577022,-1.0700615117635384,-0.030608220353466786,0.1193566502171724,-1.610098422341705,0.6234990158226987,-1.2671187492971914,0.17414946445386484,0.5874581111216935,-0.4068659669942466,-1.6094912360997258,-0.07159670388157628,False,True,False,False,False,True,True,False,False,True,False,False,False
0.6189873186032365,-0.21745681751884846,-0.37456770445063464,-1.2741509565171791,1.7319827529083467,1.281239812769545,-0.6810020336790299,-1.2993915741903155,1.0479680829785096,-0.7180670490444976,0.4970412332012887,1.6451005735392445,True,False,False,False,True,False,False,True,False,True,False,False,False
0.8482294878844111,0.43024125580350814,-0.6646434902906792,-0.03412914472803175,0.661860298355658,1.0085223125737068,-1.1996845828825096,-0.8161499109705597,1.6543661087635777,-0.7589039465142386,0.9942884402461193,1.015048422507721,False,False,True,True,False,False,False,False,True,True,False,False,False
-0.18875874595328504,0.3304718270157463,-0.7564141870614448,0.2241755649078026,1.4526840668303482,-0.6223886233482616,0.3670648515699578,-1.645462065900655,-0.1843257205299182,1.5610012468224488,1.1531277165511338,-0.6063862859270666,False,True,False,True,False,False,True,False,False,False,False,True,False
1.61336925908878,-0.16906084875171673,-0.8939282908846912,-0.8972989740496007,-1.438179514239811,-0.5637046653274354,-1.6290789970401127,0.9112986295429562,-0.6289221083050097,-1.2927937560771343,-1.006238967530995,1.1586419051545362,True,False,False,True,False,False,True,False,False,False,False,False,True
0.9930076802259695,0.4442884233332645,0.020532176704750615,0.7334101952022204,-0.7508785072437814,-0.8072829711823185,-1.3343451285684105,-1.106305298685367,-1.5927721745633772,1.6191856827598048,-1.3710624284242077,-0.9097720036645712,False,True,False,False,True,False,False,False,True,False,True,False,False
-1.56563334678461,-1.3626998988270702,0.7252031519211556,1.304012718795579,-0.6958335273292275,1.6069340662215224,1.4089695828090987,-0.4593796719621552,0.7447067037361553,0.2809144139920606,0.3889878631185269,-0.8192754896883576,False,False,True,False,True,False,False,True,False,True,False,False,False
-0.7129752905921124,0.9967457855747275,-1.2547471735154558,0.9204162175026351,-1.1432789132481238,-0.5781265688798615,1.3585280960240869,0.6605569399332253,-0.6635119798541268,-1.3730588947970683,0.745231943620818,0.7581195064466653,True,False,False,False,False,True,False,True,False,False,False,False,True
1.637630617133994,1.1975150056795945,-1.2998323785806434,1.0518172828550179,0.786508605312217,0.20392489682180165,-0.5195124084684126,-0.5152707126898961,0.3505888929539967,-0.7534768882983844,1.3361384549984658,-0.8951468381329155,False,True,False,False,False,True,False,False,True,False,True,False,False
0.16398216904059867,1.734740821213193,1.621395650485957,-0.6969555654217923,-0.6455039101037311,-0.8162899697163166,1.4404973161987074,0.3751909859650239,0.9451187673453898,-0.40472746028021284,0.3153030216419099,1.265176023576152,False,True,False,False,False,True,False,False,True,False,False,True,False
-0.5637903402392206,0.11276565670910824,1.6063287537870783,-1.1161622012741839,1.5512826828755761,-0.8315074823262086,-1.4158434264156075,-1.3071156300339755,-0.5912301876405882,-1.5729699948451024,-1.5897676109987107,0.27711277223325337,False,True,False,True,False,False,False,False,True,False,True,False,False
-1.5152028414505259,-0.23808335130330732,0.9500668638999025,-1.0003033817119926,0.765246996952176,1.4152904419294956,1.5924153633207028,-1.6845730187516004,-0.7325443999397986,-0.4338413056808312,1.7238252847568838,-1.469573358491487,True,False,False,False,False,True,False,True,False,False,False,True,False
0.4416380894043261,1.2702883500921487,-0.5147669838443456,1.5861228925778803,-0.6320744469859323,0.009889252710716064,1.2153224809134147,-1.2225040231887392,-1.1786216815211692,0.5845669838198132,1.0648877355426987,-1.5208310024591214,False,False,True,True,False,False,True,False,False,False,True,False,False
-1.361993093920716,-0.5612319535969285,0.6023627061898008,0.040184394909512894,0.17551558155336228,0.20574067530061477,0.6763563424555641,1.3361808004980282,-1.3449597655828731,-0.3613958630979085,1.1060355202479677,1.430874246003944,True,False,False,True,False,False,True,False,False,True,False,False,False
-0.24544357541584597,-1.2416943513212977,0.34176608397215424,0.6326484426135793,-0.6966537173700473,-0.86264855109633,1.2042921998214422,-1.5744208901703283,-0.3447896943774185,0.611485013934081,1.7185516354872639,1.1864071926791868,False,False,True,True,False,False,False,True,False,False,True,False,False
-0.25988542551463195,-0.9125247369946196,-1.494129806342976,-0.5784512568561032,-1.0748721817617513,1.333157208391314,0.4245686159989375,-0.0861279416688072,-0.7545056572879957,-1.0547382331836048,-0.24279375828585162,1.5889122092664039,True,False,False,True,False,False,True,False,False,True,False,False,False
1.4947630702419579,1.0637731406621784,-1.3550108614239678,1.1960017442445077,-1.4469118661741192,1.3288136398586199,-0.49202594715491915,-0.3892889009428853,-0.21426453038320104,0.6047165895132361,1.0738777274160527,1.0548189113531299,False,True,False,True,False,False,False,True,False,True,False,False,False
-1.0790128495856104,-1.4712978737975169,0.14278269780163222,-1.3709329755672977,-1.6697586213685525,-1.5602737078439037,0.7366656478964969,0.9341139281494082,0.9013525597476362,-1.3550573226636347,-0.36801261041509853,-1.0734973881624388,False,False,True,False,True,False,True,False,False,True,False,False,False
1.2797409783447264,0.969174004916741,-0.3908939170799662,-0.9224364657485512,-0.39823617914237647,-1.1730873824438908,-0.7092448849458679,1.0952982198338552,-0.4556597231053585,1.6224492337782739,-1.6513816482600034,-1.6510489865699383,True,False,False,False,False,True,False,False,True,False,True,False,False
0.5289642024480873,0.9001028693097761,1.627576413109153,0.2516804045766946,-0.19300622719813973,1.1935037897870353,0.300912779626336,1.42979293765424,0.44477202634481056,-1.6702521004924176,-0.017292682497888373,-0.571553670322425,True,False,False,False,True,False,False,True,False,False,True,False,False
1.0142163503322517,-0.9390662973999431,-0.5838138985100216,0.9719269544333581,-1.1500698468618396,0.025804910087855827,-1.653848883429012,1.4408644789209073,-1.466057061784741,-1.2778005761918736,-0.8693318486236876,-0.7552090472553064,True,False,False,False,True,False,False,False,True,True,False,False,False
-1.7268094506963676,1.2959020260615952,-0.42340137246979304,1.3554117368788694,0.8714195536509994,-1.3462468620125507,-0.6658557294588003,1.1352928823852877,1.4125996955010292,-0.7872865844364626,-1.5875167363870701,-0.9640347315951321,False,False,True,False,False,True,False,False,True,True,False,False,False
-1.5093351185648842,-0.27435508185170804,-0.7120364467068079,0.5825146273814211,-1.1794929806076955,-1.2683757011868386,-0.3568513809762562,-1.726428709814172,0.08767172223586601,-1.1428831488061113,1.3643110278627755,-1.0909762567598922,True,False,False,True,False,False,True,False,False,True,False,False,False
1.6318774056937044,0.9553693006569404,-0.621141470852641,1.1077206415289982,1.4724182341245764,1.3673476086878658,-1.0274656169879384,-1.6619011378669104,1.1010086922722864,0.523296100447477,-1.6927137138249106,0.18429245222223536,False,False,True,False,True,False,False,True,False,False,True,False,False
0.6079253131698759,-0.8830631513257136,-0.4785536778484879,0.8921049300739643,-1.2931117143037136,-0.31899898556033707,-0.9435777765648742,-0.6145548170270582,1.6727252487474324,0.8637572838647473,-1.014501259491055,-0.660460834766721,False,True,False,False,True,False,False,True,False,False,False,True,False
-1.4444700365476413,-1.4133173495940645,1.62485238367303,0.3325476369701587,1.4994457720446,-1.4293042088518404,1.3834426331827143,-1.4839288576309029,-1.175434028390888,-0.3500403636911293,0.8790688323778342,-1.0289222381910401,True,False,False,False,True,False,False,True,False,False,True,False,False
0.6999578597266654,-0.26499231624004566,-0.8014765297188415,1.3746173114608,-1.732743637410335,-1.2948578772591073,0.8770812974471229,-0.7323146408912667,-0.4999838362807942,-1.0461991584148462,-0.27431436016104754,0.6240624525687939,False,True,False,True,False,False,False,True,False,True,False,False,False
1.308095002148752,-1.195022789941888,0.6863973727392733,-0.39299095880074125,-0.8535331505655761,-1.618279933076191,-1.5726632327404866,1.647317223687183,-0.37284668378681607,1.3899618214538583,0.059573280990626566,0.9696913641318026,False,True,False,False,True,False,False,False,True,False,False,False,True
-1.3601160457566484,0.31181871417092405,0.5168042702683359,-0.4464737824822292,0.31939129076041156,1.400047219212003,0.7618207233684181,-0.6887370028496674,-0.10648550851424742,0.3000718960607413,1.3253227557289369,0.7602316702446279,False,False,True,False,False,True,False,True,False,False,False,True,False
0.2083688051650444,1.3193641969394192,1.148259965024161,1.2725589091279428,0.9755223052322615,1.2325019083070285,-0.026911235624153276,0.8615573745889747,-0.9291652036940897,-1.648494873916216,1.42251638639262,0.8230986686608021,False,False,True,False,False,True,False,True,False,False,False,True,False
-1.229757177753523,1.3163177991624109,1.0692788663102626,-0.045087683709935544,0.17264545755629615,0.8753875188505715,-0.29636059313774293,-1.3206417568265436,-1.579917021602121,0.1478049538269824,-0.17723596690713403,-0.8295718984936636,False,False,True,True,False,False,False,False,True,False,False,True,False
-1.2916194410143995,1.724504125712776,-0.500125823827941,1.4065755502349417,1.7274050225058792,-1.5513028095560337,-0.8790977054688486,0.4340887663302973,1.4507057126180483,0.2500627715358791,-0.8021963433940944,-0.48609044291624326,False,False,True,False,False,True,True,False,False,False,True,False,False
-1.093135479786299,-0.300774012894107,-1.2282148947122142,0.416890951404273,-0.023387060762337437,0.010595691966494394,0.6474238987568615,1.489546463606293,-0.6853901564310636,-1.1770775786757341,0.2919538785602302,-1.5761109832245668,False,True,False,False,False,True,False,True,False,False,True,False,False
-1.3526938261968608,1.5138455741570664,1.0679890223274981,-0.28054129569662994,-0.10478019558726201,0.5642374567094911,0.8656686952364765,1.4204693999652551,1.0733568527367217,-1.191790595382308,-0.13743436139637852,-0.8331099778970396,True,False,False,False,True,False,False,False,True,False,False,True,False
0.2810138296244999,0.20565191155337703,-1.585801108928259,-0.1461965398440147,0.25279991511939404,0.7928495537580059,-0.9357499754713567,-1.599948612934922,0.6023695706787987,1.6574038867140874,1.4625852113669835,-1.3477944376408753,False,False,True,False,False,True,False,False,True,True,False,False,False
0.38929092117944614,-0.27717006118981813,1.2375123245186537,1.463286555731385,-0.3901258412650404,-1.430355645844949,-0.7599908358820293,1.269456866188975,-0.9614051845283349,-1.7009330227679589,0.6426932501152842,1.3154082300066736,True,False,False,False,False,True,False,True,False,False,False,False,True
-0.3447866802537688,1.7183631690643,1.606307586047784,-0.83918833870719,-1.4459975972172705,-0.4486379324973986,-1.031806224020397,-0.8562853270628207,-0.6623408443705018,-0.960742313814172,-0.5338399427062726,1.440087204512592,False,True,False,False,False,True,False,True,False,False,True,False,False
-1.3096518872688807,-0.15470889620663644,0.8608191587901477,-1.530043634920071,0.9132820027614011,-0.2837824831738494,-0.6435987766135998,-0.18176608717428944,-0.21320696201701123,0.1672607814776725,0.49966000302386937,1.3384345726229767,False,True,False,False,True,False,True,False,False,False,False,True,False
1.5225768001197537,-1.596070201433517,-1.0445020204761373,-0.6775736673765057,-0.719316316415398,-0.7888257608766968,1.6247221037825588,-1.504886378605353,1.1472939008828154,-0.0660046815030374,0.6428331463494562,1.3830662963544504,True,False,False,False,False,True,True,False,False,False,False,True,False
-0.8259523059768634,-1.454816103464692,-1.0184154274506425,-0.7623161832942607,-1.000980258278459,0.05270582105211626,-1.6283936315955658,-1.7281567986327158,-0.6407605574126153,1.6654280277695868,-0.2651978070093013,1.1082518443744003,False,True,False,False,True,False,False,True,False,True,False,False,False
0.8628012678700374,1.0377200896659833,0.4814749123095504,0.8751549138020663,0.5454748920036828,-0.8618761635837394,0.26674355211400963,-0.2971506151500491,-1.4915697473257747,0.2806225737503535,-1.739912444185816,0.8139284517889733,True,False,False,True,False,False,False,True,False,False,False,True,False
1.2687604193677342,1.3768912338930297,1.3598647964831363,-1.5896841020313712,1.2358027547713955,-1.3359541325950506,1.356614945566517,0.143041119430979,-1.4387324679824052,-0.15739725801521537,1.2491405418967572,1.122340069202798,False,False,True,False,True,False,False,True,False,False,True,False,False
-0.3669454815773483,-1.2142125284944008,-0.650860984692593,0.9819222486668508,-1.6169552953023651,0.030894265871600737,-0.4786860777822726,0.34953794427400536,-0.8538498564155296,1.6295094270918289,-0.013236090061334289,1.277067885865572,True,False,False,False,True,False,False,False,True,False,False,False,True
-1.6401962448121998,-1.692058701860026,-1.6010376540824363,1.5775274436971483,-0.9921218084103892,0.7290639100747516,-1.3393717792837767,0.7951778168389725,1.5453201325459738,1.429130793188541,-0.35209523233693313,1.3243553943076019,True,False,False,True,False,False,False,True,False,True,False,False,False
0.6553664874977272,-1.6583995371633151,-1.6079929544035223,-0.1372452544549497,-1.128745399377831,-0.3195375915758667,-1.5368923775806391,-0.5670104218646689,0.468740273616925,-1.303919091290792,1.2688580012206436,1.533097689370235,False,False,True,False,False,True,False,True,False,False,False,True,False
1.6947287891209486,0.907608870448452,-1.5544980930354106,0.16342266158803842,1.3325382944340445,0.8717268329634984,1.023830166924926,-0.7488955409839295,0.5687881827810837,1.3653158134802925,-1.1078236735066365,1.3196233774665427,False,True,False,False,False,True,False,True,False,False,True,False,False
-1.3341533776589505,0.6333299197087431,0.1714257348536436,1.2824324066295159,0.4021785355913804,0.10220129689087529,1.7081401835178216,1.2714973847301165,-1.5658180948949634,-0.11989652344071298,-0.3190054410362521,1.7185409999547037,False,True,False,False,False,True,False,True,False,False,False,True,False
-0.1335644464290093,0.12020100289899248,-1.3566449158865646,-0.20099197520675469,0.49616126972944685,-1.0091779763492075,-0.672592729991093,1.3016539000402718,-0.9426229721641963,1.1090928865976981,1.5990904303927442,-1.740168068125792,True,False,False,False,True,False,False,False,True,False,False,False,True
-1.4287248983033132,1.235055276342994,-1.5803714779660425,-1.1893446572129647,-0.3485159103357288,-0.27050352275867684,-0.8125908336607129,1.2472469385256437,0.9458225779968469,-0.17795194291376887,0.5769822739914614,-1.2246537279799776,True,False,False,False,False,True,True,False,False,False,False,False,True
-1.1438066970437943,-0.6305003119396678,-0.549272415801266,0.5995117330040257,1.228605412447261,-0.7401083496060835,-1.461359546622297,0.14930561788921895,0.589376142726713,0.05903942233661338,0.7051909145727223,0.9082950513464664,True,False,False,False,True,False,False,False,True,False,True,False,False
-0.8949401250227121,1.6077752469683062,0.15362394773892307,-0.3307982074037313,1.2516191003347077,-0.2937199907584446,0.42380249462879505,1.0994854688962679,-1.6642739467772292,1.1517137046349206,1.2256254384062304,0.6674814242767324,True,False,False,True,False,False,False,False,True,True,False,False,False
-0.8298269325510946,1.058571896213671,0.7204928709742002,-0.44927323475202724,-0.3741305013049768,-1.2208855606217648,0.37354727307021673,-0.4409457982716187,0.3608214062546121,0.4974643461359112,0.385529936054386,1.5660468577745734,False,True,False,False,False,True,True,False,False,False,True,False,False
0.4985966288450005,-0.8351852426354579,-0.8226184103639921,-1.7070932368863772,1.3320064593254963,-0.5701071183129209,1.4791362102510328,1.5589527272032226,1.0663216541348517,-0.20319074277858132,-1.5316295808625073,-0.006953647306381601,False,False,True,True,False,False,False,False,True,False,True,False,False
0.6292832170516138,0.04281789527362551,-0.34062867295545535,-1.684908335936432,0.9548159161543036,-0.4922757841112957,0.6647548749417515,0.9167222836017865,-1.2803122400908664,-1.2162254680484021,0.0068680042562930714,0.9821920502549051,True,False,False,False,True,False,True,False,False,True,False,False,False
0.7612218771313172,-1.2264850050505316,0.4594528025592768,-0.9599113736550843,-0.3265643742624126,-0.8017176903562276,0.6126381692944258,-0.8890270722934935,0.5114634413762638,-1.0808089530027127,0.5068794868477521,0.947552067790349,True,False,False,False,True,False,False,True,False,True,False,False,False
-1.2769970656497482,1.5197644080503254,-0.8694357249256672,1.0274519804905065,1.312622433095334,0.46672381750713093,0.9655939433286705,-0.5172392405573134,-1.4877087943090823,-1.1385872700110788,0.8477045137854209,-1.4390802621122512,False,False,True,False,True,False,True,False,False,False,False,False,True
1.7103535349506642,0.320491814549746,1.488411879571434,0.8199756961072503,-0.01870462506689256,1.5878700662195069,-0.43607966777107326,0.8375248701500104,-0.19620744392354678,-1.3494044898263535,-0.014957207596354839,1.3025560803104141,False,False,True,True,False,False,True,False,False,False,False,True,False
0.17038656444014652,-1.058498688663266,1.3580200850244266,-1.4548879600557365,-0.19193062347744524,-1.7066120888673149,-0.6256218124611129,-0.6075363590274203,1.026642814779107,1.7077332741387403,-1.6192053453137023,1.025952690739634,False,True,False,True,False,False,False,False,True,False,False,True,False
-1.3224902141007502,1.0154039618372102,0.16517754010674407,1.1180822591668254,-1.3973230728129598,0.4594603599546996,-0.04572940710070904,-0.6161209730592406,0.6447769880958487,-1.702035771707293,-0.11697224632227618,0.3329348335572156,True,False,False,True,False,False,False,False,True,False,True,False,False
-0.9120059150873895,-1.0114849713477223,1.7013112536733248,1.4587914163217335,-0.4562537576166626,-1.4249995270072828,1.1827571164680986,-1.6105919608855326,0.5693317676014769,-0.7039105505470079,0.662990394210568,1.0150370548787846,True,False,False,False,False,True,True,False,False,False,False,False,True
0.34384074989557234,0.7730886271912513,0.05495176460775415,-1.2630339756840612,-0.10203920207829914,-1.040461579910284,1.2189769106936936,-0.13277266680107616,1.1446455538145681,-0.3457396495873999,0.7572760886027542,-0.3180957117786102,False,False,True,False,False,True,False,True,False,False,False,True,False
1.6212913147231607,-0.5588889066736553,0.19552835987783979,0.5360364520982402,-1.5487973785745142,-1.7271293054919234,0.16028123554230672,-0.4763439406160381,-1.1869209289844536,-1.5515302440393413,1.292332339229835,1.2298244616038883,True,False,False,False,True,False,True,False,False,False,False,True,False
-1.4410918698655488,-0.2798635878585178,0.4848014636019779,-1.3295615670395085,-1.6001095618590448,1.622895746254996,1.6478612109555246,0.8064068493542326,0.30225032654104667,1.453606946923065,-0.5608541085659343,-1.0851834342242925,False,True,False,False,True,False,False,False,True,False,False,True,False
-0.43198120704752657,-0.22678666758420268,1.6455014622412625,1.350752452652901,-0.011851983956278676,1.1765903256089936,0.4554512185279367,0.6261096456147006,0.3090336900855363,-1.655453961253632,-1.4505662879409587,-0.17373102984020974,True,False,False,True,False,False,True,False,False,False,False,False,True
-0.8272674521097753,-1.0579908397832463,0.01697942025928311,0.854799225496825,-0.5622119516289322,0.7351054816435295,1.6834017197936872,-0.1881112376116544,-0.5604211496581828,0.053429711160586965,0.8230488947472686,-0.5598726672172236,False,True,False,True,False,False,False,False,True,False,False,True,False
-0.7231905619030295,-0.6179284927987602,-1.2114721913186952,-0.6179921155385959,-0.5122667567820586,-0.8190521531495005,-1.0092410178571067,1.1859905715514256,1.1275961059629651,-0.6974112763747418,-0.5583287878329056,1.6909481954138044,True,False,False,True,False,False,False,False,True,False,False,False,True
-1.0398358024387648,0.8171426673912195,-0.11003811260503087,-0.11184199493084254,-0.3638994563669129,-1.7145962498181684,-0.4747777446975184,1.6673899212108338,0.9692546058512879,-0.6272404507911236,0.6881316313210057,-0.6842745579663995,True,False,False,True,False,False,True,False,False,False,False,True,False
-1.2390108833052826,-0.6700030407299186,-1.0949616152659047,1.1437708541299891,0.3853190978804568,-1.4572845719578822,0.9588554154646646,0.24910524399240133,-1.4266088015918024,-0.6122590388304725,-0.0206955570040393,0.3839679429599916,False,True,False,False,True,False,False,False,True,False,False,False,True
1.6820428528128968,-0.992271220513693,-0.4563874849744916,0.12009924457340158,-1.5554932927346856,-0.5209892846372762,1.361272068130936,-1.5479924138371217,-0.5857747448317046,0.6673806295624987,-1.0885855435053768,-0.5685548742559512,True,False,False,True,False,False,False,False,True,False,True,False,False
-0.41862515944500256,-1.0020966796943434,-0.35412771915758545,-0.7760306805458912,-1.727386237475593,-1.4421930720832985,-1.2172885730068914,0.7724350106978952,-0.6095522174484822,0.1390379841858611,-0.2668021055975649,0.047679392872111925,False,False,True,False,True,False,True,False,False,False,True,False,False
-0.791936423697614,-0.9508960669594874,-0.8741371651779306,-0.03024414183097366,-1.1712762623238313,-0.22268151858929652,-1.4312347386180635,-0.6813251930718454,-0.11621059378600057,1.438374886568666,1.4036621146907557,-1.2206286212464184,True,False,False,True,False,False,False,True,False,False,False,True,False
0.712969426580437,-1.6998156233867743,0.13953458949775596,1.2630101551623754,-1.156175766083314,1.4656129579950874,-1.633863140875015,-1.3526141250360268,-1.5563658629123087,0.5588923617117498,0.06554476005017908,0.16398796832525278,False,False,True,True,False,False,True,False,False,False,False,False,True
-1.4229902713916114,0.33934510247065486,-0.6099244898301115,-0.9987684788861212,0.9231826531882974,-0.0294972669342899,-0.5217160708136981,-0.3092085099317822,0.08558368611385415,0.5539519475754975,0.5219645342643421,-0.12700314165154164,False,False,True,False,True,False,False,False,True,False,False,True,False
-0.039522474388039006,-1.3171931941468176,1.6719215951078976,-0.5511747091843955,-1.027966835932331,0.5101905819907854,1.1298861179525892,0.7878662503292272,0.7252889212459589,1.2429526771576784,-0.5655121735529324,-1.5868302041379616,False,True,False,False,True,False,True,False,False,True,False,False,False
1.514712635719888,0.673157419883509,1.4328546252529808,0.7039978939541168,1.3429581576885197,-0.23116747806761928,0.05407704513647103,-0.5734513889729529,-1.252195401674008,0.4021735514810398,-0.9211602211250143,-1.3281327075894611,False,True,False,False,False,True,False,True,False,False,False,True,False
1.732113507261413,0.3174395354857329,-1.5952703094734524,-0.5917481770875485,-0.07894116723808887,1.3656267328457403,0.0785584210929856,-0.5820488561531794,0.1174871421099045,-0.22705357672474374,0.6226196428274668,-0.7220053116878118,True,False,False,False,True,False,False,True,False,False,False,False,True
-0.8982411996420004,-1.6222994037331286,-0.8683653674834825,-1.4907238006175538,0.1303258637076786,-0.36724696604328094,0.7551030210933408,1.568846490583491,-0.8979236241245105,0.7984129649622349,0.17102562241639604,0.24310181129304617,False,True,False,True,False,False,True,False,False,True,False,False,False
-0.4895288103343549,-0.2604857903319125,0.5201228855925115,0.12678029690512826,1.223045641313884,0.7357927353317452,-0.5771740562061908,-1.1734216989976096,-0.13313053352207002,0.21915222809418616,-1.256397164891565,1.1614084893884868,False,True,False,False,False,True,False,True,False,False,True,False,False
1.011465770498739,-1.1154587374019813,-1.7349022275458736,1.587417739924346,1.3937295930884903,-1.4419122371264825,-1.0806742048151874,0.0902894870599831,-0.43810884455112237,0.8795896848028495,-0.3362244537627638,-1.1994732370617602,False,False,True,False,False,True,False,True,False,False,False,False,True
-1.0730266765082448,0.6498634139879902,-0.5128180430588248,-1.6784122341280006,0.8004051383186636,0.9197499720162106,0.9152024736014707,-0.45986376481546587,-0.2120807229233237,0.8654427426492238,0.20798311670403488,-0.26496407712149433,False,True,False,False,False,True,False,False,True,False,False,False,True
-1.3618665819554698,-1.5472336670690907,-1.2353436149541939,-0.1179214278376155,-0.007391500695882402,-1.287183854650958,1.4477677883446576,1.6900182637259378,-0.7530481388608744,1.3295775593510177,0.9585728323582988,0.1873867820231043,False,False,True,False,True,False,True,False,False,False,False,False,True
0.024571566597645398,0.40557574239129834,-1.393228562559539,0.04787395592037374,0.8923127043131831,-0.30822831518112903,-0.4412873536436686,-0.8698485066871643,0.7773664429686568,-0.3114536755476304,-0.6519792416495827,-1.5129038554855618,True,False,False,False,True,False,False,False,True,False,True,False,False
0.27687136838190923,0.4237142039293571,-1.5397725537085194,-1.5655524071029432,1.4027164881578194,-1.5805503325575254,0.48983872194580164,1.4237694375611907,1.3185707440026238,-0.7942608933775733,-0.3451230051452469,0.32772678315167975,True,False,False,True,False,False,True,False,False,False,False,False,True
0.020338820357488307,-0.3135934824119396,0.22926399477452045,1.2318000408857792,-0.9879842415642175,0.7368125902921023,1.6238660190127967,-0.22692891098776818,-0.3070463177733534,0.2752349236320701,-0.5702809723340757,-0.03581741796227697,True,False,False,False,True,False,False,True,False,False,False,True,False
-0.1165775746900236,0.04677610566910992,0.030725810397103866,-0.7649754853997919,0.5098963085612537,0.3870464153270421,-1.478186442337813,0.734244578475477,-0.35424767704922083,0.601461067372312,1.3869548338174724,-0.3816198805004638,False,False,True,False,False,True,False,True,False,False,False,False,True
0.8984696156821269,-1.490094782113492,-0.7345051720661276,-1.7442416851159261,0.9020537226499555,0.3532514608378505,-1.2271714260495696,0.7918920603002123,-1.1234601365352836,-1.2237117017750168,1.4953472100603533,-0.7625962587512068,True,False,False,True,False,False,True,False,False,False,False,True,False
-0.9054052266195363,0.3845031156709935,0.029212541816855765,-1.4351728665945866,-0.5999862913796026,0.7465087580154028,-0.7350968188158303,-0.9786883166809286,1.4763050013367012,-1.329726158942376,1.3162271569516428,-0.1273166100688665,True,False,False,False,True,False,False,False,True,False,True,False,False
0.5685684441922665,0.5544996015313033,1.5027263900980985,-0.7926707759564924,-0.541916595789048,-0.10433001749608084,-1.3194537912932462,1.1368836091699361,1.4548525800358336,0.22403257212223637,-0.20246862186184503,0.46203027160550597,True,False,False,True,False,False,False,False,True,True,False,False,False
-1.55213965659061,0.5143483313587134,-1.7070853887768267,-0.7993361168770345,0.3624453980651966,-0.19993442015559187,0.3068281216728805,0.8327622659632623,-0.19530904159432227,-0.33598444564511865,-0.5726819270205358,1.1102595087131555,False,True,False,True,False,False,False,False,True,False,True,False,False
-1.7140477038550415,-0.42854949866930564,-0.9237470185763696,0.0114490468199554,0.19439579825177333,-1.4928671899832453,1.7176583999155934,0.4547808790535313,1.31524359607363,-0.3192237941085701,-1.2276789111459132,1.250054955748418,False,False,True,True,False,False,False,True,False,True,False,False,False
-0.09085894179330091,0.12896712962277662,0.8743836613433619,-0.8269047065714638,0.529480587546534,-1.3374741176490725,1.4599647616847575,-0.4050034846553904,0.8648300125274292,0.2607338069078344,-1.269529723756404,-0.40029533100470643,False,False,True,False,True,False,False,True,False,False,True,False,False
-0.9406663688168375,-0.7266331505149994,-1.4777816335084786,-0.5859975363446799,0.4858250050938671,0.34629157766403545,1.650359288265678,-0.959946385223391,-0.42998768053878134,-1.1437020168887853,0.2818718816341459,1.1295681847481969,True,False,False,False,True,False,True,False,False,False,False,True,False
1.4674718115634424,0.7725922512140556,-0.553513624026621,-1.0377567637462084,-1.731768645105562,1.1692121987359871,0.19993472070575194,0.6600237111830435,-0.8190580873282556,1.2488681395400407,-1.728898324429795,-1.093750099466422,False,False,True,True,False,False,False,True,False,False,True,False,False
-0.9703901964823058,0.02606085907115375,1.177896999428762,-0.24575093294112904,-0.48070286169802134,-0.7301923973888206,1.6588326897055992,0.007548219866665762,0.7172415240190702,0.5711962950600307,0.1381263822304338,-0.7282469840393471,False,True,False,True,False,False,False,True,False,False,True,False,False
-0.31600020795580874,-0.7413708781476837,-0.9428582615782832,1.3955465032860264,-0.3828435415846124,1.5721611016507042,-0.13895782011157995,-0.34350156320669106,-1.141661579159976,1.1950881268220916,1.6034684583542893,0.8447019085015537,False,True,False,False,True,False,False,True,False,True,False,False,False
-1.6086202390018856,-0.5657130965809652,0.14589061815610566,0.9517934443239323,0.39288777089289134,0.14121817354790756,-1.2696777047360883,1.4883101594963715,-0.8758650541297465,0.16246038793371254,-1.5751569078652305,1.7180089410094204,False,False,True,False,False,True,True,False,False,False,False,True,False
1.02758371839262,-0.7110750365411188,-1.2641179189594802,-0.25689070273774234,-0.5096135396198372,-1.38367512631222,0.5353286892557046,-1.2609872277964407,0.8845508353642582,0.08484223101085366,0.3097339418553112,-1.673403001220953,False,True,False,False,False,True,False,True,False,True,False,False,False
0.5071062577605091,0.7657327370864256,-0.9087679875910586,1.3388490270573026,0.5153131960243698,1.4450642179150748,-0.6770494587252623,-0.05839952937677453,0.2912302752282047,0.809919216205492,-0.5848672124267584,1.7445755126488491,False,False,True,True,False,False,False,False,True,False,False,True,False
-0.6157425292064215,0.27017050560987316,1.149704870592704,1.0178985114852257,-0.3021274128555839,0.5519063796631084,-0.3847455047355177,1.6359694117766,0.7788886592544931,0.5752295425072174,0.21901143240515034,-0.7808508349431662,False,True,False,False,False,True,True,False,False,False,False,False,True
-0.8456668476197357,-0.9717430857235572,-1.1776676803664061,1.2965228455663644,0.37879471329614944,1.1198567694961852,1.7048177306424124,-1.2636500881103447,-1.360947372514717,0.9978085931009547,0.2965081413729551,0.013702097734225992,False,True,False,False,False,True,False,True,False,False,True,False,False
-0.4956899740816908,-1.299214314346493,-0.2746694829829672,-1.3223586248336154,-1.6752756551222263,0.8965710453651807,0.20028981663460424,1.0758397058718847,0.055629425042408254,1.2763444634841803,-0.19760698291659923,-0.7452557753532979,True,False,False,True,False,False,False,True,False,False,False,True,False
0.8108999377357121,-1.677989730808197,0.16955152872887358,-0.7196393193326661,-1.0294628816075704,1.3271646565380193,-1.6737857479728764,0.843864153534879,1.5968303136412658,-1.1387935221733616,-1.1106648931051686,-0.6054193619159439,False,True,False,False,True,False,False,False,True,False,False,False,True
0.0017421634354097934,0.47980185020675126,-0.6375501545037334,-0.885007656860382,-0.9903617198859798,-0.8116819864347005,0.589909758991482,1.3600015972751345,-0.7711484081878958,-0.8295027889962007,1.5850994116685633,1.7100156237913668,False,False,True,False,True,False,False,True,False,True,False,False,False
-1.4754710960673698,-0.7895486481574611,-0.159711625090889,-1.003019870752109,1.6543450626856957,0.23842859831563099,-0.8608046826005912,-0.1926492391098494,-0.9933541059754089,1.6571195609060791,1.5615616093235487,-0.04328868947999768,False,True,False,True,False,False,False,False,True,False,True,False,False
-1.3982477470179195,1.5093121132089302,0.5350065609180312,0.20721383955595557,0.03051342214431459,0.9978386116231764,-0.1386925390282047,-0.26533574568330726,-0.8996150676554808,-0.5271067665055521,0.9284921231889738,-0.73316298840999,False,False,True,True,False,False,True,False,False,False,False,True,False
0.6366387616891922,-1.353406784564807,1.244748128867733,-1.5109263650147555,-0.5388776672561567,0.7582949471974868,0.3527553641917621,-1.0965016821043325,1.1041044332210739,0.20319726196114124,1.7115315906963757,-0.7703804031451555,False,True,False,True,False,False,False,True,False,False,False,True,False
-0.7884177247190803,0.7440662126419769,1.073282936761687,0.15055920217117422,-1.1430371556681969,-0.855559064141779,-1.6248402153707868,0.5393568696611144,0.11058752219925992,-1.5285256801926068,-1.1879801083447916,0.8447950964356389,False,True,False,True,False,False,False,True,False,False,True,False,False
1.5475499788742633,0.5558622352675293,-1.1916762384741588,0.08329229567694836,0.7372019377625016,0.0057868247890683466,1.0177462956572285,-0.33533992873006946,1.1809008339491986,0.18712551406771774,-1.0525463285473502,-1.6572110716574524,True,False,False,False,True,False,True,False,False,False,True,False,False
1.0215316480405094,-0.35287716304089,0.5864865911003606,1.0878233557728927,-1.2054375422191907,-0.026183304238172937,-0.23776697878006364,-1.4319367774141107,0.6680433683686106,1.6278987672808611,-0.378592815840155,0.7502224025182164,True,False,False,False,False,True,False,True,False,False,False,False,True
0.40853470450499574,-0.6880056853907687,-0.2718016651913594,0.7123797075252781,0.021007127714501014,1.0868192824656615,-1.3322560247902206,1.0546977865487457,1.047858360367279,-1.416708139864741,0.5337278183967687,0.3947862903923968,False,True,False,False,False,True,False,True,False,True,False,False,False
0.007384819800163336,1.5173466143691603,-0.05000925617921963,0.10403865960614905,-0.25596506408554387,-0.8944146978063888,1.6383804593061009,-0.9683063343109305,-0.8893881180715686,-1.6456813504265055,1.2525315562189483,-0.965896514351183,False,True,False,True,False,False,False,False,True,False,True,False,False
0.25651051062519437,0.2539993234293611,-1.7040318566532262,1.2505502708763507,0.8192794531243877,-1.5521532595690108,-1.2201287214373708,1.138474751144126,0.5824424958848975,0.19490012920631078,-0.030550128360760556,1.64033386491597,False,False,True,False,True,False,True,False,False,False,False,True,False
-1.0304139754989892,1.5612751197725228,-1.7208671112353713,0.6201467130497826,1.1063006767804717,0.8958187035029197,-0.13996327324519542,1.2288906856227424,1.0198615239842286,-0.7863043433912663,0.5714249750752031,1.1725457731395799,False,False,True,False,False,True,True,False,False,False,True,False,False
0.48535297556255685,0.015932982781238732,-0.9691644047787208,-0.01652275912639669,-1.3360194424908223,1.0276829988686362,-1.618434050979625,0.511935700390762,-0.22919496836648168,-0.5577180222509152,-1.5835467309970377,-0.8218884916460278,False,True,False,True,False,False,False,True,False,False,False,True,False
1.3826039762548672,-0.6887358839370805,0.5453419127336508,0.7669327088868658,-1.4925697501671775,0.3296135972202805,-0.5122026569610059,0.2876308944670079,-1.6540990622622107,0.2515073233414124,1.0996936948450733,1.7124773134971751,False,True,False,False,True,False,False,True,False,True,False,False,False
1.2761550511010116,0.032398910050548436,0.8684721472858522,-1.5824232161133656,-1.456810466807584,1.2830017781705458,-0.9359705666815398,1.3532392236039348,1.5481770298815687,-0.22866866538242567,0.167758915254545,1.3294491489999518,True,False,False,False,False,True,True,False,False,False,True,False,False
-1.3099425765825712,-1.2330766775301814,1.6066324542570278,-0.04235407000375178,0.1027020174267374,0.6956933176509649,-0.39983321132991123,0.4807169905429538,0.562212742216047,-1.627348177216926,0.8423297360228389,0.8184693374781847,True,False,False,False,False,True,False,False,True,False,False,False,True
-1.5910464818976118,-0.6168773946256394,0.668919052249063,0.02565558548005139,0.9747789393816135,0.17620890618985854,0.0801408810590952,-0.24335267995019244,0.05644182296849431,0.21985307526686063,0.38487847784681195,-0.5629796505485228,False,True,False,False,False,True,False,True,False,False,False,False,True
1.2764418862969493,0.4469942806868295,1.604949171777522,0.18665963206337907,-0.4156357703629491,0.8818994162651009,-0.7565045574370701,-0.7354346548360415,-0.019008333625331386,1.0268876213659266,-0.3015411063953548,-0.097908888427446,False,True,False,True,False,False,False,True,False,False,False,True,False
-1.4786993639458272,1.65450039346001,-0.4412869621746294,0.0635298452649492,-1.5061636108959555,0.2365077201462534,0.14008205000026372,1.6388897182595479,0.17428585644800465,-0.17182927089793376,-0.4328228605127461,1.1001021957026116,True,False,False,False,True,False,False,False,True,False,True,False,False
-0.6113396891442404,-0.1499588886987085,1.4821375179513676,-1.3560150313470543,-1.2364841065107932,-1.459158223345749,-0.28657603269568716,0.04832929830547383,1.7417626904195038,1.2811421825142277,-1.1837182369256183,1.466191248204725,False,True,False,False,False,True,True,False,False,True,False,False,False
0.4971447135972342,-1.229106641006053,-1.6289605455328122,0.015306803771286435,-0.3332106363331922,-1.4367103217284392,-1.5925396509000527,1.6406659857400263,-1.4725431985449198,-0.644246942290544,-1.6471568955479017,0.7601434985899559,False,True,False,False,True,False,True,False,False,True,False,False,False
-1.4120683541504901,-0.767514967767679,-1.4294978280958062,-0.3223140394965334,1.1317946822141955,0.6951182435355585,-1.4468217213539232,1.4898714093918006,-1.4710405713364227,-0.06185858254236637,-1.2010661557860676,-0.9917404006806276,True,False,False,True,False,False,False,False,True,False,False,True,False
0.4366311631873252,-1.12457856237279,1.622527432851398,1.6667222852009367,0.45134084161327254,0.48314326734841373,0.8848865135805384,1.5469754629857804,1.620685114498419,-0.014409297764191177,0.381414372187434,0.5366896861223575,True,False,False,True,False,False,False,True,False,False,True,False,False
-0.7251151557404316,1.3192340955859847,-0.2978433087905519,-0.13435785806701162,0.5476549912622924,1.291031578854706,-1.641947050160808,-0.5125572066589403,-0.7737585737457949,-1.6923372693732799,-0.45150064026742887,0.21321639223480632,False,False,True,False,False,True,False,True,False,False,True,False,False
0.11181914416966397,0.9006413070401698,0.3314922201882111,0.822986977995185,0.8953171424996668,-1.658487851965594,0.8675623215363797,-0.06601461725040926,-0.48297410346806,-0.6692134575570764,0.25663912200912414,-0.2343066783586967,False,True,False,False,False,True,False,False,True,False,False,True,False
-0.9194746292569616,0.7966290409353249,-1.127154566180364,-0.6113457635785887,1.2435639149276143,0.005630694978175844,-0.7622114723309631,1.5234961722716924,0.23479919510099242,-1.3494988657094584,1.2712768337065896,-0.44401391666323153,False,True,False,True,False,False,True,False,False,False,False,True,False
-1.664749128704656,-1.6355095298018316,0.7353551514381347,1.466596540471254,-1.1308269286888022,1.185069455335966,0.49691173896734964,0.32604930679134514,-1.2995639025906807,-1.1019614452113375,1.6204479219223618,-1.543138617375246,False,False,True,False,False,True,False,False,True,False,False,True,False
-0.3938008865517194,0.07343022531121639,1.6512736161613661,0.09647120340959435,0.7560394997359937,-0.4489407693578396,0.3123516307818977,0.2575331783092859,-0.3958730321485494,0.9308042032914716,1.3690632677617514,-0.3939740753767455,False,True,False,True,False,False,True,False,False,False,False,True,False
-0.04060488196279692,1.0855624873045817,1.1876189578808416,0.13660258508542023,-0.4768865776337336,0.2223075406138586,-0.3817843455971102,0.12887639861043954,1.0716537537013473,-0.25233373467136855,-1.3102190355097425,-0.962734963322838,False,False,True,False,True,False,False,True,False,False,False,False,True
0.6432096975373838,-0.5524739438564831,-1.3369045212710078,-0.4982368165715512,0.5006329851337343,0.19015456480213777,0.2251778505904325,0.10792013005659255,1.1201313177411754,0.1640661192176609,0.45791812876553983,0.9051516268826366,True,False,False,False,True,False,False,True,False,False,False,False,True
-1.4421323967203634,0.9578194778692993,-1.4251341009053875,0.5844725386724986,-0.3489475902152458,0.8636087286515532,-0.026950824853278404,-0.13644501229248623,1.1062005092034248,1.1064347438669766,-0.21408674856573717,0.6402623833565186,False,False,True,False,True,False,False,True,False,True,False,False,False
0.5219485432352405,-0.6865667399882344,1.536057686319514,-1.6381585763351179,1.7082455570352857,0.8304031413419347,-1.6271390494737064,0.18291205845124903,0.44180534203110305,-0.9533843218664276,1.3410413642131718,0.959015270089079,True,False,False,True,False,False,False,True,False,True,False,False,False
1.186756245853829,1.6633233366353999,-1.3719595517608605,-0.5410628851881104,1.404278581210897,0.19407986550110273,0.14357050957778336,-0.6317806055539285,-0.10766484169606472,-0.7514028579102693,0.03584070473030062,0.09360813292288514,False,True,False,False,True,False,False,False,True,False,False,False,True
1.1962532733513047,0.8012024054675323,-1.0930821411506189,-0.3991540364007127,0.16511535307130495,0.11213605395267073,-0.38355106877577694,-1.3620589542088557,0.5860698280137633,0.761422580240794,0.8612557651461563,0.9681618959674898,False,False,True,True,False,False,True,False,False,False,False,False,True
1.5164179752372124,0.6976853019606334,-0.20892576434340135,-0.6653083243836172,1.237206667484773,1.2232738634074525,0.3461108624063055,0.262090722601072,0.6953021585990146,-1.3749534901616307,0.5189394957443619,0.14580427516139857,True,False,False,False,False,True,True,False,False,True,False,False,False
-0.24348615990230832,0.2667047471713936,0.8928795813580384,0.8815334162791347,-0.8452615753587974,-1.1823194131907915,1.3683602417143954,-0.5299654953848086,0.4401563414800381,0.37923437653117203,0.631146355223658,0.09843356193098324,False,True,False,False,True,False,False,True,False,False,True,False,False
-1.5126699732777176,-0.2705930485145368,-1.2720984000281739,-1.5189734971741489,-0.05632927557345543,1.5705252933524474,-0.8012831975367409,0.8468089104480395,-1.1118175489174085,1.4345037543569414,-0.1993738219754247,-1.18851028668805,True,False,False,False,False,True,False,True,False,False,False,True,False
0.2680132855497519,0.05256415307108869,0.7939582768860026,0.8252802137396438,-0.32587590044085457,-0.9204609887226992,1.275239159050169,1.4278896907006327,0.9124723251860475,-0.6282306679318289,-1.3458890743331613,0.9236161995901352,False,True,False,False,True,False,False,True,False,False,False,False,True
-1.0563582701287044,-1.5307804540723955,0.9273955760464864,-1.4835292136558158,0.28140888450561236,-0.11740302079679989,0.6635736485212778,0.9805629571224459,1.7203881412352273,-0.8703997754165962,0.13499886542652456,-0.4106484325184952,True,False,False,False,True,False,False,True,False,False,False,False,True
-0.1371044109647122,-1.591208884657133,-1.2433223687790371,0.7904490759884891,-0.14389359762895118,-1.2447938676843582,1.1825606543814884,0.16535536500624035,0.7771866743348078,0.26367592380658117,0.47106249220594826,-0.4348683322405235,False,False,True,True,False,False,False,True,False,False,False,True,False
0.2705532236086809,0.2569831992751171,-1.1895157022349652,-0.8623841279033387,1.0333303686804698,0.9055263608204104,0.9200481678160707,-1.6731112077546353,-1.5364616941695337,-0.7994326043038906,-0.8708053281758701,-0.5729467574718875,False,True,False,True,False,False,True,False,False,True,False,False,False
-0.7956422024265765,-1.1695115017333428,-1.2929994170156476,-0.17166475199999462,1.495574950416445,0.5932264091260807,-0.2849856395784026,-1.6315572119828103,1.1655935813432476,0.4903299469837003,1.080244464869411,0.5938099692054551,True,False,False,False,False,True,True,False,False,False,True,False,False
-0.11297184525904796,-0.8121618354345674,-0.8491094025534711,-1.0596977648657524,-0.8640965854010078,1.2096141590684493,0.023466087132962374,-1.6080585359723472,-0.2539516618486043,0.5119199807983313,-0.714481045219897,0.4086646256331717,False,False,True,True,False,False,False,False,True,True,False,False,False
1.4596115869436497,-1.479040571137164,-0.16845862013826707,1.558951692997922,0.4368702897681802,1.1055352289142997,-0.5990755435777176,-1.19514204518948,-0.7227505223295976,-0.06998355896145764,0.31994545079839765,-0.6551928037325797,False,False,True,True,False,False,False,True,False,False,False,False,True
1.0623682936508563,1.1928177397078108,0.4655117005468015,0.9717096743671317,1.7376086680621852,-1.122838024207754,0.8178296129810612,1.5408592071271308,-1.6149962011584316,0.34980381439212266,-0.4784334290603713,-1.0886887946582258,False,True,False,False,False,True,True,False,False,False,True,False,False
-0.6169284225990543,0.6804772587192985,1.4894667641345614,-1.4002165246782636,-0.5341615522580914,0.8173259753573062,-0.688880258637876,-0.439376272821636,0.925921439135137,0.0889705355324639,0.779003194818515,1.7007355596452798,False,False,True,False,False,True,True,False,False,False,True,False,False
-1.5123406430817987,-1.6704833893353959,1.4904085272523337,0.2677599240722972,-0.9535737536052376,-1.7340002451603342,1.0145687083781,0.36017744297068316,1.0954945874987805,1.7050262720733156,-0.38603175283832725,0.15296087654213697,False,False,True,False,False,True,False,True,False,True,False,False,False
0.5696153960679218,0.8593220857508245,0.39824100788908956,1.4897408996675838,0.7337778276970659,-0.2239059404948866,-0.04828640665838545,-0.41751051586488425,1.551010599611173,-1.6288127620113921,-0.6949026614233565,-0.2931159100886767,True,False,False,True,False,False,False,False,True,False,False,False,True
1.1851490790103325,-0.6286825452150515,-0.8069777172773372,-1.5933565034134298,0.005552321028683954,1.4934536587513214,0.7015431054901162,0.3541001263553366,1.1283815920298668,1.5635559429632127,0.6877202145036322,0.45204894241841187,False,True,False,False,False,True,True,False,False,False,False,False,True
1.0229323435277624,-0.7314444444545313,1.3424778910106936,1.5902914639674175,-0.17049141260258407,0.6211355622927761,-0.21524159007184882,1.5564186096498227,-1.2225809161287344,0.4228640801608511,-1.435393173378887,1.7725562681657239,False,True,False,False,False,True,False,True,False,False,False,False,True
-1.2554836243943481,0.5798754330459396,-0.8666760514111332,1.662999180097529,1.742272340210667,-0.2655939446361425,0.09704662160455746,-0.014048195812420446,1.2278496972815942,1.058876603082957,-0.765292881000417,-1.1011841351396074,True,False,False,False,False,True,True,False,False,False,False,True,False
-0.7514910872292659,-1.64141002854415,1.2900348074778796,0.44512304906072425,-1.1640716530291906,1.0677212742229034,-0.30385760021654384,1.667690606301661,0.2922381790128849,1.6438525706295002,0.003055787236597812,-1.6744476266158221,True,False,False,False,True,False,True,False,False,False,False,True,False
0.5309522921125375,0.691357113442236,-0.630357837060358,1.595070906870195,-1.7338121643793167,1.4025781124062326,-0.16892760335104265,0.1903655051717487,-0.563152205046697,0.20333862219465054,0.8299537083688944,-0.8568387382268475,False,True,False,False,False,True,True,False,False,True,False,False,False
-1.2679268206327983,0.6064747834617036,1.6687063025191506,0.39640791089291066,0.0359561614169644,0.3659628944862527,0.8212051749991709,1.5923026313365038,-0.16395642054845042,0.1100991458554423,0.9348485890656929,0.5117283308895009,False,True,False,False,True,False,False,False,True,False,False,True,False
-0.4565053601196525,1.265192352200207,0.4691308369479099,-1.3279291533216775,1.2874851693159373,0.984977502453525,0.7416796831258667,1.4381648503842355,1.325309260619509,-1.2914494902907019,1.4677054172487478,-0.5504188193946339,True,False,False,False,False,True,True,False,False,False,False,True,False
0.01839789515699793,-0.3028997908585144,0.018268161909515315,0.3821995927268037,-0.08805192619932992,0.26066207477231024,-0.9288067330236711,-0.20211116927837447,-0.5093401345435493,1.6600485228680004,-1.3917394197631943,1.4229706814386653,False,False,True,True,False,False,False,False,True,False,False,True,False
-0.03938234671170513,-1.5416699750594018,-1.4834963533172951,0.4296229386514605,1.5812501179962923,-1.183996059941201,-1.322644061827743,0.20548627866876112,-0.56916935747783,-1.6768518789169984,-1.316168937006611,-1.0936615587133698,False,False,True,True,False,False,False,False,True,True,False,False,False
0.23769046741922828,1.4853770728259015,-1.0954689778066136,0.6139321329976378,-0.9618439560532697,1.0839557033206613,-1.1583887825414392,1.2663707401146516,1.118933114837964,1.4524416848846207,0.50265763211223,-1.6909383776042624,False,True,False,False,True,False,False,True,False,True,False,False,False
-0.8900788640847058,-1.4602256125459598,-0.6364223979993241,0.9798422976244229,0.7069193572499629,-0.11395727005528854,0.960357307258194,-0.3728925063613106,0.6782322279963888,0.2659021804524879,-0.027559385337290493,0.10483716381134536,False,False,True,False,True,False,False,False,True,False,True,False,False
-1.2935440343853462,-1.0656291820268728,1.4389241904286514,-0.9013079263723509,1.3688704146823774,-1.4282697647920963,-0.15028617623518659,-1.1026434499239213,-0.09998418570383541,-0.3750680240828569,1.128781516515259,-1.736886497407753,False,False,True,False,False,True,False,False,True,False,False,True,False
-1.5643271850112948,-1.3193468099419305,0.3529642866431853,-1.4574842923649522,0.361508630768374,-1.3047488733996455,1.6322700610373007,0.47751269112476324,1.3620491746882673,1.702125737290194,0.05979171904746135,1.3313013412772008,False,True,False,False,True,False,True,False,False,False,False,False,True
0.1398202229293626,-1.2502930172816682,-0.07705795155131986,-1.6861619624291093,-1.2075844030500817,0.3030550193629436,1.1394484611848337,-0.5036600223600087,-0.39752357927340665,1.1236292096448819,-1.5657256382491531,1.090064936515497,True,False,False,True,False,False,False,True,False,False,True,False,False
0.11489157743536701,-1.4613495206461662,0.30271087271346764,-0.7835301906745645,0.9165728429566775,-1.151995558479599,-1.1264691780076048,0.7339328416840823,-1.2168353476236322,-0.05969363171128092,-1.5962712006355348,-0.021895290853314445,False,True,False,True,False,False,True,False,False,False,True,False,False
1.6449935408188634,1.1343479432653036,0.458408633322933,-1.52694031447135,0.7189272608955168,0.6068937333091603,-1.0495130076592343,1.428959770675107,-0.5931659794479408,1.5000769899581519,-0.8334855868131095,1.7036588643708428,False,False,True,False,True,False,True,False,False,False,True,False,False
1.5274179790307747,-0.839523542488057,0.15824070599426432,-0.4640866101654312,0.022189112224357748,-0.6441115711142703,-0.9164265344369608,1.4703662271947122,1.453519465360306,-0.09242459999097101,0.9466117441751011,-1.4876962678242065,True,False,False,False,True,False,False,True,False,False,False,False,True
1.0034324219033874,-0.24099945382601112,1.47992296295623,-0.9829955202701908,-1.4283650335689093,0.6899690456859094,0.9774722153416724,-1.3916582811581075,-0.8901883719384447,-1.144340902236015,-0.5838721775008051,1.772354590802586,True,False,False,False,False,True,True,False,False,False,False,False,True
1.559086397349811,-0.25819309032187965,0.41593811425117166,-0.27740405732882045,-1.094435129596824,0.8993946196544954,-1.162378528328898,1.582307318770968,-0.3047620569849908,0.6214635977670788,1.1529168771523883,0.13562599267556746,False,False,True,False,True,False,False,False,True,True,False,False,False
-0.31379954785060693,-1.4982657912669877,-0.09521499586213929,-0.1833770111834742,1.489875518051377,-1.56179071277606,-0.7139184520676696,1.542223027707579,1.5623159453982922,0.11058471847770356,1.381374002294282,-1.3129250127785506,False,True,False,True,False,False,False,True,False,False,False,True,False
-0.7573321336820251,-1.083989776624855,-0.22424342873452946,-0.7143539520109052,0.5018004607809347,-0.7951022593264901,0.14042362888862578,0.27420612221362534,-0.1538018679941952,-1.2512621417518335,0.7731350942408929,1.5050889289063771,False,False,True,True,False,False,True,False,False,True,False,False,False
1.592505019057716,0.18696069841186586,0.1191363848220106,0.09503317179911586,1.0649702477281995,-0.04050460529156107,-0.5522297452371315,-0.22143510763044474,-1.7209145515825892,0.7523445971047741,-0.7534759431095877,0.7614351699611724,False,False,True,False,True,False,False,True,False,False,False,True,False
-1.657816485296648,0.7843237021153298,-0.5342743623745524,0.5262162744793194,-1.3908479186259843,-1.5221093877978675,1.5738881132773628,0.6687610391472811,1.306069961569427,1.145661801739014,-0.12246243261430828,-1.6842273715927851,False,True,False,False,False,True,False,False,True,False,True,False,False
0.2487066583321678,0.9755547386459007,0.7207803070153258,0.30106018081414054,1.3907131614452137,1.0400855465886332,1.7265868932946167,1.4921089715110487,1.0189565528537157,0.8549118682404562,-1.1745518379842903,0.8480941216587935,False,True,False,False,False,True,False,False,True,False,False,False,True
0.23167899115066573,1.146933886618136,-0.33384373905675546,-0.05257708372136351,-1.618728403750839,-0.15379296106587245,0.26168537219850607,-0.12583270114548825,-0.5162767263394751,0.9816786075290546,-1.3008499381301004,-1.4149218262045136,False,False,True,True,False,False,False,False,True,True,False,False,False
1.1169169091880102,-1.681051477927628,-0.5845691318816303,0.9237429369270712,-0.3865491386287306,0.8928540531095165,0.8963082188816527,-0.22247076086849363,-0.9217756939450487,-1.390401552866206,0.8332526301933046,0.8986116705081304,False,True,False,True,False,False,True,False,False,False,False,False,True
0.1833364490923776,1.2979354096982785,0.8869294493702218,-0.5863612175121092,-0.5887323959146921,1.7051399648095427,0.45069894267156135,-0.3651861274110928,0.8523862767893255,1.1828923009696648,-1.038586575932613,-0.2263445398086788,False,True,False,True,False,False,True,False,False,False,True,False,False
1.4018219863153003,-1.4539046811656102,-0.732743279437601,1.0874531788005355,1.5704209960762583,-0.9990548251942724,0.24641658127824925,1.367204074696991,-1.5850370311312225,-1.0539048650058818,-1.362567981006359,-0.85393949545634,False,True,False,False,True,False,False,True,False,True,False,False,False
-1.131863099280303,-1.4647733514859946,0.2420242868447744,-1.1068727048399638,-1.064525373678666,0.47497924646858986,1.2883610090150348,0.3617773293584629,-0.8425329981169569,-0.6870705230663281,-0.19843663769104666,1.297529573234865,False,False,True,True,False,False,False,False,True,True,False,False,False
1.118272076748327,-0.5725503643560358,-1.327802266992361,-1.3051157813925223,0.25022483322960415,-1.2172886886890877,-0.7054292940656829,0.9588700269394521,0.22165980304739524,0.03379168977520238,-0.49962991160992665,0.7498615251915678,False,True,False,True,False,False,False,True,False,True,False,False,False
-1.4574567663654745,0.8429359339463143,-0.7369414065690073,0.3969746325820132,0.1433778188718623,-1.5029557240692901,-1.0428306039286122,0.9341117316212281,0.5809340609915543,1.2806770399291234,1.2520754011004778,0.699901678911892,False,False,True,False,False,True,False,True,False,False,False,False,True
1.7278971571991812,-0.7715536401472157,1.348441420388111,1.0731652313876692,1.0788375034267221,-1.2495946907732578,0.8166913330826061,0.8115052737797701,1.5531057180297274,0.7493000980364526,1.307557382505692,-0.2312514786433649,True,False,False,True,False,False,False,True,False,False,False,True,False
0.4607150827290714,0.4083787367855873,1.4408171686250701,1.0375199278382783,0.7529649416269298,-0.6725334812145508,0.48280022139525425,0.5725829378480362,-0.26599162128718906,-1.0086218520241759,-0.11283897348565657,0.5147284913091759,False,True,False,False,True,False,True,False,False,True,False,False,False
1.0048072298616475,0.5757329290986506,0.755521696179195,-1.165681922114541,-0.04976624465472002,1.4777117240307631,-0.7042611030100501,-0.9946944749175143,0.8218400617681708,-1.2745955781137532,-0.7152408838873836,-1.122481617045824,False,True,False,False,True,False,False,False,True,False,False,True,False
0.10211192987155958,-0.571170272825179,-1.4236543625699178,-0.949130097413781,-1.5822461717368679,-0.36126085172294276,-0.011187780816725109,-1.1893137545371681,-0.7565782300957367,1.0543519616035488,-0.47955767646024794,-1.4899233530418343,False,True,False,False,False,True,True,False,False,False,False,True,False
-0.9480069405255774,-0.8903022912242706,-1.2364531793990543,-1.1908676737718076,-1.3242063456585311,1.5532205481631893,-1.1719706149847555,-1.5615307417469868,0.526136965274626,1.5405658247190261,-0.30567370701327873,-0.4345580313625896,False,False,True,True,False,False,False,True,False,False,False,True,False
-1.4068140175076855,0.03568819045323931,-0.47894264951630383,-1.3461386466691883,0.5324455704530595,-1.2386663597664622,-0.2079437839562437,0.4681891208395107,0.43872147704246217,-1.677568730863784,1.7041668887819414,0.08881364322155118,True,False,False,False,True,False,False,True,False,False,True,False,False
0.38343326508270514,-1.503822537769671,1.6167437693553237,-1.0081692381893825,0.028858693560059226,-1.1867060706873092,-1.5645108202738203,1.3838472934220003,1.360024546703163,-1.5228198200911829,1.1543536819953482,0.043397626518765706,False,False,True,True,False,False,False,True,False,False,False,True,False
0.47381560923926236,-0.28752396681039255,-1.2396037598569565,0.5676514004107988,0.32274686207474657,-0.5974682846899697,-1.0960816001296791,-0.31677143262317664,-1.321726763096842,-1.1311132723564727,-1.04863498085254,1.2494687961156339,True,False,False,True,False,False,True,False,False,False,False,False,True
-0.11746883438173929,0.8202296453130857,-1.446323367152187,1.4510686302682,-0.17476305588751723,0.3152386731294411,-0.0737921416925088,0.6308884839889523,-0.746943521236467,-1.3513474987502412,0.37250119929769526,0.9157190006619105,False,True,False,True,False,False,True,False,False,False,False,False,True
-1.4449032130770985,1.556520060083417,1.3880167947093647,0.640182365910694,1.2618263149313889,1.5596797733993941,-0.97949159830061,0.25168455899574704,1.5442687326201658,-0.8094040541661132,-0.04465900750919231,0.23290161633623643,False,False,True,False,True,False,False,True,False,False,False,False,True
-1.638493866461059,0.8428425065737956,-1.2086223800263407,-1.1420048259467328,0.5743644264544687,-1.1096858153623546,-1.5426372522432554,-1.7197786236306345,-0.9031075969330453,-1.2482082931764213,-0.25747339753663356,1.6024605584361498,False,False,True,False,False,True,False,True,False,False,False,True,False
1.2155865898774647,-0.8912073324132805,-0.01524136982698772,0.6538209169572654,-0.7775540495788394,1.4466051006853509,-0.7884537653453555,-0.12517693780487854,1.385787964752055,-0.556205085671451,0.4099143519752358,0.39302314045680475,True,False,False,False,True,False,False,True,False,False,False,False,True
-1.2742993293107197,0.1798551424751812,-0.2455993044474958,0.6239263156495606,0.646030274492922,-0.7812320846789069,-0.06377120540247003,0.9016829035947197,-0.6057399848941867,-0.9159148291005048,-0.23752738675429289,-1.6031951200942667,True,False,False,False,False,True,False,True,False,False,False,False,True
-0.8489502000353548,0.4213864296880302,-0.5598234393053871,-0.1527943365406791,-1.6104342694946758,-1.2016857245110768,0.907527316175798,-0.6567853076968351,0.3686207469444051,0.18430059096509802,0.6890802940361805,-0.7789226676461078,False,False,True,True,False,False,False,False,True,False,False,False,True
0.3179634179050831,0.855055369250046,1.6073310617270864,-0.318763700671668,0.7723954488198296,1.689482923871866,0.06345252312921136,1.4121196604383048,1.2829724265018632,-1.4722125823277146,-0.36441200159595133,1.2569390219509329,False,False,True,False,False,True,True,False,False,True,False,False,False
0.4595300364626113,0.13557158231208355,-0.8317953576433906,0.7626222673457485,0.9813867496800773,0.7614411794232265,-1.229240754601513,-0.23475463315175701,-0.8464002980490615,-0.4194694133520701,1.346062357947854,-1.1004535915272553,False,True,False,True,False,False,False,True,False,True,False,False,False
-1.6859911637825498,1.3797211042479396,1.523218115307841,0.28644142818220075,0.04892675869821793,-0.48034391470157567,-0.6673011065782587,-1.2069993167417625,-0.3851730280595528,-0.9535468199406887,1.0826094430199011,-1.3895301887082692,True,False,False,False,False,True,False,False,True,True,False,False,False
-0.7470986566560831,0.19995620406465853,0.962631317486905,0.33251970220062305,-1.5210466595147256,0.6092027843595135,0.5978489589638899,-1.642850121955792,-0.46996666563665224,0.06570800114821497,1.31441416356712,-0.9577787893589048,False,False,True,True,False,False,True,False,False,False,False,False,True
0.8520458563254538,1.5491216728120847,-0.6958927193299876,0.17666667509276818,0.9151467816908441,1.7140085130347291,-0.019021688209168688,-1.203495732151151,0.4310937382055316,0.39810886794264294,-0.1964713241530601,0.3880207348005561,True,False,False,False,True,False,False,False,True,False,False,False,True
-0.5282004478999958,-0.5473481453313349,0.2884043627564818,-0.11520358838021365,-1.7404322767372506,0.579209807653825,-1.682855849680216,-1.3258792441372158,0.23522847218196866,0.566909101878995,-1.7227444292967073,0.6345263322642891,False,True,False,False,False,True,True,False,False,False,True,False,False
0.39116261037650357,-1.1664063360235508,1.213200194239476,0.9419355661430753,0.6218320816114135,0.9470853765401653,0.5183770399437497,1.5842753967000058,0.46714303710391875,1.6553098213179358,-0.614361721287839,0.7858813500438326,False,False,True,False,True,False,False,False,True,False,False,False,True
1.394320697695971,-1.283204421307882,0.745285481725059,-0.2866506925798619,-0.13880744195598368,-0.2923404758096434,1.6103876868666729,0.14459342228236172,1.2221767693597365,1.437920359861263,-1.6101255730197086,-0.09810731273661136,False,True,False,True,False,False,False,False,True,False,True,False,False
-0.8892058201486713,1.1881809095566913,-1.5009469667559616,-1.6046938405429838,-1.571405889534289,1.4272364155804806,1.2890873110742502,-1.4186540323791386,1.1592577256375878,0.11596491142382155,1.1424469782624411,-0.9574138370277694,False,False,True,False,False,True,False,True,False,False,True,False,False
1.320194034080428,-0.7511425278199202,0.23791006993988442,0.9945646720564941,0.3520871008946946,1.2124608822858225,0.7300523910741917,-1.2127002253676678,-0.29050696005242993,-1.608588783570462,0.38124181260272916,-0.6627790488343926,False,False,True,False,False,True,True,False,False,False,False,True,False
1.5372018873053592,1.1328279921526512,-1.4491114018410418,0.07736585725667255,0.974165414492612,0.9960500207031527,-1.4953942572459622,0.23130294111855446,0.033734709681981896,0.5639823666784048,-0.14765353282001073,-0.5643263430989601,True,False,False,False,False,True,False,True,False,False,False,True,False
0.393921192612401,1.1186334938716955,1.2350162138194134,1.4542045861891615,1.699311193107045,1.1208360793425007,-1.4984725964462466,0.582058627866767,0.5679065340114622,1.638969042083624,-1.749578878791432,0.4667130152866116,False,False,True,True,False,False,False,False,True,True,False,False,False
-1.3604952994929336,-1.5722650235086266,1.4439693212039397,-0.4258985958278992,0.12028668323990145,-1.4877588654249267,0.011309359863539818,-0.4662942437121875,1.2741135198532634,-0.3990803193777572,0.4044070160827082,1.4182725991717993,False,True,False,True,False,False,False,False,True,True,False,False,False
-1.2329252634179282,0.13757892944574354,0.37567131843207635,-0.74986662069949,1.667935049513461,-0.4607830819443301,-1.194902042748912,0.7312254558681184,-1.5633782062831767,-1.2305182332409945,0.5445412543246073,-1.4501290189965252,False,False,True,True,False,False,True,False,False,False,False,False,True
1.4569076522146072,-0.563362811396512,0.2903030763190177,1.5190275106733058,-0.051900313361042234,0.786642431755319,-0.3857698211193254,-1.4037692686899355,-0.048725981484296035,-0.6041811114575986,1.0747211801060288,0.2931559671784012,False,True,False,True,False,False,False,True,False,False,False,False,True
-0.41464883979726336,-1.5758421725364251,-1.7243714576999416,-0.9797739762829627,-1.0505664186446342,-0.6593251457904041,-0.9470383054384391,-1.438205441566366,0.10397343603688795,1.0381950399368345,0.6933264953950263,1.5725471365035544,False,False,True,True,False,False,True,False,False,True,False,False,False
-0.7765226027401999,-1.1918208245077528,-0.5570045698458513,-1.4863333532829928,-1.547872974091941,-1.3873204772213972,1.343911829048337,-0.8145277178820501,-1.6944117030171575,0.9954726396983067,-0.06154574687695688,-1.3165415699006995,True,False,False,True,False,False,True,False,False,False,True,False,False
1.4468507661579175,-1.6690335829397305,1.3889814138360126,-0.32181265399580516,-0.9552881998581599,-0.05601715832914418,1.7478515277284996,1.2431387087971026,-0.39210712274748805,1.0789461561331415,-1.1230868419940963,1.5792788170101082,False,False,True,True,False,False,True,False,False,True,False,False,False
1.3184482319108481,-1.4210880737756406,0.47599670466124966,-0.010546895368635586,0.33909234809235084,-0.6691103864316816,-1.3459945464064436,-0.9137542241110579,-0.2714502427226929,0.33754695635157395,1.4521158196039365,0.7895557742129936,False,True,False,False,True,False,False,True,False,True,False,False,False
0.38150121501964274,-0.9289761082593438,1.528292584715381,-0.8074841320597334,0.00742663307609638,0.32566495805800993,-0.8640592872724259,-0.009367762579079154,1.6545128582703363,-0.7406108971071856,0.35356416404880125,0.6078823828138237,False,False,True,False,False,True,True,False,False,False,False,False,True
-0.15091004220575358,-0.8393491717053647,0.8909608681964608,0.510678799090637,0.37169133030933244,-1.1969895770962031,-0.5369521149316633,1.6055816804138012,1.0928390795851728,1.2401551430123678,0.9163806007810748,-1.2717241186516701,False,True,False,False,False,True,False,False,True,False,False,True,False
0.25703640446706755,0.9162089905298121,-0.7875453727049315,1.0318236156881226,1.156384768092527,-0.22732419130913917,1.0775912595958765,-0.7691016799687294,-0.37311624032315616,-1.0284978213772789,-1.2617959312765128,1.17941992813278,False,False,True,True,False,False,False,False,True,False,False,False,True
0.5865452929398037,-1.399671975963324,-1.1390180042037827,0.7574255569559426,-0.9282893022864206,1.5136116847040069,-1.2787096841790389,-0.22913613283243578,-1.5469087093146272,-1.4831022393437143,-0.6968259945367168,0.5590465440678931,False,False,True,False,False,True,True,False,False,False,True,False,False
1.0355949286403003,-1.0920042481726642,-1.4907078134561365,-0.6711890730740779,-1.2474442054156956,1.2078310525594667,-1.1809199301761293,0.14677828023851264,-0.49780389357102955,0.5212058331443749,0.3865694176007874,1.0140521541607672,True,False,False,False,False,True,True,False,False,False,False,False,True
-1.4276083645818,-0.9660473301574464,-0.10515014685344193,-1.0787049074146435,-0.913982633367485,-1.0060221317879223,-0.0890721408017243,0.2822650736556549,-1.425551549459409,-1.6460642139342543,-0.2938878243781537,-1.0884506840709403,False,True,False,False,True,False,False,False,True,True,False,False,False
-1.3784596944660268,-0.1253089016129833,-1.2292891115687654,0.33708336382963255,0.5594000165111405,-0.2168421096138779,1.1982392892543767,-1.2439752069104766,0.3323679605665741,0.21818775642117252,-1.6187566420809218,1.2877598739717864,True,False,False,False,True,False,True,False,False,False,False,False,True
1.6256602313711477,-1.1319671482978677,-1.2312687602091805,-0.17963335921305468,-1.7321392600156569,1.3026778083865582,-1.4798135154447294,-0.16266717594053098,-1.6834574281452412,-0.1575556473942918,0.21329318111476026,-0.06108026385030806,False,True,False,True,False,False,False,True,False,False,False,False,True
-0.8688636769124394,-0.3335391863245919,-1.7339366191667316,-1.094702238033667,-0.3284878277888809,0.4397298226938864,-0.9496391571359546,-0.7320396241689381,-1.1465169170531624,-1.2795076238533076,1.5344379649675643,1.424098021150067,False,True,False,False,True,False,False,False,True,False,True,False,False
1.3305988735806538,-1.672807015089993,-0.6149458074072576,-0.8051393953250283,0.3464527329206188,-0.13100413641373576,0.03984805163545897,-1.6440402872332613,1.2335534829691133,1.2974658451117367,1.7261305454721803,0.21821960144958982,False,False,True,False,False,True,False,True,False,True,False,False,False
-0.8716551031802142,-0.37739584472442783,0.7599446396425646,-0.03709660982905774,0.9035020466999693,0.017652856446824267,1.6630601516165882,1.1602863444318439,1.2759632433889196,-1.493121443614473,-1.6891514512778876,1.1339554319483098,False,False,True,False,False,True,False,False,True,False,False,False,True
1.3101674141082889,-0.10780864579181923,0.46390044664348384,-0.6087149683269927,0.5070374943630209,-0.7846474420463144,-1.5597095095938498,0.5259059943122074,-0.8576466748510646,-0.9943858608316685,0.29532968134608556,0.1793442710573793,False,True,False,True,False,False,False,True,False,False,False,True,False
-0.9961208436845291,1.214239567500628,-0.8075697714340199,-0.5749559121468643,1.4008393681156441,-0.2092572792409152,1.6924751279905736,1.1866980140511851,-0.022178686520476103,-1.7086887249015357,-1.1257912168997362,-0.5035898745952809,False,True,False,False,True,False,False,True,False,False,True,False,False
0.5503225587800231,0.8209789512955322,-1.2866812639911855,1.2276579005563069,-0.7154673538793747,0.9896150134292386,-1.1959656633568447,-1.368477334920041,-0.7209768547296012,1.5529764784920697,-0.7272474629044205,0.3836758138925946,True,False,False,False,True,False,True,False,False,False,False,True,False
-0.5940946388662888,0.1499681049014903,-0.11523473227282456,0.26879828869210903,1.1178810644285642,0.611860720956585,-1.2964602887073087,-1.0001721882341046,-1.1978836541566587,-0.5266132164079589,-0.5670519528061277,1.1490956664369236,True,False,False,True,False,False,True,False,False,False,True,False,False
-0.24754416926224382,0.4814063374336829,0.3717473665132706,-0.09992061527831125,-0.23159989573883646,1.1380441566433495,-1.2585887301211602,1.6755123434065675,-0.8268796949670897,-0.8755432760892604,-0.4283506065992834,0.8473828074168519,False,False,True,True,False,False,False,False,True,False,True,False,False
0.5854159916716646,0.03510726780155126,-0.1414704205198704,-0.44831934296439063,-1.6246901459648662,-0.49954760784690116,1.3644789320777138,-1.3426420297916426,-1.3305170689117025,-0.09561567074286906,0.8598684927102702,-0.08259447764284417,False,False,True,False,True,False,False,True,False,False,False,True,False
0.7232726573831226,0.584727486708222,0.9715909349144849,1.562260002761524,-0.04764859648628533,-0.19544710738712057,0.5045200501545201,1.0527369122657255,1.1607425983112456,-0.003791455870148574,-1.4506137879104766,1.274014546764332,False,False,True,False,True,False,False,True,False,True,False,False,False
0.23169093731968923,-1.138441603177715,-0.3269960059651713,-0.35574892325667873,1.056925341360404,-1.465091814624984,0.700787807799311,-1.385704338630229,0.09044330742388544,0.447370633489082,-1.1833341789656338,1.4321913916455136,False,False,True,False,True,False,False,False,True,False,False,True,False
-1.6919550619694081,1.0751634473932765,-0.31348046234404886,1.0744014988646122,-0.20381219923187285,1.6371297174039454,1.0363150451968501,0.9410146901549614,-1.4324690025939122,-0.4164840361862007,0.40373787090990515,0.9089187298209744,True,False,False,False,False,True,True,False,False,False,False,False,True
-1.1002588134930869,1.5699382199033238,-0.1783707955465542,0.14024267971964782,1.6302147536477185,-0.41955849299239695,0.5439438030282502,0.06988570037866429,-0.2544580076252159,0.8359787281153452,-0.7523292106978853,-1.6292582765605492,False,False,True,True,False,False,False,False,True,False,False,False,True
1.6317259597810156,-1.1145554220134808,1.2132400171392084,-0.07638951379712217,0.9802083630109991,-1.0144304160843878,1.5539086236826734,-0.6476165316645403,0.5809262824492154,-1.646926246535587,1.1718227592309574,-0.4240354419974234,False,False,True,False,False,True,True,False,False,False,True,False,False
-0.14878807608973743,1.3137592785828034,-1.0213720592751143,-1.076294623194965,0.620501916386885,-1.3805152377163952,1.1654976902673035,-1.4421115380879452,-0.8039962191481647,1.363795096206519,-1.3264134079939598,-0.5908583467664951,False,False,True,False,False,True,True,False,False,False,False,True,False
0.9648743310527722,1.0356855622745982,0.3157940418782324,-1.0829061583263264,0.9776169150536407,-1.4110055711852711,0.9834316621591045,0.7637694524073664,0.4509745934211385,-1.3704121823894708,0.6100270353897255,0.3405614632102727,False,True,False,False,False,True,False,True,False,True,False,False,False
-0.23420615003241224,-1.6251908524722292,-1.6641640609036765,-1.3919859530301517,1.5188655762726229,-0.4817980641023777,-1.5205157315878803,-1.501618591794445,-1.164087064430781,0.5159515551660637,-0.9492455491357565,0.009112990656698778,False,True,False,False,True,False,True,False,False,False,False,False,True
1.3639310368967559,0.1946854761086658,-0.9309802668795564,-0.08424582316301472,1.5240610909840593,1.3155482919286954,-0.025145020069277338,-0.29571229822040057,0.28953109980133424,0.1274818204760783,-0.6224777527631487,-0.34938693442785956,True,False,False,False,True,False,False,True,False,True,False,False,False
1.7060918596016068,-0.7828983286460611,0.07913622706047745,0.7324271052962684,-0.1722762085583792,-1.1484466596177803,-1.3653337728515944,0.17801839416959858,1.3714407295448088,-1.5308417665318188,0.4201731857601251,0.06926901217929834,False,True,False,False,True,False,False,True,False,True,False,False,False
1.0371142035133893,0.6647951976680568,-1.6795874315403176,-0.3712703783091325,-1.1183323174930755,-1.598480234589249,-0.6073991298244324,-0.919042296148012,-1.4726397886602671,0.505977062127273,0.4037605416970183,0.03912808081726704,False,False,True,True,False,False,False,True,False,False,False,True,False
0.8883485111749183,-1.6138023282146818,0.790743828202682,-0.7527558617667628,1.6012695698896617,-1.0464323749636066,-0.015659059962895048,1.4661427807640344,0.14700655468503945,-1.5855700087330706,-0.6153091470260286,0.8552285695898615,False,True,False,False,True,False,True,False,False,False,False,True,False
1.6241264147254244,1.2099401259297302,-0.17700893428944245,-0.6503768288808246,1.7379019713806474,0.5669415795582933,-0.9607816040344264,1.6248892704371483,-0.4432572110834939,-1.5260141030464123,1.4497269506641266,-0.7529892061997789,False,False,True,True,False,False,True,False,False,True,False,False,False
1.556885663758531,-1.6009064499042511,1.3051834984346502,1.5283975578759335,0.3774668923388242,1.6895192853968286,-1.3619857159996156,-1.506743446296554,0.9094702215128913,-0.6145937947424922,-1.2419140854129793,1.1149404976247554,False,True,False,False,True,False,False,False,True,False,True,False,False
-1.268936686391032,0.9362183742203118,-1.2823009809815822,1.1931316945283987,-1.0772296685653198,1.1734162004789748,-1.1735497773335244,-0.4182166394478566,-1.6834173877683851,-1.368566334297684,0.8791336366932964,1.3333184984341244,False,False,True,False,True,False,True,False,False,False,False,True,False
1.2309720556270645,1.145348598896717,-0.3906228059629253,-1.5516189971153418,1.5507811640421072,1.353665119322834,1.5059634453473818,-0.6644185134530892,-0.7240829281682556,0.23461764379950106,-0.6261761940493247,0.399501288477931,False,True,False,False,True,False,False,False,True,False,False,True,False
0.2737109875986615,1.596790603817679,-1.7138266858208073,-1.7157734357837764,-1.1774840101441988,0.9680700466787968,1.6748499136647945,-0.17086737886812284,-1.169749393291315,-0.5620912868678539,1.4594442630472781,1.0904585290211508,False,True,False,False,True,False,False,False,True,False,False,True,False
-0.5283651198573114,-1.087702529539484,-1.5136393217334922,-0.49816939426667667,1.68291006449753,-0.06379601851061921,1.2968073344153257,-1.3668855043009227,0.7051938609166805,-1.0366165973533283,-0.12107713685627071,-0.5953497190992786,True,False,False,False,True,False,False,False,True,False,True,False,False
0.36718406636892303,-0.5487067650849529,-0.7912130252486412,1.2942901126850257,1.4191604184570743,0.3300869395883811,-0.7495833503352233,-0.9828436609813782,-0.7773066064798826,-1.125817455897873,0.22466894524444397,-0.07561751600586061,False,True,False,False,True,False,False,False,True,False,True,False,False
0.0077293114123859795,-0.32104815969220296,-1.1043428209037327,-0.0992849043205606,-1.532510138640345,1.5151396943343949,-1.373194626497006,0.6418552857865845,-0.49430406134218097,1.3247812694290901,1.044312862134509,-0.7858369705752831,False,False,True,True,False,False,False,False,True,False,False,True,False
-1.0741709241895356,-0.725663308942208,-1.6707977555570035,-1.3742470782645846,-1.0415108513269191,-0.6226611636611584,-1.683576295618144,1.3606352432520643,-1.6863450865473555,1.4572065920155954,-0.5705075734645264,-1.0071275919414895,False,True,False,False,False,True,False,False,True,False,False,False,True
1.2664672136483603,-1.3501878050597453,0.9539023967980423,1.0617587329819893,-1.2791731987175259,0.26836029734304784,-0.35755487755640936,-0.6513965949962648,-1.5874473984368256,-1.0995512887450063,0.7342118547542293,-0.8804696281480088,False,False,True,True,False,False,False,True,False,False,True,False,False
1.2720041123536925,1.010699629599066,-0.8386400401623368,-0.9493321525378425,0.13555142253312555,0.21986783319093056,-1.0213162801411402,-0.5561892877809302,-1.1889765512237178,1.2507247940657864,1.0539704389188225,0.16796729074137295,False,False,True,True,False,False,True,False,False,True,False,False,False
1.5293771698879421,-0.3502203552526149,-0.5029824619771202,-0.340408283426237,-1.461412877187195,-1.2376804244501458,-0.5201897213511276,-0.9667469228801479,-1.5594248742994294,-0.9886107254280506,0.8709687368334623,0.32030162503254617,False,False,True,False,False,True,True,False,False,False,True,False,False
-0.6145893465491168,0.22229232633206694,-0.5112584763117608,-0.6484236787462853,1.4064376947793489,0.9035792117296392,0.7116809154060476,1.3867282896035829,0.17571937578698626,0.2821744564683101,0.5846248191133024,0.6794703202061146,False,False,True,False,True,False,False,True,False,True,False,False,False
1.0976519183162678,-1.5721022518492023,-0.7127712577352758,0.5109134139377085,0.8334435577513236,-1.4853860014211107,1.6252695652410036,1.0538895150005474,-0.2646266791522074,1.4236324263271496,1.010032410736737,1.5657511779879891,False,True,False,False,False,True,True,False,False,False,False,False,True
1.1306130039877036,0.7793548674339664,0.6342903786885968,-0.799504024290463,-0.14499287275241887,1.039801001214476,0.03771067213523074,0.5843209506098413,1.1038944973083358,1.068873284874974,0.41723287547263693,-0.6739051551715101,False,False,True,False,False,True,False,True,False,False,False,True,False
-0.2584470240189178,-0.7736010025424561,-1.4245561581160184,-1.3466965214779238,1.7419797426696797,1.3212286020431827,0.5872635157737536,-1.2659889756476588,-0.7419049438616302,-0.48615222161493543,0.3101685874502066,-0.05659882325973356,False,False,True,True,False,False,True,False,False,False,True,False,False
0.4580497082874737,-0.63632040401023,-1.0326248124429387,1.470204113666466,0.34444422529840396,1.0139511292210643,0.09270417761468731,0.2293913641072847,-1.716619509922624,-0.3624614141695573,0.019002269753533006,-1.7126355194705878,False,False,True,True,False,False,False,True,False,True,False,False,False
0.010569257525924287,1.3826809076439615,0.9607618141910894,0.6435826779074839,-0.78677261610411,1.5219653688870487,-0.4296987180876964,-0.36224395490760036,-0.6842212857664319,0.0381230873540963,-0.02382986002725325,-1.0078439165825328,False,False,True,False,False,True,False,True,False,True,False,False,False
-0.18645286049082357,-1.601285623365688,0.5837246684470864,-0.9394343018187561,-0.4068525140932665,1.0335017847892913,-1.1914209445422481,-1.650275512859652,-1.3845128003197833,1.1975348589370136,-1.1264895957301748,-0.8888302839178895,False,True,False,True,False,False,False,False,True,False,True,False,False
1.069126219626334,-0.5735183155000815,1.0117752124095207,0.6662214719661675,-0.6818673877602164,0.80552679201632,0.08359217207425493,1.659146911255094,0.9297538870474398,0.7421478125155015,-1.313367598960534,0.4465060272157191,False,False,True,False,False,True,True,False,False,False,False,False,True
-0.6759027972692258,1.5132774308073562,0.6149491216270495,1.5809863528114645,-1.2245149427526842,-1.18869219115864,-0.3803660058871099,0.0023932328069919077,1.1062225902721923,-0.8264853294844267,-1.4576229917435437,-1.2601107476183118,False,False,True,True,False,False,False,True,False,False,False,False,True
-0.15995358000339469,-1.1270014466793925,1.5392250814291084,-1.618616419652885,-1.4684744612284952,-1.6184909467819082,1.3726270143747838,-1.2192705460313282,-0.10242734708129887,-0.5556022776233235,-0.39628510758845864,0.0593704179791256,False,False,True,False,True,False,True,False,False,False,False,False,True
-1.1496995720830514,0.5164059009946699,-1.347266303627748,-0.20539576402406984,0.6511400140481318,0.276161635249062,-0.5923694842376481,1.514241802026738,-1.418991349440479,-1.2680266807861806,0.12912180086378933,0.17266262915416308,False,True,False,True,False,False,True,False,False,False,False,False,True
-1.467731341772347,0.3230169701276223,0.5732876098431768,0.6352920750549876,1.616038223866009,1.5946966111729026,1.3614355123126403,-0.8649277800999462,-0.7082112991695299,-0.6685941138261762,0.543663011354049,0.9056826644430841,False,False,True,False,True,False,False,True,False,False,False,True,False
-0.5568931244387543,-1.0458449449624458,-1.6277779132912296,0.45789645416316566,-0.1726254423511723,-0.5720339099958157,-1.2450263980703788,-1.5132338055985113,0.6484166258766576,-0.14776573356645456,0.1287486348505628,-0.5677640851332785,False,True,False,False,False,True,True,False,False,True,False,False,False
0.27452209241516257,-0.21777621332820638,0.02037007430759732,-1.35541670801734,1.3036743477441697,1.4069235733592256,1.3953089005455568,0.8962006122421609,-1.6198646978354785,0.11864528549473087,1.0576423891829965,0.844629287664372,False,True,False,True,False,False,False,False,True,False,True,False,False
-1.5445321238122,-1.2865561235778629,-1.3134600002531112,1.0425944981191626,-0.9872684081414664,-0.5255490878062445,-1.4049495022941054,0.4012130698033016,-0.9944602660429587,-0.5985155851886715,1.3644708106314922,-1.639411137217899,False,False,True,True,False,False,False,False,True,True,False,False,False
0.6171381650914685,-0.55416072869754,1.0436479285374212,0.5904445833391485,-0.16413004393617178,-0.7537647413193597,-1.6184748109249043,1.057858396210744,-1.3161149197727537,0.3825913550098748,0.8607516098817551,1.6753630449071881,False,True,False,False,False,True,True,False,False,True,False,False,False
-1.2921649641667259,1.0827248630334914,1.19311868482756,0.7212886677244458,1.7278657511622713,-0.22978025146919603,1.0746245383383928,-0.7371240366199927,-1.3154487215407111,1.6306045314481972,1.4679509259903294,1.6539628774069919,False,True,False,False,True,False,False,False,True,False,False,False,True
-0.8341038759030303,-0.6863563602437497,-1.6617372872131773,1.353594899152723,0.9050443281914731,-1.4400922898339688,-1.301095225197576,-1.3325650981927126,-0.17615337070538134,1.0204461128812976,-0.5955375839202924,-0.3714594344688487,False,False,True,False,False,True,False,False,True,False,False,True,False
-1.3403795099602371,-0.9710013626707386,-0.7498842305800815,1.166805549251475,1.7090293353245143,-0.70065827217829,1.6948724705719926,-1.218467159257756,-1.6951382894705613,-0.23828802985072287,-1.0233347936258257,-0.8514033125098639,False,True,False,False,False,True,False,True,False,False,False,True,False
0.8469910594108029,0.6416298293060939,-0.40123332355952185,-0.48143322212964373,1.6657142003955545,-1.5887611076201613,1.4727350496631693,-1.2224976757308044,0.1188016918027051,-1.7049143825561806,-0.16472570240472012,0.5507493025461352,False,True,False,True,False,False,True,False,False,False,False,True,False
0.8991521565767341,-1.064366422027893,0.13373802238366014,-0.040992053178915716,-1.3733002031884658,-1.525715090089604,1.233079697735638,1.5980970758592106,1.614702899342483,-0.8932964847586884,-0.3119932747951758,0.2433012459107532,False,True,False,False,False,True,False,False,True,False,False,True,False
0.29078472204763445,0.4572563281697132,-0.355907046322945,-1.2280918535332728,-0.7002304280980604,1.4746086421586853,-1.6252238718932486,0.7722904476065694,-1.6376074899380624,1.7190314208866662,-0.30626951435141664,-1.0825173450152492,False,False,True,False,True,False,True,False,False,True,False,False,False
0.12397262292336389,-0.2290941710571736,-0.22575676402492176,0.45770921007930826,1.4075756914420554,-1.2778594218819628,-0.9829274422485147,-0.6958466135083576,-1.001230265479103,-1.180314188676243,-0.9428831546364234,-0.28033986729496313,False,True,False,False,False,True,False,True,False,False,False,True,False
-0.5042474116000465,-0.7691785667025585,0.48887497551035775,0.6018502511983108,-0.61725917171435,0.5145786141370969,1.0159377433846954,0.4379397064416995,-0.3014586801568176,0.8076028534116394,-0.0637425038767434,-1.344272479761541,True,False,False,False,True,False,True,False,False,False,False,True,False
0.23954902202203826,-1.58089231712771,1.6434592748747912,1.075697612863377,-0.7241304070722357,-1.004654588848313,0.7755586701579361,0.5107876851063856,0.972193905535081,-1.6414193388218625,0.4492085238876705,-1.1554194489652512,False,False,True,True,False,False,False,True,False,False,True,False,False
0.443575792628167,1.7204130439887184,-1.0651766905697189,-1.7136745285790478,1.2340075236271018,-0.74529657432761,-1.3183216033396343,1.2554946818741843,1.3791094063350755,1.5710503180149085,-0.28453376373857225,0.16964300113522338,False,True,False,True,False,False,True,False,False,False,True,False,False
-0.6695265113786923,-0.1510040076305053,-1.4630429237217841,-0.6256872271118595,0.425674150458476,-0.18147369208117348,-1.6348483521171855,0.028718502115337562,-0.016982786956318063,1.3252124752268855,-1.0739495960590986,-1.4568632531976577,False,True,False,False,True,False,True,False,False,True,False,False,False
-0.17263418471739223,-1.364971254922916,-1.485817146384303,1.4679416012616606,0.10000079499431767,0.5827935693500995,-0.6954576409667371,1.4984986676212573,1.0497742602178468,-0.9636747376243547,1.5407151575359463,0.8457721195047012,True,False,False,False,False,True,False,False,True,False,False,False,True
-0.9825768265745782,1.385797758660324,-0.8732464650339385,0.2872177436288529,-1.1866192287910038,0.437131456213762,-1.190107049296067,-1.4603720389868884,-1.6130797970200057,-1.651212318751281,-0.06541795950165447,0.9823830807998936,False,False,True,False,False,True,False,True,False,False,False,False,True
1.151505161675055,0.5114460528971688,1.2188868855400277,0.4978256146438749,0.19766091698454027,-1.3626393106309351,-0.4835646404007344,0.11893519115942386,-0.8347696460645508,-0.7584224618069317,1.2738225252978626,-0.7682399000593568,False,True,False,False,False,True,True,False,False,False,True,False,False
0.13833185594991385,0.2150908195464713,1.6342092970554607,-0.43370112659004695,-0.7099986403575306,-0.9238626869628542,1.6243129832648027,0.16100487034717986,-0.1625310403057081,-0.20348619254950615,0.8885834026560335,-0.8062463493175298,False,True,False,False,False,True,False,True,False,True,False,False,False
1.2465413580758318,-0.9987659159726331,1.5594363877707134,0.927958179437172,-1.0155257318418296,-0.92390695545071,-0.14873598366741608,1.2530922775643087,-0.2730893636574277,1.1278281850240208,-0.8625138753955397,-0.21550012652551603,False,False,True,True,False,False,True,False,False,True,False,False,False
1.0753607880445433,-1.2119954503525319,-0.666312411573691,0.3207552447809126,-1.3266473551871651,-1.0686189414522749,-1.3857445942576385,1.44474640131513,-1.168668491452172,-1.6797833024943094,1.20996748087759,-1.3180134358313877,True,False,False,True,False,False,False,False,True,True,False,False,False
1.677431654665881,1.328375363345849,-1.2688737616014627,-0.28004947159294596,-0.8345848610044884,-0.27346541603391533,0.9003861043777386,-1.399659313020189,0.5920366919679229,-1.3738801209202183,0.9517336026696246,-0.43783875711135145,False,True,False,False,True,False,False,True,False,False,True,False,False
-1.519621831679831,-1.2335831267362878,-0.168720785833194,0.4263637120093025,-1.3780979094862915,-1.5803243305802985,1.270285325955929,1.409249167906266,-0.8236773881771121,1.5594443552622104,1.0688576873299034,-1.4118064900428464,True,False,False,False,False,True,True,False,False,False,False,False,True
-1.1178531365929638,1.6460152107469341,-1.3577105138643804,-1.4816395146677257,-1.6565600548260726,1.464172680648063,-1.5683048056906541,-1.4786980413961972,-0.8399665367203348,-0.7843348607290048,-0.7557431000016853,0.6336624796820168,True,False,False,False,False,True,False,True,False,False,False,False,True
-0.9064470016828983,0.8565096834206919,-0.586106594467113,0.7116416739172473,1.167620595310312,-0.9972066457207824,0.13383840708551467,-0.011026865020563045,-0.04159780221303365,1.2070286076650767,-1.5382803097576827,0.9422460418300898,True,False,False,False,False,True,False,True,False,True,False,False,False
1.1442495252907077,-0.9239712788224332,-1.7339625323724657,1.5250340083272376,-0.15257919096432462,-0.8407657412021425,-0.1576305953819557,-1.424256873986931,0.3255205275164797,-1.1509022170366834,-0.06846719636448963,1.0879574966591534,False,True,False,False,False,True,False,False,True,True,False,False,False
-1.4217888587443173,1.2816866918071412,-0.9818807271929102,0.7791695404721735,-1.5850308422046704,0.5690281592355466,0.6950484586673937,1.175563786038304,0.4970203127366948,-0.4864638908147194,-0.9912133052574224,-0.008254125436163275,False,False,True,True,False,False,False,False,True,False,False,False,True
-0.35834340187309754,1.6689746559832856,-0.020302790391117414,-0.8608016996260041,-0.43704235219222104,-0.22204926503951086,-1.0537077401592652,-1.6878453618884126,-0.32199349480671396,0.8860716079473476,0.5594689263249336,-1.7525291777009442,False,False,True,True,False,False,True,False,False,True,False,False,False
-1.4209194815425747,0.27830190103186425,0.4508574573908385,0.5183866031003337,0.29130548782663607,0.40698454569058734,-0.6348795059157196,1.7040170951713167,0.6141110797508087,-1.2039660196918909,1.2353182335067023,0.19085412119610407,False,True,False,False,True,False,True,False,False,False,False,False,True
-1.4880326421258947,-1.6632997067183526,1.5699364611103828,0.9477630682494752,-1.3509533413117607,-1.1425890080230707,-1.3829493104427035,1.1026862929327417,-1.4276956763711792,-0.748129793128217,1.4849796584527584,-0.3464134871849022,False,True,False,False,False,True,False,True,False,True,False,False,False
1.0475615577419501,-1.314648493377372,1.5994691842318716,-1.3937025859273375,1.6020472279261528,0.9677981267599864,0.30747462884086063,-0.6733183701504716,-0.40013410718748776,-1.5969128950380658,1.4477151534947066,0.4362703338386721,False,False,True,True,False,False,True,False,False,False,True,False,False
0.2698624773456862,-1.345180047686984,-1.0042364948146145,1.217527417139198,-0.3623416735746927,-0.4757455806947856,-0.16908891264958623,-0.26944737521062984,-0.008872184825103761,1.6186912029426201,-1.3212951682802407,1.0085381909448838,True,False,False,False,True,False,False,False,True,True,False,False,False
1.0738313381768778,-1.3523791131509117,0.10098002044919378,-1.59291870113533,1.6483909428423495,-0.2774439572629444,0.5707568609177012,1.1476598107996636,0.4843651118318988,1.0992864920458103,-0.38520874732091975,0.8160163299148927,True,False,False,False,True,False,True,False,False,True,False,False,False
-1.7255707657319623,0.1469908431181621,-0.823737414056077,-0.41538781831645555,0.8095899888367911,-0.3984117711015272,-1.6062351886796828,0.9292371446433578,-0.15340276191991398,1.6894974229234199,-1.2592020960735706,-0.6139580823488557,True,False,False,True,False,False,False,True,False,False,True,False,False
-0.8602087551182598,1.7315204380247053,-1.0929557925427076,-1.0349793069736055,-1.1399975230593065,-0.5217531171453029,-1.2717458109769832,0.7213208310851901,0.4730523969910284,-0.7553896430304619,-0.5553456195282162,0.8992316892362042,False,False,True,False,True,False,True,False,False,False,True,False,False
-1.693049127387708,-0.5327892440559857,-0.2645090182794606,-1.7399568217292811,0.0005569142404592342,-1.5579102643044829,0.8455850968030552,0.9990724229830109,0.6494497827034961,0.18776881244577634,0.6789749703751674,1.5911051845151267,False,False,True,False,False,True,False,True,False,False,False,True,False
0.9501664698987988,0.07238623247358139,-1.389750403035833,-1.3272444595750474,0.5323954623621735,0.25605547961569997,-0.5195053542250869,-1.211319892477015,-1.0338240961781915,-0.8997958744258657,-0.9287514273711795,-0.2628408783586819,False,True,False,False,True,False,False,True,False,False,False,False,True
0.2653307138271829,1.4661037320397667,-0.9561980169074651,0.8169871796203771,1.634095001178248,1.530138938155547,-0.2633822578141359,-0.7078541749012958,-0.42941556848309775,0.470918554271751,-0.9144605161045266,-0.3432021981192652,True,False,False,False,True,False,True,False,False,False,True,False,False
0.13087180781337124,0.7924550345662567,-1.4762468538564824,0.7062751886120975,-1.2067122207279775,1.4687919631972681,1.5221140016331711,0.22447282700621315,0.8784965112920164,1.0046799051841595,-0.7140360764605237,-0.4376319929199185,False,False,True,True,False,False,True,False,False,False,False,True,False
0.3237808065444977,0.5262827173247341,0.14734840773069455,-0.06758706601198643,0.7832898198438597,0.13396609096032927,-0.706776252594914,-0.3440947584747107,-0.8742341423890978,-0.5209162623252943,-1.1089286663550788,0.338910641727868,True,False,False,False,True,False,True,False,False,False,True,False,False
0.73385708949091,-0.1542771056377138,0.48895129727256187,-0.15390069079246746,1.0825645497524499,0.9929702534634636,-1.320297721931424,-0.3946479076987316,-0.38046278659781424,-1.4988248324730196,1.5254267992029866,1.152800600599273,True,False,False,True,False,False,True,False,False,False,True,False,False
-0.05415746723279259,1.4767981431437571,-1.0263529662629445,-1.7393560588956296,-0.7798769288245795,-0.6293153749314513,-0.692364370997635,1.137703127035409,0.9380098947964851,1.4713520397745237,0.8173905459108836,1.0360949828927,True,False,False,False,True,False,False,False,True,False,True,False,False
0.16802230156829848,-0.3358389046688207,1.689593657395257,-1.3234270041688851,0.035598310995755805,0.5905706083318611,-1.674460862670428,-0.21205255985820876,1.3388938745889856,1.6011123084127832,-1.6836953585210979,-0.3586999953719529,False,False,True,False,True,False,True,False,False,True,False,False,False
0.47155263448042145,-0.7829759983542708,-0.12647959895318442,0.39516030233992977,0.810261274222171,0.7468239946518833,-0.9673329336256836,0.5607943364097097,0.6357151861722424,-1.1679084565843547,0.49005486936331244,-0.3045012543071271,False,False,True,False,False,True,False,True,False,False,True,False,False
-0.11618983244615749,1.722421589778568,0.9930214050812952,1.2864983320418297,-0.2583905536894386,1.4415179150682202,-0.020568341960450376,1.126998519871651,1.133914995014578,-0.550620380810645,-0.08426449865444982,-0.17272192798064737,False,False,True,False,False,True,False,False,True,False,False,False,True
1.2527454441102848,-0.40715668674204164,1.1082875071779545,1.0556932278562077,-0.7485715215500204,-0.5343424027352238,1.3879591559984086,1.092842288083012,0.5802230586061635,0.5635608709319541,0.8459576447424996,-1.3041544833444025,True,False,False,False,False,True,False,False,True,True,False,False,False
-0.29260042303683864,-0.8645870519212219,0.884872286556766,-0.42122816775812083,0.9293276881624677,-1.3814580259026343,0.5117890931357173,1.5101397080327097,1.746023776516933,1.5854732395246758,-0.5814652796990876,-0.4046854033038237,True,False,False,True,False,False,False,False,True,True,False,False,False
1.3865241367516548,-1.1812607175037888,-1.3211906721950284,0.3994080830013231,-1.5299436864205402,-1.5762990557149874,-1.610020248578465,-0.7000282666373578,1.30965380429893,0.3444213046378042,-1.1920546911248528,-1.124138113236219,False,True,False,False,False,True,False,False,True,False,False,False,True
-1.0968102729693632,-1.2483027346601527,-0.6715086999330814,-0.5615923753163228,1.2303184008258041,-1.152341237600659,-1.2089815649526052,1.075868815880697,-0.691099447513398,-0.45549269533549347,-0.3782517625183106,-0.6180807094851433,False,True,False,False,False,True,False,True,False,False,True,False,False
1.2273161738250595,-0.22518245752141736,1.3591156093352532,-0.5764835172843255,1.2690914891498277,0.18235520515641948,1.2018085414473476,0.47062456249631457,0.4291606893906885,-1.0896406987714315,-1.1456214826946012,-0.6174422043350923,False,False,True,True,False,False,False,True,False,True,False,False,False
1.465211407891717,0.3853368494078102,-0.9578785652470765,1.205470523278587,0.8750316307225166,0.3813729174531635,0.9448700141741534,0.2257386985273837,0.2677083565295164,-0.7260957762212962,1.5456049753590724,-0.36785103215205195,True,False,False,True,False,False,True,False,False,False,False,False,True
-0.10565009499171539,-0.08561366903500958,-0.5793318527060417,1.3444701575876379,-1.2482535077398786,1.7165106148226994,1.4832520045596147,-0.5175893858144988,-0.632870011974641,-1.2924243314256825,-0.5317449250372597,-1.4667411997407458,False,True,False,True,False,False,False,False,True,False,False,False,True
-1.216938434607075,0.770173224049266,0.11583811707462094,-0.8226256283991207,0.23517093888196938,-1.455485316169642,1.324960198183634,-0.7668084197585694,-1.5287004996256666,-0.2883016430632443,1.1496541568802234,1.0624912933055273,True,False,False,True,False,False,False,False,True,True,False,False,False
0.11982834038265817,1.0175269744528093,-0.4316565229358857,0.03483270107712183,1.0579004405076653,-0.6548461174587166,-0.8001406554948343,1.6253568672421,-0.8297079692935571,0.4235634072797124,1.4524566571997373,0.5719206762507493,True,False,False,True,False,False,True,False,False,False,False,True,False
-0.1647742034920261,-1.1368804392678404,0.30206820675684914,-1.310348506203105,-0.039279071440131895,0.19720061616553963,-1.3670639663465707,1.2056717536479817,-0.5959815391055225,1.3401331644313366,0.601838365541123,-0.2591292286792727,False,True,False,True,False,False,False,True,False,False,True,False,False
-0.7838989962125952,-1.2530426252712616,-0.4223736773705846,0.4084160844738604,-1.7125154401490288,-0.32854064233847974,1.4202127663645623,0.5666482471054565,1.1340998853081967,-0.6020089846925903,-0.8886928403577762,-0.75512603075662,False,False,True,False,True,False,False,False,True,False,False,True,False
-0.8942367126351715,-0.2798608436851419,-1.7379859882704434,0.8114514661871675,-1.089614390598958,1.6977568259854805,0.7270002471993778,-0.3548906256267199,0.02392644687654367,-1.380286273172177,0.9484420490982849,0.9561653884441389,False,False,True,True,False,False,False,True,False,False,False,True,False
0.5563964303543477,0.5327079716622377,0.3942198046657493,-1.4291856187119556,-1.4462432024480698,0.53967362528778,-0.6377890759984924,1.3380345199842796,-0.20047365940599385,0.0973596135114569,0.8382707825441,-1.6051204381329378,False,True,False,True,False,False,False,False,True,False,False,True,False
1.7275385227955746,-0.27243257452655456,0.8666702835996287,-0.9201456829998751,1.2083000810274696,-1.0765529720791132,-0.6824485329529972,1.5067134325960252,0.5794300259884146,-0.9210111272202733,-0.7636223577516081,0.39539983360189634,False,True,False,False,True,False,False,False,True,False,False,True,False
-1.4664026342999081,-0.2957582965480912,0.5760466054302676,0.9085230578631293,-1.0253677594200707,0.4035748604710359,-1.1494075646172484,-1.157031270242704,-0.9242741988669202,1.3021615832224582,1.1133672566424109,-0.6541898583440549,False,False,True,True,False,False,True,False,False,False,False,False,True
1.2448346260566776,0.3571518308589734,-1.5291217682414302,0.09646730253417318,-1.60662209701628,0.5538261587212508,0.2713787771234699,1.6165452540017549,-0.9876506467160063,0.6805319591798601,-0.2972399464916214,1.1355437823817696,False,False,True,False,False,True,False,False,True,False,False,True,False
1.3674590246482696,0.24497809604318646,1.2280678170807444,0.3321600055168705,1.5423168664432576,-0.6526807225122673,-0.668504719466763,-0.6486533481556201,1.6727519125528953,-0.269853136157032,-0.23103760818396432,-0.9037618874655593,False,True,False,False,True,False,False,False,True,False,True,False,False
1.1783075954171969,-0.6917862394880133,-0.9279694581657384,-0.4727145176978233,1.344719460972993,0.35781466134630036,-1.1841534093688637,1.1862891619486715,1.425744844158858,-0.410877816849735,0.8249683491174469,-0.11764534671680926,False,False,True,True,False,False,True,False,False,False,True,False,False
-0.40148965893461747,-1.024067085172096,1.0433102578185212,-0.01151094268733312,-0.32352070080449113,1.1071162462416861,0.025197724275070867,0.7468062885211956,-1.45131410148157,0.3524661516381509,-0.7818275806588081,1.0312085941612033,False,True,False,False,False,True,False,True,False,True,False,False,False
0.6060247148541704,1.4186782420280775,1.704375194208497,0.07523705171944249,-1.6553594056518381,1.4873011531642781,0.7381281632104721,-0.9981589534572702,-0.9264944939104519,-1.0612852152060765,-0.44748663331000593,0.5190918664982296,True,False,False,False,False,True,True,False,False,False,False,True,False
-1.2839037903911044,0.28355526475743675,1.3200524111189955,-1.5533992789417166,-1.3678022502423195,-0.6392606959242981,1.3350866511111725,-1.3265959335780158,0.17321659189630872,0.47531477460568905,1.7100985429789466,-1.7162785812248258,False,False,True,True,False,False,False,True,False,False,False,True,False
0.054438805350342484,-1.6317098111373733,0.8758235864327132,0.09244839093634044,-1.6832454930497198,-1.6051447067341214,-0.06375174125443357,-1.2616193805053477,-0.9388456120821581,-1.292110000506972,1.2459911282945437,-0.26129850418298795,False,True,False,True,False,False,True,False,False,False,False,True,False
1.251668538110808,-0.5993609535284483,0.8770450401274503,0.06795951096103553,-0.7978685374201256,1.6119525455629036,0.8187379839176374,-1.4175243370396666,-1.4449334896579757,-0.46155283952820064,1.0528811362182233,1.5847857551942657,False,False,True,True,False,False,False,False,True,True,False,False,False
-1.1486235402924858,-1.099397326160108,-0.38162926457337404,1.6216574334543243,-1.3279279513095228,-0.04997315116973904,0.581265945927993,-0.08993106593016136,0.6112881149643973,0.1763550516274991,0.415042897363867,0.770683517978424,True,False,False,False,False,True,False,False,True,True,False,False,False
0.9815910201906208,-0.7881492059413941,-1.45038646389266,-1.3727961225165017,0.5135835180292289,0.163825409968932,-0.24042316884709453,-1.701414995604557,0.7622331197932057,-1.390906507037132,1.5968776423629218,-1.650225031269584,False,True,False,False,False,True,False,True,False,False,True,False,False
0.04382740584451303,1.3050754859764833,-0.054064153435275986,0.33595536909802914,-0.2777478504014622,0.05891288296132542,-0.201898968994169,-1.2742784431265426,-0.2903390166931198,1.4720160849798642,1.3686520490375529,1.5765461386641986,True,False,False,True,False,False,False,True,False,False,False,False,True
-0.33706375607992145,-1.2630617198192915,-1.455955012298485,-1.320302835862286,-1.390079610819322,-0.05338559478866259,1.2775811498835419,-1.2567895314850712,-1.497246838598714,-0.9101783663398044,-0.4449483582431845,-0.6066196659309502,False,False,True,False,True,False,True,False,False,False,False,False,True
-0.332958222158382,1.5946659522385376,1.2458294977513165,0.2224841383530677,0.9954417097768389,-0.6704078824026847,0.8015366962585151,-0.25658685963822697,0.9788118910537789,0.2856538134492363,-1.101707127634142,0.17735399586433884,False,True,False,True,False,False,False,False,True,False,True,False,False
0.6750631104183279,-0.5429767122395962,-1.0928399050168942,-0.01541799544596067,1.2119136180801693,-1.0456867779373697,-0.5523786300908161,-1.158058608368389,-1.3153473377729683,-1.3024349279127354,-1.6419983677019365,-0.130424036831644,False,False,True,False,False,True,True,False,False,True,False,False,False
0.19028341716114008,-0.5090921822599034,-0.8986142445378107,-1.708947276426554,-1.430042566887794,1.0838037222979362,-1.4072920265175657,-0.8646135597989184,0.3240084158346687,-1.173392460929776,-1.7020065909320412,1.4428720793202983,False,True,False,True,False,False,True,False,False,False,True,False,False
1.0995443642868656,0.03710670774443487,-0.6700437644468789,-0.8082167870148884,-1.7069106112693673,0.9923266630200123,0.910670879758462,-0.6434949749734403,0.997946679971386,-0.7162709506170126,0.31972443021303226,0.6151290636005419,True,False,False,False,True,False,False,True,False,False,True,False,False
-1.399502596498256,0.3680951059084269,0.8362402298241292,1.6639991435871508,-0.33837800648482,-0.013349006107468383,-1.0777275847119072,-0.6476701725187576,-1.0307366572910985,0.34230494427622754,-0.9611060369251545,-0.9404625951299875,False,False,True,False,True,False,True,False,False,False,False,True,False
0.22294119969503992,-1.598121679526217,0.7825767396526884,-0.37533785215714255,0.42718695661906786,-0.3311693239681747,-0.7275689336589429,1.0914838839428571,-0.3657050297921697,-0.16781288124912414,1.694278246247241,0.1136323021563217,False,False,True,True,False,False,False,True,False,False,False,True,False
1.3474049038109777,0.20955218255204622,-1.4128537091672448,-1.352067609890213,0.11221556177710347,1.5431643869739344,1.6359251366780827,1.5217080015305688,-0.002576333386003173,0.8968235808636156,-0.4617352535643489,-1.532844197526011,True,False,False,True,False,False,True,False,False,True,False,False,False
-0.011222963945616823,-0.20755773666998908,1.178683294571011,-0.9365097845914729,1.6126425503956403,-0.6752154775507907,-1.6527512017826962,1.023477406134533,-1.0154611509695526,-0.3725387053168376,0.42861106001461663,-1.0793597604424863,True,False,False,True,False,False,False,True,False,False,False,True,False
0.8702853454851639,0.1900578585401054,-1.3806703700826448,1.34182737555876,1.3496307734423005,-0.7118749338409239,-1.5235945609407142,0.43205978510776116,-1.0066101658651656,0.04170266704757416,1.5116585781942196,0.8848565132879295,True,False,False,False,True,False,False,False,True,False,False,False,True
-0.3125149887244224,-0.33490222985727247,-1.149524945766368,-1.0540088082924657,-0.7951185192433053,-0.6113900286141614,0.3444983336820031,-0.6597608796602931,0.5385714219636248,-0.5673067292761214,0.03379265933566779,-0.6596825185669015,False,True,False,True,False,False,True,False,False,False,False,False,True
-1.5554961594451213,0.12758560314542716,0.026532994854786284,-1.5323769760847716,-1.6859680990398478,0.03061662457076245,-1.1338697628014238,1.0483060378544173,-1.6610035149952977,0.7185546947541627,0.549488731403517,1.221975432994916,False,False,True,False,True,False,False,True,False,True,False,False,False
-0.2720161923919091,1.3728742502330447,-1.4787817786701312,-0.792435222653701,0.6812907441199668,-0.33068927647988067,1.4042331484430493,-0.021820298459085303,-1.1106672895021346,0.08410897704716466,0.44599720489821865,-0.03728606166360765,False,True,False,True,False,False,False,False,True,False,True,False,False
-1.4752303921900087,-0.6829295727834828,1.4344086784610055,-0.19068233724712644,-0.7759572341562773,0.28357983830587175,0.015203955810646954,-1.0092005192743247,-1.646471807964717,-1.448335822333157,0.1467615941349121,-0.4523017377548048,False,True,False,False,False,True,True,False,False,True,False,False,False
-1.6687570718976854,0.3360057355951966,1.26430378430715,1.0083174489094135,-0.40652229196532597,0.09932006510700585,0.597624536261434,1.3567456616006885,-0.17275397948369037,1.2809722945135609,-0.7487171163624281,0.9524701402761322,False,True,False,False,True,False,False,True,False,False,False,True,False
-0.010428605804855898,-0.15347028771949495,0.5096094729610409,1.365661920662216,0.04393584500432442,-0.2902140759687279,-0.0955100135214049,1.5978226055463425,-1.686331053317332,1.3527941807526045,1.2751460130311916,1.6110157096931295,False,True,False,False,False,True,False,False,True,False,True,False,False
1.4727880947559135,0.7575910908464422,-1.003977024572299,-0.47977652650711206,0.13333789875152324,-0.9831991281175861,1.2271376680375412,-0.9051959533220234,-0.7708106971935962,1.2628204591439403,0.4336814563665628,-1.2743566613450468,False,False,True,False,False,True,False,False,True,False,False,True,False
1.4288573650025413,-1.4174856150709265,-0.2323901848061161,-1.2925732704664719,1.132651192327889,-0.03897683529002763,-0.8500642959276871,0.42387720576235566,-1.3035247500866571,0.9746536086214868,-1.1148558407109717,-1.7261113657372624,True,False,False,True,False,False,False,False,True,False,False,False,True
0.8715153827949221,-0.5032004185110003,0.7310584393807472,1.6618609540347171,-0.4269998432387843,0.19111757993421338,-0.7255389946396569,-0.4051121689173923,1.2663716469474104,-1.5684539259299497,-0.13299061939882995,1.32195893616066,False,True,False,False,False,True,False,True,False,False,False,True,False
-1.5922800477799357,-0.9344418297795214,-0.5666026254400084,-0.8571902792394036,0.40492834306346764,1.2754681827327115,0.061310669258308,-0.32392929141803284,-1.6557916354460287,0.9983174293342035,-1.0522650891270438,0.7259618673381143,False,True,False,False,False,True,False,False,True,False,False,False,True
1.3431075133398038,0.03253837230774308,-1.3591363609667524,-0.4289566034893729,1.6240370407817455,-1.5530046639934902,-1.2624283114601929,-0.6699783978092689,-1.2796339773315684,1.6572910306453317,-1.4613308833244478,-0.3072997828804905,False,False,True,False,False,True,False,True,False,False,True,False,False
1.354685392276614,-0.45155912909063095,-1.6804283104138316,-0.5204513001638493,-0.09375342623026982,1.1367992174028743,-0.5352172539010548,1.668331839455129,1.596273986497463,-1.4698480563982304,1.0228856311594996,-0.044389755805402914,False,False,True,True,False,False,True,False,False,True,False,False,False
1.1801860765868675,-0.8295490937083838,1.4241883855062354,-0.6513047644835445,0.8046706948212586,-0.9380247003970316,0.9709701261528376,1.576818965094772,1.272035548960085,1.492181684430871,1.580477920095154,1.5238691883408295,False,True,False,False,True,False,True,False,False,False,True,False,False
-0.6962100376147351,0.595511935697567,1.4002713492193373,-1.7084464262938006,-0.9138987916097192,-0.3661350406053074,0.6142807386292636,0.12760062785737394,1.5027631329357556,0.6385906569927552,0.9448287851515812,0.2910793330301068,False,True,False,True,False,False,False,True,False,False,False,True,False
-0.38057655184321226,-1.1642556489819844,-1.6412363347785472,0.7791216340683977,0.9465735093444524,-0.8628344976403977,-0.49629175227141314,-0.0715603635177247,-1.5615625527672328,-0.22560398823383207,-0.695331815401984,-0.4191141429201751,False,False,True,True,False,False,True,False,False,False,True,False,False
0.16629434571606155,-0.9097165053144067,1.570236256269576,-0.5211075029773432,-0.6434521382269677,0.5359058619556134,0.3025369952561133,-0.03479321942330696,-1.70307711952328,1.1036004325769333,1.421056555756329,-1.398314872052761,False,False,True,False,True,False,False,False,True,False,False,True,False
-0.4859071789885975,1.4578222650677892,-0.40027122268694587,-1.5186581122108598,-0.09990980468635663,0.5145988268310797,1.6294019844331324,-0.7035353921427931,-0.7115431484348138,-0.1853055857947596,0.710030037959044,0.570696774990195,True,False,False,False,False,True,False,True,False,False,False,True,False
-0.30206655597471577,-0.09407285230045336,0.3769948947228128,0.0813327055273843,1.0265165393756621,1.4765306209718967,-0.45365230618736274,0.39120667568417866,-0.3540082796434352,0.8714612135116252,-0.24133282382805277,0.606089520495801,False,True,False,False,True,False,True,False,False,True,False,False,False
-1.4653445355423282,-0.04965832039224944,1.094188170801429,-0.33328763288458985,-1.0029208905553775,-1.2437167802595228,0.8256597087231919,-0.999060174293378,1.1361263947199272,0.9859232511105493,0.9518733214401536,1.60000649986611,True,False,False,True,False,False,True,False,False,False,True,False,False
-0.36312246481272525,-1.1277764335050309,1.0246073778744786,1.1731693015034246,-0.016690200069551957,-0.0407461619185113,-0.98686110763117,0.9527673625246738,0.5007855732182731,-0.9864388671795014,-0.16695783968916805,-0.1140410148551234,False,True,False,False,True,False,False,True,False,False,False,True,False
0.6414592176630971,-0.9856767173470353,-0.48557685792098976,0.07802923206763787,-0.6826790088220468,1.4580397392622346,1.0197011534462919,-1.2852197801369116,0.2650008851495028,-0.5183456264765833,0.3163486360288107,-0.462457427913672,False,False,True,False,False,True,False,True,False,False,True,False,False
-0.9714873634329124,0.8682657945812646,-0.30713478462159544,0.4351427379702279,1.6302580222638217,1.1327005826212646,1.5554763735230843,-0.2575185275448351,1.2447844021628853,1.5708057131468105,0.8819755616257627,-1.2330612811756734,False,True,False,True,False,False,True,False,False,False,True,False,False
1.2241616837437856,-0.22527369920753448,1.2921675197731732,0.6712903606834851,-1.2125150806014835,1.1274919497961762,0.24309973435788554,-1.411190376227506,-0.2230799345588498,1.2645779887255366,0.584578827369897,-1.2544455148348446,True,False,False,True,False,False,True,False,False,False,False,True,False
-0.895387631391738,0.006961421133690841,-1.3276055821536525,0.9762280521338865,0.8881992550575991,0.8193255081995895,0.7297564332592381,0.8703520416647903,-0.1904301841951631,0.10118064535495747,-1.636901411399285,-0.49879946049969454,False,True,False,True,False,False,False,True,False,False,True,False,False
0.8359790402697177,0.8163055491876524,-0.5967786123687007,-0.2977095402785642,0.12206417174877603,0.3226620886581407,0.9460839617091745,-1.0103919130007937,0.27322439772861173,-0.5052723817454744,-1.5273238580444208,0.23737163462174782,False,False,True,True,False,False,False,False,True,True,False,False,False
1.6658447399997311,0.3744458804823123,0.5548335805924074,-0.8807929281074246,1.2759309463550252,-0.4070834778153534,0.24981938888826657,-0.9795693460885321,0.12520143507548998,-0.42768514812377534,1.077441941551735,0.40162444103866285,True,False,False,False,False,True,False,True,False,False,True,False,False
-0.9637833819590996,-1.5720852360370676,0.38645338794072065,-0.3121439662467556,0.5856671473924205,1.558808767429177,1.2302320105222533,0.7462056792425749,-1.2085269122656914,0.7935542767767365,-0.03421022153699884,0.558582814824777,False,False,True,True,False,False,False,False,True,True,False,False,False
-0.2859149047139477,0.356724371770768,0.7947969422424117,-0.7757698759337314,0.020819916041558716,0.4905987193903591,0.9285786595333735,1.383201091145782,1.2821611415974115,0.19294018730304366,0.43408133651324293,-0.5569745059513463,False,False,True,False,True,False,False,True,False,False,False,False,True
-0.6925372303802456,1.12321672788406,-1.3584058301489654,1.411173788197771,-0.8515716986068118,-1.7468147435547268,0.32106166306049816,-0.35876584739838757,1.1976162966498582,-0.15733435749419275,-1.0504377884509133,1.269873576969818,True,False,False,False,False,True,False,False,True,False,True,False,False
1.4967897075566592,-0.28035375871343793,-0.23543030568954804,0.9140627081451042,0.5249438883634958,-1.0607667449931095,-0.5103028045331188,-0.025330548371676125,-1.0734378399851112,1.7103850493913755,1.2658013358839832,-0.2999854438472623,True,False,False,False,True,False,False,False,True,False,True,False,False
-0.5405465587439637,0.062440704828502475,0.747228118934306,1.182069511069477,1.2899246555192934,0.22051238584607796,-0.23223934265786608,1.5703746547905135,-0.9196629963831896,-1.4591372811342254,0.7921516415366683,1.0849440465294389,False,False,True,True,False,False,False,False,True,False,False,False,True
1.229256909795367,0.6459515729638013,-0.5571807345309431,0.5388925231336325,-1.42058067245763,0.5000160019799561,-1.6941903010304,-0.757327492164516,0.26634235565254444,-1.5112643878542968,-0.818558415761475,-0.7217328433449754,False,True,False,True,False,False,False,True,False,False,True,False,False
1.5292118937655115,0.6735707247891934,-1.4066636169990174,-0.2034359257060255,1.7471623830085505,-0.4030758743198814,-0.6790531719759705,0.0985550895696663,1.0977807413242928,-0.4430361276416381,0.8460264070055608,0.41282148976619254,False,False,True,False,False,True,False,False,True,True,False,False,False
-1.209239870851702,0.238830023321663,1.3845274034932848,-0.2811515657217753,0.898396701272554,-0.9149557023002076,-0.29418327320104076,-1.419817389950239,-0.8047444821729439,-1.1310544827796398,-0.3982706393882947,-0.3809104297191144,True,False,False,False,True,False,False,False,True,False,False,True,False
1.4107954209095706,0.36080812125522976,-0.799237945170906,-0.02565977923096554,0.023096950481604928,-0.03641209524431084,0.032468124644062256,1.5853690520166928,-0.5360803684883643,-1.0786270406716327,0.6116867646182027,0.05805462046245824,True,False,False,False,True,False,True,False,False,True,False,False,False
1.1813036884021555,0.945335202556245,-1.2790462275325838,0.6484830686691834,1.7292405756436984,1.3216217585782135,0.001868476627499374,0.6112241467769391,1.2058972175661127,1.594982205024931,-1.079971894466242,0.10190430968000526,False,True,False,False,False,True,False,True,False,False,False,True,False
1.3376191048302748,0.04121366275337327,1.119968535521853,1.6635654153739368,-0.6051692115563411,1.254725195946533,0.6039432061579948,-0.6485964713339999,-1.0768685237873301,-1.03951320204206,-1.2674740292989204,-1.0407735677882415,False,False,True,False,False,True,False,False,True,False,True,False,False
-1.2418412008483304,1.300948288363299,-1.3442891325726392,-1.6649422685299777,-0.3764164555791193,0.16548370975495974,1.4563213489706373,-1.5718313180239756,0.9559915520463173,-0.6042880019964776,1.504946815607263,-0.8272846579320707,False,True,False,False,True,False,True,False,False,True,False,False,False
-0.0829752550938732,1.6356426738352425,0.21268158951903302,-0.019657585230448187,0.9997467469230391,1.1202708639949732,-1.3313419908402422,-1.1457258437950122,-0.4792528268798039,0.9368031947564877,0.32181533258538886,0.7053064292561938,False,False,True,True,False,False,True,False,False,False,True,False,False
0.3366803468619921,-1.2252114930348474,0.4315556396040499,0.77170449078933,-0.32853498380476237,0.6270488201315738,-0.8149699239427111,-0.6569402449666338,1.6061603149454198,-0.8092222026556963,0.9701896494497163,-1.3372950531371683,False,True,False,True,False,False,False,True,False,False,True,False,False
0.9021009624080129,-1.3857910229279988,-1.5415107532512922,-1.4811364007326713,0.006507722367259402,-0.635566453611718,0.9053874791401638,1.2076056881056663,1.2752249702734584,-0.7970354672215157,-1.632086623337962,-0.10015477433648973,False,True,False,False,True,False,True,False,False,False,False,False,True
1.1963097430507925,1.323375742686886,0.10416727754979938,-0.19269904360370793,1.5172737453011138,-0.8373192402643127,0.9968849198086617,-0.114009335723632,1.4797749405887601,-0.03860236752845563,-0.760249964254822,-0.9341509959895946,False,False,True,False,True,False,False,True,False,False,False,True,False
0.5674420369432969,-0.5612914000447496,0.2548379939958878,1.2539731952324205,0.4293429484853874,0.6039564350197087,1.358863218571987,0.23860827858485387,0.7715961662203836,0.21915098833946534,-1.0065594193976768,0.28650927752787536,True,False,False,True,False,False,False,True,False,False,False,True,False
0.08143178362303993,1.7345662406813545,-0.053770191090651225,0.9375098448528171,-1.4998417076618868,-0.6593920246324548,-0.06789722313024188,-0.11138731575452718,1.5396496961504729,-0.33332139097864,0.6410502168333887,-0.855545546697989,False,True,False,False,False,True,True,False,False,False,True,False,False
-1.3010685472434802,0.6111900548143955,1.0288442153918467,-0.03331727484161246,0.3162171047700874,-0.8320565419554223,0.9630905885783196,1.323786559743853,0.8771498806156431,1.4372725996255162,1.7095702641050008,1.279965331020624,True,False,False,False,True,False,False,False,True,False,True,False,False
-0.8369912359918025,-0.8203243382063582,0.16108047176663828,-0.15279198580098594,0.20036233400819223,-0.5459188653682833,1.7180972615575472,0.36846178445371536,-0.0775787282392258,0.8867101787496687,-0.4086475281277665,0.5818973454468997,False,False,True,False,False,True,False,False,True,False,False,False,True
-0.7826171970137905,1.0441059748956745,-1.556683901831881,1.3161557405472781,-0.9901653129243382,-1.112612957929863,-0.7448582978701942,-0.7424406333815641,-0.722294023131793,0.8349276598075729,-1.2066668995566188,-1.490837220933233,False,True,False,True,False,False,False,False,True,False,True,False,False
-0.047730944049582634,0.1638065640745351,-0.6825423373965986,0.35432491524211623,-1.2830283397322162,1.6106066407730524,1.6830929164656934,-1.4868921687965664,-0.16902980153014127,1.2830341809755863,1.7215948368196823,-0.22650333162400949,False,False,True,False,False,True,True,False,False,True,False,False,False
-0.922462478544035,0.9186557273194309,1.294845752463779,0.6774773577688226,-0.04299337381594792,-0.25160459203554647,-1.23593577997958,0.33066405387744024,-0.34860652815120863,-0.12436292847140498,-1.5547467482262938,1.2554641889098788,False,True,False,False,True,False,False,False,True,False,False,True,False
-0.8758339315367645,0.8821627894921303,-1.6883692036583746,1.4066846146515426,0.46426471671565317,0.5908683170681284,-1.1247944139161574,-0.25325921971684845,-0.6936433968748799,1.6827163228441913,-0.848734623066931,-0.9172767713718771,False,False,True,True,False,False,False,True,False,False,False,False,True
-0.08003314467242141,0.643794834118542,-1.6386306616044584,-0.7443351623015166,-0.3992379000709293,0.7869252610500523,-1.38318997383223,0.2519951240678487,1.0996700058166586,1.026544692588102,-0.18683305890578508,0.8164795894114873,True,False,False,False,True,False,False,True,False,False,False,True,False
-1.3984863109793626,1.311251916093221,0.3470008315867699,-0.41242142486168193,0.3797647454376296,1.2574742665665184,-1.2885235258932375,-0.9932253565907856,-1.5656912502092222,-0.4800126268421855,-0.9825328998358043,0.15145399884374558,False,False,True,False,True,False,True,False,False,False,False,True,False
0.8134081034091408,-1.577773628905043,1.02184113885067,1.2653102964508427,-1.1337148541951936,-1.0681047505466257,-0.9335095162026268,0.6923952727893306,-1.0608305085181453,0.9343866793320268,0.374419645865934,0.5152378105522167,True,False,False,True,False,False,True,False,False,False,False,False,True
-0.4180650652616232,1.3657674018571757,-0.2971068324347263,-5.391707329849741e-05,0.5474467953642935,1.2607093307860013,-0.9787871891372708,1.2219816916126394,-1.351019297383619,1.0466482864904538,0.14560112794441807,-0.9982933930498458,False,True,False,False,True,False,False,True,False,False,False,False,True
-0.2798403488721901,-1.4072429079779774,0.6048423902086968,0.7188819204540969,0.25041726723294805,1.5312420192680078,1.4070984955628292,0.4226913851359176,0.3044959015034437,-0.9838408800295352,-1.6472497161442572,-1.4365004988421772,True,False,False,False,True,False,False,True,False,False,True,False,False
0.6275394567539402,-0.9801557002949309,-0.6981257846613425,0.4754382398734162,0.15461445459041864,-0.278962907876785,0.20104856374354688,1.1054762757637722,-1.12840718296573,-0.18695255500333752,-0.9363452638315056,-0.29730414960490864,False,False,True,True,False,False,True,False,False,True,False,False,False
-0.23353759752773853,0.8686942423858,0.12981824081276278,-0.4038725975294478,1.181185594313795,0.5229849296046118,0.616671396469023,-0.5261351199314407,-1.4830170482898921,-0.8839912539847689,-0.4411915862939084,-0.3601654227945612,False,True,False,False,False,True,False,False,True,True,False,False,False
-1.7243718430082138,1.5752711002417392,0.6609622719264634,-1.440456312385364,0.00117198882289089,-0.2643896979512808,1.3628056177278516,-0.928141593446479,-0.974285547931063,1.2113540613528342,-1.4705122207464418,0.4395113908492159,False,True,False,False,False,True,True,False,False,True,False,False,False
-1.4460301009420393,1.5165049813867906,0.21063035839302519,1.656594330072002,-0.6353580814790083,0.282562763380581,-0.8353699042472572,0.09496600210266938,-1.2393171932612332,0.012720632937992206,-1.156507881130683,-0.3939861848354294,True,False,False,False,True,False,False,True,False,True,False,False,False
-0.2342989666778335,0.3267228824935879,0.15033052181222942,0.9653964943037825,0.487224748761374,-0.004726107937132171,-1.2629213837615203,0.3769359698433729,-1.2842777814185602,0.623904392086319,1.1793828126101025,-0.8293771649087738,False,False,True,False,True,False,False,True,False,False,False,True,False
-0.3272918672216025,0.8988574675983043,-0.48734218917860467,-0.24915254321233488,-0.14623582738734495,-0.09174032379406956,-1.2454033304357213,-1.241901098719943,0.5137777172623963,0.6720093194664234,1.4907302652155257,-1.1900814721204864,False,True,False,False,False,True,False,False,True,False,True,False,False
-0.6807734955702872,1.3994465382447374,1.040406918365182,-1.5550955916451834,-1.0723768219205376,0.005808980792369398,-1.2975993258031495,-1.0945610238873713,1.2407477385850916,-1.4295803852001538,-1.5480280113660225,-0.7400254966413682,False,False,True,False,True,False,False,False,True,False,False,True,False
-0.1918598054831932,1.0374855239692224,-0.9054816687932864,-0.6570139411553488,0.7063881078880958,-1.2626500252597415,0.4911162822326647,-1.6345423226324305,1.2896169219581688,-1.6071931825734969,-0.9754572804942284,1.5400568394518657,False,False,True,False,False,True,True,False,False,True,False,False,False
-0.2655860312340654,-0.3646384122598974,1.269459278043166,-0.38588121514197865,-0.720101558023767,0.015888349244058225,-0.0414595721262763,1.0815990084533071,-1.05793038233364,-1.667962619084754,-0.9420298538317541,1.451955684737492,False,True,False,False,False,True,False,True,False,False,True,False,False
0.027296803317149107,-0.6812453083840183,-1.6158866866580477,0.7639203375301746,0.6773713832650993,-0.8882154597706706,-0.9676361164670909,-0.13712241841591216,-1.3746068011459547,-0.6262397140709648,-1.0525102079056048,0.7066288869011058,False,True,False,False,False,True,False,True,False,True,False,False,False
-0.2383486385378453,1.6716772667514093,-0.3826716575783892,-0.33553813082623635,0.47613184889998506,1.4537453344841205,1.2363485580779985,1.3032714921681374,-0.37897694525965014,1.0927862848881709,0.34544172032936066,0.4149929601947623,False,False,True,False,True,False,False,False,True,False,False,True,False
1.058385819334205,0.7257455678881668,-1.6464628489166082,0.22342510343620028,1.2836140115277859,-0.5479639926469699,-1.512979601545124,-1.5460512230757995,0.25363720805099244,0.9789847202272396,-0.2147124650040442,0.23171958003051554,True,False,False,False,True,False,False,True,False,False,True,False,False
1.7306451740190083,0.8320017699837945,-0.8989646176590271,0.7029303010518938,-0.5634519066814773,1.4230779002953329,-0.18276923871897044,-0.3018805062104603,-1.2191988937938647,1.2039388088085061,0.8702840591050768,-0.22062978273823647,True,False,False,False,True,False,True,False,False,True,False,False,False
-0.03666649437529908,-0.18978387958526324,0.7433359825625019,-0.9053219897693793,0.9064198336343579,-0.31857994317515376,-0.8477476007086373,-1.4515974588270972,-0.49387496824587934,0.044326496368047356,0.9274925883250469,0.02960223804203468,False,False,True,False,True,False,True,False,False,False,False,False,True
0.04815602301234979,-1.4502948745901392,1.451003076693844,0.673361164910033,1.504070108387338,1.2704321606989835,-0.6968483055677009,-1.2795633803232718,1.5604300414139785,-0.6820713809663368,0.15982227652596387,0.12492999377061087,True,False,False,False,True,False,False,False,True,False,True,False,False
-0.4794472095254978,0.10036411357053926,1.1480035365693633,-1.284295889735687,0.9993015858060508,-0.5079493756078749,-0.6634311469720532,-1.3642123137310853,1.2147608958450182,-0.506162857390918,-0.1581919633721048,-0.40527526161545635,True,False,False,False,False,True,False,True,False,False,False,False,True
-0.2137212094516176,0.10346352305374115,-0.11062752383694098,0.7980247896369868,1.5854645789994415,-0.14345705629691305,-1.1801467753543844,0.5376824864552521,-0.3930066081898524,-1.6514599983280192,-0.21539074156520077,-1.2224352620907142,True,False,False,True,False,False,True,False,False,True,False,False,False
-0.435611405617084,0.9224605991314876,-0.3991119122242803,-1.2818434380573838,-0.10782405362432251,0.6925796510872121,0.8828669979551704,0.23763141079251857,-0.39118446248539207,-0.0391458551836804,-1.1008829053693057,-0.8101875914711686,False,True,False,False,True,False,True,False,False,False,False,True,False
-1.1172456956377275,-0.7251625785334533,-0.6321336655193831,-1.6127613571980601,1.6731859376834424,-0.9625581977040035,-0.7350567280836512,1.595584511282651,0.19572354586041568,1.0923953824400559,-0.6520259972163444,-0.37152651873330483,False,False,True,False,False,True,True,False,False,False,True,False,False
-0.8303626793990249,0.9737529269007125,1.4931395513859718,0.6457839091808664,0.3808863205384849,1.6227134128591196,-1.1301786874654345,-0.07014858364065372,0.10315423915646181,-0.7756481414429611,-0.36919760437408083,-0.6658679754990114,False,False,True,False,False,True,True,False,False,True,False,False,False
1.308029103524736,1.2993528781383852,0.2920635872448448,0.16167628035170134,-1.3382440876703037,-1.6157075436940134,-0.2444818372130541,-0.48922677732551234,-1.2139897701590359,1.0512217594984117,-0.9967545660351538,-0.19972839559196792,False,True,False,False,False,True,False,True,False,False,False,False,True
1.1745743129679176,1.385751967072694,-1.6689697606122182,0.0006931814412933223,0.20902049123865318,0.978037114405011,-0.4418747478460532,-0.262875812915973,1.4801674665213351,0.9946014786577716,0.8301116120242825,1.7307249900136636,True,False,False,False,True,False,True,False,False,False,False,True,False
-0.9034966048672677,-0.9859089079190837,0.8095847555334508,-0.26318657944535895,-0.7094697557948644,0.9457713605555623,-0.6581323745311854,0.3231804042955949,0.47024454343176053,-0.324942978175012,-1.294831954653208,-0.9179825459450913,False,False,True,False,True,False,False,True,False,False,False,True,False
0.9838112817699518,0.3610397444238214,-0.8810745589922735,-1.590954564260251,-0.29143931624871,-0.07459560153442026,-0.9463444916296095,0.897109090464854,0.7368252856650618,-1.6402087065429127,0.1369204743379166,-1.4801380444552408,False,False,True,False,True,False,True,False,False,False,True,False,False
-1.258394969474887,-0.027640514849686885,-1.6004012645079413,0.3423259603303325,0.09672219194857103,-1.685157891794752,0.4897100781231802,-1.5342662306373045,-0.15030977731181128,1.4877607616949484,-0.09552675630330197,-0.0704258765834122,False,True,False,False,False,True,False,False,True,False,False,False,True
-1.5878411352216653,-0.4326159705684946,-1.5702881503540018,1.6248211308789169,-1.3581307183551303,0.2047482250487418,-0.18379448026684864,0.7054561134737887,1.138324685643125,-1.187311987479807,-0.5456882514380783,-0.9507411174068666,False,False,True,False,False,True,True,False,False,False,False,True,False
0.6140960597340541,-1.3138717235335164,0.31870439334239925,0.16463256359311335,1.5681173043750452,0.5619200956042225,1.1605850162276925,1.3336215923027874,0.4589047314753477,1.1943004542122961,1.331763237550095,-0.05129713467291552,False,True,False,False,False,True,True,False,False,False,True,False,False
-1.2206402024493497,0.8779008557819187,0.47946480492891397,-0.19586905222852216,-0.32189752955341777,-1.1893094392495427,-0.27191937386367854,1.4016764176434202,0.6380334814409322,-0.3045757090484367,-1.252726916949826,-1.0376322637993076,False,True,False,False,False,True,False,False,True,False,False,False,True
-1.3593379424784742,1.705891287318316,-0.8984718862987932,-0.0435782823367025,1.7033037950829957,1.0961268919981404,1.4713941524906868,1.3146659169674393,-1.235848702310378,1.1644326563214675,0.3645959569030422,-1.0704830464019635,False,True,False,False,True,False,False,False,True,False,False,False,True
0.603416268289071,-0.48194373495732135,0.3008398574761972,0.20907348793807276,0.19200036044198482,-0.8577121863851624,0.9838851589206207,0.3368352223978177,1.6816261314992398,0.1018274420882548,0.35134930630561767,0.36914429498978907,False,True,False,False,True,False,False,True,False,False,True,False,False
1.4380322981300184,0.35384372166911643,-0.8742912131873615,-1.2803733611352224,-0.5407373939093977,1.0106425631952933,0.4724653848503642,0.7758277332537176,0.45874201814330184,0.5355534468364722,-0.6197111401716646,-0.5018009740348799,True,False,False,True,False,False,False,False,True,False,False,True,False
-0.48912803805579985,-0.8782694957265779,-0.9255750235211103,-1.5236799439443878,1.2189712407956401,0.7030460508922916,-0.3285191595789728,1.3531707854256618,0.12620643620106514,-1.5561171562332081,-0.054209842329345205,-0.8235836063724065,True,False,False,False,True,False,True,False,False,False,True,False,False
-0.7308888733047401,-1.4616453107986842,-1.5249741574262996,-1.3424124534132678,1.3073184620006715,0.27062741038395255,0.8295133624410261,1.428594169267372,-0.5289009772112302,0.2526708736199419,-1.0611234274776513,-0.3410289400665614,False,False,True,True,False,False,True,False,False,False,False,False,True
-0.9962249614192183,-1.4838758681620123,-0.6145201095919485,0.5093953538913821,-0.952070532496486,-0.3842749284480318,-0.15984553224839032,0.7548972399788513,-1.1113660079458698,-0.7733891202964513,-0.10442783720352938,-1.1058244414941467,True,False,False,False,True,False,True,False,False,False,False,True,False
0.4225200931187675,-1.6255193846761755,0.8032534965854006,-0.5168598417450054,1.6692734895039942,-0.12850641357553397,0.2587535210292092,-0.5288487760897002,-1.590634120504948,-0.22053944445662624,1.1290477250240303,1.2037283933063814,False,False,True,False,True,False,False,False,True,True,False,False,False
